loss_s
-3.058464527130127
-2.983659029006958
-2.990410089492798
-3.027998208999634
-3.0110397338867188
-3.058427333831787
-3.081730365753174
-3.1289331912994385
-3.0689597129821777
-3.080124616622925
-3.156683921813965
-3.16245436668396
-3.1619434356689453
-3.184931993484497
-3.169156312942505
-3.2356820106506348
-3.2444252967834473
-3.2530031204223633
-3.2919037342071533
-3.205775499343872
-3.2534284591674805
-3.343654155731201
-3.3371357917785645
-3.42535400390625
-3.394392728805542
-3.4408280849456787
-3.5403687953948975
-3.6109836101531982
-3.626375198364258
-3.7258360385894775
-3.7157156467437744
-3.805159568786621
-3.8515005111694336
-3.8838789463043213
-3.956305742263794
-4.067991256713867
-4.2177276611328125
-4.365583419799805
-4.397337913513184
-4.535111904144287
-4.636427402496338
-4.718565940856934
-4.8586812019348145
-4.8884382247924805
-4.901887893676758
-4.804401397705078
-4.63232946395874
-4.752789497375488
-4.915550708770752
-4.676889419555664
-4.7888054847717285
-4.8249335289001465
-4.778362274169922
-5.012800216674805
-4.930215835571289
-5.0198845863342285
-5.027034282684326
-5.000349044799805
-5.020830154418945
-5.01742696762085
-5.008781909942627
-5.047579288482666
-5.03614616394043
-5.047773838043213
-5.073546886444092
-5.082596302032471
-5.114185810089111
-5.141081809997559
-5.126041412353516
-5.157183647155762
-5.137777805328369
-5.17746114730835
-5.1890788078308105
-5.203558921813965
-5.195490837097168
-5.2333526611328125
-5.295210838317871
-5.301967144012451
-5.333553791046143
-5.325901508331299
-5.346705436706543
-5.3263840675354
-5.3673996925354
-5.38169002532959
-5.446230411529541
-5.469882965087891
-5.477498531341553
-5.471022129058838
-5.510310649871826
-5.52002477645874
-5.569572925567627
-5.554637908935547
-5.5606369972229
-5.6491265296936035
-5.63381290435791
-5.673523902893066
-5.688660621643066
-5.76014518737793
-5.712311744689941
-5.767882347106934
-5.844432353973389
-5.848735809326172
-5.845750331878662
-5.893117427825928
-5.982093334197998
-5.895922660827637
-6.090296268463135
-6.025198936462402
-6.13966178894043
-6.169903755187988
-6.209646701812744
-6.203989505767822
-6.34934663772583
-6.2384490966796875
-6.280503749847412
-6.305383205413818
-6.373790740966797
-6.404908657073975
-6.5893168449401855
-6.619594573974609
-6.657467842102051
-6.552435398101807
-6.706457614898682
-6.749663352966309
-6.765164375305176
-6.754520416259766
-6.795612812042236
-6.825211048126221
-6.866977691650391
-6.76765251159668
-6.837780952453613
-6.849303245544434
-6.847814559936523
-6.837019443511963
-6.82595157623291
-6.85310173034668
-6.915798187255859
-6.815582275390625
-6.885552406311035
-6.915646553039551
-6.883418083190918
-6.901817321777344
-6.89494514465332
-6.899546146392822
-6.920471668243408
-6.9378342628479
-6.920466899871826
-6.916508674621582
-6.931097030639648
-6.892852783203125
-6.9329447746276855
-6.9109907150268555
-6.912294387817383
-6.9183783531188965
-6.95408296585083
-6.905630111694336
-6.901779651641846
-6.906662464141846
-6.906260967254639
-6.9157233238220215
-6.907861232757568
-6.953071594238281
-6.908447265625
-6.890531063079834
-6.948817253112793
-6.926109790802002
-6.908708572387695
-7.019108772277832
-6.874319076538086
-6.888276100158691
-6.937224864959717
-6.885087490081787
-6.981899261474609
-6.921919822692871
-6.880082607269287
-6.922822952270508
-6.922262668609619
-6.932209014892578
-6.9491286277771
-6.940377235412598
-6.905367851257324
-6.9144673347473145
-6.944649696350098
-6.932021617889404
-6.879006862640381
-6.9353251457214355
-6.957786560058594
-6.882644176483154
-6.844391822814941
-6.925455093383789
-6.94097375869751
-6.827392101287842
-6.9024248123168945
-6.904740810394287
-6.936498641967773
-6.890015125274658
-6.93877649307251
-6.890451431274414
-6.920187473297119
-6.929715156555176
-6.914644241333008
-6.936234474182129
-6.9594645500183105
-6.964316368103027
-6.91666841506958
-6.923694133758545
-6.923932075500488
-6.95704984664917
-6.917384147644043
-6.8737406730651855
-6.959254264831543
-6.91633415222168
-6.931224822998047
-6.957620620727539
-6.913544654846191
-6.803136825561523
-6.887414932250977
-6.966968536376953
-6.874650478363037
-6.833995819091797
-6.902703762054443
-6.953702449798584
-6.984638690948486
-6.8979411125183105
-6.85927677154541
-6.9135847091674805
-6.893759250640869
-6.974033355712891
-6.809147357940674
-6.923106670379639
-6.970892906188965
-6.977616310119629
-6.920036315917969
-6.949122905731201
-6.995893478393555
-6.970493793487549
-6.948213577270508
-6.975433349609375
-6.96380615234375
-6.965306758880615
-6.949328422546387
-6.965271472930908
-6.937417984008789
-6.978117942810059
-6.97318172454834
-6.97028923034668
-6.9379496574401855
-6.9617767333984375
-6.991318225860596
-6.964433670043945
-6.955350875854492
-6.926405906677246
-6.9357218742370605
-6.961297988891602
-6.977622985839844
-6.9615254402160645
-6.9590630531311035
-6.962309837341309
-6.9796342849731445
-6.998530387878418
-6.9620161056518555
-6.876335620880127
-6.928472518920898
-6.928971290588379
-6.930066108703613
-6.969388484954834
-6.923633098602295
-6.978067874908447
-6.954896926879883
-6.980467319488525
-6.971964359283447
-6.964797019958496
-6.9521894454956055
-6.94344425201416
-6.935608386993408
-6.941437721252441
-6.963590621948242
-7.005611896514893
-6.97947359085083
-6.955006122589111
-6.932190418243408
-6.963351726531982
-6.973960876464844
-6.961962699890137
-6.919321537017822
-6.967776298522949
-6.969074249267578
-6.9798502922058105
-6.9628729820251465
-6.978393077850342
-6.947903633117676
-6.956441402435303
-6.969536304473877
-6.9896650314331055
-6.956363677978516
-6.950080394744873
-6.973887920379639
-6.9315900802612305
-6.985815525054932
-6.978992462158203
-6.963232040405273
-6.969465732574463
-6.97707986831665
-6.974852085113525
-7.0060343742370605
-6.9336628913879395
-6.932328224182129
-6.960371971130371
-6.976371765136719
-6.927432537078857
-6.959003448486328
-6.955780506134033
-6.971828460693359
-6.998749256134033
-6.94982385635376
-6.96010684967041
-6.986062049865723
-6.985294342041016
-6.977200031280518
-6.9850945472717285
-6.962221145629883
-6.956865310668945
-6.985112190246582
-6.976524829864502
-6.930595874786377
-6.923148155212402
-7.024760723114014
-6.966048240661621
-6.951870918273926
-6.97957706451416
-6.997442722320557
-6.9900641441345215
-6.977684497833252
-6.9373393058776855
-6.979075908660889
-7.002005577087402
-7.005540370941162
-7.010190486907959
-6.980879783630371
-7.008498191833496
-6.961452007293701
-7.016036510467529
-6.9657464027404785
-6.994715213775635
-6.9907732009887695
-7.000974178314209
-6.97603178024292
-6.977595806121826
-6.988691329956055
-6.983652114868164
-6.990926265716553
-6.992420196533203
-6.995800018310547
-7.001378059387207
-7.012134075164795
-6.990478515625
-7.000729084014893
-6.969446659088135
-6.97588586807251
-6.989446640014648
-6.995428085327148
-6.9717206954956055
-6.94122314453125
-6.952242374420166
-6.982578277587891
-6.9953107833862305
-7.006772518157959
-6.9856276512146
-7.0138068199157715
-7.037140369415283
-6.97182035446167
-7.011004447937012
-6.984483242034912
-7.004235744476318
-7.0018205642700195
-7.00579309463501
-6.967700481414795
-6.986081123352051
-7.017701148986816
-6.968988418579102
-6.983954429626465
-7.00535249710083
-7.049331188201904
-6.988076210021973
-6.98923921585083
-6.990257740020752
-6.9756855964660645
-7.0028204917907715
-6.957587718963623
-6.994846343994141
-7.0140252113342285
-7.021701812744141
-6.930843830108643
-6.957319736480713
-7.031883239746094
-6.974711894989014
-7.02159309387207
-6.933711528778076
-7.021888732910156
-7.030215740203857
-6.939322471618652
-6.929947853088379
-6.971136093139648
-6.9945969581604
-6.95270299911499
-6.998857498168945
-6.95181131362915
-7.008913993835449
-7.028367042541504
-6.911981582641602
-6.98915433883667
-6.993044853210449
-7.016168594360352
-6.9958343505859375
-6.986732006072998
-6.925799369812012
-6.987302303314209
-7.057908535003662
-6.8520660400390625
-6.912296295166016
-7.002871036529541
-7.031551361083984
-6.910501480102539
-6.892770290374756
-6.901576995849609
-6.991871356964111
-6.999016761779785
-6.977705478668213
-6.901646137237549
-6.961418151855469
-6.99091100692749
-7.01517915725708
-6.994453430175781
-6.939762115478516
-6.942327976226807
-7.045774459838867
-6.976661682128906
-7.020094394683838
-7.02766227722168
-7.035550117492676
-6.990972995758057
-6.99183988571167
-7.035894393920898
-6.983290195465088
-7.008516788482666
-7.019195079803467
-6.992862224578857
-7.004504203796387
-7.005370140075684
-7.034871578216553
-7.048886299133301
-7.017812252044678
-7.036596775054932
-6.97027587890625
-7.025465488433838
-7.030908584594727
-7.025799751281738
-7.017398834228516
-7.012778282165527
-7.019798755645752
-7.01890230178833
-6.965986728668213
-7.027075290679932
-7.02342414855957
-7.027405261993408
-6.99832010269165
-6.990394115447998
-6.982301712036133
-6.996709823608398
-7.085541725158691
-6.792072772979736
-6.881804466247559
-7.004085063934326
-7.017890930175781
-7.012523174285889
-6.959491729736328
-6.921471118927002
-7.027623653411865
-7.055126190185547
-7.026119709014893
-6.9850664138793945
-6.978407859802246
-7.020823955535889
-7.024254322052002
-6.991949558258057
-6.984986782073975
-7.004123210906982
-7.040675640106201
-6.982830047607422
-6.948092460632324
-7.01011323928833
-7.01639986038208
-7.013294219970703
-7.033021926879883
-7.001282691955566
-6.9960479736328125
-7.019205093383789
-7.027836322784424
-7.044705390930176
-7.026462078094482
-6.975771427154541
-7.02434778213501
-7.029655933380127
-7.007307529449463
-6.9966864585876465
-7.0383806228637695
-7.022502899169922
-7.006387710571289
-7.032943248748779
-7.029532432556152
-7.01339864730835
-7.034249782562256
-7.0315327644348145
-7.035331726074219
-7.046092987060547
-7.03739070892334
-6.999467849731445
-7.035377025604248
-7.030761241912842
-7.026937484741211
-7.032724380493164
-7.023800849914551
-7.027545928955078
-7.038088321685791
-7.016676425933838
-7.026665687561035
-7.034935474395752
-7.0100789070129395
-7.0077691078186035
-7.053369998931885
-7.013057231903076
-6.997095108032227
-7.048418045043945
-7.059675216674805
-7.04421329498291
-6.994293689727783
-7.057037353515625
-7.060724258422852
-6.995303153991699
-7.008403301239014
-7.052204608917236
-7.0549235343933105
-7.023709297180176
-6.965455532073975
-7.0206403732299805
-7.0644731521606445
-7.044205665588379
-7.038618564605713
-7.04345703125
-7.0408220291137695
-7.042436122894287
-7.033102035522461
-7.047501087188721
-7.039851665496826
-7.024941921234131
-7.037266731262207
-7.020476818084717
-7.0440545082092285
-7.011149883270264
-7.005059719085693
-7.039214134216309
-7.03728723526001
-6.994298934936523
-6.962436199188232
-7.042587757110596
-7.013346195220947
-7.067135810852051
-7.050951957702637
-7.0250630378723145
-7.022292613983154
-7.032412052154541
-7.014613151550293
-7.016850471496582
-7.012246131896973
-6.937070369720459
-6.984117031097412
-6.993015289306641
-7.051565170288086
-6.9893317222595215
-6.982015609741211
-6.990829944610596
-7.030787944793701
-7.028310775756836
-6.934869289398193
-6.942010402679443
-7.0513739585876465
-6.986949920654297
-7.0189409255981445
-7.036453723907471
-7.043868064880371
-7.021059036254883
-7.059071063995361
-7.029260158538818
-7.030462741851807
-7.058209419250488
-7.0366530418396
-7.0224103927612305
-6.992764949798584
-7.052678108215332
-7.024755954742432
-7.035268306732178
-7.064963340759277
-7.044247150421143
-7.0368194580078125
-7.072611331939697
-7.062565326690674
-7.038714408874512
-7.006187438964844
-7.034427642822266
-7.043858051300049
-7.051022052764893
-7.039551258087158
-7.026351451873779
-7.047030448913574
-7.016294479370117
-7.055788993835449
-6.9990386962890625
-7.031920909881592
-7.030909538269043
-7.039093971252441
-7.020015716552734
-7.050734043121338
-7.028217792510986
-7.0632171630859375
-7.0694756507873535
-7.038105010986328
-7.02833890914917
-7.027706146240234
-7.031116485595703
-7.025779724121094
-7.058429718017578
-7.038811206817627
-7.054742813110352
-7.0611162185668945
-7.064584255218506
-7.050546169281006
-7.064257621765137
-7.037637233734131
-7.0490193367004395
-7.0414628982543945
-7.049160003662109
-7.042131423950195
-7.058455944061279
-7.050266742706299
-7.0405731201171875
-7.0332350730896
-7.047296524047852
-7.042351245880127
-7.024945259094238
-7.048988342285156
-7.045080184936523
-7.044541835784912
-6.979106903076172
-7.069697856903076
-7.067323684692383
-7.038458347320557
-7.036510944366455
-7.047667503356934
-7.021990776062012
-7.0297532081604
-7.075992107391357
-7.0457963943481445
-7.037412166595459
-7.024089813232422
-7.013110160827637
-7.046266555786133
-7.000936985015869
-6.944189548492432
-7.04264497756958
-7.066444396972656
-7.0859375
-7.027728080749512
-7.0400004386901855
-7.0750017166137695
-7.0463948249816895
-7.043877601623535
-7.0371575355529785
-7.023738861083984
-7.043942928314209
-7.031309604644775
-7.057153701782227
-7.01968240737915
-7.076192378997803
-7.0298004150390625
-7.044615745544434
-7.046713352203369
-7.047811985015869
-7.055807590484619
-7.03999137878418
-7.070677757263184
-7.048155784606934
-7.0437188148498535
-7.0579023361206055
-7.046906471252441
-7.059554576873779
-7.0486273765563965
-7.028225898742676
-7.026139736175537
-7.053228855133057
-7.048318386077881
-7.079010486602783
-7.021333694458008
-7.038652420043945
-7.0556817054748535
-7.030497074127197
-7.046976566314697
-7.045042037963867
-7.074778079986572
-7.037442684173584
-7.040145397186279
-7.050017356872559
-7.060022354125977
-7.0307745933532715
-7.0380473136901855
-7.059596061706543
-7.041289806365967
-7.053051948547363
-7.079779624938965
-7.045677661895752
-7.050132751464844
-7.083928108215332
-7.03859806060791
-7.0267333984375
-7.050076961517334
-7.0450968742370605
-6.9986371994018555
-7.066781520843506
-7.074835777282715
-7.069663047790527
-7.0648417472839355
-7.085670471191406
-7.07855749130249
-7.081119537353516
-7.051558494567871
-7.044885635375977
-7.057270050048828
-7.092526912689209
-7.100444793701172
-7.078633785247803
-7.04984712600708
-7.045060157775879
-7.077437400817871
-7.051080226898193
-7.066036701202393
-7.059397220611572
-7.055347442626953
-7.062123775482178
-7.067750453948975
-7.074167728424072
-7.07368278503418
-7.0235772132873535
-7.044371604919434
-7.0793914794921875
-7.060661315917969
-7.08255672454834
-7.082575798034668
-7.056942462921143
-7.083832740783691
-7.05186653137207
-7.071825981140137
-7.068446636199951
-7.066009521484375
-7.066473484039307
-7.070486068725586
-7.00851583480835
-7.0573201179504395
-7.030306816101074
-7.057384014129639
-7.039020538330078
-7.093815326690674
-7.0840959548950195
-7.039450645446777
-7.04965353012085
-7.079507827758789
-7.052191734313965
-7.051280498504639
-7.051729679107666
-7.059096336364746
-7.047767162322998
-7.077369213104248
-7.028622627258301
-7.085656642913818
-7.043118476867676
-7.090543270111084
-6.970111846923828
-7.081942558288574
-7.085915565490723
-7.056912422180176
-7.046419143676758
-7.0681633949279785
-7.0479631423950195
-7.079022407531738
-7.0876054763793945
-6.977190017700195
-7.103731632232666
-7.069247722625732
-7.005682945251465
-7.041752338409424
-7.012737274169922
-7.057428359985352
-7.043536186218262
-7.072999000549316
-7.031062602996826
-7.097442150115967
-7.0515456199646
-7.0904765129089355
-7.073209762573242
-7.061452865600586
-7.065582752227783
-7.065836429595947
-7.0669965744018555
-7.089254379272461
-7.073133945465088
-7.066900253295898
-7.082167625427246
-7.045469760894775
-7.0424485206604
-7.049082279205322
-7.081762790679932
-7.054222106933594
-7.013902187347412
-7.078548431396484
-7.08611536026001
-7.080449104309082
-7.075955867767334
-7.089942932128906
-7.098411560058594
-7.057139873504639
-7.068093776702881
-7.074850082397461
-7.0701985359191895
-7.093532085418701
-7.10057258605957
-7.089229583740234
-7.00160551071167
-7.096034526824951
-7.054376125335693
-7.044761657714844
-7.047832012176514
-7.088746547698975
-7.061223983764648
-7.095250129699707
-7.059854507446289
-7.008233070373535
-7.073363304138184
-7.055497169494629
-7.065999507904053
-7.067358016967773
-7.069979190826416
-7.048039436340332
-7.078542232513428
-7.062016487121582
-7.065858840942383
-7.065721035003662
-7.033344268798828
-7.079123497009277
-7.083455562591553
-7.062955856323242
-7.036232948303223
-7.038601875305176
-7.006491661071777
-6.999322891235352
-7.082529067993164
-7.072381496429443
-7.080608367919922
-7.055453777313232
-7.077837944030762
-7.076136589050293
-7.058822154998779
-7.055335998535156
-7.083193778991699
-7.095767498016357
-7.0236029624938965
-6.98817253112793
-7.057641506195068
-7.093479156494141
-6.993069171905518
-6.980887413024902
-7.051851272583008
-7.054159641265869
-7.090470790863037
-6.954085350036621
-6.992819309234619
-7.093808650970459
-7.072667121887207
-7.0286865234375
-7.064070224761963
-7.013944149017334
-7.074326992034912
-7.044438362121582
-7.036643028259277
-7.0571699142456055
-7.060908794403076
-7.0693488121032715
-7.110211372375488
-7.044310569763184
-7.084900856018066
-7.06798791885376
-7.058497905731201
-7.015357971191406
-7.080928802490234
-7.038180351257324
-7.0680251121521
-7.08547306060791
-7.079765796661377
-7.051731586456299
-7.051852226257324
-7.0624542236328125
-7.030882358551025
-7.0647993087768555
-7.060923099517822
-7.051883697509766
-7.063843250274658
-7.080473899841309
-6.987762928009033
-7.0651655197143555
-7.086306571960449
-7.065190315246582
-7.060467720031738
-7.055575370788574
-7.0705366134643555
-7.047070026397705
-7.061318874359131
-7.1053690910339355
-7.061646938323975
-7.062568664550781
-6.9952497482299805
-7.052884578704834
-7.069984436035156
-7.000328063964844
-7.081864356994629
-7.102252006530762
-7.04601526260376
-7.0957350730896
-6.9474358558654785
-7.006152153015137
-7.0323357582092285
-7.060184478759766
-7.027607440948486
-7.016037940979004
-7.033480644226074
-7.079824447631836
-7.096137046813965
-6.999936103820801
-6.994185447692871
-7.005345344543457
-7.0694804191589355
-7.033992767333984
-6.996787071228027
-7.010245323181152
-7.077148914337158
-7.048510551452637
-7.042903900146484
-7.046393394470215
-7.058693885803223
-7.0625901222229
-7.064809799194336
-7.0842366218566895
-7.061364650726318
-7.079238414764404
-7.089463233947754
-7.051436424255371
-7.032752513885498
-6.963412761688232
-7.0558037757873535
-7.085245132446289
-7.01449728012085
-6.865251541137695
-7.042937278747559
-7.078064918518066
-7.044741630554199
-7.001911163330078
-7.048132419586182
-7.054807186126709
-7.104623317718506
-7.034964084625244
-7.079593658447266
-7.108968734741211
-7.075029373168945
-7.052237510681152
-7.084669589996338
-7.100123882293701
-7.033422946929932
-7.07236385345459
-7.058265209197998
-7.071759223937988
-7.088397979736328
-7.027613639831543
-7.05725622177124
-7.074711322784424
-7.070650100708008
-7.036158561706543
-7.051238536834717
-7.039084434509277
-7.053966522216797
-7.067579746246338
-7.081482410430908
-7.058521270751953
-7.04845666885376
-7.057976245880127
-7.037227153778076
-7.0908074378967285
-7.082113265991211
-7.064688205718994
-7.0633320808410645
-7.060431957244873
-7.0545973777771
-7.079959869384766
-7.060657501220703
-7.059664249420166
-7.088390827178955
-7.095925807952881
-7.093366622924805
-7.0421624183654785
-7.075997352600098
-7.0881805419921875
-7.060584545135498
-7.0645551681518555
-7.076467514038086
-7.090763568878174
-7.078364372253418
-7.043488502502441
-7.108201503753662
-7.065404891967773
-7.074306488037109
-7.067947864532471
-7.032073497772217
-7.079485893249512
-7.0665764808654785
-7.047177314758301
-7.0732316970825195
-7.100444793701172
-7.054780006408691
-7.078612804412842
-7.105917453765869
-7.069153308868408
-7.122372150421143
-7.010902404785156
-6.940490245819092
-7.10691499710083
-7.078397750854492
-7.057798385620117
-7.009278774261475
-7.0797271728515625
-7.091024398803711
-7.002349853515625
-7.058773517608643
-7.055441856384277
-7.0863142013549805
-7.062970161437988
-7.050513744354248
-7.0672149658203125
-7.087609767913818
-7.094178199768066
-7.078220844268799
-7.062728404998779
-7.0572190284729
-7.077587127685547
-7.061268329620361
-7.077662467956543
-7.059517860412598
-7.038877487182617
-7.086552143096924
-7.037233352661133
-7.008475303649902
-7.114714622497559
-7.0996527671813965
-7.0530829429626465
-7.06483793258667
-7.064001560211182
-7.049182891845703
-7.056643486022949
-7.078906536102295
-7.001915454864502
-7.107851505279541
-7.071997165679932
-7.075747966766357
-7.095606327056885
-7.0956807136535645
-7.034298419952393
-7.019198417663574
-7.1020307540893555
-7.086711883544922
-7.094966411590576
-7.0720133781433105
-7.031375408172607
-7.033126354217529
-7.087307929992676
-7.043816089630127
-6.9406914710998535
-7.060762882232666
-7.079497337341309
-7.094682693481445
-7.036468505859375
-7.022618770599365
-7.083063125610352
-7.08056640625
-7.093729496002197
-7.042280197143555
-7.075090408325195
-7.090077877044678
-7.075736045837402
-7.075430393218994
-7.071523189544678
-7.07680606842041
-7.08381986618042
-7.066366672515869
-7.087379455566406
-7.050593376159668
-7.079577922821045
-7.098833084106445
-7.082914352416992
-7.074733257293701
-7.042735576629639
-7.040238380432129
-7.100647449493408
-7.070728302001953
-7.069035530090332
-7.024930953979492
-7.065179347991943
-7.094338417053223
-7.069480895996094
-7.0335307121276855
-7.055644512176514
-7.07588005065918
-7.096706867218018
-7.037763595581055
-7.0105881690979
-7.014453887939453
-7.09695291519165
-7.074987411499023
-7.0585856437683105
-7.081789016723633
-7.082553863525391
-7.078754425048828
-7.094459056854248
-7.064624309539795
-7.1222944259643555
-7.08174467086792
-7.082090377807617
-7.0766119956970215
-7.10111665725708
-7.0685343742370605
-7.084749221801758
-7.080869674682617
-7.082659721374512
-7.062690258026123
-7.073309421539307
-7.080826759338379
-7.057913780212402
-7.0827765464782715
-7.071419715881348
-7.080638885498047
-7.094013214111328
-7.077987194061279
-7.086945533752441
-7.1089959144592285
-7.074538230895996
-7.08417272567749
-7.089264869689941
-7.079278469085693
-7.109066486358643
-7.111425399780273
-7.085912704467773
-7.096923351287842
-7.0767951011657715
-7.102298736572266
-7.076999664306641
-7.106851100921631
-7.109855651855469
-7.085410118103027
-7.111538410186768
-7.048036098480225
-7.087940692901611
-7.10414981842041
-7.0629401206970215
-7.101830959320068
-7.107428550720215
-7.095995903015137
-7.063497066497803
-7.06376314163208
-7.071551322937012
-7.062375068664551
-7.09223747253418
-7.060399532318115
-7.084845066070557
-7.0944366455078125
-7.091250419616699
-7.035158157348633
-7.056225299835205
-7.088627815246582
-7.110656261444092
-7.024647235870361
-7.0731353759765625
-7.091875076293945
-7.101476192474365
-7.067602634429932
-7.038959503173828
-7.058462619781494
-7.099722385406494
-7.078890800476074
-7.046156883239746
-7.043761730194092
-7.0924458503723145
-7.092781066894531
-7.044822692871094
-7.107562065124512
-7.104550838470459
-7.052749156951904
-7.045361042022705
-7.085715293884277
-7.0640153884887695
-7.077908039093018
-7.106847763061523
-7.076071739196777
-7.101243019104004
-7.094263553619385
-7.080377101898193
-7.063164710998535
-7.095159530639648
-7.073263645172119
-7.093450546264648
-7.080718994140625
-7.08383846282959
-7.096456050872803
-7.022933483123779
-7.009030818939209
-7.061643123626709
-7.095582962036133
-7.05624532699585
-7.028860569000244
-7.070104598999023
-7.090801239013672
-7.100406646728516
-7.044844627380371
-7.058133602142334
-7.0723981857299805
-7.070520401000977
-7.086895942687988
-7.084945201873779
-7.011666297912598
-7.03966760635376
-7.097615718841553
-7.0720014572143555
-7.070303440093994
-7.063224792480469
-7.091948509216309
-7.058568954467773
-7.069211006164551
-7.047506809234619
-6.997106552124023
-7.0868821144104
-7.096256256103516
-7.007211208343506
-7.03761100769043
-7.0727362632751465
-7.096408843994141
-7.035311698913574
-7.045224666595459
-7.0106658935546875
-7.085871696472168
-7.083086967468262
-7.0281219482421875
-6.941141128540039
-7.068691730499268
-7.086269378662109
-7.095065593719482
-7.058693885803223
-7.045015811920166
-7.116917133331299
-7.090276718139648
-7.072010517120361
-7.07213830947876
-7.100124359130859
-7.139565944671631
-7.077881813049316
-7.111728668212891
-7.100540637969971
-7.113528728485107
-7.075829982757568
-7.102703094482422
-7.076024055480957
-7.10439395904541
-7.080133438110352
-7.0941972732543945
-7.105947971343994
-7.066323280334473
-7.085152626037598
-7.077853202819824
-7.09784460067749
-7.008584022521973
-7.038219928741455
-7.087826251983643
-7.089020252227783
-7.102999210357666
-7.090822219848633
-7.051382541656494
-7.101178169250488
-7.074059963226318
-7.0253801345825195
-7.106950759887695
-7.050417900085449
-7.096391677856445
-7.113790035247803
-7.0965118408203125
-7.066699981689453
-7.033645153045654
-7.0974650382995605
-7.1096343994140625
-7.114094257354736
-7.058666229248047
-7.014876365661621
-7.067872047424316
-7.082507133483887
-7.113466739654541
-7.102744102478027
-6.967596530914307
-7.081851482391357
-7.115434646606445
-7.094603061676025
-7.104417324066162
-7.112212657928467
-7.06906795501709
-7.09347677230835
-7.10515832901001
-7.090498447418213
-7.078578472137451
-7.102829933166504
-7.079422473907471
-7.097352504730225
-7.082818508148193
-7.083433151245117
-7.084201812744141
-7.087209701538086
-7.08730936050415
-7.090855121612549
-7.091009616851807
-7.095648288726807
-7.088967800140381
-7.121752738952637
-7.028337478637695
-7.093604564666748
-7.09234619140625
-7.052729606628418
-7.057278156280518
-7.093922138214111
-7.101332187652588
-7.070981025695801
-7.07877254486084
-7.07035493850708
-7.089929580688477
-7.0658183097839355
-7.070672988891602
-7.095824241638184
-7.096408843994141
-7.099050045013428
-7.107049465179443
-7.033936500549316
-7.051174163818359
-7.098453044891357
-7.102139472961426
-7.102008819580078
-7.085378646850586
-7.099312782287598
-7.097888469696045
-7.07752799987793
-7.1074442863464355
-7.089789867401123
-7.09537935256958
-7.1015801429748535
-7.10813570022583
-7.097616195678711
-7.111353874206543
-7.060225486755371
-7.114264488220215
-7.106093406677246
-7.076984405517578
-7.054536819458008
-7.085780620574951
-7.0939531326293945
-7.089732646942139
-7.107008457183838
-7.107080936431885
-7.102471351623535
-7.1062774658203125
-7.110841274261475
-7.098598480224609
-7.084139823913574
-7.092128276824951
-7.100027561187744
-7.1017560958862305
-7.114843845367432
-7.089354515075684
-7.10901403427124
-7.089546203613281
-7.0782952308654785
-7.087174415588379
-7.1022868156433105
-7.112318515777588
-7.090124607086182
-7.09352445602417
-7.10902738571167
-7.1035871505737305
-7.104223728179932
-7.113548755645752
-7.084368705749512
-7.081341743469238
-7.111118793487549
-7.106018543243408
-7.13629150390625
-7.070682048797607
-7.090928077697754
-7.088108062744141
-7.107608795166016
-7.069470405578613
-7.044367790222168
-7.132383823394775
-7.109415531158447
-7.086109161376953
-7.083986759185791
-7.098023414611816
-7.086450576782227
-7.103023529052734
-7.120694637298584
-7.134094715118408
-7.058555603027344
-7.061537265777588
-7.085988998413086
-7.097848892211914
-7.0433149337768555
-7.065787315368652
-7.059482097625732
-7.099550247192383
-7.117699146270752
-7.003931999206543
-6.986299514770508
-7.055917739868164
-7.091346263885498
-7.087070941925049
-6.903350830078125
-7.057647705078125
-7.1217451095581055
-7.0757317543029785
-7.085978031158447
-7.060093879699707
-7.084643840789795
-7.100004196166992
-7.085408687591553
-7.066329479217529
-7.103118896484375
-7.09747838973999
-7.083700180053711
-7.086966514587402
-7.108706474304199
-7.079333305358887
-7.078106880187988
-7.102583408355713
-7.0520477294921875
-7.104501247406006
-7.106432914733887
-7.121845722198486
-7.122189998626709
-7.017529487609863
-7.085704803466797
-7.099752426147461
-7.074738502502441
-7.003891944885254
-7.122434139251709
-7.089759826660156
-7.103672027587891
-7.091043472290039
-7.085390567779541
-7.095220565795898
-7.127322196960449
-7.090244293212891
-7.123939037322998
-7.104796409606934
-7.076421737670898
-7.109471321105957
-7.114687919616699
-7.131461143493652
-7.124125957489014
-7.093765735626221
-7.065494537353516
-7.109286308288574
-7.095837593078613
-7.103170394897461
-7.0443267822265625
-7.113211154937744
-7.095976829528809
-7.075815200805664
-7.100367546081543
-7.072967052459717
-7.078719615936279
-7.114350318908691
-7.131375312805176
-7.0968852043151855
-7.12186336517334
-7.090043544769287
-7.114326477050781
-7.107400894165039
-7.114490509033203
-7.108762741088867
-7.108740329742432
-7.089457035064697
-7.094470977783203
-7.11395263671875
-7.0564799308776855
-7.138381481170654
-7.101010799407959
-7.1001200675964355
-7.101776123046875
-7.075438499450684
-7.071422100067139
-7.114120960235596
-7.089280128479004
-7.117964267730713
-7.108232498168945
-7.096086025238037
-7.0880818367004395
-7.107264041900635
-7.099834442138672
-7.098355293273926
-7.115468978881836
-7.1202392578125
-7.120477199554443
-7.118828773498535
-7.110012531280518
-7.092826843261719
-7.114775657653809
-7.076784133911133
-7.082995414733887
-7.091753005981445
-7.093120098114014
-7.115583419799805
-7.105732440948486
-7.048389911651611
-7.094794273376465
-7.091927528381348
-7.087498188018799
-7.023218154907227
-7.107077121734619
-7.105185508728027
-7.088709831237793
-7.058332920074463
-7.105094909667969
-7.1066179275512695
-7.123446464538574
-7.087622165679932
-7.123904228210449
-7.118831634521484
-7.096777439117432
-7.101871013641357
-7.108181476593018
-7.1011457443237305
-7.094001770019531
-7.123518466949463
-7.087090492248535
-7.083578109741211
-7.118760108947754
-7.104302406311035
-7.106273174285889
-7.10499382019043
-7.097712993621826
-7.101809978485107
-7.075719833374023
-7.117709159851074
-7.096351146697998
-7.124238014221191
-7.114661693572998
-7.086492538452148
-7.071386337280273
-7.086572170257568
-7.0968499183654785
-7.112306118011475
-7.1165852546691895
-7.1106276512146
-7.117209434509277
-7.090372562408447
-7.106307506561279
-7.100387096405029
-7.0811448097229
-7.089797019958496
-7.101789474487305
-7.091271877288818
-7.081312656402588
-7.11014986038208
-7.106359958648682
-7.1031494140625
-7.103377342224121
-7.117611885070801
-7.104284763336182
-7.116422176361084
-7.08595609664917
-7.113768577575684
-7.10558557510376
-7.110560417175293
-7.089872360229492
-7.105433464050293
-7.114004611968994
-7.103433609008789
-7.1086344718933105
-7.10467529296875
-7.100588321685791
-7.125831604003906
-7.127501487731934
-7.121572494506836
-7.057312488555908
-7.114948272705078
-7.102531909942627
-7.090366363525391
-7.106875896453857
-7.092507362365723
-7.108973979949951
-7.104347229003906
-7.098430156707764
-7.091087818145752
-7.108405113220215
-7.095986366271973
-7.103829383850098
-7.106576919555664
-7.096463680267334
-7.107972621917725
-7.137740612030029
-7.088903427124023
-7.100059986114502
-7.104416370391846
-7.1162824630737305
-7.040248870849609
-7.1009297370910645
-7.091158390045166
-7.11637544631958
-7.10941219329834
-7.0743021965026855
-7.051309585571289
-7.1164703369140625
-7.124189853668213
-7.086697101593018
-7.011858940124512
-7.101876258850098
-7.09242057800293
-7.102261543273926
-7.119783401489258
-7.139322757720947
-7.065893650054932
-7.109640121459961
-7.108440399169922
-7.08896017074585
-7.12052059173584
-7.104970932006836
-7.109287738800049
-7.101338863372803
-7.106001853942871
-7.109078407287598
-7.112315654754639
-7.0929131507873535
-7.113561153411865
-7.11213493347168
-7.083670139312744
-7.110367298126221
-7.127471923828125
-7.125687122344971
-7.1183342933654785
-7.090054988861084
-7.102706432342529
-7.105858325958252
-7.0726823806762695
-7.080785751342773
-7.109518051147461
-7.123436450958252
-7.049623489379883
-7.112764835357666
-7.088772296905518
-7.126166820526123
-7.089241981506348
-7.076267242431641
-7.099138259887695
-7.096780776977539
-7.060985088348389
-7.0856032371521
-7.067643165588379
-7.107183456420898
-7.088021278381348
-7.017013072967529
-7.00974702835083
-7.101311206817627
-7.099661827087402
-7.080660343170166
-7.0496039390563965
-7.121135234832764
-7.094751358032227
-7.092361927032471
-7.095602035522461
-7.100317478179932
-7.092196464538574
-7.137453079223633
-7.095150947570801
-7.115203857421875
-7.103298187255859
-7.100240230560303
-7.110114097595215
-7.076829433441162
-7.04473876953125
-7.121626853942871
-7.114518165588379
-7.115383625030518
-7.1147050857543945
-7.06903600692749
-7.106114387512207
-7.116644859313965
-7.114728927612305
-7.0372395515441895
-7.069931983947754
-7.109996795654297
-7.070661544799805
-7.05543327331543
-7.079484462738037
-7.104042053222656
-7.123403072357178
-7.114408016204834
-6.997979640960693
-6.977093696594238
-7.119254112243652
-7.0305352210998535
-7.100500106811523
-7.045724868774414
-7.075071334838867
-7.105306625366211
-7.068484306335449
-6.992380142211914
-7.1094818115234375
-7.111630439758301
-7.084110736846924
-7.082848072052002
-7.091833114624023
-7.110725402832031
-7.103507041931152
-7.120864391326904
-7.123237133026123
-7.119767189025879
-7.12302303314209
-7.110227584838867
-7.107350826263428
-7.115228176116943
-7.126843452453613
-7.107190132141113
-7.086799144744873
-7.123648643493652
-7.108279228210449
-7.102540969848633
-7.130275249481201
-7.104808807373047
-7.078225135803223
-7.134178638458252
-7.092073440551758
-7.099203109741211
-7.083223342895508
-7.09774923324585
-7.104298114776611
-7.079535961151123
-7.077945709228516
-7.119349002838135
-7.122659683227539
-7.096766948699951
-7.074817180633545
-7.042812347412109
-7.105183124542236
-7.12037467956543
-7.003693580627441
-7.0811052322387695
-7.114632606506348
-7.112766742706299
-7.111538887023926
-7.076947212219238
-7.0574727058410645
-7.124784469604492
-7.16365385055542
-6.946593284606934
-7.048094272613525
-7.0612592697143555
-7.12648868560791
-7.102453231811523
-7.074303150177002
-7.086368560791016
-7.085005283355713
-7.131341457366943
-7.130093097686768
-7.08544921875
-6.9807586669921875
-7.045628070831299
-7.097456455230713
-7.04095458984375
-7.0434346199035645
-7.07699728012085
-7.088650226593018
-7.075891971588135
-7.05833625793457
-7.093225002288818
-7.116153717041016
-7.100254058837891
-7.052041053771973
-7.095157623291016
-7.109951019287109
-7.133843898773193
-7.11043119430542
-7.073497772216797
-7.089027404785156
-7.1207733154296875
-7.1049699783325195
-7.12206506729126
-7.03607702255249
-7.0773491859436035
-7.119557857513428
-7.121898651123047
-7.09437370300293
-7.064446449279785
-7.132260322570801
-7.139129638671875
-7.1067423820495605
-7.11939811706543
-7.1035332679748535
-7.121572494506836
-7.106233596801758
-7.112402439117432
-7.127742290496826
-7.12215518951416
-7.134838104248047
-7.134477615356445
-7.068726539611816
-7.1231536865234375
-7.109775066375732
-7.085870742797852
-7.115479469299316
-7.061919212341309
-7.103804588317871
-7.007678031921387
-7.085715293884277
-7.123044967651367
-7.109358310699463
-7.111547470092773
-7.100173473358154
-7.136207103729248
-7.123237609863281
-7.109472751617432
-7.115628719329834
-7.125218868255615
-7.108249664306641
-7.122625827789307
-7.098911762237549
-7.100762367248535
-7.069355010986328
-7.110540866851807
-7.114108085632324
-7.090645790100098
-7.115991592407227
-7.092269420623779
-7.10958194732666
-7.105010509490967
-7.10619592666626
-7.103964805603027
-7.095078945159912
-7.096418380737305
-7.119467735290527
-7.116158485412598
-7.099496364593506
-7.119419097900391
-7.067775249481201
-7.089731693267822
-7.105621814727783
-7.140235424041748
-7.118946552276611
-7.066108226776123
-7.0884623527526855
-7.123239994049072
-7.102041721343994
-7.099437713623047
-7.0476975440979
-7.128791809082031
-7.093760967254639
-7.098633289337158
-7.144840717315674
-7.096583366394043
-7.090546607971191
-7.108262062072754
-7.103048324584961
-7.093135356903076
-7.14976167678833
-7.062109470367432
-7.112585067749023
-7.118801593780518
-7.117375373840332
-7.063953876495361
-7.143233299255371
-7.114077568054199
-7.07891321182251
-7.125457286834717
-7.129823207855225
-7.121955394744873
-7.111098289489746
-7.116097927093506
-7.104742527008057
-7.1305999755859375
-7.056379795074463
-7.141897678375244
-7.106683731079102
-7.129086971282959
-7.115571022033691
-7.109147548675537
-7.112422943115234
-7.124597549438477
-7.110558032989502
-7.130757808685303
-7.117563247680664
-7.115199089050293
-7.103727340698242
-7.101276874542236
-7.128812789916992
-7.122745513916016
-7.075529098510742
-7.0925703048706055
-7.122925758361816
-7.093789577484131
-7.089362144470215
-7.102593898773193
-7.124243259429932
-7.086660861968994
-7.103480339050293
-7.1076860427856445
-7.1168742179870605
-7.12752103805542
-7.118472099304199
-7.124762058258057
-7.1184186935424805
-7.095169544219971
-7.14431095123291
-7.133702754974365
-7.091929912567139
-7.094674110412598
-7.113073825836182
-7.110406875610352
-7.089635848999023
-7.095573425292969
-7.106659412384033
-7.1193928718566895
-7.119734764099121
-7.092950820922852
-7.1302409172058105
-7.115442752838135
-7.115460395812988
-7.079473495483398
-7.1071391105651855
-7.128320217132568
-7.10884952545166
-7.128699779510498
-7.147705554962158
-7.077754974365234
-7.11395788192749
-7.119221210479736
-7.086137771606445
-7.148763656616211
-7.069302082061768
-7.082418918609619
-7.072785377502441
-7.1220598220825195
-7.09616756439209
-7.115668296813965
-7.094417572021484
-7.128499507904053
-7.125166416168213
-7.095400810241699
-7.111840724945068
-7.077731132507324
-7.144282341003418
-7.106409549713135
-7.116496562957764
-7.126443386077881
-7.119762420654297
-7.101019859313965
-7.121008396148682
-7.110316276550293
-7.116109371185303
-7.1052117347717285
-7.115527153015137
-7.110286712646484
-7.108778953552246
-7.1138997077941895
-7.125138759613037
-7.105359077453613
-7.1210432052612305
-7.0952959060668945
-7.120944499969482
-7.121261119842529
-7.072973728179932
-7.103470325469971
-7.1272783279418945
-7.138559341430664
-7.103946208953857
-7.076371192932129
-7.077854156494141
-7.122079372406006
-7.094640731811523
-7.098440647125244
-7.0906453132629395
-7.108468532562256
-7.119431972503662
-7.103668212890625
-7.079222202301025
-7.1335129737854
-7.100459098815918
-7.125972747802734
-7.124538421630859
-7.061466693878174
-7.136661052703857
-7.0985589027404785
-7.067132472991943
-7.124855041503906
-7.118458271026611
-7.124781608581543
-7.088389873504639
-7.103334903717041
-7.122525691986084
-7.104648113250732
-7.100682258605957
-7.101325035095215
-7.137702465057373
-7.1137871742248535
-7.099642753601074
-7.130714416503906
-7.111979961395264
-7.11898946762085
-7.120216369628906
-7.1183648109436035
-7.1125168800354
-7.117939472198486
-7.1175689697265625
-7.118078708648682
-7.084125995635986
-7.111888408660889
-7.126919746398926
-7.121548652648926
-7.1242780685424805
-7.0594587326049805
-7.098110198974609
-7.1040568351745605
-7.129303455352783
-7.099329948425293
-7.012889862060547
-7.083515644073486
-7.111598491668701
-7.063291549682617
-7.148323059082031
-7.161474704742432
-7.079734802246094
-7.104511260986328
-7.108337879180908
-7.090849876403809
-7.10709285736084
-7.092807292938232
-7.1329851150512695
-7.132786273956299
-7.132737159729004
-7.080133438110352
-7.067596912384033
-7.134725093841553
-7.1253886222839355
-7.060721397399902
-7.057831764221191
-7.083676338195801
-7.104527473449707
-7.104438304901123
-7.081371307373047
-7.01753044128418
-7.125643253326416
-7.108522891998291
-7.134731769561768
-7.026579856872559
-7.070512771606445
-7.040529251098633
-7.127295970916748
-7.0780181884765625
-7.079721450805664
-7.024519920349121
-7.037581443786621
-7.120543479919434
-7.039613723754883
-6.990485668182373
-7.122776031494141
-7.095417022705078
-7.127702713012695
-7.094540119171143
-7.109278678894043
-7.100740432739258
-7.1092529296875
-7.116359233856201
-7.146152019500732
-7.083329200744629
-7.050811767578125
-7.111011028289795
-7.1072797775268555
-7.112453937530518
-7.141086578369141
-7.090810775756836
-7.075668811798096
-7.105195999145508
-7.124271392822266
-7.148856163024902
-7.1142659187316895
-7.065932273864746
-7.090056419372559
-7.117474555969238
-7.11950159072876
-7.111875534057617
-7.132718086242676
-7.060359001159668
-7.1234917640686035
-7.126518249511719
-7.092798709869385
-7.148619174957275
-7.092075824737549
-7.11029052734375
-7.1381378173828125
-7.0965728759765625
-7.114843368530273
-7.155725479125977
-7.073554039001465
-7.089493751525879
-7.109823226928711
-7.08378267288208
-7.110551357269287
-7.1233720779418945
-7.118533611297607
-7.1112236976623535
-7.1154069900512695
-7.125133514404297
-7.128138542175293
-7.115058422088623
-7.110391616821289
-7.115710735321045
-7.120942115783691
-7.123856544494629
-7.1292243003845215
-7.1193084716796875
-7.1200690269470215
-7.12669038772583
-7.113991737365723
-7.120919227600098
-7.136448383331299
-7.1269049644470215
-7.145770072937012
-7.128979206085205
-7.137538909912109
-7.03843355178833
-7.116115570068359
-7.114052772521973
-7.043534278869629
-7.023789405822754
-7.036720275878906
-7.130497455596924
-7.107028007507324
-7.017025470733643
-7.078710556030273
-7.126026153564453
-7.113223075866699
-7.096485614776611
-7.0582075119018555
-7.118142127990723
-7.103078842163086
-7.115322113037109
-7.116376876831055
-7.108087539672852
-7.131392955780029
-7.0756330490112305
-7.129008769989014
-7.106612682342529
-7.10234260559082
-7.111196994781494
-7.118234157562256
-7.135880947113037
-7.099071025848389
-7.082301616668701
-7.070033550262451
-7.1382527351379395
-7.104113578796387
-7.101160526275635
-7.104479789733887
-7.119483947753906
-7.118289470672607
-7.127851486206055
-7.117177963256836
-7.1010565757751465
-7.116519451141357
-7.127669334411621
-7.146960258483887
-7.094564914703369
-7.10910701751709
-7.113214015960693
-7.134761333465576
-7.133345127105713
-7.135201930999756
-7.130634784698486
-7.105987071990967
-7.106687068939209
-7.106787204742432
-7.111856460571289
-7.127912998199463
-7.133365154266357
-7.113121032714844
-7.116159439086914
-7.141424179077148
-7.1269426345825195
-7.125731468200684
-7.129896640777588
-7.084920883178711
-7.139535427093506
-7.122618675231934
-7.139133453369141
-7.131735324859619
-7.132959842681885
-7.115333080291748
-7.116341590881348
-7.121591091156006
-7.128433704376221
-7.119936943054199
-7.123399257659912
-7.125720500946045
-7.125007629394531
-7.1413493156433105
-7.1180009841918945
-7.1394171714782715
-7.1332316398620605
-7.101902008056641
-7.149339199066162
-7.1264166831970215
-7.134642124176025
-7.144659996032715
-7.111161708831787
-7.121910095214844
-7.126504898071289
-7.104936122894287
-7.096583843231201
-7.12066650390625
-7.112677574157715
-7.109211444854736
-7.133764266967773
-7.127151966094971
-7.143535614013672
-7.117828845977783
-7.114055633544922
-7.116206169128418
-7.124502658843994
-7.134505748748779
-7.117725849151611
-7.122276782989502
-7.125381946563721
-7.138939380645752
-7.106014251708984
-7.140756130218506
-7.07915735244751
-7.105113983154297
-7.1384429931640625
-7.129244804382324
-7.094322681427002
-7.116396427154541
-7.130537986755371
-7.116886615753174
-7.133499622344971
-7.140437602996826
-7.125074863433838
-7.150811195373535
-7.156822204589844
-7.071671962738037
-7.122147560119629
-7.14179801940918
-7.1426615715026855
-7.098512172698975
-7.1268391609191895
-7.10401725769043
-7.082423210144043
-7.111712455749512
-7.112853050231934
-7.1348724365234375
-7.144392967224121
-7.091540813446045
-7.136057376861572
-7.109238624572754
-7.1365437507629395
-7.119939804077148
-7.104025840759277
-7.12268590927124
-7.093001365661621
-7.130401134490967
-7.099236965179443
-7.112677097320557
-7.135056018829346
-7.115359306335449
-7.131721496582031
-7.120604991912842
-7.104726791381836
-7.110213279724121
-7.131987571716309
-7.12434196472168
-7.0908026695251465
-7.113658428192139
-7.020822525024414
-7.1199445724487305
-7.0814290046691895
-7.052543640136719
-7.153063774108887
-7.115184307098389
-7.128854751586914
-7.127563953399658
-7.122708320617676
-7.108226299285889
-7.072899341583252
-7.131563186645508
-7.1049275398254395
-7.116077899932861
-7.127907752990723
-7.126652240753174
-7.088470458984375
-7.074091911315918
-7.113844871520996
-7.120449066162109
-7.066357612609863
-7.100009918212891
-7.0454421043396
-7.112881183624268
-7.102726936340332
-7.157177925109863
-7.031696319580078
-7.115251064300537
-7.08050012588501
-7.1277055740356445
-7.065726280212402
-7.057900428771973
-7.003909111022949
-7.123272895812988
-7.089951038360596
-7.107100486755371
-7.0619215965271
-7.125642776489258
-7.11168098449707
-7.107696056365967
-7.130184173583984
-7.123396873474121
-7.105286121368408
-7.135013580322266
-7.130244255065918
-7.116676330566406
-7.140719890594482
-7.122679710388184
-7.120716571807861
-7.110880374908447
-7.136491775512695
-7.128385543823242
-7.100880146026611
-7.099842548370361
-7.091894626617432
-7.133984565734863
-7.129061222076416
-7.114641189575195
-7.13517951965332
-7.128949165344238
-7.136575698852539
-7.112519264221191
-7.124650001525879
-7.124005317687988
-7.131460666656494
-7.1442389488220215
-7.062347888946533
-7.088255405426025
-7.113519191741943
-7.124020576477051
-7.098318099975586
-7.133518218994141
-7.090210437774658
-7.128800868988037
-7.108242988586426
-7.114487648010254
-7.096076011657715
-7.074699401855469
-7.136533737182617
-7.121257305145264
-7.136279582977295
-7.11660099029541
-7.104228496551514
-7.118960380554199
-7.112738609313965
-7.107575416564941
-7.14375638961792
-7.141606330871582
-7.115265846252441
-7.124547958374023
-7.1324968338012695
-7.104062080383301
-7.1115641593933105
-7.080196857452393
-7.128547191619873
-7.116885662078857
-7.092000961303711
-7.0755486488342285
-7.117786884307861
-7.115529537200928
-7.121638298034668
-7.118875026702881
-7.101813316345215
-7.134354114532471
-7.137949466705322
-7.1148271560668945
-7.041694641113281
-7.11771821975708
-7.148289203643799
-7.125087738037109
-7.0428876876831055
-6.982725620269775
-7.0940399169921875
-7.098895072937012
-7.0822553634643555
-7.1098222732543945
-7.120347499847412
-7.131461143493652
-7.136526107788086
-7.129817008972168
-7.123076438903809
-7.10708475112915
-7.1096415519714355
-7.095223426818848
-7.123752593994141
-7.117159843444824
-7.1331915855407715
-7.113641262054443
-7.132290840148926
-7.125227928161621
-7.11922025680542
-7.1117401123046875
-7.096915245056152
-7.123555660247803
-7.107798099517822
-7.108912467956543
-7.100639343261719
-7.102823734283447
-7.126764297485352
-7.114602088928223
-7.087132930755615
-7.084772109985352
-7.113630771636963
-7.132486820220947
-7.11392879486084
-7.115044116973877
-7.108643054962158
-7.10490083694458
-7.144094944000244
-7.110101222991943
-7.103311538696289
-7.1165008544921875
-7.1131978034973145
-7.135876178741455
-7.144435882568359
-7.1307501792907715
-7.136228561401367
-7.121435165405273
-7.13358211517334
-7.1237473487854
-7.126903533935547
-7.143376350402832
-7.115665435791016
-7.133989334106445
-7.133497714996338
-7.1264166831970215
-7.141189098358154
-7.124672889709473
-7.151404857635498
-7.078869819641113
-7.146989345550537
-7.104841232299805
-7.147197246551514
-7.112491130828857
-7.113887786865234
-7.098235130310059
-7.098188400268555
-7.122983455657959
-7.115187644958496
-7.173952102661133
-7.090780735015869
-7.152982234954834
-7.129762649536133
-7.121176242828369
-7.117037773132324
-7.092273235321045
-7.111942291259766
-7.124459743499756
-7.142294406890869
-7.066402912139893
-7.047606468200684
-7.143294334411621
-7.120090961456299
-7.102698802947998
-7.139681816101074
-7.129970550537109
-7.133064270019531
-7.136749744415283
-7.119878768920898
-7.124581336975098
-7.122558116912842
-7.104233741760254
-7.10262393951416
-7.124787330627441
-7.085778713226318
-7.1381144523620605
-7.132877826690674
-7.1292853355407715
-7.090860843658447
-7.131936550140381
-7.119771480560303
-7.146454334259033
-7.0833659172058105
-7.162491798400879
-7.058124542236328
-7.132978916168213
-7.093970775604248
-7.084853649139404
-7.096582889556885
-7.113008499145508
-7.136702537536621
-7.12101936340332
-7.1774983406066895
-7.137289047241211
-7.109819412231445
-7.098091125488281
-7.117599964141846
-7.12255859375
-7.10500431060791
-7.0793986320495605
-7.097567081451416
-7.127294540405273
-7.132875442504883
-7.144874095916748
-7.08447265625
-7.012446403503418
-7.1148858070373535
-7.126368045806885
-7.142176151275635
-7.0227370262146
-7.1239447593688965
-7.151462554931641
-7.132430553436279
-7.127208232879639
-7.1289591789245605
-7.130533695220947
-7.124763011932373
-7.09603214263916
-7.0976738929748535
-7.130936145782471
-7.12174654006958
-7.143604755401611
-7.051387310028076
-7.0706562995910645
-7.150811672210693
-7.143033027648926
-7.138249397277832
-7.115882396697998
-7.132192134857178
-7.086334705352783
-7.128276824951172
-7.129361629486084
-7.122030258178711
-7.137010097503662
-7.107303619384766
-7.132533550262451
-7.1342010498046875
-7.1320719718933105
-7.13148307800293
-7.122470855712891
-7.148459434509277
-7.111230373382568
-7.101462364196777
-7.11171817779541
-7.147226333618164
-7.14191198348999
-7.107942581176758
-6.97050666809082
-7.108481407165527
-7.14053201675415
-7.1018218994140625
-7.140044212341309
-7.086070537567139
-7.119603157043457
-7.12007999420166
-7.113982200622559
-7.067452430725098
-7.1243133544921875
-7.121262073516846
-7.133153915405273
-6.994436264038086
-7.084127426147461
-7.116153240203857
-7.135956764221191
-7.0976738929748535
-7.0758185386657715
-7.122539043426514
-7.144225597381592
-7.127244472503662
-7.052801132202148
-7.104515552520752
-7.147885322570801
-7.135973930358887
-7.109569072723389
-7.0955376625061035
-7.110790729522705
-7.117458820343018
-7.111743927001953
-7.103960990905762
-7.1032233238220215
-7.145092964172363
-7.130998134613037
-7.1511383056640625
-7.043198108673096
-7.123542785644531
-7.1367011070251465
-7.134191989898682
-7.083009719848633
-7.116286754608154
-7.127403736114502
-7.098265171051025
-7.092316627502441
-7.116512775421143
-7.094559669494629
-7.116838455200195
-7.148975372314453
-7.089570999145508
-7.130502223968506
-7.125537872314453
-7.139654159545898
-7.129827499389648
-7.123475074768066
-7.127474784851074
-7.117787837982178
-7.128984451293945
-7.099499225616455
-7.133769512176514
-7.092731952667236
-7.137993812561035
-7.089104175567627
-7.139735698699951
-7.133918762207031
-7.127107620239258
-7.118329048156738
-7.1424055099487305
-7.078726291656494
-7.133544921875
-7.141125202178955
-7.137126445770264
-7.128105640411377
-7.067181587219238
-7.073973178863525
-7.1329569816589355
-7.1246747970581055
-7.036991596221924
-7.097486972808838
-7.112152576446533
-7.151000022888184
-7.077169418334961
-7.130943775177002
-7.102713108062744
-7.137492656707764
-7.120661735534668
-7.087218284606934
-7.049684524536133
-7.140009880065918
-7.148394584655762
-7.095874786376953
-7.124413013458252
-7.130749225616455
-7.14884090423584
-7.135123252868652
-7.1093430519104
-7.103471279144287
-7.11372709274292
-7.140500068664551
-7.079336643218994
-7.065249443054199
-7.098893165588379
-7.123007297515869
-7.107575416564941
-7.132663249969482
-7.160212993621826
-7.145362854003906
-7.0590500831604
-7.124527454376221
-7.123405933380127
-7.143457412719727
-7.088665008544922
-7.141541481018066
-7.103446006774902
-7.12550687789917
-7.142179012298584
-7.086541652679443
-7.086007118225098
-7.123342514038086
-7.080471038818359
-7.137834072113037
-7.112154006958008
-7.147148132324219
-7.152359485626221
-7.083034038543701
-7.1190505027771
-7.131628513336182
-7.137118339538574
-7.111318111419678
-7.12177038192749
-7.121340751647949
-7.128443717956543
-7.121842384338379
-7.130557060241699
-7.12049674987793
-7.146590232849121
-7.130742073059082
-7.1377434730529785
-7.140471458435059
-7.129813194274902
-7.091024875640869
-7.103394508361816
-7.126652240753174
-7.138117790222168
-7.102449417114258
-7.117257595062256
-7.080524921417236
-7.1245551109313965
-7.135445594787598
-7.126886367797852
-7.093994617462158
-7.12324857711792
-7.143877983093262
-7.137929439544678
-7.145640850067139
-7.112084865570068
-7.136907577514648
-7.140599250793457
-7.121351718902588
-7.132022857666016
-7.135420322418213
-7.118957996368408
-7.117969512939453
-7.136233806610107
-7.146311283111572
-7.1377668380737305
-7.10394811630249
-7.120597839355469
-7.117977619171143
-7.117859840393066
-7.082868576049805
-7.1192426681518555
-7.131560802459717
-7.130856513977051
-7.076130390167236
-7.125519752502441
-7.137435436248779
-7.142942905426025
-7.124442100524902
-7.126088619232178
-7.142848491668701
-7.117356777191162
-7.135107517242432
-7.1283769607543945
-7.131481170654297
-7.149227619171143
-7.125422477722168
-7.137808799743652
-7.107734203338623
-7.136993408203125
-7.144590854644775
-7.134575843811035
-7.067846298217773
-7.09708833694458
-7.14243745803833
-7.133388519287109
-7.125904083251953
-7.130875587463379
-7.135416030883789
-7.133150577545166
-7.120739936828613
-7.122304916381836
-7.119006156921387
-7.123593807220459
-7.120146751403809
-7.139652729034424
-7.117495059967041
-7.136703014373779
-7.136537551879883
-7.1419830322265625
-7.149890422821045
-7.125274181365967
-7.1365461349487305
-7.130282878875732
-7.139359474182129
-7.128419876098633
-7.119950294494629
-7.1276726722717285
-7.139682769775391
-7.163308143615723
-7.129217147827148
-7.124638080596924
-7.126784324645996
-7.134775161743164
-7.127101898193359
-7.129217624664307
-7.127193927764893
-7.130145072937012
-7.133897304534912
-7.106142044067383
-7.110647201538086
-7.155894756317139
-7.135535717010498
-7.120683670043945
-7.121944904327393
-7.137111186981201
-7.129367351531982
-7.128929615020752
-7.109084606170654
-7.1178669929504395
-7.106147289276123
-7.120525360107422
-7.114309787750244
-7.146492958068848
-7.089792251586914
-7.093694686889648
-7.120646953582764
-7.141727924346924
-7.1198506355285645
-7.065413475036621
-7.089389324188232
-7.133352279663086
-7.104037761688232
-7.155251502990723
-7.044469833374023
-7.034024715423584
-7.071619510650635
-7.144464492797852
-7.053416728973389
-7.0809102058410645
-7.113661766052246
-7.145010471343994
-7.135006904602051
-7.1340789794921875
-7.100995063781738
-7.122775554656982
-7.129961013793945
-7.143689155578613
-7.113770961761475
-7.1288838386535645
-7.135427951812744
-7.1101155281066895
-7.143829345703125
-7.131590366363525
-7.097402572631836
-7.132989406585693
-7.113424301147461
-7.140904426574707
-7.142820358276367
-7.132591247558594
-7.105818748474121
-7.120433807373047
-7.13185453414917
-7.137951374053955
-7.060038089752197
-7.144112586975098
-7.05436372756958
-7.138127326965332
-7.109664440155029
-7.1357102394104
-7.144142150878906
-7.119443416595459
-7.11455774307251
-7.118424415588379
-7.0958051681518555
-7.120698928833008
-7.126466274261475
-7.142775058746338
-7.127285480499268
-7.131059646606445
-7.131019592285156
-7.126532554626465
-7.1368818283081055
-7.12735652923584
-7.146660804748535
-7.124885082244873
-7.113389015197754
-7.140575408935547
-7.125024318695068
-7.072673320770264
-7.136629104614258
-7.137703895568848
-7.1457343101501465
-7.15089225769043
-7.158741474151611
-7.083532810211182
-7.109259128570557
-7.132297992706299
-7.145603179931641
-7.1482367515563965
-7.111320972442627
-7.134676456451416
-7.102169990539551
-7.127316951751709
-7.147380352020264
-7.094353199005127
-7.123605728149414
-7.129448890686035
-7.132807731628418
-7.1388936042785645
-7.132912635803223
-7.1280717849731445
-7.154164791107178
-7.119192123413086
-7.1324543952941895
-7.135899543762207
-7.14328670501709
-7.116727828979492
-7.163415908813477
-7.1276140213012695
-7.081028938293457
-7.123587131500244
-7.137156963348389
-7.126481056213379
-7.098049640655518
-7.134601593017578
-7.124720573425293
-7.140730381011963
-7.125782012939453
-7.129090309143066
-7.117188930511475
-7.1477437019348145
-7.1068525314331055
-7.117642879486084
-7.120102405548096
-7.113114356994629
-7.141005516052246
-7.143838405609131
-7.152261257171631
-7.105196952819824
-7.156092643737793
-7.111663818359375
-7.132713317871094
-7.132758617401123
-7.181514739990234
-7.061294078826904
-7.146519660949707
-7.054800033569336
-7.108177661895752
-7.1223835945129395
-7.1333441734313965
-7.040780544281006
-7.103867053985596
-7.113532066345215
-7.134035587310791
-7.134811878204346
-7.054025650024414
-7.087505340576172
-7.1366286277771
-7.126578330993652
-7.134253978729248
-7.109748840332031
-7.11199426651001
-7.14983606338501
-7.132153034210205
-7.147756099700928
-7.13021183013916
-7.130229473114014
-7.15435791015625
-7.131434440612793
-7.143400192260742
-7.111244201660156
-7.1352128982543945
-7.129647254943848
-7.122761249542236
-7.141149044036865
-7.111399173736572
-7.140486240386963
-7.106663227081299
-7.084146499633789
-7.080855369567871
-7.138383865356445
-7.138520240783691
-7.132445812225342
-7.114039421081543
-7.115597724914551
-7.127696990966797
-7.132690906524658
-7.117496490478516
-7.1255598068237305
-7.14229679107666
-7.132777690887451
-7.103021144866943
-7.142604351043701
-7.131913185119629
-7.148998260498047
-7.151797294616699
-7.104608058929443
-7.108254432678223
-7.136844158172607
-7.125619411468506
-7.135687351226807
-7.10411262512207
-7.111252784729004
-7.146013259887695
-7.147073268890381
-7.132726192474365
-7.127556800842285
-7.135555744171143
-7.137833118438721
-7.135319709777832
-7.141143798828125
-7.122705936431885
-7.119531631469727
-7.145033836364746
-7.129158020019531
-7.124502182006836
-7.1255998611450195
-7.122689247131348
-7.134129047393799
-7.130217552185059
-7.133118152618408
-7.117219924926758
-7.1239333152771
-7.133696556091309
-7.128567695617676
-7.140480041503906
-7.1364665031433105
-7.119760990142822
-7.149611949920654
-7.137153148651123
-7.1425395011901855
-7.147861003875732
-7.124889850616455
-7.11453104019165
-7.113837242126465
-7.1229400634765625
-7.130397796630859
-7.1610894203186035
-7.119987487792969
-7.121231555938721
-7.122042179107666
-7.140588283538818
-7.131155014038086
-7.150946617126465
-7.164001941680908
-7.106851577758789
-7.102701187133789
-7.130846977233887
-7.12998104095459
-7.125377655029297
-7.137092113494873
-7.117522239685059
-7.126804351806641
-7.136419296264648
-7.169107437133789
-7.116318225860596
-7.138434886932373
-7.1138505935668945
-7.1372971534729
-7.138655662536621
-7.0952253341674805
-7.0137104988098145
-7.057786464691162
-7.132272720336914
-7.142951965332031
-7.0678510665893555
-7.0534443855285645
-7.148329734802246
-7.155111789703369
-7.135631561279297
-7.128170490264893
-7.125593185424805
-7.114428520202637
-7.149315357208252
-7.122823238372803
-7.129096031188965
-7.127951622009277
-7.146774768829346
-7.134866714477539
-7.128925800323486
-7.112466812133789
-7.122674465179443
-7.133111953735352
-7.122878074645996
-7.128996849060059
-7.087162494659424
-7.135742664337158
-7.104829788208008
-7.147360324859619
-7.112782955169678
-7.124001502990723
-7.125415325164795
-7.1317243576049805
-7.123999118804932
-7.085486888885498
-7.134093284606934
-7.164248943328857
-7.0937299728393555
-7.091011047363281
-7.146908760070801
-7.14590311050415
-7.137459754943848
-7.137039661407471
-7.108341693878174
-7.090782642364502
-7.061573505401611
-7.144132137298584
-7.136708736419678
-7.074418544769287
-7.05361270904541
-7.119593143463135
-7.140976905822754
-7.133508205413818
-7.077066421508789
-7.084260940551758
-7.027914524078369
-7.1293721199035645
-7.135461330413818
-7.056576251983643
-7.081647872924805
-7.125552177429199
-7.128228187561035
-7.071481227874756
-7.094926834106445
-7.123952388763428
-7.148083686828613
-7.1240034103393555
-7.145257949829102
-7.116917133331299
-7.161174297332764
-7.125726222991943
-7.1438493728637695
-7.1491546630859375
-7.142617702484131
-7.1232452392578125
-7.136285781860352
-7.139975070953369
-7.1052937507629395
-7.141105651855469
-7.124693393707275
-7.152115821838379
-7.123283863067627
-7.130748271942139
-7.131687641143799
-7.121351718902588
-7.145727634429932
-7.150703430175781
-7.14102029800415
-7.139088153839111
-7.129308223724365
-7.0964813232421875
-7.1394734382629395
-7.126678943634033
-7.127958297729492
-7.128444194793701
-7.138037204742432
-7.127904891967773
-7.138505458831787
-7.1307053565979
-7.129484176635742
-7.145508766174316
-7.152033805847168
-7.111372947692871
-7.140710830688477
-7.155360698699951
-7.124800205230713
-7.154596328735352
-7.13137674331665
-7.150280952453613
-7.148954391479492
-7.132710933685303
-7.132491111755371
-7.129861354827881
-7.117372035980225
-7.113047122955322
-7.105279445648193
-7.150592803955078
-7.1314592361450195
-7.144438743591309
-7.146666049957275
-7.13170051574707
-7.133641719818115
-7.133812427520752
-7.144696235656738
-7.1448163986206055
-7.118925094604492
-7.132750988006592
-7.147657871246338
-7.109768390655518
-7.136490821838379
-7.147322177886963
-7.127062797546387
-7.137094974517822
-7.136975288391113
-7.12846040725708
-7.156944274902344
-7.159313678741455
-7.147627353668213
-7.114945411682129
-7.079269886016846
-7.1413068771362305
-7.145776271820068
-7.140857696533203
-7.109162330627441
-7.11553430557251
-7.119615077972412
-7.1067681312561035
-7.153863906860352
-7.099668979644775
-7.101378917694092
-7.113448143005371
-7.14125919342041
-7.1456780433654785
-6.993133068084717
-7.122865676879883
-7.11207389831543
-7.109242916107178
-7.120101451873779
-7.162372589111328
-7.132890701293945
-7.128514766693115
-7.135441303253174
-7.141867637634277
-7.139878273010254
-7.106197357177734
-7.115837574005127
-7.135173320770264
-7.136907577514648
-7.15023946762085
-7.112417697906494
-7.157779216766357
-7.1229753494262695
-7.129947662353516
-7.136268138885498
-7.104889392852783
-7.106088161468506
-7.117323398590088
-7.146482944488525
-7.138396263122559
-7.118666172027588
-7.087375640869141
-7.137120723724365
-7.131348133087158
-7.130424499511719
-7.133068561553955
-7.142842769622803
-7.14336633682251
-7.135000705718994
-7.168875217437744
-7.117500305175781
-7.124451160430908
-7.129086971282959
-7.097609519958496
-7.105655670166016
-7.149991989135742
-7.164305686950684
-7.152923107147217
-7.111376762390137
-7.1447625160217285
-7.1258625984191895
-7.111235618591309
-7.119940280914307
-7.137688159942627
-7.1385817527771
-7.10698127746582
-7.142765998840332
-7.147848129272461
-7.141222953796387
-7.16914176940918
-7.061408042907715
-7.0820794105529785
-7.1458892822265625
-7.169092178344727
-7.030379772186279
-7.069628715515137
-7.116135120391846
-7.1351189613342285
-7.15140962600708
-7.0424675941467285
-7.025205135345459
-7.151340484619141
-7.11939001083374
-7.11247444152832
-7.1618194580078125
-7.142303943634033
-7.0594801902771
-7.120543956756592
-7.10888671875
-7.1613616943359375
-7.141472339630127
-7.101297378540039
-7.140759468078613
-7.138113498687744
-7.1327433586120605
-7.123217582702637
-7.138341426849365
-7.149987697601318
-7.109386920928955
-7.111183166503906
-7.131959438323975
-7.127464771270752
-7.148163795471191
-7.110308647155762
-7.145076274871826
-7.103118896484375
-7.12652587890625
-7.175288200378418
-7.054527282714844
-7.037622928619385
-7.031644821166992
-7.1323089599609375
-7.145119667053223
-7.105410099029541
-7.075940132141113
-7.103575229644775
-7.135917663574219
-7.0907368659973145
-7.165122985839844
-7.034971237182617
-7.029872894287109
-7.084664344787598
-7.127176761627197
-7.049281120300293
-6.958156108856201
-7.0936079025268555
-7.0858893394470215
-7.117908954620361
-7.093358039855957
-7.094598770141602
-6.973446369171143
-7.109267234802246
-7.144203186035156
-7.131063938140869
-7.046133518218994
-7.146604061126709
-6.97638463973999
-7.148022651672363
-7.138519763946533
-7.156357765197754
-7.090423107147217
-7.073507308959961
-7.078580379486084
-7.147171974182129
-7.133317947387695
-7.095879554748535
-7.134955406188965
-7.130228042602539
-7.076549530029297
-7.134739398956299
-7.115480899810791
-7.076813220977783
-7.021878242492676
-7.1123175621032715
-7.114714622497559
-7.124654293060303
-7.08957576751709
-6.990716934204102
-7.093503475189209
-7.13999605178833
-7.139723777770996
-7.1164350509643555
-7.159964561462402
-7.084011077880859
-7.101369857788086
-7.108499526977539
-7.131476402282715
-7.0648369789123535
-7.0879950523376465
-7.122654914855957
-7.099417686462402
-7.147162437438965
-7.107219696044922
-7.125511169433594
-7.156684398651123
-7.127808570861816
-7.140480041503906
-7.117452621459961
-7.138774394989014
-7.120448112487793
-7.146359920501709
-7.1441216468811035
-7.150400638580322
-7.111185073852539
-7.130825519561768
-7.136648654937744
-7.146233558654785
-7.1110310554504395
-7.053073883056641
-7.101890563964844
-7.143123626708984
-7.132205963134766
-7.095317363739014
-7.132481575012207
-7.116232395172119
-7.141561031341553
-7.137691974639893
-7.139995098114014
-7.144492149353027
-7.116055965423584
-7.170644760131836
-7.076523303985596
-7.143136501312256
-7.089406490325928
-7.156036376953125
-7.113314151763916
-7.157597541809082
-7.092035293579102
-7.172685146331787
-7.1378936767578125
-7.102404594421387
-7.123726844787598
-7.111982822418213
-7.105584144592285
-7.143042087554932
-7.132376194000244
-7.121342182159424
-7.148392677307129
-7.153528690338135
-7.152896881103516
-7.154964447021484
-7.12391996383667
-7.005618095397949
-7.160613536834717
-7.1406426429748535
-7.139464378356934
-7.13123893737793
-7.073336124420166
-7.128048419952393
-7.155839920043945
-7.126198768615723
-7.105062007904053
-7.133954048156738
-7.132772445678711
-7.112873554229736
-7.1405768394470215
-7.153601169586182
-7.13519287109375
-7.148552894592285
-7.123124122619629
-7.135765552520752
-7.141648769378662
-7.115339756011963
-7.111728191375732
-7.117344856262207
-7.128945350646973
-7.119133472442627
-7.135539531707764
-7.1319780349731445
-7.163403511047363
-7.151339530944824
-7.130535125732422
-7.143624305725098
-7.149011135101318
-7.151190280914307
-7.143431186676025
-7.14728307723999
-7.137826442718506
-7.117439270019531
-7.125254154205322
-7.118577480316162
-7.1352314949035645
-7.133402347564697
-7.144751071929932
-7.1388421058654785
-7.110191822052002
-7.1631951332092285
-7.121091365814209
-7.120530605316162
-7.145791530609131
-7.102398872375488
-7.109491348266602
-7.122098445892334
-7.126292705535889
-7.128894329071045
-7.142405986785889
-7.122864246368408
-7.151366233825684
-7.1359028816223145
-7.137030601501465
-7.128610134124756
-7.148585796356201
-7.133227348327637
-7.128671646118164
-7.158914566040039
-7.134570598602295
-7.128300189971924
-7.153052806854248
-7.124145984649658
-7.135756015777588
-7.129958629608154
-7.1244635581970215
-7.144882678985596
-7.137499809265137
-7.137818813323975
-7.132050514221191
-7.135166645050049
-7.138969898223877
-7.13612699508667
-7.126269340515137
-7.099528789520264
-7.137440204620361
-7.1408162117004395
-7.145558834075928
-7.1544904708862305
-7.094285011291504
-7.135103702545166
-7.132696628570557
-7.148978233337402
-7.099071979522705
-7.1612372398376465
-7.151168346405029
-7.116830348968506
-7.138682842254639
-7.130908012390137
-7.151491165161133
-7.138670921325684
-7.127665042877197
-7.128351211547852
-7.152892112731934
-7.1314377784729
-7.117906093597412
-7.1400146484375
-7.148960113525391
-7.13542366027832
-7.155431270599365
-7.098130702972412
-7.149240493774414
-7.165694713592529
-7.12337064743042
-7.130868434906006
-7.15940523147583
-7.121820449829102
-7.121622562408447
-7.1244072914123535
-7.144223213195801
-7.129494667053223
-7.133459091186523
-7.13348388671875
-7.1386213302612305
-7.1382646560668945
-7.1476922035217285
-7.127664566040039
-7.113826274871826
-7.1386637687683105
-7.1219401359558105
-7.156794548034668
-7.136996746063232
-7.150058269500732
-7.149900913238525
-7.15175199508667
-7.158351421356201
-7.114611625671387
-7.151077747344971
-7.135426998138428
-7.078847885131836
-7.102968692779541
-7.085906982421875
-7.153625965118408
-7.123377323150635
-7.094820976257324
-7.095974922180176
-7.164814472198486
-7.162991523742676
-7.089431285858154
-7.146979808807373
-7.145107269287109
-7.12112283706665
-7.1079630851745605
-7.134973526000977
-7.105885028839111
-7.150744915008545
-7.1314496994018555
-7.142868995666504
-7.135533332824707
-7.139031410217285
-7.125314712524414
-7.130491256713867
-7.143181324005127
-7.1304931640625
-7.1403303146362305
-7.1415934562683105
-7.129395961761475
-7.140649318695068
-7.153440952301025
-7.092076301574707
-7.116161823272705
-7.150096893310547
-7.1461591720581055
-7.096554279327393
-7.094323635101318
-7.122685432434082
-7.133213043212891
-7.137189865112305
-7.122630596160889
-7.119687080383301
-7.130249500274658
-7.156007766723633
-7.160210132598877
-7.118847370147705
-7.1333537101745605
-7.142638683319092
-7.135640621185303
-7.13460636138916
-7.1515583992004395
-7.117181777954102
-7.144811630249023
-7.144552707672119
-7.0926194190979
-7.122532367706299
-7.118501663208008
-7.14459228515625
-7.111477375030518
-7.137939453125
-7.100208282470703
-7.112849712371826
-7.147011756896973
-7.090303897857666
-7.127701759338379
-7.084878921508789
-7.141524314880371
-7.130551815032959
-7.100002288818359
-7.13070821762085
-7.141051769256592
-7.1336894035339355
-7.140072822570801
-7.1141462326049805
-7.134603023529053
-7.119369029998779
-7.149913787841797
-7.13250732421875
-7.1291913986206055
-7.1563191413879395
-7.139132499694824
-7.116484642028809
-7.1464457511901855
-7.1503496170043945
-7.113523006439209
-7.1323018074035645
-7.130261421203613
-7.123687744140625
-7.15302848815918
-7.153648376464844
-7.1415534019470215
-7.140665531158447
-7.143085479736328
-7.155792236328125
-7.119002342224121
-7.122014045715332
-7.147773742675781
-7.132503509521484
-7.149049758911133
-7.141815185546875
-7.1248908042907715
-7.139488220214844
-7.103124141693115
-7.125938892364502
-7.140087127685547
-7.1037492752075195
-7.118494510650635
-7.14461612701416
-7.144630432128906
-7.132878303527832
-7.134095191955566
-7.159839153289795
-7.094837188720703
-7.065520763397217
-7.131515979766846
-7.137394905090332
-7.1220173835754395
-7.083484172821045
-7.07482385635376
-7.146633625030518
-7.143571376800537
-7.0989089012146
-7.097551345825195
-7.119994640350342
-7.133050441741943
-7.144794940948486
-7.109460353851318
-7.0964579582214355
-7.1777424812316895
-7.127222061157227
-7.139492988586426
-7.1395792961120605
-7.139184474945068
-7.147457599639893
-7.143160343170166
-7.141638278961182
-7.155961990356445
-7.149876594543457
-7.094117164611816
-7.181756973266602
-7.127992153167725
-7.132328987121582
-7.160982131958008
-7.116532325744629
-7.132614612579346
-7.130019187927246
-7.132399559020996
-7.154255390167236
-7.137211799621582
-7.139024257659912
-7.132662773132324
-7.149935722351074
-7.104737758636475
-7.149334907531738
-7.112986087799072
-7.114519119262695
-7.114038467407227
-7.125636100769043
-7.133526802062988
-7.175296783447266
-7.03027868270874
-7.1056694984436035
-7.082931041717529
-7.131446361541748
-7.081250190734863
-7.110843658447266
-7.1604533195495605
-7.111436367034912
-7.11204195022583
-7.133079528808594
-7.132524490356445
-7.130960941314697
-7.137465476989746
-7.127455711364746
-7.1500396728515625
-7.136368751525879
-7.145403861999512
-7.134617805480957
-7.131503105163574
-7.14315938949585
-7.129175186157227
-7.123728275299072
-7.133419990539551
-7.130339622497559
-7.123912334442139
-7.146836280822754
-7.151765823364258
-7.117436408996582
-7.13625431060791
-7.138206958770752
-7.142547607421875
-7.157898902893066
-7.133029460906982
-7.127048015594482
-7.129621505737305
-7.117645263671875
-7.146738052368164
-7.112661361694336
-7.172672748565674
-7.084661483764648
-7.102988243103027
-7.140328884124756
-7.143405437469482
-7.1620612144470215
-7.113134860992432
-7.135263442993164
-7.139883995056152
-7.121945858001709
-7.129376411437988
-7.133052349090576
-7.142507076263428
-7.107785701751709
-7.074119567871094
-7.128171920776367
-7.121363162994385
-7.138018608093262
-7.157942295074463
-7.116057395935059
-7.135116100311279
-7.116024971008301
-7.1460700035095215
-7.1250128746032715
-7.141085624694824
-7.132538795471191
-7.1388444900512695
-7.138409614562988
-7.147495269775391
-7.132807731628418
-7.0977630615234375
-7.132065773010254
-7.134358882904053
-7.115455627441406
-7.164764404296875
-7.069826126098633
-7.154703140258789
-7.127647399902344
-7.146896839141846
-7.137875556945801
-7.153470039367676
-7.1443352699279785
-7.135045528411865
-7.121781349182129
-7.154115676879883
-7.150244235992432
-7.109893798828125
-7.1500067710876465
-7.119780540466309
-7.1500444412231445
-7.136106491088867
-7.140629768371582
-7.1115922927856445
-7.136491298675537
-7.143117904663086
-7.160712718963623
-7.0827507972717285
-7.124222755432129
-7.082150459289551
-7.126208305358887
-7.119860649108887
-7.1736578941345215
-7.103144645690918
-7.146417140960693
-7.111860752105713
-7.132330894470215
-7.1433539390563965
-7.148555755615234
-7.1045989990234375
-7.11580753326416
-7.151604652404785
-7.127539157867432
-7.145936012268066
-7.143362998962402
-7.166105270385742
-7.193868637084961
-7.062496185302734
-7.052082538604736
-7.108006477355957
-7.156731128692627
-7.120611667633057
-7.027556896209717
-7.131199836730957
-7.0331878662109375
-7.154462814331055
-7.139180660247803
-7.1554694175720215
-7.091364860534668
-7.158645153045654
-7.113977909088135
-7.148384094238281
-7.137482643127441
-7.145301342010498
-7.092452526092529
-7.095262050628662
-7.137556076049805
-7.138792037963867
-7.146738052368164
-7.117572784423828
-7.154952049255371
-7.109541416168213
-7.137294292449951
-7.112978935241699
-7.1155500411987305
-7.1428656578063965
-7.133784294128418
-7.132702350616455
-7.141121864318848
-7.127988815307617
-7.128275394439697
-7.1301140785217285
-7.136707305908203
-7.143977642059326
-7.116710662841797
-7.119849681854248
-7.130351543426514
-7.104371070861816
-7.153209686279297
-7.148299217224121
-7.134762287139893
-7.138982772827148
-7.1399102210998535
-7.139530181884766
-7.143223285675049
-7.146946430206299
-7.137659549713135
-7.1438751220703125
-7.126171588897705
-7.13197135925293
-7.132493495941162
-7.133753299713135
-7.138248920440674
-7.108981609344482
-7.139369964599609
-7.13350248336792
-7.143792152404785
-7.129195690155029
-7.132019519805908
-7.1497578620910645
-7.179464817047119
-7.10425329208374
-7.134824275970459
-7.085844039916992
-7.167642116546631
-7.138345718383789
-7.126608848571777
-7.121329307556152
-7.0907793045043945
-7.073705196380615
-7.13940954208374
-7.112979412078857
-7.091667652130127
-7.091089248657227
-7.136830806732178
-7.146756172180176
-7.106117248535156
-7.1195068359375
-7.098334789276123
-7.1015448570251465
-7.129333972930908
-7.108265399932861
-7.0884833335876465
-7.067378997802734
-7.131341457366943
-7.131372928619385
-7.120428562164307
-7.086577415466309
-7.156891345977783
-7.137096881866455
-7.143857955932617
-7.150974750518799
-7.122918128967285
-7.131161212921143
-7.146577835083008
-7.13594388961792
-7.139425277709961
-7.135110855102539
-7.131203651428223
-7.128039360046387
-7.146793842315674
-7.119076251983643
-7.154510498046875
-7.121492862701416
-7.122072696685791
-7.150003910064697
-7.133448600769043
-7.16086483001709
-7.122354030609131
-7.150638103485107
-7.14422082901001
-7.079928398132324
-7.116042613983154
-7.1508660316467285
-7.139457702636719
-7.141621112823486
-7.0947346687316895
-7.114241600036621
-7.142125606536865
-7.117424011230469
-7.1457414627075195
-7.104755878448486
-7.067273139953613
-7.178743362426758
-7.160628318786621
-7.09834623336792
-7.164758205413818
-7.1242876052856445
-7.1552300453186035
-7.1148786544799805
-7.1530585289001465
-7.129177570343018
-7.1084418296813965
-7.150537967681885
-7.093991756439209
-7.112675666809082
-7.071052551269531
-7.149331092834473
-7.159263610839844
-7.114869594573975
-7.145374298095703
-7.10370397567749
-7.150839805603027
-7.136878490447998
-7.121387958526611
-7.130987167358398
-7.130114555358887
-7.127213001251221
-7.138402938842773
-7.150359630584717
-7.133164405822754
-7.146511554718018
-7.140679836273193
-7.125275611877441
-7.145216464996338
-7.151577472686768
-7.143499374389648
-7.141152858734131
-7.1474480628967285
-7.142799377441406
-7.1404709815979
-7.1485772132873535
-7.117892265319824
-7.143971920013428
-7.127338409423828
-7.110733509063721
-7.153217792510986
-7.0936713218688965
-7.12485933303833
-7.1513872146606445
-7.163242816925049
-7.138983249664307
-7.123652935028076
-7.125803470611572
-7.128922462463379
-7.143131732940674
-7.131440162658691
-7.152491569519043
-7.1057281494140625
-7.141202449798584
-7.143080711364746
-7.1321282386779785
-7.123490810394287
-7.1648359298706055
-7.072199821472168
-7.112616062164307
-7.144516468048096
-7.129657745361328
-7.088381290435791
-7.095165729522705
-7.127584457397461
-7.148349761962891
-7.066462516784668
-7.105668544769287
-7.076743125915527
-7.106550216674805
-7.143476963043213
-7.1432414054870605
-7.07267951965332
-7.058987140655518
-7.14957332611084
-7.111310005187988
-7.161162376403809
-7.061606407165527
-7.044769763946533
-7.097786903381348
-7.15009880065918
-7.148989200592041
-7.100769996643066
-7.096708297729492
-7.135784149169922
-7.133890151977539
-7.14857292175293
-7.123191833496094
-7.134668827056885
-7.122249603271484
-7.137732028961182
-7.126624584197998
-7.160103797912598
-7.130701065063477
-7.126522064208984
-7.158138275146484
-7.140644550323486
-7.148752212524414
-7.133547306060791
-7.135098934173584
-7.144475936889648
-7.15070915222168
-7.131403923034668
-7.111126899719238
-7.146280288696289
-7.127430438995361
-7.139162063598633
-7.1381378173828125
-7.1660871505737305
-7.084900856018066
-7.141133785247803
-7.1313300132751465
-7.132205486297607
-7.113770484924316
-7.101694107055664
-7.1399126052856445
-7.130481719970703
-7.161668300628662
-7.137348175048828
-7.114604473114014
-7.130585193634033
-7.138469696044922
-7.136500358581543
-7.132005214691162
-7.087035655975342
-7.131466865539551
-7.1361918449401855
-7.129731178283691
-7.128859043121338
-7.1241607666015625
-7.125941753387451
-7.1317644119262695
-7.104795932769775
-7.125894069671631
-7.131153106689453
-7.136042594909668
-7.144684314727783
-7.158170700073242
-7.074678897857666
-7.152134418487549
-7.152461051940918
-7.122745990753174
-7.1343817710876465
-7.083956718444824
-7.122674942016602
-7.1669087409973145
-7.120841979980469
-7.1216020584106445
-7.111025333404541
-7.115169525146484
-7.141575336456299
-7.145583629608154
-7.139274597167969
-7.1123833656311035
-7.137601375579834
-7.1267313957214355
-7.138443470001221
-7.094250202178955
-7.079532146453857
-7.136402606964111
-7.131978511810303
-7.143396854400635
-7.15228796005249
-7.116297245025635
-7.076142311096191
-7.096226692199707
-7.1447906494140625
-7.109694004058838
-7.154392242431641
-7.157229423522949
-7.114441394805908
-7.1558380126953125
-7.122298717498779
-7.154296398162842
-7.140812397003174
-7.144047737121582
-7.148505687713623
-7.130824089050293
-7.1427836418151855
-7.131361961364746
-7.178273677825928
-7.142786502838135
-7.050556659698486
-7.157299995422363
-7.133413314819336
-7.136181831359863
-7.122542381286621
-7.139558792114258
-7.125983238220215
-7.122857570648193
-7.1320271492004395
-7.150284290313721
-7.155576705932617
-7.143392562866211
-7.105441093444824
-7.0826826095581055
-7.146747589111328
-7.126068592071533
-7.124052047729492
-7.107390403747559
-7.128286361694336
-7.137612819671631
-7.153354644775391
-7.076466083526611
-7.136892318725586
-7.160731315612793
-7.136586666107178
-7.06767463684082
-7.091740608215332
-7.113254070281982
-7.1518073081970215
-7.1238555908203125
-7.147974491119385
-7.119344711303711
-7.149838924407959
-7.111647605895996
-7.163972854614258
-7.066643238067627
-7.1016130447387695
-7.175622463226318
-7.136887550354004
-7.123585224151611
-7.122094631195068
-7.13347053527832
-7.129884243011475
-7.1230058670043945
-7.145618915557861
-7.153036117553711
-7.123745918273926
-7.136807918548584
-7.141262531280518
-7.142505168914795
-7.135147571563721
-7.131858825683594
-7.135674476623535
-7.151251792907715
-7.127170085906982
-7.050020217895508
-7.129532814025879
-7.144265174865723
-7.142762184143066
-7.120929718017578
-7.103193283081055
-7.136451244354248
-7.1323113441467285
-7.138472557067871
-7.171039581298828
-7.081418991088867
-7.124240398406982
-7.1200642585754395
-7.154934406280518
-7.1155900955200195
-7.151961803436279
-7.147359848022461
-7.10945463180542
-7.113888740539551
-7.124508857727051
-7.12897253036499
-7.072347164154053
-7.14517068862915
-7.130895614624023
-7.137154579162598
-7.147183418273926
-7.121195316314697
-7.151420593261719
-7.127707481384277
-7.132139682769775
-7.159193515777588
-7.138242721557617
-7.141304016113281
-7.138150215148926
-7.146780014038086
-7.1364898681640625
-7.151015281677246
-7.148082733154297
-7.140381813049316
-7.137394428253174
-7.147757530212402
-7.141877174377441
-7.14000129699707
-7.135671138763428
-7.145743370056152
-7.140644073486328
-7.129917144775391
-7.1445722579956055
-7.14713716506958
-7.130110263824463
-7.131563663482666
-7.141592502593994
-7.125136375427246
-7.103573322296143
-7.13706636428833
-7.156978607177734
-7.130934715270996
-7.074786186218262
-7.12439489364624
-7.1299872398376465
-7.1207661628723145
-7.135327339172363
-7.097296237945557
-7.02140474319458
-7.073750019073486
-7.130824565887451
-7.16005802154541
-7.099743366241455
-7.107010364532471
-7.013091564178467
-7.148070812225342
-7.137188911437988
-7.157688617706299
-7.111306190490723
-7.0152201652526855
-7.094854354858398
-7.119274139404297
-7.115957736968994
-7.11709451675415
-7.1467814445495605
-7.156063556671143
-7.03961181640625
-7.140732288360596
-7.165750503540039
-7.064177989959717
-7.103574752807617
-7.105231761932373
-7.083554267883301
-7.142319679260254
-7.136700630187988
-7.123905658721924
-7.128561973571777
-7.139918327331543
-7.128322124481201
-7.137552738189697
-7.1367692947387695
-7.119215488433838
-7.111912727355957
-7.132432460784912
-7.148301124572754
-7.133858680725098
-7.152477741241455
-7.126010894775391
-7.119220733642578
-7.134822368621826
-7.150647163391113
-7.144124984741211
-7.130678653717041
-7.121127605438232
-7.1396918296813965
-7.143941402435303
-7.101560115814209
-7.1622633934021
-7.134578227996826
-7.192066192626953
-7.141849994659424
-7.011210918426514
-7.103755950927734
-7.160327434539795
-7.14188289642334
-7.141005992889404
-7.1366472244262695
-7.126559257507324
-7.1273112297058105
-7.136260032653809
-7.140662670135498
-7.158593654632568
-7.096258640289307
-7.092338562011719
-7.12816047668457
-7.159886837005615
-7.12814998626709
-7.130765914916992
-7.091132164001465
-7.080233573913574
-7.154786109924316
-7.136181354522705
-7.094205379486084
-7.086298942565918
-7.118016242980957
-7.130519866943359
-7.146308422088623
-7.107056140899658
-7.1117095947265625
-7.140364170074463
-7.139260292053223
-7.125520706176758
-7.1280694007873535
-7.133781909942627
-7.133440017700195
-7.14321231842041
-7.151948928833008
-7.134584426879883
-7.111959457397461
-7.124415397644043
-7.14370584487915
-7.115853786468506
-7.119414806365967
-7.160555839538574
-7.123785495758057
-7.142184734344482
-7.13844108581543
-7.131994724273682
-7.121069431304932
-7.127490997314453
-7.128048419952393
-7.124805927276611
-7.151623725891113
-7.133076190948486
-7.153668403625488
-7.137930870056152
-7.134923934936523
-7.149024963378906
-7.138460636138916
-7.136145114898682
-7.139032363891602
-7.1305832862854
-7.1422529220581055
-7.10468053817749
-7.121511459350586
-7.15512752532959
-7.138709545135498
-7.089541912078857
-7.089648246765137
-7.092624664306641
-7.146130561828613
-7.142916679382324
-7.168636798858643
-7.124185562133789
-7.047800064086914
-7.134309768676758
-7.11732292175293
-7.154084205627441
-7.104001522064209
-7.096525192260742
-7.138399124145508
-7.148871898651123
-7.133630275726318
-7.118060111999512
-7.0962934494018555
-7.159523963928223
-7.155009746551514
-7.154510021209717
-7.098349094390869
-7.090188980102539
-7.154811859130859
-7.165101528167725
-7.119838714599609
-7.136249542236328
-7.129127502441406
-7.121888160705566
-7.1664652824401855
-7.133972644805908
-7.1813201904296875
-7.124939441680908
-7.136362075805664
-7.1242756843566895
-7.146965980529785
-7.073507785797119
-7.096208572387695
-7.141238689422607
-7.150027751922607
-7.132111072540283
-7.134240627288818
-7.169464111328125
-7.163931846618652
-7.105733394622803
-7.124040126800537
-7.146749019622803
-7.143913269042969
-7.153518199920654
-7.129302978515625
-7.088155269622803
-7.145110130310059
-7.135368824005127
-7.145945072174072
-7.149387836456299
-7.137089729309082
-7.090245246887207
-7.140774726867676
-7.144286632537842
-7.147956848144531
-7.130970001220703
-7.144406795501709
-7.145115852355957
-7.1374969482421875
-7.1339874267578125
-7.125880718231201
-7.132635593414307
-7.136666774749756
-7.149991989135742
-7.154475212097168
-7.138768196105957
-7.124678611755371
-7.157270908355713
-7.137635707855225
-7.147101879119873
-7.088311195373535
-7.112351417541504
-7.144369125366211
-7.117105960845947
-7.091219902038574
-7.106679916381836
-7.179498672485352
-7.101728439331055
-7.122417449951172
-7.158953666687012
-7.080124855041504
-7.144641399383545
-7.138970375061035
-7.168339729309082
-7.040062427520752
-7.157302379608154
-7.078253746032715
-7.151426315307617
-7.116924285888672
-7.1240105628967285
-7.1037116050720215
-7.08624267578125
-7.120082855224609
-7.1454081535339355
-7.130680561065674
-7.102728843688965
-7.120287895202637
-7.120230674743652
-7.157490253448486
-7.158670425415039
-7.143374919891357
-7.129114627838135
-7.142674922943115
-7.144333839416504
-7.143165111541748
-7.143533706665039
-7.116435527801514
-7.106856346130371
-7.125147819519043
-7.155876636505127
-7.133133888244629
-7.138846397399902
-7.140714645385742
-7.0998921394348145
-7.123417854309082
-7.126517295837402
-7.1544342041015625
-7.1442670822143555
-7.121731281280518
-7.142887115478516
-7.142126083374023
-7.125577926635742
-7.151379108428955
-7.130212783813477
-7.130434989929199
-7.1448259353637695
-7.130728721618652
-7.11201810836792
-7.159270763397217
-7.137697219848633
-7.118027210235596
-7.049622058868408
-7.132025241851807
-7.125310897827148
-7.123157978057861
-7.131254196166992
-7.14036226272583
-7.12777042388916
-7.148611545562744
-7.130323886871338
-7.141964435577393
-7.154409885406494
-7.139036178588867
-7.1159491539001465
-7.144311904907227
-7.1313652992248535
-7.143956661224365
-7.1277570724487305
-7.147600173950195
-7.14102029800415
-7.153879165649414
-7.153881549835205
-7.138777256011963
-7.132088661193848
-7.1153154373168945
-7.094573020935059
-7.147066593170166
-7.126097202301025
-7.138138294219971
-7.10105562210083
-7.13076639175415
-7.139981269836426
-7.1458024978637695
-7.1124267578125
-7.143522262573242
-7.137026786804199
-7.1714959144592285
-7.1529765129089355
-7.137269020080566
-7.156017303466797
-7.152366638183594
-7.165894985198975
-7.128914833068848
-7.17638635635376
-7.131777763366699
-7.135087013244629
-7.149744510650635
-7.132143974304199
-7.133480072021484
-7.154139041900635
-7.108643054962158
-7.142008304595947
-7.15329647064209
-7.139363765716553
-7.144208908081055
-7.133197784423828
-7.116878509521484
-7.146748065948486
-7.120224952697754
-7.134951114654541
-7.134730815887451
-7.112092971801758
-7.10958194732666
-7.153393268585205
-7.139819145202637
-7.136063098907471
-7.133472442626953
-7.149245262145996
-7.140542984008789
-7.1458892822265625
-7.1308794021606445
-7.14763069152832
-7.127079486846924
-7.1513352394104
-7.149353504180908
-7.131721496582031
-7.109529495239258
-7.14914083480835
-7.149143695831299
-7.1382293701171875
-7.161434650421143
-7.09375524520874
-7.099085330963135
-7.139765739440918
-7.0963873863220215
-7.108076572418213
-7.095555782318115
-7.148360252380371
-7.1413655281066895
-7.134591579437256
-7.137757778167725
-7.148917198181152
-7.102082252502441
-7.13135290145874
-7.135850429534912
-7.141615390777588
-7.144824028015137
-7.144026279449463
-7.175398349761963
-7.130744934082031
-7.139166831970215
-7.1678266525268555
-7.12949800491333
-7.116698265075684
-7.13792610168457
-7.128635883331299
-7.136715888977051
-7.120990753173828
-7.114940643310547
-7.132842063903809
-7.096092700958252
-7.101801872253418
-7.1186723709106445
-7.139303684234619
-7.1393208503723145
-7.116332530975342
-7.175331115722656
-7.121011257171631
-7.14599609375
-7.137068271636963
-7.137408256530762
-7.156817436218262
-7.101162433624268
-7.142590045928955
-7.122016429901123
-7.139158725738525
-7.144989013671875
-7.136499404907227
-7.129846572875977
-7.113532066345215
-7.1107916831970215
-7.150389671325684
-7.1468987464904785
-7.1490864753723145
-7.1083502769470215
-7.148633003234863
-7.1654839515686035
-7.1462321281433105
-7.146931171417236
-7.131642818450928
-7.132153034210205
-7.157804489135742
-7.1451239585876465
-7.142855644226074
-7.146242141723633
-7.143213272094727
-7.143887042999268
-7.149929046630859
-7.1527509689331055
-7.096820831298828
-7.0986223220825195
-7.1350626945495605
-7.136658668518066
-7.121229648590088
-7.142902851104736
-7.1165618896484375
-7.122865200042725
-7.142113208770752
-7.150630950927734
-7.108414649963379
-7.118536472320557
-7.148171424865723
-7.119246482849121
-7.106997966766357
-7.139706611633301
-7.161413669586182
-7.112729549407959
-7.157330513000488
-7.082268714904785
-7.16145133972168
-7.1530046463012695
-7.136283874511719
-7.12868070602417
-7.113334655761719
-7.12654972076416
-7.135070323944092
-7.14525032043457
-7.107375144958496
-7.1337666511535645
-7.129245281219482
-7.145900249481201
-7.147924423217773
-7.13470458984375
-7.11415433883667
-7.139882564544678
-7.127572059631348
-7.136900424957275
-7.1307373046875
-7.140414714813232
-7.1408514976501465
-7.138067245483398
-7.14841890335083
-7.141325950622559
-7.149118900299072
-7.142739295959473
-7.143674373626709
-7.156119346618652
-7.136268615722656
-7.137942314147949
-7.138332366943359
-7.139580249786377
-7.142548561096191
-7.137879371643066
-7.129236698150635
-7.135324478149414
-7.155030250549316
-7.129938125610352
-7.145406246185303
-7.152447700500488
-7.117752552032471
-7.124485492706299
-7.129598140716553
-7.12920618057251
-7.120926856994629
-7.13707160949707
-7.134952068328857
-7.141146659851074
-7.142742156982422
-7.144049167633057
-7.141728401184082
-7.137627601623535
-7.134990215301514
-7.1653828620910645
-7.142489910125732
-7.051933288574219
-7.053915977478027
-7.175351619720459
-7.146705627441406
-7.132042407989502
-7.136748313903809
-7.09656286239624
-7.13497257232666
-7.146245002746582
-7.141805171966553
-7.137664318084717
-7.153769016265869
-7.123811721801758
-7.166991233825684
-7.156388282775879
-7.1636247634887695
-7.136690616607666
-7.140264511108398
-7.135046005249023
-7.130662441253662
-7.100279808044434
-7.093446731567383
-7.114271640777588
-7.142727851867676
-7.113762855529785
-7.174530982971191
-7.055706024169922
-7.101322650909424
-7.160722255706787
-7.124898910522461
-7.156656265258789
-7.13261079788208
-7.160257816314697
-7.146070957183838
-7.13858699798584
-7.153636932373047
-7.136890411376953
-7.1520466804504395
-7.15696382522583
-7.13422966003418
-7.1437859535217285
-7.125677585601807
-7.1432366371154785
-7.133235931396484
-7.140456676483154
-7.133821964263916
-7.140681266784668
-7.134106636047363
-7.120881080627441
-7.141005992889404
-7.142762184143066
-7.138193130493164
-7.148465156555176
-7.140458106994629
-7.143524169921875
-7.153883934020996
-7.152942657470703
-7.032975196838379
-7.084019184112549
-7.128506183624268
-7.162932395935059
-7.050736904144287
-7.031254291534424
-7.102149486541748
-7.148240089416504
-7.1363725662231445
-7.119422435760498
-7.087451457977295
-7.104302883148193
-7.144075870513916
-7.141482353210449
-7.140354156494141
-7.027810096740723
-7.119131088256836
-7.143102645874023
-7.16583251953125
-7.095124244689941
-7.149405479431152
-7.158596038818359
-7.108678340911865
-7.159121990203857
-7.147029399871826
-7.149608612060547
-7.153465270996094
-7.1075215339660645
-7.140157222747803
-7.138365745544434
-7.11618709564209
-7.08608865737915
-7.147824764251709
-7.125606536865234
-7.127813339233398
-7.128941535949707
-7.153034210205078
-7.130690574645996
-7.1440606117248535
-7.1487507820129395
-7.153426647186279
-7.163439750671387
-7.103030681610107
-7.10736608505249
-7.1475067138671875
-7.144792079925537
-7.133449554443359
-7.114887237548828
-7.14573860168457
-7.144254684448242
-7.158529281616211
-7.155409336090088
-7.155730724334717
-7.150187015533447
-7.129591941833496
-7.102779865264893
-7.133077144622803
-7.141663551330566
-7.084056377410889
-7.100369930267334
-7.16452693939209
-7.124855995178223
-7.148041248321533
-7.139693737030029
-7.1447224617004395
-7.137483596801758
-7.132022380828857
-7.15192985534668
-7.131216526031494
-7.151364326477051
-7.139416694641113
-7.148654937744141
-7.15169620513916
-7.141120910644531
-7.093753337860107
-7.135613441467285
-7.136380195617676
-7.135589122772217
-7.090278148651123
-7.111866474151611
-7.162336349487305
-7.158930778503418
-7.10465669631958
-7.0571208000183105
-7.1172308921813965
-7.127251625061035
-7.1312031745910645
-7.129316806793213
-7.141408920288086
-7.119541168212891
-7.129202842712402
-7.144507884979248
-7.1579790115356445
-7.168412685394287
-7.122425556182861
-7.081167697906494
-7.177978992462158
-7.115590572357178
-7.1361799240112305
-7.144038200378418
-7.166942119598389
-7.089999675750732
-7.129965782165527
-7.136227130889893
-7.137939929962158
-7.103837490081787
-7.141441345214844
-7.111753463745117
-7.159054279327393
-7.1357951164245605
-7.137459754943848
-7.147808074951172
-7.136660575866699
-7.116756916046143
-7.149594783782959
-7.147847652435303
-7.162833213806152
-7.143152713775635
-7.137697696685791
-7.139975070953369
-7.144363880157471
-7.125259876251221
-7.144205570220947
-7.143337726593018
-7.149898052215576
-7.118073463439941
-7.0894551277160645
-7.145391941070557
-7.139553070068359
-7.14884614944458
-7.158014297485352
-7.119006633758545
-7.063612461090088
-7.137384414672852
-7.148278713226318
-7.137348175048828
-7.12331485748291
-7.125616073608398
-7.138623237609863
-7.145914077758789
-7.130756855010986
-7.128092288970947
-7.132828712463379
-7.113525390625
-7.14304256439209
-7.159354209899902
-7.147456169128418
-7.103482723236084
-7.119677543640137
-7.136061191558838
-7.14881706237793
-7.140658378601074
-7.115323543548584
-7.146429061889648
-7.1533379554748535
-7.134846210479736
-7.138566493988037
-7.151374816894531
-7.148856163024902
-7.136641979217529
-7.148006916046143
-7.135313510894775
-7.149033546447754
-7.135589599609375
-7.160055637359619
-7.155054569244385
-7.119712829589844
-7.13091516494751
-7.153584957122803
-7.140576362609863
-7.1554856300354
-7.138826847076416
-7.118497371673584
-7.157201766967773
-7.146928787231445
-7.160975933074951
-7.155026435852051
-7.144437789916992
-7.176826477050781
-7.162402629852295
-7.169909477233887
-7.146425247192383
-7.133862018585205
-7.148828506469727
-7.161648750305176
-7.14329195022583
-7.119454383850098
-7.110249042510986
-7.115695476531982
-7.171205520629883
-7.119534492492676
-7.151397705078125
-7.138473987579346
-7.104302883148193
-7.131608009338379
-7.142831802368164
-7.127442359924316
-7.09282112121582
-7.13312292098999
-7.146817207336426
-7.160887241363525
-7.120419979095459
-7.068610668182373
-7.113775730133057
-7.151347637176514
-7.162578582763672
-7.103366374969482
-7.114715099334717
-7.117754936218262
-7.146727085113525
-7.129369735717773
-7.148950099945068
-7.152398586273193
-7.122918605804443
-7.157491207122803
-7.136412620544434
-7.155152797698975
-7.130896091461182
-7.161825180053711
-7.126237869262695
-7.135927200317383
-7.139086723327637
-7.141116619110107
-7.1520609855651855
-7.1445488929748535
-7.1419501304626465
-7.172060012817383
-7.073660850524902
-7.123719692230225
-7.125644683837891
-7.1405029296875
-7.112295627593994
-7.161539077758789
-7.109098434448242
-7.141101360321045
-7.146206378936768
-7.128945350646973
-7.133376121520996
-7.151139259338379
-7.176883697509766
-7.1382856369018555
-7.118257522583008
-7.11602258682251
-7.121830940246582
-7.156559467315674
-7.066569805145264
-7.086305618286133
-7.093816757202148
-7.131046772003174
-7.141496658325195
-7.095830917358398
-7.0569071769714355
-7.149043083190918
-7.142341613769531
-7.126598358154297
-7.12223482131958
-7.131140232086182
-7.138425827026367
-7.151651859283447
-7.1556220054626465
-7.153321266174316
-7.119736194610596
-7.145530700683594
-7.16632080078125
-7.13229513168335
-7.125965595245361
-7.153170585632324
-7.1429362297058105
-7.11888313293457
-7.132925987243652
-7.170349597930908
-7.113028049468994
-7.118238925933838
-7.14155912399292
-7.145493984222412
-7.127614498138428
-7.143877029418945
-7.149931907653809
-7.147521018981934
-7.146534442901611
-7.135037899017334
-7.1482157707214355
-7.151097774505615
-7.137223243713379
-7.144073963165283
-7.1337199211120605
-7.141063213348389
-7.133172035217285
-7.125105381011963
-7.154153347015381
-7.158211708068848
-7.16248083114624
-7.057285785675049
-7.059054374694824
-7.142101764678955
-7.124941349029541
-7.113518714904785
-7.1283111572265625
-7.132479190826416
-7.127779483795166
-7.142099380493164
-7.119085311889648
-7.115041255950928
-7.065785884857178
-7.1347126960754395
-7.156791687011719
-7.0959954261779785
-7.128280162811279
-7.118380546569824
-7.164749622344971
-7.124504566192627
-7.163092136383057
-7.140987873077393
-7.114432334899902
-7.137323379516602
-7.125701904296875
-7.1503987312316895
-7.115620136260986
-7.140902519226074
-7.157329559326172
-7.144582271575928
-7.140682697296143
-7.14585018157959
-7.148134708404541
-7.148670673370361
-7.104070663452148
-7.171236038208008
-7.1214189529418945
-7.134424209594727
-7.140663146972656
-7.144241809844971
-7.128826141357422
-7.153597354888916
-7.1650824546813965
-7.135016918182373
-7.124152660369873
-7.141557693481445
-7.148990154266357
-7.091343879699707
-7.090867519378662
-7.106443881988525
-7.139862537384033
-7.154448986053467
-7.127814769744873
-7.180352210998535
-7.112370014190674
-7.1639323234558105
-7.1367058753967285
-7.157078742980957
-7.143999099731445
-7.126951694488525
-7.149302959442139
-7.1713151931762695
-7.137915134429932
-7.176815509796143
-7.117823123931885
-7.139646053314209
-7.132537841796875
-7.186648845672607
-7.142927646636963
-7.0823235511779785
-7.1604180335998535
-7.134964942932129
-7.156585216522217
-7.143956661224365
-7.107379913330078
-7.136214256286621
-7.150672912597656
-7.13789701461792
-7.152669429779053
-7.151652812957764
-7.158782482147217
-7.139678478240967
-7.15543794631958
-7.145602703094482
-7.134191989898682
-7.14371919631958
-7.148674488067627
-7.146908760070801
-7.1458353996276855
-7.139461994171143
-7.1627984046936035
-7.1296772956848145
-7.144673824310303
-7.151994228363037
-7.152645587921143
-7.165380954742432
-7.146218776702881
-7.141640663146973
-7.1266984939575195
-7.1349310874938965
-7.1194257736206055
-7.1851420402526855
-7.115854740142822
-7.123354434967041
-7.125542163848877
-7.156983852386475
-7.144227981567383
-7.091813564300537
-7.096527576446533
-7.1364665031433105
-7.135490417480469
-7.121066093444824
-7.057009220123291
-7.113322734832764
-7.053463935852051
-7.141481876373291
-7.149903297424316
-7.088802337646484
-7.071612358093262
-7.088120460510254
-7.156877040863037
-7.149453639984131
-7.122613430023193
-7.144530773162842
-7.11612606048584
-7.163168907165527
-7.191255569458008
-7.088122844696045
-7.150539875030518
-7.126460075378418
-7.108717441558838
-7.1069488525390625
-7.114407062530518
-7.135890483856201
-7.192951679229736
-7.163888454437256
-7.019111156463623
-7.118752479553223
-7.155364990234375
-7.16024112701416
-7.09372615814209
-7.104110240936279
-7.134559154510498
-7.149158000946045
-7.090229034423828
-7.089980125427246
-7.175142765045166
-7.1575608253479
-7.147337913513184
-7.14891242980957
-7.119518280029297
-7.150652885437012
-7.104941368103027
-7.11303186416626
-7.151613712310791
-7.162517070770264
-7.134222030639648
-7.092090129852295
-7.113319396972656
-7.145361423492432
-7.163290500640869
-7.1278886795043945
-7.1120805740356445
-7.141648292541504
-7.1415863037109375
-7.1240644454956055
-7.118406772613525
-7.131842136383057
-7.154743671417236
-7.119841575622559
-7.160443305969238
-7.10872220993042
-7.117659091949463
-7.076142311096191
-7.091332912445068
-7.137706279754639
-7.065563201904297
-7.102109432220459
-7.124687194824219
-7.125999927520752
-7.151766777038574
-7.134231090545654
-7.134037017822266
-7.129651069641113
-7.144411563873291
-7.1463398933410645
-7.137630939483643
-7.136013507843018
-7.142260551452637
-7.147506237030029
-7.143920421600342
-7.1421074867248535
-7.162386894226074
-7.156308174133301
-7.13658332824707
-7.161571979522705
-7.158507347106934
-7.085124492645264
-7.0742058753967285
-7.117424964904785
-7.179791450500488
-7.136904239654541
-7.1093902587890625
-7.117669582366943
-7.16097354888916
-7.114298343658447
-7.108249664306641
-7.191948890686035
-7.12964391708374
-7.14073371887207
-7.164508819580078
-7.134622573852539
-7.161766529083252
-7.1335320472717285
-7.134355068206787
-7.155642509460449
-7.161351203918457
-7.151874542236328
-7.135587215423584
-7.143685340881348
-7.141287803649902
-7.120179653167725
-7.162371635437012
-7.143670558929443
-7.145647048950195
-7.154108047485352
-7.147475242614746
-7.133760929107666
-7.149331569671631
-7.132513046264648
-7.149497032165527
-7.159958839416504
-7.135756492614746
-7.144534587860107
-7.1415019035339355
-7.160610675811768
-7.136155128479004
-7.140473365783691
-7.116438865661621
-7.141557216644287
-7.136047840118408
-7.142366886138916
-7.130519866943359
-7.165959358215332
-7.129735469818115
-7.14102029800415
-7.146106719970703
-7.1406965255737305
-7.132833957672119
-7.141101837158203
-7.140694618225098
-7.127943515777588
-7.16452169418335
-7.128037452697754
-7.144967079162598
-7.1506218910217285
-7.125796794891357
-7.154906749725342
-7.10460901260376
-7.14283561706543
-7.120582580566406
-7.1592206954956055
-7.1367058753967285
-7.145827293395996
-7.082728385925293
-7.156552791595459
-7.149922847747803
-7.155333995819092
-7.158677101135254
-7.108885288238525
-7.137002944946289
-7.120921611785889
-7.11973237991333
-7.148117542266846
-7.13778018951416
-7.135442733764648
-7.158364295959473
-7.143792152404785
-7.152230739593506
-7.138986587524414
-7.163160800933838
-7.14796781539917
-7.139646530151367
-7.144320487976074
-7.130950450897217
-7.135018348693848
-7.164907455444336
-7.1344475746154785
-7.142865180969238
-7.154525279998779
-7.145628452301025
-7.163065433502197
-7.14584493637085
-7.117992877960205
-7.154849052429199
-7.149548053741455
-7.166468143463135
-7.160772323608398
-7.137763500213623
-7.106093406677246
-7.104559421539307
-7.146449565887451
-7.154122829437256
-7.11213493347168
-7.137275218963623
-7.161276817321777
-7.13745641708374
-7.134613037109375
-7.148733139038086
-7.07649040222168
-7.149215221405029
-7.141446113586426
-7.177894592285156
-7.122631072998047
-7.105580806732178
-7.148243427276611
-7.161608695983887
-7.158236026763916
-7.1187896728515625
-7.111560344696045
-7.1499810218811035
-7.14948034286499
-7.153258323669434
-7.071254253387451
-7.1315226554870605
-7.159740447998047
-7.1279497146606445
-7.143619537353516
-7.120236396789551
-7.112543106079102
-7.129658222198486
-7.157164573669434
-7.1580705642700195
-7.154059886932373
-7.169417381286621
-7.149544715881348
-7.158289432525635
-7.192995071411133
-7.155154705047607
-7.10722017288208
-7.1224684715271
-7.164348125457764
-7.141395092010498
-7.143243789672852
-7.13928747177124
-7.127305507659912
-7.137510299682617
-7.1648101806640625
-7.164061069488525
-7.115999221801758
-7.133764266967773
-7.148247718811035
-7.143686771392822
-7.161653995513916
-7.164379119873047
-7.1288838386535645
-7.149871349334717
-7.163471698760986
-7.1530070304870605
-7.163965225219727
-7.135758399963379
-7.137074947357178
-7.155439853668213
-7.16975212097168
-7.099754333496094
-7.016992092132568
-7.159010410308838
-7.140781402587891
-7.164431095123291
-7.136413097381592
-7.1288323402404785
-7.165411949157715
-7.174166679382324
-7.182516574859619
-7.1564860343933105
-7.121494770050049
-7.10253381729126
-7.131738185882568
-7.154760360717773
-7.098301410675049
-7.176015853881836
-7.110888957977295
-7.128304481506348
-7.126745700836182
-7.147416114807129
-7.130306243896484
-7.086453437805176
-7.03084659576416
-7.154984951019287
-7.156455993652344
-7.1430983543396
-7.011409282684326
-7.172595024108887
-7.092117786407471
-7.140467166900635
-7.1740241050720215
-7.038285732269287
-7.044985294342041
-7.139426231384277
-7.143763065338135
-7.1141204833984375
-7.078792572021484
-7.111661434173584
-7.1328840255737305
-7.150022983551025
-7.100205421447754
-7.172458171844482
-7.1381964683532715
-7.082291126251221
-7.1303510665893555
-7.156669616699219
-7.157083034515381
-7.156393527984619
-7.063168048858643
-7.115121841430664
-7.130993843078613
-7.131890296936035
-7.118396282196045
-7.1631317138671875
-7.147858619689941
-7.120815753936768
-7.124898910522461
-7.152521133422852
-7.144248008728027
-7.105431079864502
-7.114313125610352
-7.150543212890625
-7.125898838043213
-7.097772598266602
-7.132072448730469
-7.140890598297119
-7.146498680114746
-7.154725074768066
-7.079206466674805
-7.080265045166016
-7.114838600158691
-7.145315647125244
-7.15453577041626
-7.141070365905762
-7.109492301940918
-7.137590408325195
-7.148636817932129
-7.143918514251709
-7.160987854003906
-7.126636505126953
-7.141465663909912
-7.137778282165527
-7.156260967254639
-7.1450581550598145
-7.160769462585449
-7.177870273590088
-7.161557197570801
-7.157397747039795
-7.127281665802002
-7.169622898101807
-7.143448352813721
-7.156242847442627
-7.143597602844238
-7.121500492095947
-7.171105861663818
-7.137077331542969
-7.130807876586914
-7.148022651672363
-7.133189678192139
-7.1372294425964355
-7.14325475692749
-7.150076866149902
-7.195889472961426
-7.1262969970703125
-7.110160827636719
-7.1803083419799805
-7.152994155883789
-7.167654991149902
-7.131450176239014
-7.128920555114746
-7.154837131500244
-7.115936279296875
-7.1279520988464355
-7.1530070304870605
-7.169416427612305
-7.076808929443359
-7.142089366912842
-7.1250739097595215
-7.1454315185546875
-7.15418004989624
-7.125074863433838
-7.1478986740112305
-7.124127388000488
-7.157515048980713
-7.156528472900391
-7.1416850090026855
-7.130098342895508
-7.151618480682373
-7.1427435874938965
-7.14354944229126
-7.162964820861816
-7.134808540344238
-7.147611141204834
-7.14756965637207
-7.135235786437988
-7.139169216156006
-7.135486602783203
-7.142361164093018
-7.142706394195557
-7.139023780822754
-7.121564865112305
-7.139316558837891
-7.137786388397217
-7.155815124511719
-7.163050651550293
-7.145023822784424
-7.153768062591553
-7.15165901184082
-7.159194469451904
-7.118313789367676
-7.138812065124512
-7.130352020263672
-7.112849235534668
-7.177567481994629
-7.17141580581665
-7.107051849365234
-7.130352020263672
-7.1450090408325195
-7.174283504486084
-7.1406073570251465
-7.1362481117248535
-7.150004863739014
-7.151993751525879
-7.141039848327637
-7.153067111968994
-7.14378547668457
-7.1500067710876465
-7.123642921447754
-7.153075218200684
-7.139667510986328
-7.105208396911621
-7.127192974090576
-7.150195121765137
-7.142358779907227
-7.146761417388916
-7.089780807495117
-7.14557409286499
-7.121087551116943
-7.173132419586182
-7.127997875213623
-7.068666458129883
-7.052652359008789
-7.126603126525879
-7.139860153198242
-7.113437175750732
-7.087087631225586
-7.159998893737793
-7.11658239364624
-7.1483306884765625
-7.1279754638671875
-7.119963645935059
-7.135064601898193
-7.141081809997559
-7.152907371520996
-7.136098384857178
-7.141819953918457
-7.141929626464844
-7.154682636260986
-7.151830196380615
-7.135985851287842
-7.136255741119385
-7.149141311645508
-7.1560845375061035
-7.139980316162109
-7.154750823974609
-7.150591850280762
-7.155049800872803
-7.126649379730225
-7.127577304840088
-7.14813756942749
-7.144843101501465
-7.159672260284424
-7.143918514251709
-7.14898157119751
-7.145575046539307
-7.153024673461914
-7.138522148132324
-7.140855312347412
-7.117550373077393
-7.142505645751953
-7.156729698181152
-7.139882564544678
-7.130416393280029
-7.118847370147705
-7.13285493850708
-7.131821155548096
-7.123344898223877
-7.156412601470947
-7.1407856941223145
-7.125278949737549
-7.1332831382751465
-7.156839847564697
-7.137063026428223
-7.160990238189697
-7.091395854949951
-7.1243462562561035
-7.165137767791748
-7.138092994689941
-7.133063793182373
-7.12664794921875
-7.160037040710449
-7.146452903747559
-7.168391227722168
-7.129079818725586
-7.156041622161865
-7.138237476348877
-7.152547359466553
-7.131385803222656
-7.165582656860352
-7.15162467956543
-7.155620574951172
-7.166971683502197
-7.156495571136475
-7.107825756072998
-7.086296081542969
-7.145204544067383
-7.153141021728516
-7.159134387969971
-7.101346969604492
-7.113122940063477
-7.158053874969482
-7.14597225189209
-7.125826835632324
-7.156520843505859
-7.137148857116699
-7.141862392425537
-7.154343128204346
-7.139882564544678
-7.142306327819824
-7.140721321105957
-7.14656400680542
-7.1331915855407715
-7.133230209350586
-7.145625591278076
-7.131004333496094
-7.1516218185424805
-7.145577430725098
-7.1261138916015625
-7.127685070037842
-7.163485050201416
-7.149302005767822
-7.151400566101074
-7.14227294921875
-7.143126487731934
-7.141807556152344
-7.141350746154785
-7.130648136138916
-7.084829807281494
-7.1367573738098145
-7.145112037658691
-7.162011623382568
-7.150923252105713
-7.084733963012695
-7.104467868804932
-7.091349124908447
-7.145116329193115
-7.132846355438232
-7.158836364746094
-7.050685405731201
-6.995336532592773
-7.180952072143555
-7.150064468383789
-7.138959884643555
-7.151739120483398
-7.13368558883667
-7.11567497253418
-7.093705654144287
-7.152586460113525
-7.127439022064209
-7.11449670791626
-7.081397533416748
-7.111043453216553
-7.147897243499756
-7.144908428192139
-7.067605018615723
-7.099391937255859
-7.057769298553467
-7.168263912200928
-7.153933525085449
-7.090023040771484
-7.100268363952637
-7.114323616027832
-7.168152809143066
-7.139497756958008
-7.130203723907471
-7.1018147468566895
-7.119078159332275
-7.140783786773682
-7.134834289550781
-7.169220447540283
-7.124277591705322
-7.137946605682373
-7.157596111297607
-7.14068078994751
-7.156340599060059
-7.14659309387207
-7.112817764282227
-7.132862091064453
-7.13762092590332
-7.142952919006348
-7.1562581062316895
-7.129575252532959
-7.145158767700195
-7.155867099761963
-7.120937347412109
-7.147822856903076
-7.165840148925781
-7.1575517654418945
-7.096753120422363
-7.127877235412598
-7.138850688934326
-7.1496195793151855
-7.139988899230957
-7.138150691986084
-7.16187858581543
-7.094724655151367
-7.107647895812988
-7.150026321411133
-7.1509318351745605
-7.153631210327148
-7.102450847625732
-7.147786617279053
-7.126827239990234
-7.142232894897461
-7.135362148284912
-7.151970386505127
-7.137365341186523
-7.148244380950928
-7.157671928405762
-7.153003215789795
-7.144381523132324
-7.1633782386779785
-7.147128582000732
-7.143476486206055
-7.146257400512695
-7.153233051300049
-7.108962535858154
-7.143942832946777
-7.146012306213379
-7.142299652099609
-7.1643900871276855
-7.14774227142334
-7.15723180770874
-7.170476913452148
-7.161776542663574
-7.137256622314453
-7.163064002990723
-7.133373260498047
-7.134922504425049
-7.12695837020874
-7.133159160614014
-7.137934684753418
-7.132285118103027
-7.1556010246276855
-7.116833209991455
-7.171884536743164
-7.114558696746826
-7.152624130249023
-7.161535263061523
-7.121058940887451
-7.104295253753662
-7.138229846954346
-7.130035400390625
-7.15366792678833
-7.136674404144287
-7.128894329071045
-7.140477657318115
-7.119880199432373
-7.171056270599365
-7.186779975891113
-7.12713098526001
-7.1430888175964355
-7.134577751159668
-7.1522979736328125
-7.10770320892334
-7.128150939941406
-7.145336627960205
-7.150473117828369
-7.0817131996154785
-7.147970199584961
-7.162412166595459
-7.150459289550781
-7.134876251220703
-7.140129089355469
-7.125459671020508
-7.142075061798096
-7.145981311798096
-7.162906646728516
-7.148746490478516
-7.157776355743408
-7.128930568695068
-7.113047122955322
-7.142920970916748
-7.157812595367432
-7.127573490142822
-7.084743022918701
-7.145995616912842
-7.164903163909912
-7.121989727020264
-7.117666721343994
-7.165247440338135
-7.157630443572998
-7.089529991149902
-7.109094619750977
-7.128567695617676
-7.140265464782715
-7.13824462890625
-7.137816905975342
-7.140528678894043
-7.169582843780518
-7.106276988983154
-7.156240940093994
-7.143686771392822
-7.139559745788574
-7.14800500869751
-7.1349101066589355
-7.120447635650635
-7.1604905128479
-7.128628730773926
-7.132364749908447
-7.136830806732178
-7.154488563537598
-7.161369323730469
-7.165001392364502
-7.154741287231445
-7.138418674468994
-7.128962993621826
-7.121495723724365
-7.152543544769287
-7.143910884857178
-7.139390468597412
-7.125782012939453
-7.148087024688721
-7.12841796875
-7.100869655609131
-7.096360683441162
-7.1384453773498535
-7.13134765625
-7.124856472015381
-7.148775577545166
-7.1385345458984375
-7.157980918884277
-7.130767822265625
-7.154453754425049
-7.131841659545898
-7.10670280456543
-7.13377571105957
-7.153834819793701
-7.144301891326904
-7.145986080169678
-7.124064922332764
-7.086012363433838
-7.1104021072387695
-7.1243743896484375
-7.098881721496582
-7.062982082366943
-7.0600481033325195
-7.154829025268555
-7.117835998535156
-7.133759498596191
-7.120993614196777
-7.143737316131592
-7.158088684082031
-7.1512451171875
-7.104192733764648
-7.079957485198975
-7.1631999015808105
-7.1417131423950195
-7.159898281097412
-7.117955684661865
-7.145195007324219
-7.163852214813232
-7.14071798324585
-7.134943008422852
-7.146799564361572
-7.122405529022217
-7.114269256591797
-7.088962554931641
-7.136199951171875
-7.147521495819092
-7.140649318695068
-7.0665740966796875
-7.1367034912109375
-7.109920024871826
-7.143671989440918
-7.087137222290039
-7.153754234313965
-7.067227363586426
-7.117990016937256
-7.1701507568359375
-7.144679069519043
-7.101927280426025
-7.106546878814697
-7.118115425109863
-7.114531517028809
-7.160048007965088
-7.122742176055908
-7.027434825897217
-7.122870445251465
-7.134464263916016
-7.153589725494385
-7.139191627502441
-7.092848777770996
-7.174106121063232
-7.128304481506348
-7.125947952270508
-7.144749641418457
-7.151116371154785
-7.134068965911865
-7.13956356048584
-7.149191379547119
-7.144954204559326
-7.156144618988037
-7.109103679656982
-7.1284661293029785
-7.153204917907715
-7.150568008422852
-7.163045406341553
-7.158212184906006
-7.140158653259277
-7.138835906982422
-7.135160446166992
-7.121370315551758
-7.159281253814697
-7.088237285614014
-7.141200542449951
-7.144221782684326
-7.126307487487793
-7.131697654724121
-7.1556901931762695
-7.157787799835205
-7.155505180358887
-7.133450508117676
-7.132002830505371
-7.1521501541137695
-7.136053085327148
-7.142148017883301
-7.1503400802612305
-7.150644779205322
-7.1450934410095215
-7.147820949554443
-7.153141021728516
-7.131958961486816
-7.137852191925049
-7.12810754776001
-7.13767671585083
-7.17065954208374
-7.129507064819336
-7.1372270584106445
-7.146487236022949
-7.155304908752441
-7.146462440490723
-7.094167232513428
-7.157119274139404
-7.143250942230225
-7.166299343109131
-7.138015270233154
-7.148787021636963
-7.147594928741455
-7.122996807098389
-7.0983428955078125
-7.142404079437256
-7.145915985107422
-7.145400524139404
-7.122503757476807
-7.149673938751221
-7.116988182067871
-7.139752388000488
-7.143280506134033
-7.143142223358154
-7.168966293334961
-7.032192230224609
-7.148711204528809
-7.13338041305542
-7.165391445159912
-7.161248207092285
-7.151980400085449
-7.088685989379883
-7.147109508514404
-7.066667556762695
-7.1324968338012695
-7.146822452545166
-7.108078956604004
-7.054782867431641
-7.154908657073975
-7.166919231414795
-7.1457109451293945
-7.164723873138428
-7.1512250900268555
-7.144647598266602
-7.135603427886963
-7.147690296173096
-7.138490200042725
-7.1601643562316895
-7.147158622741699
-7.1257524490356445
-7.169456958770752
-7.154589653015137
-7.137878894805908
-7.158383846282959
-7.167563438415527
-7.110211372375488
-7.149331092834473
-7.1348114013671875
-7.106969833374023
-7.140522003173828
-7.136075496673584
-7.158202648162842
-7.132411956787109
-7.1419148445129395
-7.139465808868408
-7.146955490112305
-7.143209934234619
-7.144824028015137
-7.127946376800537
-7.138334274291992
-7.140562057495117
-7.143689155578613
-7.155500411987305
-7.134088039398193
-7.147307395935059
-7.135887622833252
-7.139731407165527
-7.1409478187561035
-7.1428656578063965
-7.139663219451904
-7.139753818511963
-7.137108325958252
-7.147361755371094
-7.144173622131348
-7.108180522918701
-7.123708724975586
-7.147077560424805
-7.142903804779053
-7.128588676452637
-7.1389689445495605
-7.142619609832764
-7.13348913192749
-7.143524646759033
-7.138926982879639
-7.107026100158691
-7.153964996337891
-7.1446967124938965
-7.14776611328125
-7.140202045440674
-7.148375511169434
-7.16676664352417
-7.137433052062988
-7.103572845458984
-7.107903480529785
-7.110530376434326
-7.148333549499512
-7.1592254638671875
-7.115904331207275
-7.088919639587402
-7.147940635681152
-7.1083197593688965
-7.148590564727783
-7.122320175170898
-7.04202127456665
-7.07572078704834
-7.107769966125488
-7.119736194610596
-7.140481948852539
-7.09375
-7.110696792602539
-7.12148380279541
-7.1409173011779785
-7.137826442718506
-7.1538166999816895
-7.140094757080078
-7.15718412399292
-7.1387858390808105
-7.1398234367370605
-7.148613929748535
-7.136759281158447
-7.144136905670166
-7.144628524780273
-7.14897346496582
-7.129245758056641
-7.125158309936523
-7.156088352203369
-7.175786972045898
-7.152928352355957
-7.1262054443359375
-7.162634372711182
-7.140147686004639
-7.15640115737915
-7.127139568328857
-7.138061046600342
-7.147758960723877
-7.152920246124268
-7.142910957336426
-7.12744140625
-7.145963668823242
-7.160101413726807
-7.147624969482422
-7.134726524353027
-7.139895439147949
-7.150749683380127
-7.148624420166016
-7.15269660949707
-7.1410722732543945
-7.143141269683838
-7.126026153564453
-7.164642810821533
-7.1285014152526855
-7.117155075073242
-7.150728225708008
-7.162587642669678
-7.155111789703369
-7.164187908172607
-7.155898571014404
-7.079809665679932
-7.144792556762695
-7.140322208404541
-7.112622261047363
-7.149515151977539
-7.132672309875488
-7.130324840545654
-7.139773845672607
-7.145681858062744
-7.153155326843262
-7.128661632537842
-7.132584095001221
-7.1484599113464355
-7.152970314025879
-7.152987480163574
-7.120143413543701
-7.112095832824707
-7.144267559051514
-7.134371280670166
-7.137378215789795
-7.139210224151611
-7.150084018707275
-7.142697811126709
-7.150335788726807
-7.157318592071533
-7.143438339233398
-7.140031814575195
-7.124972343444824
-7.151938438415527
-7.158146858215332
-7.146026134490967
-7.1357526779174805
-7.143919467926025
-7.123758316040039
-7.1406636238098145
-7.15034294128418
-7.126749515533447
-7.095924377441406
-7.149996280670166
-7.139990329742432
-7.150852680206299
-7.150020599365234
-7.12270975112915
-7.146698474884033
-7.156177043914795
-7.1576924324035645
-7.160432815551758
-7.143033504486084
-7.130568504333496
-7.134407043457031
-7.14817476272583
-7.139673709869385
-7.140069484710693
-7.140116214752197
-7.127941131591797
-7.139785289764404
-7.15940523147583
-7.154123783111572
-7.144622325897217
-7.117652893066406
-7.1254801750183105
-7.130188941955566
-7.151673316955566
-7.1761155128479
-7.032556056976318
-7.09428596496582
-7.163578033447266
-7.149622917175293
-7.111597061157227
-7.169353485107422
-7.114869594573975
-7.162214756011963
-7.114583969116211
-7.147148609161377
-7.142123699188232
-7.147743225097656
-7.131117343902588
-7.111722946166992
-7.0725998878479
-7.064681529998779
-7.117586612701416
-7.1190314292907715
-7.1946001052856445
-7.021859645843506
-7.158469200134277
-7.156339645385742
-7.158016204833984
-7.12577486038208
-7.143091678619385
-7.152873992919922
-7.134171009063721
-7.148519992828369
-7.147881507873535
-7.136206150054932
-7.115894317626953
-7.140470504760742
-7.171521186828613
-7.16042947769165
-7.136855125427246
-7.140614986419678
-7.154208183288574
-7.155052661895752
-7.145081996917725
-7.132655620574951
-7.139545917510986
-7.140881538391113
-7.158609390258789
-7.122135162353516
-7.142899513244629
-7.150295257568359
-7.128170013427734
-7.13067626953125
-7.167069911956787
-7.142117500305176
-7.186070919036865
-7.130510330200195
-7.153219699859619
-7.136280536651611
-7.138614654541016
-7.138888359069824
-7.13178825378418
-7.128310680389404
-7.15239143371582
-7.153590679168701
-7.140983581542969
-7.124903678894043
-7.142635822296143
-7.130092620849609
-7.143979549407959
-7.162979602813721
-7.131542205810547
-7.129412651062012
-7.148176670074463
-7.140997409820557
-7.140775680541992
-7.142114162445068
-7.155355453491211
-7.118781089782715
-7.120461463928223
-7.146452903747559
-7.148538589477539
-7.16079044342041
-7.13548469543457
-7.128977298736572
-7.162223815917969
-7.156461238861084
-7.143354415893555
-7.148677349090576
-7.147303581237793
-7.166106700897217
-7.132534027099609
-7.163824081420898
-7.158482074737549
-7.159238815307617
-7.1270833015441895
-7.161772727966309
-7.170042037963867
-7.1241583824157715
-7.142930030822754
-7.203191757202148
-7.129164218902588
-7.155482292175293
-7.1324639320373535
-7.128392219543457
-7.162906169891357
-7.1009345054626465
-7.147929668426514
-7.133991718292236
-7.1385064125061035
-7.154707908630371
-7.1413164138793945
-7.161847114562988
-7.142264366149902
-7.126708984375
-7.1515116691589355
-7.146148204803467
-7.140188694000244
-7.155125617980957
-7.151374816894531
-7.132129669189453
-7.133301734924316
-7.146724224090576
-7.148336410522461
-7.142761707305908
-7.146818161010742
-7.167272567749023
-7.144349575042725
-7.122833728790283
-7.143254280090332
-7.156126976013184
-7.125192642211914
-7.163215160369873
-7.157710552215576
-7.115877151489258
-7.189346790313721
-7.113293170928955
-7.123277187347412
-7.142496109008789
-7.12379789352417
-7.155304908752441
-7.157739162445068
-7.154428005218506
-7.136232852935791
-7.161541938781738
-7.10468053817749
-7.153719425201416
-7.15638542175293
-7.123758792877197
-7.1562089920043945
-7.148271560668945
-7.120975017547607
-7.123852252960205
-7.146136283874512
-7.1632866859436035
-7.125823020935059
-7.109310626983643
-7.082756042480469
-7.13421630859375
-7.16251277923584
-7.159580707550049
-7.099470615386963
-7.061275959014893
-7.145751953125
-7.151397705078125
-7.14235782623291
-7.115481853485107
-7.116194725036621
-7.15679931640625
-7.157101154327393
-7.154227256774902
-7.135725975036621
-7.133055686950684
-7.142675399780273
-7.134032249450684
-7.147022724151611
-7.14792537689209
-7.125729084014893
-7.13851261138916
-7.158864974975586
-7.121216773986816
-7.170148849487305
-7.123316764831543
-7.155995845794678
-7.140320777893066
-7.179015159606934
-7.166907787322998
-7.14426851272583
-7.168201923370361
-7.128978252410889
-7.202164173126221
-7.113770008087158
-7.1248369216918945
-7.145514488220215
-7.128792762756348
-7.143396854400635
-7.155937671661377
-7.069728374481201
-7.154644012451172
-7.123514652252197
-7.147337436676025
-7.136098861694336
-7.140972137451172
-7.114575386047363
-7.091787338256836
-7.145602703094482
-7.135301113128662
-7.14755392074585
-7.179648399353027
-7.12319278717041
-7.134158611297607
-7.130379676818848
-7.150290012359619
-7.101893424987793
-7.098898410797119
-7.163565635681152
-7.158642292022705
-7.157759189605713
-7.129093647003174
-7.103313446044922
-7.12255859375
-7.160586357116699
-7.111967086791992
-7.120804309844971
-7.135198593139648
-7.11127233505249
-7.144045829772949
-7.145726680755615
-7.104834079742432
-7.138923168182373
-7.1428093910217285
-7.124560832977295
-7.158566951751709
-7.146601676940918
-7.1426591873168945
-7.136758804321289
-7.12336540222168
-7.141881465911865
-7.150643348693848
-7.137151718139648
-7.160092353820801
-7.12901496887207
-7.15743350982666
-7.141175270080566
-7.141635894775391
-7.130739688873291
-7.127294540405273
-7.118043422698975
-7.151398658752441
-7.143199920654297
-7.142538547515869
-7.150845527648926
-7.109531879425049
-7.131806373596191
-7.163937091827393
-7.088554382324219
-7.167525291442871
-7.1063079833984375
-7.154540061950684
-7.100776195526123
-7.154764175415039
-7.192099571228027
-7.110112190246582
-7.152033805847168
-7.180715084075928
-7.1288604736328125
-7.151113986968994
-7.143807411193848
-7.145127773284912
-7.140435695648193
-7.164510250091553
-7.164900302886963
-7.14736795425415
-7.1717705726623535
-7.171711444854736
-7.1561408042907715
-7.1990251541137695
-7.1755499839782715
-7.100727081298828
-7.132940769195557
-7.100508689880371
-7.166721343994141
-7.147212028503418
-7.07620096206665
-7.130640983581543
-7.128331184387207
-7.143325328826904
-7.162621021270752
-7.155650615692139
-7.156729698181152
-7.174989223480225
-7.147931098937988
-7.14269495010376
-7.127200126647949
-7.138087272644043
-7.172836780548096
-7.151546955108643
-7.1314377784729
-7.106395244598389
-7.149166584014893
-7.1061553955078125
-7.079458236694336
-7.144001007080078
-7.140455722808838
-7.133366107940674
-7.106109142303467
-7.127181529998779
-7.151583671569824
-7.152364253997803
-7.152066230773926
-7.171073913574219
-7.122254371643066
-7.135645866394043
-7.132571697235107
-7.1583356857299805
-7.1538405418396
-7.140798568725586
-7.148529529571533
-7.1425089836120605
-7.1296305656433105
-7.155375003814697
-7.131350994110107
-7.156340599060059
-7.163099765777588
-7.12962532043457
-7.126458644866943
-7.160012722015381
-7.154991149902344
-7.140255451202393
-7.150726795196533
-7.1365251541137695
-7.156010627746582
-7.113222122192383
-7.149546146392822
-7.150434494018555
-7.166736125946045
-7.139853000640869
-7.1331586837768555
-7.134326457977295
-7.141570568084717
-7.147444248199463
-7.134613037109375
-7.1524658203125
-7.168526649475098
-7.143475532531738
-7.199146747589111
-7.082045078277588
-7.099880695343018
-7.157508373260498
-7.161502361297607
-7.128852844238281
-7.172450065612793
-7.146548271179199
-7.139573097229004
-7.1446638107299805
-7.158893585205078
-7.177493095397949
-7.058128356933594
-7.148457050323486
-7.098525047302246
-7.126343727111816
-7.162854194641113
-7.155885219573975
-7.143381118774414
-7.151214122772217
-7.157009124755859
-7.159139156341553
-7.121373653411865
-7.146801948547363
-7.154268264770508
-7.158154010772705
-7.043404579162598
-7.096280574798584
-7.08648681640625
-7.1487250328063965
-7.145943641662598
-7.129284858703613
-7.109366416931152
-7.117539405822754
-7.151390075683594
-7.15817403793335
-7.161042213439941
-7.156386852264404
-7.148324489593506
-7.157373905181885
-7.14678955078125
-7.125077247619629
-7.159908771514893
-7.167537212371826
-7.158769607543945
-7.157267093658447
-7.142611503601074
-7.143252372741699
-7.147035121917725
-7.1492767333984375
-7.132186412811279
-7.129751682281494
-7.143532752990723
-7.153791904449463
-7.169363498687744
-7.102855682373047
-7.142261981964111
-7.1251444816589355
-7.155834674835205
-7.153552532196045
-7.168280601501465
-7.145224571228027
-7.079189300537109
-7.133522033691406
-7.126491069793701
-7.126906871795654
-7.140615463256836
-7.130992412567139
-7.131561756134033
-7.152708530426025
-7.142553806304932
-7.126883506774902
-7.139613628387451
-7.137394428253174
-7.171459197998047
-7.119538307189941
-7.118350982666016
-7.106381416320801
-7.142764568328857
-7.122114181518555
-7.134095191955566
-7.129586696624756
-7.125157833099365
-7.123968601226807
-7.136730670928955
-7.153647422790527
-7.1377272605896
-7.144379138946533
-7.156538963317871
-7.124800205230713
-7.157107353210449
-7.14745569229126
-7.152341365814209
-7.120277404785156
-7.155207633972168
-7.1325531005859375
-7.146816253662109
-7.139540195465088
-7.145434856414795
-7.103341102600098
-7.147211074829102
-7.126521110534668
-7.103005409240723
-7.084888935089111
-7.124202251434326
-7.143108367919922
-7.134094715118408
-7.1323981285095215
-7.170711517333984
-7.148637294769287
-7.077727794647217
-7.131036758422852
-7.1390862464904785
-7.043007850646973
-7.099422454833984
-7.139551162719727
-7.131647109985352
-7.0839338302612305
-7.109711170196533
-7.105522155761719
-7.125648498535156
-7.1409807205200195
-7.141420841217041
-7.123233795166016
-7.121481895446777
-7.141071319580078
-7.140322685241699
-7.140683174133301
-7.133302211761475
-7.139261722564697
-7.131778240203857
-7.138411998748779
-7.14568567276001
-7.153667449951172
-7.128914833068848
-7.152622699737549
-7.12475061416626
-7.131308555603027
-7.161810398101807
-7.135162353515625
-7.149442195892334
-7.132001876831055
-7.16032600402832
-7.148968696594238
-7.13416051864624
-7.127384662628174
-7.127013683319092
-7.14619779586792
-7.1425628662109375
-7.163933753967285
-7.1385087966918945
-7.151876449584961
-7.141073703765869
-7.16072416305542
-7.123606204986572
-7.143704414367676
-7.149242877960205
-7.129274368286133
-7.138552665710449
-7.133421421051025
-7.142559051513672
-7.147228717803955
-7.159491539001465
-7.143338203430176
-7.128407001495361
-7.1379570960998535
-7.158194541931152
-7.129290580749512
-7.122503757476807
-7.125674247741699
-7.142406463623047
-7.130247592926025
-7.130703449249268
-7.13232946395874
-7.142263889312744
-7.1406779289245605
-7.1497931480407715
-7.1320343017578125
-7.140137672424316
-7.164407730102539
-7.166510581970215
-7.195425510406494
-7.090642929077148
-7.109017372131348
-7.151031970977783
-7.149579048156738
-7.092720031738281
-7.147918701171875
-7.197362422943115
-7.112155914306641
-7.142937183380127
-7.14305305480957
-7.157823085784912
-7.150130271911621
-7.164164066314697
-7.121929168701172
-7.095182418823242
-7.139323711395264
-7.1464128494262695
-7.1692070960998535
-7.142408847808838
-7.081327438354492
-7.144275665283203
-7.150985240936279
-7.162002086639404
-7.127330780029297
-7.122118949890137
-7.149758815765381
-7.150450229644775
-7.119899272918701
-7.159114360809326
-7.151092052459717
-7.162818908691406
-7.126354217529297
-7.169259548187256
-7.150297164916992
-7.1316351890563965
-7.156624794006348
-7.1291890144348145
-7.127519607543945
-7.108033657073975
-7.112710952758789
-7.145694732666016
-7.150900363922119
-7.09971284866333
-7.119256496429443
-7.12048864364624
-7.157547950744629
-7.138731956481934
-7.13892126083374
-7.116467475891113
-7.140469551086426
-7.146812438964844
-7.143887042999268
-7.144831657409668
-7.127983093261719
-7.1346306800842285
-7.15654993057251
-7.154102325439453
-7.13539981842041
-7.1186747550964355
-7.136003017425537
-7.156703948974609
-7.138227462768555
-7.165968894958496
-7.107397556304932
-7.15498685836792
-7.128117084503174
-7.142148971557617
-7.151302337646484
-7.165376663208008
-7.140345573425293
-7.141615867614746
-7.132036209106445
-7.147461891174316
-7.178090572357178
-7.160388469696045
-6.992033004760742
-7.015499114990234
-7.136650085449219
-7.127004146575928
-7.120500087738037
-7.077364444732666
-7.0967302322387695
-7.127592086791992
-7.147172927856445
-7.0898237228393555
-7.139834403991699
-7.079362869262695
-7.149430751800537
-7.134545803070068
-7.138944149017334
-7.157438278198242
-7.13198184967041
-7.150477886199951
-7.163300514221191
-7.153627395629883
-7.154797077178955
-7.090953826904297
-7.147082805633545
-7.143080711364746
-7.122166156768799
-7.153463363647461
-7.17794942855835
-7.127346038818359
-7.153598785400391
-7.147539138793945
-7.1323394775390625
-7.105226516723633
-7.167508125305176
-7.139605522155762
-7.164320468902588
-7.11917781829834
-7.137485027313232
-7.1401238441467285
-7.124785900115967
-7.136175155639648
-7.108246326446533
-7.148230075836182
-7.142030715942383
-7.183089733123779
-7.100893497467041
-7.088289737701416
-7.12499475479126
-7.136012554168701
-7.128139495849609
-7.151752948760986
-7.078545570373535
-7.164723873138428
-7.12725830078125
-7.154577255249023
-7.1294097900390625
-7.1166582107543945
-7.128679275512695
-7.131465435028076
-7.139087200164795
-7.1537628173828125
-7.135061264038086
-7.153352737426758
-7.107665538787842
-7.1158223152160645
-7.149585247039795
-7.1226911544799805
-7.111350059509277
-7.0939507484436035
-7.084255695343018
-7.147008895874023
-7.104876518249512
-7.122812747955322
-7.118200302124023
-7.172284126281738
-7.172220230102539
-7.101678371429443
-7.138609886169434
-7.145596504211426
-7.154269218444824
-7.120639801025391
-7.129793643951416
-7.135146617889404
-7.129295349121094
-7.142452716827393
-7.141354560852051
-7.167951583862305
-7.1354570388793945
-7.1022138595581055
-7.148115634918213
-7.1527605056762695
-7.129218101501465
-7.149014949798584
-7.142625331878662
-7.161396503448486
-7.129826545715332
-7.151677131652832
-7.133072376251221
-7.156883716583252
-7.147044658660889
-7.115027904510498
-7.105730056762695
-7.126266956329346
-7.157482147216797
-7.166632175445557
-7.146706581115723
-7.140326976776123
-7.142659664154053
-7.152047634124756
-7.1479949951171875
-7.115259170532227
-7.168522834777832
-7.153743267059326
-7.142599105834961
-7.141298294067383
-7.144265651702881
-7.132700443267822
-7.15538215637207
-7.147697448730469
-7.147484302520752
-7.1454973220825195
-7.140050888061523
-7.143170356750488
-7.125846862792969
-7.148205280303955
-7.1507134437561035
-7.1534271240234375
-7.101650238037109
-7.187783718109131
-7.155265808105469
-7.133486270904541
-7.1347975730896
-7.13654088973999
-7.151501178741455
-7.136844158172607
-7.165788173675537
-7.118164539337158
-7.149476051330566
-7.1413798332214355
-7.152886390686035
-7.150941371917725
-7.081050395965576
-7.116498947143555
-7.094452381134033
-7.140636444091797
-7.159518718719482
-7.121472358703613
-7.08879280090332
-7.141042232513428
-7.135444164276123
-7.159289836883545
-7.14502477645874
-7.140398025512695
-7.131387233734131
-7.156968593597412
-7.148481369018555
-7.167620658874512
-7.149104595184326
-7.137686729431152
-7.139599800109863
-7.129733562469482
-7.150244235992432
-7.122731685638428
-7.146848201751709
-7.1462836265563965
-7.130346298217773
-7.148355007171631
-7.152770042419434
-7.134457111358643
-7.142148971557617
-7.143790245056152
-7.1494903564453125
-7.153419494628906
-7.141246318817139
-7.147106170654297
-7.155808925628662
-7.122056007385254
-7.152205467224121
-7.129530429840088
-7.150176048278809
-7.15555477142334
-7.146251678466797
-7.15961217880249
-7.155542850494385
-7.1318254470825195
-7.138809680938721
-7.151254177093506
-7.140876770019531
-7.130002021789551
-7.151205539703369
-7.165843963623047
-7.126780033111572
-7.130836009979248
-7.151669025421143
-7.156914710998535
-7.1434712409973145
-7.150864601135254
-7.151458740234375
-7.141745567321777
-7.147459983825684
-7.133519649505615
-7.137878894805908
-7.145069122314453
-7.1578755378723145
-7.093113899230957
-7.1146440505981445
-7.159890174865723
-7.144613742828369
-7.072874069213867
-7.117258071899414
-7.139448642730713
-7.1509881019592285
-7.138556003570557
-7.124819278717041
-7.174518585205078
-7.1087446212768555
-7.149560928344727
-7.1138410568237305
-7.125713348388672
-7.122162818908691
-7.155614852905273
-7.139208793640137
-7.145021915435791
-7.173904895782471
-7.128413677215576
-7.13389778137207
-7.1413397789001465
-7.145568370819092
-7.126784801483154
-7.173463344573975
-7.115037441253662
-7.135462284088135
-7.163558483123779
-7.1417317390441895
-7.126705169677734
-7.154713153839111
-7.140071868896484
-7.144619941711426
-7.111300468444824
-7.140286922454834
-7.1379265785217285
-7.144339084625244
-7.154068470001221
-7.142362117767334
-7.157299518585205
-7.151130676269531
-7.140460014343262
-7.151854515075684
-7.153085231781006
-7.148459434509277
-7.156309604644775
-7.170742034912109
-7.125477313995361
-7.125330924987793
-7.139584064483643
-7.152177333831787
-7.140538692474365
-7.1220903396606445
-7.132810592651367
-7.1430511474609375
-7.132290840148926
-7.132754325866699
-7.109335899353027
-7.083467960357666
-7.135900497436523
-7.137666702270508
-7.136211395263672
-7.103419303894043
-7.194998264312744
-7.141206741333008
-7.137115478515625
-7.105476379394531
-7.146748065948486
-7.144489288330078
-7.1399736404418945
-7.117516040802002
-7.123031139373779
-7.153463840484619
-7.142910957336426
-7.133649826049805
-7.144855976104736
-7.153127193450928
-7.15071439743042
-7.157304763793945
-7.14386510848999
-7.069999694824219
-7.121446132659912
-7.142712593078613
-7.1105875968933105
-7.106186866760254
-7.121072769165039
-7.089515686035156
-7.150358200073242
-7.136509418487549
-7.130067825317383
-7.140442371368408
-7.148070812225342
-7.169249534606934
-7.132627964019775
-7.121910572052002
-7.1325578689575195
-7.09149694442749
-7.083974838256836
-7.1297993659973145
-7.1417927742004395
-7.16165018081665
-7.1641764640808105
-7.1620354652404785
-7.13856840133667
-7.144826412200928
-7.144125938415527
-7.128124237060547
-7.153799057006836
-7.124454975128174
-7.132534980773926
-7.1531877517700195
-7.14419412612915
-7.122236251831055
-7.153786659240723
-7.147891521453857
-7.160274982452393
-7.103066921234131
-7.140512943267822
-7.148679256439209
-7.142054557800293
-7.143728733062744
-7.145178318023682
-7.1412153244018555
-7.158458232879639
-7.149308204650879
-7.149296760559082
-7.151995658874512
-7.149837970733643
-7.129322052001953
-7.175729751586914
-7.152369499206543
-7.150725364685059
-7.1465067863464355
-7.156771183013916
-7.157312393188477
-7.128838062286377
-7.180761337280273
-7.154196262359619
-7.134998321533203
-7.152106761932373
-7.142137050628662
-7.134706497192383
-7.1708807945251465
-7.096704483032227
-7.132632255554199
-7.157801628112793
-7.1281633377075195
-7.098006725311279
-7.078799724578857
-7.143576622009277
-7.161240577697754
-7.153288841247559
-7.148410797119141
-7.174682140350342
-7.09331750869751
-7.150022506713867
-7.139455795288086
-7.146061420440674
-7.171266555786133
-7.171479225158691
-7.135317325592041
-7.145737171173096
-7.067880630493164
-7.145358085632324
-7.151474952697754
-7.102219104766846
-7.134500026702881
-7.156095027923584
-7.13826847076416
-7.141016960144043
-7.139302730560303
-7.158030986785889
-7.150430679321289
-7.161282062530518
-7.124568939208984
-7.148211479187012
-7.165639400482178
-7.10484504699707
-7.145625591278076
-7.152350902557373
-7.125947952270508
-7.083479404449463
-7.12393856048584
-7.114690780639648
-7.160652160644531
-7.106869697570801
-7.089730262756348
-7.113831520080566
-7.130675792694092
-7.148183345794678
-7.1599297523498535
-7.159624099731445
-7.150367736816406
-7.121047019958496
-7.137284755706787
-7.145771026611328
-7.145254611968994
-7.144340991973877
-7.138440132141113
-7.133281707763672
-7.1318159103393555
-7.158664226531982
-7.150132179260254
-7.136785984039307
-7.122491836547852
-7.164731979370117
-7.175863742828369
-7.117465496063232
-7.156196117401123
-7.134736061096191
-7.149815082550049
-7.142171859741211
-7.146594047546387
-7.111223220825195
-7.167848587036133
-7.127034664154053
-7.137633323669434
-7.153966903686523
-7.135598659515381
-7.124505043029785
-7.144601821899414
-7.1543097496032715
-7.13541841506958
-7.155843257904053
-7.144704341888428
-7.157534122467041
-7.151361465454102
-7.148617744445801
-7.162282466888428
-7.163778781890869
-7.144937038421631
-7.158158302307129
-7.160854339599609
-7.153537273406982
-7.169400691986084
-7.153202533721924
-7.1577558517456055
-7.1055378913879395
-7.164622783660889
-7.127765655517578
-7.096536159515381
-7.094852447509766
-7.171006202697754
-7.126104831695557
-7.099225044250488
-7.172729015350342
-7.1603827476501465
-7.180530548095703
-7.125198841094971
-7.167461395263672
-7.17232084274292
-7.1560139656066895
-7.147860050201416
-7.144793510437012
-7.160785675048828
-7.107073783874512
-7.094335556030273
-7.093116283416748
-7.153342247009277
-7.14471435546875
-7.14106559753418
-7.158497333526611
-7.068187713623047
-7.0381550788879395
-7.094505786895752
-7.148120880126953
-7.140782356262207
-7.100269794464111
-7.11281156539917
-7.160953998565674
-7.131041049957275
-7.1408467292785645
-7.130588531494141
-7.117249965667725
-7.16135311126709
-7.136090278625488
-7.129264831542969
-7.153499603271484
-7.123711585998535
-7.12620210647583
-7.1352739334106445
-7.194360256195068
-7.12324333190918
-7.150452136993408
-7.129387378692627
-7.106881141662598
-7.087710857391357
-7.142226696014404
-7.157627105712891
-7.1233720779418945
-7.051061630249023
-7.166479110717773
-7.177456378936768
-7.189541339874268
-7.139368057250977
-7.140700817108154
-7.1297149658203125
-7.127262592315674
-7.153914451599121
-7.118217468261719
-7.117830276489258
-7.153879642486572
-7.166675567626953
-7.149947643280029
-7.167149066925049
-7.127746105194092
-7.155980110168457
-7.146934509277344
-7.134659767150879
-7.121194839477539
-7.108941078186035
-7.13224983215332
-7.162139415740967
-7.1285834312438965
-7.153428077697754
-7.144098281860352
-7.160027027130127
-7.096548080444336
-7.136429309844971
-7.147482872009277
-7.129654884338379
-7.102950572967529
-7.139444351196289
-7.140993595123291
-7.125580310821533
-7.131348609924316
-7.163338661193848
-7.129839897155762
-7.145677089691162
-7.161927700042725
-7.105567932128906
-7.1424150466918945
-7.156772613525391
-7.162494659423828
-7.1482672691345215
-7.129521369934082
-7.138093948364258
-7.142862796783447
-7.149575710296631
-7.150618553161621
-7.149326801300049
-7.143571853637695
-7.147612571716309
-7.0963521003723145
-7.153834819793701
-7.143549919128418
-7.171115398406982
-7.116826057434082
-7.15256929397583
-7.14474630355835
-7.141290187835693
-7.134232044219971
-7.126615524291992
-7.14386510848999
-7.15390682220459
-7.126140117645264
-7.166970729827881
-7.198800086975098
-7.07902193069458
-7.112151622772217
-7.110109329223633
-7.158435344696045
-7.153295993804932
-7.143054008483887
-7.053860664367676
-7.1000752449035645
-7.143123149871826
-7.15260648727417
-7.094563007354736
-7.12240743637085
-7.030117511749268
-7.134559154510498
-7.131975173950195
-7.131054401397705
-7.162053108215332
-7.1015496253967285
-7.1249098777771
-7.151546478271484
-7.145925045013428
-7.094430923461914
-7.046277046203613
-7.1141180992126465
-7.152884483337402
-7.147984027862549
-7.1401286125183105
-7.071540355682373
-7.096104145050049
-7.15559196472168
-7.1631245613098145
-7.1266770362854
-7.13396692276001
-7.138398170471191
-7.131880760192871
-7.163567543029785
-7.128139495849609
-7.037854194641113
-7.130920886993408
-7.109563827514648
-7.141439437866211
-7.122087478637695
-7.136358261108398
-7.14246940612793
-7.12205171585083
-7.124685287475586
-7.176692008972168
-7.040259838104248
-7.092504978179932
-7.104373455047607
-7.13449764251709
-7.155191898345947
-7.136203289031982
-7.136445045471191
-7.110005855560303
-7.167444229125977
-7.157228469848633
-7.136857509613037
-7.137626647949219
-7.134581089019775
-7.170888423919678
-7.110246658325195
-7.149435043334961
-7.163037300109863
-7.1073222160339355
-7.143755912780762
-7.154417991638184
-7.09933614730835
-7.153114318847656
-7.127750396728516
-7.1473307609558105
-7.168195724487305
-7.147216320037842
-7.027225971221924
-7.122725963592529
-7.183293342590332
-7.168547630310059
-7.121673583984375
-7.166238784790039
-7.139902114868164
-7.168865203857422
-7.1284403800964355
-7.155807971954346
-7.162604808807373
-7.131178379058838
-7.187302589416504
-7.123419284820557
-7.131421089172363
-7.134381294250488
-7.157519817352295
-7.151539325714111
-7.166796684265137
-7.117389678955078
-7.089244365692139
-7.1430134773254395
-7.16601037979126
-7.080215930938721
-7.135396480560303
-7.080941677093506
-7.160120964050293
-7.161803245544434
-7.1321001052856445
-7.113706588745117
-7.1254706382751465
-7.116179943084717
-7.1324543952941895
-7.1356987953186035
-7.136660099029541
-7.08938455581665
-7.135809421539307
-7.1492815017700195
-7.098395824432373
-7.133792877197266
-7.112321853637695
-7.127049922943115
-7.1007280349731445
-7.123643398284912
-7.141577243804932
-7.212086200714111
-7.100067138671875
-7.058750629425049
-7.143032073974609
-7.139969348907471
-7.154842853546143
-7.139030456542969
-7.072898864746094
-7.113209247589111
-7.080562591552734
-7.150990009307861
-7.13653564453125
-7.145728588104248
-7.143195629119873
-7.1593852043151855
-7.1065497398376465
-7.149839401245117
-7.14898681640625
-7.096127986907959
-7.126180648803711
-7.100032806396484
-7.148899555206299
-7.129005432128906
-7.172245025634766
-7.15642786026001
-7.128694534301758
-7.1207170486450195
-7.148858547210693
-7.140562534332275
-7.132162094116211
-7.1660847663879395
-7.164666652679443
-7.178281784057617
-7.12232780456543
-7.153480052947998
-7.120553016662598
-7.176987648010254
-7.191924095153809
-7.168728828430176
-7.147388935089111
-7.170355796813965
-7.148362159729004
-7.107422828674316
-7.139140605926514
-7.1449480056762695
-7.15884256362915
-7.127643585205078
-7.1367387771606445
-7.15128755569458
-7.150636196136475
-7.138918399810791
-7.1286420822143555
-7.147315502166748
-7.1637349128723145
-7.130374431610107
-7.152124404907227
-7.108652114868164
-7.1045403480529785
-7.160886287689209
-7.122650146484375
-7.143496990203857
-7.141457557678223
-7.153598308563232
-7.148800373077393
-7.129234313964844
-7.1379923820495605
-7.158329010009766
-7.138525485992432
-7.139894485473633
-7.127779960632324
-7.144404411315918
-7.144944667816162
-7.149708271026611
-7.144965648651123
-7.168195724487305
-7.104846954345703
-7.141330242156982
-7.150249004364014
-7.13407564163208
-7.128058433532715
-7.129680156707764
-7.17156982421875
-7.124883651733398
-7.106892108917236
-7.1422600746154785
-7.167492389678955
-7.142560005187988
-7.13850212097168
-7.127240180969238
-7.116628646850586
-7.143195152282715
-7.153138637542725
-7.165188789367676
-7.144627094268799
-7.105246543884277
-7.109072208404541
-7.113245487213135
-7.140836238861084
-7.140052318572998
-7.057178974151611
-7.078573703765869
-7.072737216949463
-7.137294292449951
-7.167240142822266
-7.009373664855957
-7.029645919799805
-7.155384540557861
-7.161228656768799
-7.145205020904541
-7.12503719329834
-7.143691062927246
-7.109492301940918
-7.126938343048096
-7.148577690124512
-7.145481586456299
-7.157906532287598
-7.150130271911621
-7.133899688720703
-7.167101860046387
-7.169192314147949
-7.144464492797852
-7.11140775680542
-7.132590293884277
-7.137940883636475
-7.1487250328063965
-7.153399467468262
-7.108415603637695
-7.0968756675720215
-7.070244789123535
-7.158072471618652
-7.158337593078613
-7.148603916168213
-7.084664344787598
-7.065712928771973
-7.14782190322876
-7.142359733581543
-7.118029594421387
-7.142949104309082
-7.165119171142578
-7.150145530700684
-7.123353004455566
-7.1515583992004395
-7.1520538330078125
-7.1448774337768555
-7.169589996337891
-7.12274169921875
-7.161457061767578
-7.073232650756836
-7.146129131317139
-7.121362686157227
-7.106017112731934
-7.117946624755859
-7.12620210647583
-7.140612602233887
-7.173293590545654
-7.104257583618164
-7.136255264282227
-7.129851818084717
-7.153346061706543
-7.145354747772217
-7.143716812133789
-7.1338348388671875
-7.180819511413574
-7.08381986618042
-7.154797077178955
-7.104928493499756
-7.162343502044678
-7.144223213195801
-7.15286922454834
-7.161772727966309
-7.097602367401123
-7.0717878341674805
-7.145406246185303
-7.161373615264893
-7.161340236663818
-7.066768169403076
-7.140583515167236
-7.162003993988037
-7.1533684730529785
-7.147597312927246
-7.160024166107178
-7.148584842681885
-7.161592483520508
-7.135182857513428
-7.139006614685059
-7.157705783843994
-7.162515163421631
-7.131950855255127
-7.15565299987793
-7.161593437194824
-7.1322760581970215
-7.157782077789307
-7.112380504608154
-7.13347053527832
-7.147707462310791
-7.1140851974487305
-7.127452373504639
-7.1464715003967285
-7.158030033111572
-7.132674217224121
-7.155686855316162
-7.152168273925781
-7.151370048522949
-7.1617913246154785
-7.140042304992676
-7.156308650970459
-7.134100914001465
-7.163845539093018
-7.132627487182617
-7.134274959564209
-7.165462493896484
-7.1131911277771
-7.086182117462158
-7.166240692138672
-7.146930694580078
-7.158472061157227
-7.116616725921631
-7.127138614654541
-7.150172710418701
-7.14805269241333
-7.108920574188232
-7.1280717849731445
-7.073383331298828
-7.09719705581665
-7.138382434844971
-7.154168128967285
-7.1934404373168945
-7.16024923324585
-7.09480094909668
-7.153852462768555
-7.124040603637695
-7.13533878326416
-7.129302978515625
-7.124433517456055
-7.08536434173584
-7.122513771057129
-7.148923397064209
-7.135193824768066
-7.0809245109558105
-7.063769817352295
-7.131222724914551
-7.13278865814209
-7.133009433746338
-7.108310222625732
-7.128007411956787
-7.106660842895508
-7.105714797973633
-7.1369709968566895
-7.125725269317627
-7.130883693695068
-7.165234565734863
-7.1677398681640625
-7.166493892669678
-7.118973255157471
-7.166029453277588
-7.1453962326049805
-7.120388984680176
-7.143177509307861
-7.1321539878845215
-7.147583484649658
-7.142700672149658
-7.149689197540283
-7.132165908813477
-7.112342834472656
-7.183055400848389
-7.1196513175964355
-7.131516456604004
-7.136005401611328
-7.128941535949707
-7.136691093444824
-7.171774387359619
-7.123071670532227
-7.144515514373779
-7.143042087554932
-7.115367412567139
-7.1566853523254395
-7.1548638343811035
-7.183076858520508
-7.1554718017578125
-7.154012680053711
-7.098817348480225
-7.133431434631348
-7.1358819007873535
-7.158174514770508
-7.044836044311523
-7.016305446624756
-7.111633777618408
-7.16793155670166
-7.121681213378906
-7.107850074768066
-7.12569522857666
-7.16386604309082
-7.135364532470703
-7.145255088806152
-7.145668983459473
-7.178902626037598
-7.100371360778809
-7.158522605895996
-7.1298980712890625
-7.141055583953857
-7.144065856933594
-7.161477088928223
-7.1254658699035645
-7.16747522354126
-7.153754711151123
-7.146390914916992
-7.1627516746521
-7.107557773590088
-7.143691539764404
-7.143398761749268
-7.1532745361328125
-7.153649806976318
-7.145956039428711
-7.12120246887207
-7.163419246673584
-7.132835388183594
-7.151036739349365
-7.159801483154297
-7.140920162200928
-7.15766716003418
-7.11564826965332
-7.131791591644287
-7.142172336578369
-7.151211738586426
-7.137543678283691
-7.152916431427002
-7.112635612487793
-7.15644645690918
-7.151057720184326
-7.139860153198242
-7.138652324676514
-7.139608860015869
-7.167215824127197
-7.145876407623291
-7.128330230712891
-7.176883220672607
-7.133838653564453
-7.082514762878418
-7.111339569091797
-7.116949081420898
-7.155155658721924
-7.1496806144714355
-7.170044422149658
-7.132707595825195
-7.18266487121582
-7.044801235198975
-7.130955219268799
-7.110803604125977
-7.134440898895264
-7.081269264221191
-7.163567543029785
-7.149069309234619
-7.140864372253418
-7.151705741882324
-7.14296817779541
-7.157207489013672
-7.124669551849365
-7.150248050689697
-7.134821891784668
-7.163340091705322
-7.129427433013916
-7.147208213806152
-7.148301124572754
-7.133789539337158
-7.141018867492676
-7.132503032684326
-7.13965368270874
-7.115472793579102
-7.090796947479248
-7.1552019119262695
-7.161785125732422
-7.125483512878418
-7.0129499435424805
-7.134719371795654
-7.144230365753174
-7.153613090515137
-7.121542453765869
-7.156130790710449
-7.169055461883545
-7.160695552825928
-7.131839275360107
-7.1060333251953125
-7.162318229675293
-7.138095378875732
-7.144657611846924
-7.140504837036133
-7.141332626342773
-7.156855583190918
-7.149508476257324
-7.13173770904541
-7.142233848571777
-7.173325061798096
-7.15924596786499
-7.119240760803223
-7.162662506103516
-7.140723705291748
-7.161088466644287
-7.114246845245361
-7.160111904144287
-7.1422343254089355
-7.1647186279296875
-7.135348796844482
-7.158511638641357
-7.125917911529541
-7.107362747192383
-7.139317512512207
-7.145837306976318
-7.147282123565674
-7.182024002075195
-7.093992710113525
-7.140077114105225
-7.113550186157227
-7.1686482429504395
-7.155189514160156
-7.149866104125977
-7.156486988067627
-7.141365051269531
-7.13821268081665
-7.127988815307617
-7.141852855682373
-7.151859760284424
-7.152247905731201
-7.152123928070068
-7.13521146774292
-7.095669746398926
-7.131682395935059
-7.140480995178223
-7.1592326164245605
-7.058950901031494
-7.098245620727539
-7.122425556182861
-7.143941402435303
-7.105685234069824
-7.114299774169922
-7.116684913635254
-7.15144157409668
-7.143803119659424
-7.149929046630859
-7.159677982330322
-7.129017353057861
-7.16640043258667
-7.126741409301758
-7.136645793914795
-7.150107383728027
-7.171528339385986
-7.174949645996094
-7.1263909339904785
-7.168869495391846
-7.098645210266113
-7.12255334854126
-7.143853664398193
-7.131636142730713
-7.1355366706848145
-7.063983917236328
-7.144842147827148
-7.179422378540039
-7.12765645980835
-7.124047756195068
-7.162871360778809
-7.156356334686279
-7.167761325836182
-7.122440338134766
-7.146530628204346
-7.091977596282959
-7.147430896759033
-7.092734336853027
-7.175894260406494
-7.126220703125
-7.083414554595947
-7.198078632354736
-7.108567714691162
-7.168392181396484
-7.1711344718933105
-7.141144275665283
-7.17667293548584
-7.135193347930908
-7.151198863983154
-7.138003349304199
-7.151470184326172
-7.159605979919434
-7.102377414703369
-7.080366134643555
-7.070942401885986
-7.1479172706604
-7.124880790710449
-7.132999420166016
-7.090950965881348
-7.1174445152282715
-7.146168231964111
-7.1448822021484375
-7.148914337158203
-7.137330532073975
-7.100850582122803
-7.128205299377441
-7.14813756942749
-7.1482367515563965
-7.141180992126465
-7.153036594390869
-7.155251502990723
-7.127731800079346
-7.137823581695557
-7.171148300170898
-7.164535999298096
-7.165674209594727
-7.1472649574279785
-7.13646936416626
-7.150993347167969
-7.17390775680542
-7.140570640563965
-7.151305198669434
-7.172744274139404
-7.168696403503418
-7.138442516326904
-7.14463472366333
-7.15142822265625
-7.168001651763916
-7.077908515930176
-7.134407997131348
-7.138941287994385
-7.1579437255859375
-7.136464595794678
-7.1194987297058105
-7.148256778717041
-7.149787425994873
-7.144171714782715
-7.198075771331787
-7.109311103820801
-7.137494087219238
-7.174117088317871
-7.162343502044678
-7.164587020874023
-7.152703285217285
-7.132984638214111
-7.134402751922607
-7.13883113861084
-7.142665863037109
-7.136936664581299
-7.136133193969727
-7.131436824798584
-7.145700931549072
-7.17403507232666
-7.1517534255981445
-7.1356282234191895
-7.131470680236816
-7.1353254318237305
-7.107465744018555
-7.15084171295166
-7.151355266571045
-7.1580071449279785
-7.155418395996094
-7.164596080780029
-7.138705253601074
-7.1373419761657715
-7.143210411071777
-7.144735336303711
-7.136697769165039
-7.165657997131348
-7.1450982093811035
-7.164051055908203
-7.132216453552246
-7.142970561981201
-7.142209053039551
-7.141772270202637
-7.104252338409424
-7.111267566680908
-7.161979675292969
-7.152510643005371
-7.135239601135254
-7.088619709014893
-7.096538543701172
-7.149212837219238
-7.162989616394043
-7.104969501495361
-7.106664180755615
-7.116212844848633
-7.150498390197754
-7.15231466293335
-7.15130615234375
-7.1514573097229
-7.151089668273926
-7.153922080993652
-7.129171848297119
-7.13568115234375
-7.16176176071167
-7.127909183502197
-7.122522354125977
-7.169485569000244
-7.155010223388672
-7.1515350341796875
-7.105036735534668
-7.130634784698486
-7.168231010437012
-7.156938076019287
-7.1720194816589355
-7.163678169250488
-7.137670516967773
-7.0768022537231445
-7.1221442222595215
-7.149145603179932
-7.156541347503662
-7.147058963775635
-7.118535041809082
-7.141751289367676
-7.1586737632751465
-7.14274263381958
-7.099638938903809
-7.143657684326172
-7.161102771759033
-7.14373779296875
-7.157169342041016
-7.133171558380127
-7.152806758880615
-7.136188983917236
-7.16013240814209
-7.158809185028076
-7.070339202880859
-7.14072322845459
-7.125384330749512
-7.100606441497803
-7.1493306159973145
-7.152308940887451
-7.147374153137207
-7.1647562980651855
-7.14532470703125
-7.137046813964844
-7.178203582763672
-7.137172698974609
-7.168895244598389
-7.1552276611328125
-7.169405937194824
-7.096102237701416
-7.135761737823486
-7.139822006225586
-7.161039352416992
-7.118682384490967
-7.139859199523926
-7.146492004394531
-7.1500396728515625
-7.0455851554870605
-7.16240930557251
-7.141515731811523
-7.146691799163818
-7.1238179206848145
-7.14091157913208
-7.125007629394531
-7.165627479553223
-7.094855785369873
-7.12926721572876
-7.141295433044434
-7.151705265045166
-7.1553874015808105
-7.156111240386963
-7.120582580566406
-7.158987522125244
-7.138237953186035
-7.162628650665283
-7.173198699951172
-7.109869003295898
-7.095927715301514
-7.152339458465576
-7.161096096038818
-7.09697151184082
-7.064603805541992
-7.118137836456299
-7.123503684997559
-7.129387855529785
-7.123676300048828
-7.112269401550293
-7.1461992263793945
-7.17927885055542
-7.154104232788086
-7.139208793640137
-7.1233134269714355
-7.174848556518555
-7.1450886726379395
-7.154329776763916
-7.123212814331055
-7.161606311798096
-7.153239727020264
-7.132873058319092
-7.137341022491455
-7.149956703186035
-7.149078845977783
-7.182558536529541
-7.116876602172852
-7.175009727478027
-7.140549182891846
-7.168931484222412
-7.13523530960083
-7.13444709777832
-7.138782978057861
-7.15191125869751
-7.092519760131836
-7.087451934814453
-7.167644023895264
-7.139132499694824
-7.150608539581299
-7.116292476654053
-7.134922981262207
-7.120482921600342
-7.131870269775391
-7.143046855926514
-7.159505367279053
-7.152632713317871
-7.100574493408203
-7.10072135925293
-7.152256965637207
-7.107509613037109
-7.094884395599365
-7.182904243469238
-7.1130781173706055
-7.13173246383667
-7.147341728210449
-7.139793395996094
-7.099032402038574
-7.134827136993408
-7.120100021362305
-7.170888423919678
-7.136106967926025
-7.153925895690918
-7.145232200622559
-7.119009971618652
-7.1685028076171875
-7.116796016693115
-7.155876159667969
-7.174001216888428
-7.136161804199219
-7.1472930908203125
-7.135941982269287
-7.166892051696777
-7.091176509857178
-7.143725395202637
-7.143617630004883
-7.137939453125
-7.083628177642822
-7.103387355804443
-7.098417282104492
-7.148871421813965
-7.129514217376709
-7.139676094055176
-7.066810607910156
-7.048599720001221
-7.151545524597168
-7.151022434234619
-7.13692569732666
-7.124774932861328
-7.141569137573242
-7.120477676391602
-7.154233455657959
-7.147085666656494
-7.134032249450684
-7.119159698486328
-7.102492809295654
-7.144977569580078
-7.159644603729248
-7.1713032722473145
-7.175972938537598
-7.124276638031006
-7.101264953613281
-7.1255974769592285
-7.157358646392822
-7.1425275802612305
-7.168011665344238
-7.146378040313721
-7.140020847320557
-7.163297176361084
-7.156679153442383
-7.142332077026367
-7.1350226402282715
-7.130902290344238
-7.148630619049072
-7.163621425628662
-7.161055564880371
-7.154399394989014
-7.108895301818848
-7.166732311248779
-7.141397476196289
-7.155221462249756
-7.1541266441345215
-7.134705066680908
-7.147656440734863
-7.159031391143799
-7.134757041931152
-7.1481218338012695
-7.115782260894775
-7.149722576141357
-7.1415300369262695
-7.148497104644775
-7.153529644012451
-7.143858909606934
-7.137923240661621
-7.158074378967285
-7.153483867645264
-7.153496742248535
-7.141800880432129
-7.157767295837402
-7.131131649017334
-7.154877185821533
-7.160762310028076
-7.13176965713501
-7.147872447967529
-7.157500267028809
-7.147426605224609
-7.14592170715332
-7.119961261749268
-7.148128509521484
-7.142986297607422
-7.160658359527588
-7.159257888793945
-7.167593479156494
-7.139668941497803
-7.145130634307861
-7.155600070953369
-7.1670708656311035
-7.154522895812988
-7.142945289611816
-7.13436222076416
-7.1664934158325195
-7.130894660949707
-7.159326076507568
-7.112153053283691
-7.1568522453308105
-7.12693977355957
-7.162982940673828
-7.15539026260376
-7.11943244934082
-7.1403608322143555
-7.142540454864502
-7.150549411773682
-7.138171672821045
-7.165623188018799
-7.122735977172852
-7.1002702713012695
-7.114311695098877
-7.134256362915039
-7.146151065826416
-7.186039924621582
-7.05493688583374
-7.09643030166626
-7.111156940460205
-7.164365291595459
-7.136917591094971
-7.12672233581543
-7.126553058624268
-7.1206159591674805
-7.1513214111328125
-7.146880149841309
-7.131288528442383
-7.148787498474121
-7.164847373962402
-7.1412882804870605
-7.150907516479492
-7.147754192352295
-7.1519856452941895
-7.149431228637695
-7.136534690856934
-7.1471381187438965
-7.14412784576416
-7.166045665740967
-7.1771111488342285
-7.149628639221191
-7.158408164978027
-7.151082515716553
-7.1188273429870605
-7.148137092590332
-7.151865482330322
-7.14786958694458
-7.124499320983887
-7.123452663421631
-7.097289085388184
-7.140279293060303
-7.160630226135254
-7.140214443206787
-7.196311950683594
-7.115197658538818
-7.069128036499023
-7.13838005065918
-7.135368347167969
-7.120987415313721
-7.105915069580078
-7.080744743347168
-7.060996055603027
-7.136935234069824
-7.09751033782959
-7.180815696716309
-7.122014045715332
-7.033675193786621
-7.108347415924072
-7.149415016174316
-7.106512069702148
-7.086639881134033
-7.120876789093018
-7.176785469055176
-7.151824951171875
-7.161504745483398
-7.146429061889648
-7.120193004608154
-7.071732997894287
-7.146430015563965
-7.144285678863525
-7.112060070037842
-7.1223297119140625
-7.169512748718262
-7.133184432983398
-7.150691032409668
-7.141364097595215
-7.163294315338135
-7.1708478927612305
-7.075953483581543
-7.12797212600708
-7.153742790222168
-7.148762226104736
-7.141857624053955
-7.1508684158325195
-7.1597514152526855
-7.142214775085449
-7.132373332977295
-7.154245853424072
-7.161130905151367
-7.147709369659424
-7.132744312286377
-7.1601080894470215
-7.105512619018555
-7.151813983917236
-7.1540727615356445
-7.142310619354248
-7.140732765197754
-7.121265411376953
-7.167393207550049
-7.134204864501953
-7.140579700469971
-7.146822929382324
-7.143754482269287
-7.147254943847656
-7.1409430503845215
-7.145577430725098
-7.1518754959106445
-7.184262752532959
-7.079313278198242
-7.141063213348389
-7.145885944366455
-7.131557941436768
-7.143125534057617
-7.140890598297119
-7.144999027252197
-7.1782121658325195
-7.159822940826416
-7.13246488571167
-7.140185832977295
-7.148155689239502
-7.144826412200928
-7.159806728363037
-7.142359733581543
-7.098996162414551
-7.130086898803711
-7.168303966522217
-7.076693058013916
-7.155704498291016
-7.10612678527832
-7.099737644195557
-7.144223690032959
-7.144068241119385
-7.130515098571777
-7.057149887084961
-7.121074676513672
-7.143705368041992
-7.136172771453857
-7.14816427230835
-7.091392993927002
-7.098344802856445
-7.13988733291626
-7.13749885559082
-7.155601501464844
-7.126964092254639
-7.096776962280273
-7.102162837982178
-7.107650279998779
-7.1625542640686035
-7.1419267654418945
-7.151737689971924
-7.159702301025391
-7.164172649383545
-7.135441780090332
-7.1381988525390625
-7.1588664054870605
-7.154501914978027
-7.125885486602783
-7.1507649421691895
-7.162771701812744
-7.153550624847412
-7.152569770812988
-7.142387390136719
-7.128885269165039
-7.139370918273926
-7.1581525802612305
-7.142940044403076
-7.139441967010498
-7.137403964996338
-7.166086673736572
-7.160389423370361
-7.117778778076172
-7.112509250640869
-7.137232303619385
-7.140653610229492
-7.147958755493164
-7.126382350921631
-7.135136127471924
-7.17565393447876
-7.135071754455566
-7.16114616394043
-7.152219772338867
-7.146605968475342
-7.16793155670166
-7.14760160446167
-7.070013523101807
-7.128371238708496
-7.149617671966553
-7.1708879470825195
-7.1276726722717285
-7.128285884857178
-7.060550689697266
-7.09315299987793
-7.200713157653809
-7.132450103759766
-7.145242691040039
-7.118435382843018
-7.121212005615234
-7.156363487243652
-7.152927398681641
-7.145528793334961
-7.133212089538574
-7.098151683807373
-7.125337600708008
-7.129583358764648
-7.152767181396484
-7.1643595695495605
-7.103814601898193
-7.130234241485596
-7.111739635467529
-7.129720211029053
-7.138126850128174
-7.123108863830566
-7.12424898147583
-7.149567604064941
-7.147722244262695
-7.163230895996094
-7.125789165496826
-7.11884069442749
-7.147254943847656
-7.188185691833496
-7.162710666656494
-7.140909194946289
-7.137601852416992
-7.152878761291504
-7.179081439971924
-7.117060661315918
-7.129186630249023
-7.145875930786133
-7.156031131744385
-7.086962699890137
-7.121099948883057
-7.1132001876831055
-7.147733211517334
-7.166317939758301
-7.151889324188232
-7.1583170890808105
-7.108863830566406
-7.1291913986206055
-7.138734340667725
-7.136159420013428
-7.146012783050537
-7.153065204620361
-7.152198791503906
-7.1588568687438965
-7.112997055053711
-7.150810241699219
-7.140678882598877
-7.163394927978516
-7.165800094604492
-7.148096084594727
-7.14937686920166
-7.139837265014648
-7.157772064208984
-7.155982971191406
-7.151486873626709
-7.133462429046631
-7.1574811935424805
-7.116978645324707
-7.169849872589111
-7.158660888671875
-7.169329643249512
-7.151579856872559
-7.140909671783447
-7.115384101867676
-7.142812728881836
-7.150218486785889
-7.162808418273926
-7.136480808258057
-7.123140335083008
-7.1563334465026855
-7.148259162902832
-7.158607006072998
-7.151758193969727
-7.155538082122803
-7.161290645599365
-7.166531085968018
-7.0984296798706055
-7.157151699066162
-7.127694606781006
-7.15502405166626
-7.16730260848999
-7.090979099273682
-7.1125807762146
-7.1743645668029785
-7.151315689086914
-7.117563247680664
-7.130501747131348
-7.1385087966918945
-7.142144680023193
-7.138493537902832
-7.130825519561768
-7.127138137817383
-7.16018533706665
-7.148918151855469
-7.1257405281066895
-7.150630950927734
-7.146909713745117
-7.166760444641113
-7.142933368682861
-7.146364688873291
-7.157583236694336
-7.161830425262451
-7.108428001403809
-7.14993953704834
-7.15856409072876
-7.159943580627441
-7.1719970703125
-7.14597225189209
-7.151388645172119
-7.126501083374023
-7.133696556091309
-7.141407012939453
-7.1534905433654785
-7.098109722137451
-7.107419967651367
-7.138247489929199
-7.138172626495361
-7.13718318939209
-7.1086201667785645
-7.149312973022461
-7.154240608215332
-7.1323113441467285
-7.1315460205078125
-7.143828868865967
-7.151021957397461
-7.139889717102051
-7.107287406921387
-7.158166885375977
-7.1579155921936035
-7.11807107925415
-7.130569934844971
-7.152043342590332
-7.163372039794922
-7.095760822296143
-7.096868515014648
-7.101985931396484
-7.133755207061768
-7.161997318267822
-7.164040565490723
-7.137082099914551
-7.03513765335083
-7.127384662628174
-7.10441255569458
-7.154228687286377
-7.141186714172363
-7.108278751373291
-7.026492118835449
-7.065130233764648
-7.1415019035339355
-7.1355180740356445
-7.106129169464111
-7.130440711975098
-7.130344390869141
-7.120936870574951
-7.146159648895264
-7.116251468658447
-7.12766695022583
-7.128650188446045
-7.14334774017334
-7.101137638092041
-7.164577007293701
-7.097219944000244
-7.1352434158325195
-7.087136745452881
-7.1179375648498535
-7.143738269805908
-7.169517517089844
-7.142319202423096
-7.062310218811035
-7.079459190368652
-7.061667442321777
-7.156506538391113
-7.139549255371094
-7.125250339508057
-7.152473449707031
-7.114837646484375
-7.140763282775879
-7.163010120391846
-7.145073413848877
-7.154910087585449
-7.131759166717529
-7.099349498748779
-7.096669673919678
-7.096302509307861
-7.149759769439697
-7.136775493621826
-7.098620414733887
-7.1278605461120605
-7.11837911605835
-7.133626461029053
-7.153177738189697
-7.152410984039307
-7.133060932159424
-7.113255977630615
-7.190671920776367
-7.085981845855713
-7.148437023162842
-7.1397528648376465
-7.140892028808594
-7.120964527130127
-7.067910671234131
-7.1444902420043945
-7.145682334899902
-7.153883934020996
-7.146891117095947
-7.147015571594238
-7.149414539337158
-7.154768943786621
-7.170090675354004
-7.14658260345459
-7.158905506134033
-7.137470245361328
-7.1295485496521
-7.182763576507568
-7.16852331161499
-7.1115617752075195
-7.15678596496582
-7.144692420959473
-7.151009559631348
-7.135756969451904
-7.120558738708496
-7.155300617218018
-7.151427268981934
-7.142699241638184
-7.134033203125
-7.1144890785217285
-7.1444501876831055
-7.151055335998535
-7.141178607940674
-7.145235538482666
-7.107663154602051
-7.177078723907471
-7.163034915924072
-7.169109344482422
-7.155153274536133
-7.142280101776123
-7.161316871643066
-7.1361541748046875
-7.161962032318115
-7.124623775482178
-7.15348482131958
-7.129382610321045
-7.152822494506836
-7.190635681152344
-7.115114212036133
-7.13065767288208
-7.138579845428467
-7.146141052246094
-7.1494364738464355
-7.119817733764648
-7.162794589996338
-7.116718292236328
-7.1422953605651855
-7.163944721221924
-7.17554235458374
-7.057483196258545
-7.048037052154541
-7.165047645568848
-7.165218830108643
-7.164785385131836
-7.145169734954834
-7.1613264083862305
-7.119423866271973
-7.134289264678955
-7.12957239151001
-7.159669876098633
-7.146210670471191
-7.156293869018555
-7.128020286560059
-7.1449689865112305
-7.127020359039307
-7.134095191955566
-7.113484859466553
-7.132009983062744
-7.125328540802002
-7.162977695465088
-7.14507532119751
-7.127208709716797
-7.160984516143799
-7.145744323730469
-7.138253688812256
-7.148169994354248
-7.143425941467285
-7.1580891609191895
-7.161924362182617
-7.159641265869141
-7.1515069007873535
-7.157845973968506
-7.153808116912842
-7.164727687835693
-7.138255596160889
-7.151834011077881
-7.1683430671691895
-7.151419639587402
-7.151119709014893
-7.1214494705200195
-7.138471603393555
-7.121930122375488
-7.136600971221924
-7.14086389541626
-7.155203342437744
-7.134604454040527
-7.155222415924072
-7.139242172241211
-7.1321868896484375
-7.170772552490234
-7.130743503570557
-7.13419246673584
-7.1407012939453125
-7.1374831199646
-7.1532301902771
-7.16251802444458
-7.127665996551514
-7.161164283752441
-7.158308982849121
-7.1224775314331055
-7.152397632598877
-7.1366963386535645
-7.161752223968506
-7.139463901519775
-7.1447272300720215
-7.1326069831848145
-7.150779724121094
-7.130242824554443
-7.153036594390869
-7.132160186767578
-7.174682140350342
-7.128946304321289
-7.166823863983154
-7.141199111938477
-7.140192985534668
-7.103664875030518
-7.136837005615234
-7.1305365562438965
-7.139848709106445
-7.146488666534424
-7.1315717697143555
-7.162282943725586
-7.174092769622803
-7.117366790771484
-7.12893533706665
-7.137311935424805
-7.15773344039917
-7.121397018432617
-7.129518508911133
-7.119999885559082
-7.118380546569824
-7.156233787536621
-7.150367736816406
-7.048609256744385
-7.152429103851318
-7.1700053215026855
-7.135302543640137
-7.133080959320068
-7.133627891540527
-7.1751861572265625
-7.0865325927734375
-7.123194694519043
-7.115299701690674
-7.152301788330078
-7.162703990936279
-7.1268439292907715
-7.145802974700928
-7.090632438659668
-7.1261186599731445
-7.161855220794678
-7.148620128631592
-7.152360439300537
-7.147625923156738
-7.171040058135986
-7.096044063568115
-7.11714506149292
-7.123414993286133
-7.146134853363037
-7.126476764678955
-7.149325370788574
-7.1384196281433105
-7.154470920562744
-7.150820255279541
-7.165164470672607
-7.146477222442627
-7.125840187072754
-7.0979156494140625
-7.123330116271973
-7.157694339752197
-7.1280622482299805
-7.132183074951172
-7.121342658996582
-7.125802516937256
-7.128279209136963
-7.150404453277588
-7.134402751922607
-7.1269731521606445
-7.122352123260498
-7.151209831237793
-7.159603595733643
