loss_v
-7.027501106262207
-6.839970588684082
-6.83373498916626
-6.961991310119629
-6.911184787750244
-6.845361709594727
-6.987607479095459
-7.068840026855469
-7.047054290771484
-7.219353199005127
-7.151299476623535
-7.139784336090088
-7.477451324462891
-7.33635139465332
-7.060129165649414
-7.155957221984863
-7.163549900054932
-7.672675132751465
-7.234446048736572
-7.163949012756348
-7.420482635498047
-7.493800640106201
-7.261680603027344
-7.783814430236816
-7.315460681915283
-7.527031898498535
-7.314121246337891
-7.347753524780273
-7.503757476806641
-7.429983615875244
-7.557167053222656
-7.6551971435546875
-7.502505302429199
-7.525426864624023
-7.512846946716309
-7.510241985321045
-7.377601623535156
-7.644507884979248
-7.603689670562744
-7.709277629852295
-7.767373085021973
-7.539977073669434
-7.657709121704102
-7.734554767608643
-7.726484298706055
-7.450387954711914
-7.762341499328613
-7.658763885498047
-7.651143550872803
-7.674473285675049
-7.673649311065674
-7.855053901672363
-7.897273063659668
-7.67473030090332
-7.708502292633057
-7.891273498535156
-7.844331741333008
-7.769534587860107
-7.9643683433532715
-7.931950569152832
-7.941453456878662
-7.8755717277526855
-7.901847839355469
-7.992204189300537
-8.058250427246094
-8.101988792419434
-7.978307247161865
-8.161784172058105
-8.143630027770996
-8.2023286819458
-8.198781967163086
-8.227351188659668
-8.19221305847168
-8.220011711120605
-8.269065856933594
-8.142529487609863
-8.186944961547852
-8.19335651397705
-8.17973518371582
-8.213027954101562
-8.241582870483398
-8.327069282531738
-8.382922172546387
-8.307466506958008
-8.365196228027344
-8.389252662658691
-8.363739967346191
-8.357217788696289
-8.454792022705078
-8.401159286499023
-8.495320320129395
-8.49772834777832
-8.481402397155762
-8.425799369812012
-8.5061674118042
-8.418941497802734
-8.574605941772461
-8.519668579101562
-8.531790733337402
-8.591980934143066
-8.5752592086792
-8.509598731994629
-8.586980819702148
-8.642873764038086
-8.636693954467773
-8.659684181213379
-8.627382278442383
-8.641992568969727
-8.634087562561035
-8.648176193237305
-8.65634822845459
-8.621325492858887
-8.657720565795898
-8.64847469329834
-8.643942832946777
-8.599748611450195
-8.625432014465332
-8.661761283874512
-8.618348121643066
-8.634475708007812
-8.71601676940918
-8.709385871887207
-8.663410186767578
-8.727683067321777
-8.712644577026367
-8.700627326965332
-8.706831932067871
-8.71946907043457
-8.768319129943848
-8.663031578063965
-8.712617874145508
-8.725543975830078
-8.704880714416504
-8.743699073791504
-8.75879955291748
-8.667071342468262
-8.721590995788574
-8.769217491149902
-8.738980293273926
-8.67790412902832
-8.7508544921875
-8.769875526428223
-8.798158645629883
-8.799942970275879
-8.785224914550781
-8.786231994628906
-8.782509803771973
-8.780302047729492
-8.791669845581055
-8.791738510131836
-8.823817253112793
-8.807186126708984
-8.720648765563965
-8.894198417663574
-8.838566780090332
-8.778393745422363
-8.835402488708496
-8.804948806762695
-8.876532554626465
-8.820454597473145
-8.843620300292969
-8.877007484436035
-8.878326416015625
-8.859086036682129
-8.884371757507324
-8.86069393157959
-8.855764389038086
-8.844441413879395
-8.891036987304688
-8.872213363647461
-8.88994312286377
-8.889791488647461
-8.932626724243164
-8.884836196899414
-8.962556838989258
-8.89564323425293
-8.934717178344727
-8.955649375915527
-8.96086311340332
-8.960458755493164
-8.94432258605957
-8.936503410339355
-8.996590614318848
-9.020381927490234
-8.951159477233887
-8.940266609191895
-9.008451461791992
-8.990427017211914
-8.974830627441406
-9.053193092346191
-9.063197135925293
-9.075307846069336
-9.027688980102539
-9.133967399597168
-9.180719375610352
-9.056034088134766
-9.121267318725586
-9.191458702087402
-9.131357192993164
-9.139768600463867
-9.168052673339844
-9.215495109558105
-9.17055606842041
-9.215853691101074
-9.156790733337402
-9.322447776794434
-9.355627059936523
-9.237982749938965
-9.269336700439453
-9.26436710357666
-9.284729957580566
-9.325277328491211
-9.427964210510254
-9.347711563110352
-9.351218223571777
-9.4456205368042
-9.492057800292969
-9.492341041564941
-9.494680404663086
-9.604819297790527
-9.588886260986328
-9.543014526367188
-9.636653900146484
-9.449016571044922
-9.555147171020508
-9.623771667480469
-9.476896286010742
-9.613122940063477
-9.695344924926758
-9.613748550415039
-9.524092674255371
-9.618048667907715
-9.62829303741455
-9.66968822479248
-9.602188110351562
-9.693519592285156
-9.771029472351074
-9.66933822631836
-9.77653694152832
-9.829392433166504
-9.829578399658203
-9.813433647155762
-9.71705150604248
-9.87380599975586
-9.83420181274414
-9.844968795776367
-9.860106468200684
-9.924707412719727
-9.810794830322266
-9.925885200500488
-9.898550033569336
-9.995115280151367
-9.90078353881836
-9.895905494689941
-9.864197731018066
-9.96131420135498
-10.041543006896973
-10.106083869934082
-10.032807350158691
-10.131464004516602
-10.200414657592773
-10.10717487335205
-10.135403633117676
-10.030669212341309
-10.09078311920166
-10.095269203186035
-10.091898918151855
-10.148478507995605
-10.176849365234375
-10.137405395507812
-10.141843795776367
-10.089332580566406
-10.284136772155762
-10.119929313659668
-10.125991821289062
-10.255284309387207
-10.233888626098633
-10.252338409423828
-10.09498119354248
-10.153430938720703
-10.22613525390625
-10.21347713470459
-10.130017280578613
-10.30036449432373
-10.17879581451416
-10.242133140563965
-10.122213363647461
-10.318771362304688
-10.23646068572998
-10.299688339233398
-10.251646041870117
-10.341439247131348
-10.30673599243164
-10.34080982208252
-10.35551929473877
-10.38357925415039
-10.340081214904785
-10.436005592346191
-10.322030067443848
-10.295632362365723
-10.363080978393555
-10.344003677368164
-10.423818588256836
-10.444193840026855
-10.450166702270508
-10.355796813964844
-10.464313507080078
-10.346495628356934
-10.312933921813965
-10.459572792053223
-10.432337760925293
-10.43652629852295
-10.452442169189453
-10.523945808410645
-10.425275802612305
-10.505889892578125
-10.37473201751709
-10.4508695602417
-10.484930038452148
-10.419601440429688
-10.451608657836914
-10.430360794067383
-10.454136848449707
-10.4998197555542
-10.51833438873291
-10.52190113067627
-10.470064163208008
-10.555180549621582
-10.521592140197754
-10.5237398147583
-10.46715259552002
-10.509788513183594
-10.525105476379395
-10.497711181640625
-10.433125495910645
-10.524906158447266
-10.550605773925781
-10.568800926208496
-10.518118858337402
-10.49461555480957
-10.57337760925293
-10.468973159790039
-10.593714714050293
-10.527682304382324
-10.623551368713379
-10.501104354858398
-10.618738174438477
-10.58481502532959
-10.582344055175781
-10.549857139587402
-10.499698638916016
-10.601898193359375
-10.630681037902832
-10.590582847595215
-10.585596084594727
-10.629972457885742
-10.591776847839355
-10.601638793945312
-10.6007080078125
-10.573265075683594
-10.586448669433594
-10.726167678833008
-10.62082576751709
-10.612998962402344
-10.660961151123047
-10.485340118408203
-10.590085983276367
-10.634323120117188
-10.655789375305176
-10.629876136779785
-10.65727424621582
-10.697647094726562
-10.62684154510498
-10.684490203857422
-10.636218070983887
-10.699837684631348
-10.68623161315918
-10.697623252868652
-10.640456199645996
-10.672810554504395
-10.688675880432129
-10.634136199951172
-10.653395652770996
-10.621650695800781
-10.702831268310547
-10.715713500976562
-10.633017539978027
-10.647932052612305
-10.686357498168945
-10.65343189239502
-10.75083065032959
-10.656832695007324
-10.6857271194458
-10.68988037109375
-10.688652038574219
-10.680198669433594
-10.630824089050293
-10.74082088470459
-10.709528923034668
-10.716863632202148
-10.663140296936035
-10.649704933166504
-10.759000778198242
-10.733457565307617
-10.700478553771973
-10.66584300994873
-10.745684623718262
-10.7140531539917
-10.698047637939453
-10.746235847473145
-10.773845672607422
-10.690176010131836
-10.78249740600586
-10.699469566345215
-10.72229290008545
-10.76361083984375
-10.725610733032227
-10.70020580291748
-10.708638191223145
-10.784302711486816
-10.771217346191406
-10.757087707519531
-10.717830657958984
-10.763083457946777
-10.744619369506836
-10.804800033569336
-10.78167724609375
-10.739693641662598
-10.778949737548828
-10.704195976257324
-10.75488567352295
-10.729897499084473
-10.739141464233398
-10.741355895996094
-10.776508331298828
-10.689942359924316
-10.766433715820312
-10.719289779663086
-10.74329948425293
-10.785283088684082
-10.788033485412598
-10.764854431152344
-10.75197982788086
-10.799769401550293
-10.792701721191406
-10.822052001953125
-10.811872482299805
-10.797040939331055
-10.844477653503418
-10.742362022399902
-10.788764953613281
-10.787092208862305
-10.77646255493164
-10.789586067199707
-10.798721313476562
-10.827208518981934
-10.766167640686035
-10.789405822753906
-10.772558212280273
-10.827917098999023
-10.846780776977539
-10.8319091796875
-10.840837478637695
-10.827466011047363
-10.845964431762695
-10.852269172668457
-10.833677291870117
-10.869709968566895
-10.829559326171875
-10.83586311340332
-10.849218368530273
-10.850455284118652
-10.851465225219727
-10.85102367401123
-10.86204719543457
-10.874736785888672
-10.794647216796875
-10.86876392364502
-10.863138198852539
-10.819645881652832
-10.892306327819824
-10.851245880126953
-10.90172290802002
-10.846248626708984
-10.849618911743164
-10.841843605041504
-10.846526145935059
-10.851836204528809
-10.86575698852539
-10.875823020935059
-10.874541282653809
-10.833602905273438
-10.849510192871094
-10.86876392364502
-10.865592956542969
-10.884599685668945
-10.831258773803711
-10.885708808898926
-10.834989547729492
-10.876220703125
-10.873056411743164
-10.830938339233398
-10.876399993896484
-10.895822525024414
-10.870095252990723
-10.879354476928711
-10.87832260131836
-10.896489143371582
-10.872387886047363
-10.901216506958008
-10.882841110229492
-10.877530097961426
-10.8696928024292
-10.874885559082031
-10.885197639465332
-10.849445343017578
-10.875834465026855
-10.889239311218262
-10.924799919128418
-10.897675514221191
-10.857617378234863
-10.897076606750488
-10.948001861572266
-10.925873756408691
-10.915458679199219
-10.881821632385254
-10.873847007751465
-10.916069030761719
-10.912012100219727
-10.949657440185547
-10.885778427124023
-10.90153694152832
-10.835319519042969
-10.909034729003906
-10.87968921661377
-10.906888008117676
-10.857473373413086
-10.925114631652832
-10.923748970031738
-10.884010314941406
-10.940277099609375
-10.897429466247559
-10.895060539245605
-10.922623634338379
-10.863967895507812
-10.896744728088379
-10.897400856018066
-10.902812957763672
-10.900185585021973
-10.893478393554688
-10.92509651184082
-10.92293930053711
-10.911635398864746
-10.898344993591309
-10.906272888183594
-10.944269180297852
-10.930741310119629
-10.91640853881836
-10.931553840637207
-10.920234680175781
-10.940842628479004
-10.946419715881348
-10.91358757019043
-10.948119163513184
-10.937935829162598
-10.926007270812988
-10.903383255004883
-10.95278549194336
-10.968367576599121
-10.935173988342285
-10.963272094726562
-10.92605972290039
-10.955427169799805
-10.94653034210205
-10.935181617736816
-10.961817741394043
-10.919758796691895
-10.946699142456055
-10.937773704528809
-10.961557388305664
-10.949929237365723
-10.962451934814453
-10.93641471862793
-10.951374053955078
-10.955056190490723
-10.960135459899902
-10.937726974487305
-10.930624008178711
-10.930288314819336
-10.950235366821289
-10.938623428344727
-10.925896644592285
-10.944390296936035
-10.959083557128906
-10.940940856933594
-10.957077026367188
-10.935354232788086
-10.916818618774414
-10.959916114807129
-10.981742858886719
-10.951064109802246
-10.96467399597168
-10.948472023010254
-10.94284725189209
-10.956782341003418
-10.955587387084961
-10.970244407653809
-10.963638305664062
-10.95096206665039
-10.975712776184082
-10.968437194824219
-10.99799919128418
-10.975976943969727
-10.956402778625488
-10.989273071289062
-10.947176933288574
-10.976247787475586
-10.958818435668945
-10.968510627746582
-10.986868858337402
-10.988249778747559
-10.950509071350098
-10.959676742553711
-10.957054138183594
-10.926324844360352
-10.991451263427734
-10.995108604431152
-10.975518226623535
-10.979666709899902
-10.985881805419922
-10.914281845092773
-10.970376014709473
-10.979134559631348
-10.958832740783691
-10.98166275024414
-10.950695991516113
-10.963814735412598
-10.973483085632324
-10.987671852111816
-10.971452713012695
-10.985952377319336
-10.970725059509277
-10.996231079101562
-10.987093925476074
-10.981106758117676
-10.983125686645508
-10.97990894317627
-10.997466087341309
-10.978075981140137
-10.987771987915039
-10.982131004333496
-10.950716018676758
-10.9722261428833
-10.979475975036621
-10.960618019104004
-10.985898971557617
-10.984699249267578
-10.96794319152832
-10.964582443237305
-10.967694282531738
-10.95798397064209
-11.004103660583496
-10.994449615478516
-10.985349655151367
-10.966306686401367
-10.98096752166748
-11.001880645751953
-10.999216079711914
-10.965335845947266
-10.993595123291016
-10.958470344543457
-10.977198600769043
-10.987322807312012
-10.98586654663086
-11.007661819458008
-10.980627059936523
-11.00761604309082
-11.002260208129883
-11.031291007995605
-11.001436233520508
-10.995725631713867
-11.018486022949219
-10.987321853637695
-11.004385948181152
-11.016578674316406
-11.008382797241211
-10.999173164367676
-10.993288040161133
-10.996682167053223
-10.99600887298584
-11.009015083312988
-11.009368896484375
-10.984561920166016
-11.008277893066406
-10.987183570861816
-11.016095161437988
-11.008882522583008
-11.012863159179688
-11.00475788116455
-11.014152526855469
-11.002645492553711
-11.019780158996582
-11.029988288879395
-11.007296562194824
-11.035404205322266
-11.02957534790039
-11.011700630187988
-11.032621383666992
-11.024759292602539
-11.031476974487305
-11.0409517288208
-11.026521682739258
-11.011113166809082
-11.012592315673828
-11.027960777282715
-11.051643371582031
-11.006828308105469
-11.020829200744629
-11.038464546203613
-11.03751277923584
-11.019289016723633
-11.011899948120117
-11.03307056427002
-11.036053657531738
-11.022891998291016
-11.034215927124023
-11.0164794921875
-11.032320976257324
-11.044946670532227
-11.024890899658203
-11.03617000579834
-11.033063888549805
-11.044981956481934
-11.030406951904297
-11.049592971801758
-10.999715805053711
-11.036048889160156
-11.032021522521973
-11.031549453735352
-11.035212516784668
-11.040989875793457
-11.037201881408691
-11.026695251464844
-11.033504486083984
-11.02680492401123
-11.049457550048828
-11.0553617477417
-11.058197021484375
-11.035147666931152
-11.017753601074219
-11.024017333984375
-11.029136657714844
-11.048907279968262
-11.055570602416992
-11.045467376708984
-11.054386138916016
-11.047094345092773
-11.037607192993164
-11.05359935760498
-11.04382038116455
-11.045082092285156
-11.048235893249512
-11.038015365600586
-11.053235054016113
-11.061311721801758
-11.080646514892578
-11.051648139953613
-11.075577735900879
-11.055313110351562
-11.045652389526367
-11.033370971679688
-11.048507690429688
-11.043378829956055
-11.069208145141602
-11.040473937988281
-11.016129493713379
-11.033491134643555
-11.025959968566895
-11.073533058166504
-11.06515884399414
-11.066739082336426
-11.042539596557617
-11.04856014251709
-11.034445762634277
-11.057588577270508
-11.073684692382812
-11.067898750305176
-11.070817947387695
-11.05419921875
-11.03531265258789
-11.072866439819336
-11.046773910522461
-11.057229042053223
-11.052278518676758
-11.04869270324707
-11.070232391357422
-11.096545219421387
-11.081534385681152
-11.055233001708984
-11.04760456085205
-11.09042739868164
-11.095344543457031
-11.08155632019043
-11.065722465515137
-11.07006549835205
-11.065338134765625
-11.07613468170166
-11.061073303222656
-11.052443504333496
-11.06290054321289
-11.067883491516113
-11.066696166992188
-11.071284294128418
-11.06695556640625
-11.058671951293945
-11.077834129333496
-11.086397171020508
-11.072083473205566
-11.073307991027832
-11.088680267333984
-11.107839584350586
-11.094422340393066
-11.073710441589355
-11.069263458251953
-11.062335968017578
-11.08626651763916
-11.06610107421875
-11.069658279418945
-11.094120979309082
-11.086772918701172
-11.091527938842773
-11.081846237182617
-11.096415519714355
-11.079713821411133
-11.07660961151123
-11.094871520996094
-11.10262393951416
-11.095229148864746
-11.105484008789062
-11.078972816467285
-11.098965644836426
-11.084334373474121
-11.096162796020508
-11.098751068115234
-11.090256690979004
-11.100314140319824
-11.100765228271484
-11.096221923828125
-11.088242530822754
-11.099088668823242
-11.100237846374512
-11.110962867736816
-11.102784156799316
-11.093316078186035
-11.099762916564941
-11.089997291564941
-11.112312316894531
-11.10013484954834
-11.097647666931152
-11.11842155456543
-11.098254203796387
-11.0879487991333
-11.094141006469727
-11.085732460021973
-11.08951187133789
-11.098654747009277
-11.118669509887695
-11.119325637817383
-11.096906661987305
-11.104371070861816
-11.098584175109863
-11.108685493469238
-11.112542152404785
-11.118746757507324
-11.109902381896973
-11.089399337768555
-11.09660816192627
-11.094929695129395
-11.107954978942871
-11.113621711730957
-11.104694366455078
-11.121183395385742
-11.116928100585938
-11.107828140258789
-11.109957695007324
-11.095614433288574
-11.085195541381836
-11.104369163513184
-11.120407104492188
-11.127802848815918
-11.106755256652832
-11.1023530960083
-11.111357688903809
-11.105385780334473
-11.119478225708008
-11.1195650100708
-11.111482620239258
-11.112177848815918
-11.120427131652832
-11.117365837097168
-11.115032196044922
-11.121349334716797
-11.125332832336426
-11.125117301940918
-11.128504753112793
-11.12588119506836
-11.13203239440918
-11.127715110778809
-11.119502067565918
-11.129016876220703
-11.120035171508789
-11.126615524291992
-11.128260612487793
-11.122175216674805
-11.134078979492188
-11.124485969543457
-11.119176864624023
-11.12757682800293
-11.13061809539795
-11.139615058898926
-11.134150505065918
-11.135735511779785
-11.127486228942871
-11.12557601928711
-11.128097534179688
-11.126265525817871
-11.127456665039062
-11.126200675964355
-11.125880241394043
-11.128233909606934
-11.127557754516602
-11.127080917358398
-11.137724876403809
-11.124014854431152
-11.12604808807373
-11.130651473999023
-11.12239933013916
-11.140103340148926
-11.122381210327148
-11.108962059020996
-11.105701446533203
-11.109342575073242
-11.112523078918457
-11.129218101501465
-11.139118194580078
-11.141499519348145
-11.145163536071777
-11.132429122924805
-11.116416931152344
-11.11331844329834
-11.091443061828613
-11.11288833618164
-11.13085651397705
-11.143077850341797
-11.136312484741211
-11.124747276306152
-11.123558044433594
-11.111300468444824
-11.123140335083008
-11.117393493652344
-11.130223274230957
-11.140207290649414
-11.139533042907715
-11.144099235534668
-11.141538619995117
-11.148443222045898
-11.148107528686523
-11.155933380126953
-11.138496398925781
-11.13527774810791
-11.135720252990723
-11.138524055480957
-11.146105766296387
-11.14126205444336
-11.139842987060547
-11.15562629699707
-11.138212203979492
-11.111778259277344
-11.11315631866455
-11.120454788208008
-11.136541366577148
-11.136191368103027
-11.145429611206055
-11.14710521697998
-11.127883911132812
-11.126463890075684
-11.14293098449707
-11.150785446166992
-11.158612251281738
-11.150760650634766
-11.137864112854004
-11.151115417480469
-11.147086143493652
-11.143289566040039
-11.162837028503418
-11.14476203918457
-11.137469291687012
-11.135316848754883
-11.129745483398438
-11.153472900390625
-11.158695220947266
-11.146605491638184
-11.155592918395996
-11.155426025390625
-11.14738941192627
-11.15656852722168
-11.155231475830078
-11.154472351074219
-11.15516185760498
-11.148170471191406
-11.152546882629395
-11.147135734558105
-11.151093482971191
-11.155396461486816
-11.149388313293457
-11.158655166625977
-11.151116371154785
-11.16295337677002
-11.152511596679688
-11.150211334228516
-11.164652824401855
-11.16529369354248
-11.161571502685547
-11.157411575317383
-11.155416488647461
-11.158432006835938
-11.141986846923828
-11.146393775939941
-11.146686553955078
-11.14986515045166
-11.15715217590332
-11.155314445495605
-11.164134979248047
-11.166308403015137
-11.147807121276855
-11.151873588562012
-11.162012100219727
-11.167007446289062
-11.159507751464844
-11.140941619873047
-11.159181594848633
-11.167930603027344
-11.164754867553711
-11.155058860778809
-11.161005973815918
-11.157769203186035
-11.15731143951416
-11.16361141204834
-11.164031982421875
-11.157364845275879
-11.158712387084961
-11.155742645263672
-11.157781600952148
-11.157708168029785
-11.153178215026855
-11.15973949432373
-11.167160034179688
-11.175411224365234
-11.181528091430664
-11.169560432434082
-11.165865898132324
-11.173937797546387
-11.172504425048828
-11.167830467224121
-11.172801971435547
-11.170981407165527
-11.17713737487793
-11.169656753540039
-11.170438766479492
-11.165119171142578
-11.169364929199219
-11.158727645874023
-11.175183296203613
-11.165314674377441
-11.16581916809082
-11.160282135009766
-11.16146469116211
-11.162199974060059
-11.164617538452148
-11.162250518798828
-11.154929161071777
-11.154533386230469
-11.165026664733887
-11.155923843383789
-11.159786224365234
-11.162986755371094
-11.173666000366211
-11.167236328125
-11.159125328063965
-11.159640312194824
-11.1570405960083
-11.14522933959961
-11.149980545043945
-11.157683372497559
-11.165217399597168
-11.173263549804688
-11.170820236206055
-11.170610427856445
-11.174692153930664
-11.17016315460205
-11.171140670776367
-11.17048454284668
-11.173894882202148
-11.16221809387207
-11.175938606262207
-11.178224563598633
-11.183106422424316
-11.173613548278809
-11.17219066619873
-11.17645263671875
-11.17164134979248
-11.173745155334473
-11.173833847045898
-11.181684494018555
-11.169319152832031
-11.17016315460205
-11.168270111083984
-11.177998542785645
-11.172917366027832
-11.17908000946045
-11.183576583862305
-11.190471649169922
-11.176648139953613
-11.189395904541016
-11.17962646484375
-11.18503475189209
-11.181836128234863
-11.18298053741455
-11.179353713989258
-11.17911148071289
-11.1664457321167
-11.163229942321777
-11.16572380065918
-11.167864799499512
-11.163226127624512
-11.176973342895508
-11.180005073547363
-11.183642387390137
-11.175543785095215
-11.174478530883789
-11.183262825012207
-11.165765762329102
-11.176948547363281
-11.179728507995605
-11.174966812133789
-11.178462982177734
-11.170595169067383
-11.173114776611328
-11.159191131591797
-11.171546936035156
-11.174060821533203
-11.181361198425293
-11.158679962158203
-11.153414726257324
-11.172510147094727
-11.178813934326172
-11.16592025756836
-11.177534103393555
-11.181668281555176
-11.182038307189941
-11.18022346496582
-11.17050552368164
-11.177155494689941
-11.179304122924805
-11.179484367370605
-11.178182601928711
-11.18165397644043
-11.181075096130371
-11.161821365356445
-11.169227600097656
-11.145110130310059
-11.121563911437988
-11.165520668029785
-11.18238639831543
-11.17824935913086
-11.1625337600708
-11.140953063964844
-11.156217575073242
-11.186136245727539
-11.183674812316895
-11.172218322753906
-11.166406631469727
-11.185938835144043
-11.18476390838623
-11.189568519592285
-11.177712440490723
-11.175554275512695
-11.181105613708496
-11.189821243286133
-11.185432434082031
-11.17389965057373
-11.171940803527832
-11.177433013916016
-11.188033103942871
-11.185847282409668
-11.182893753051758
-11.172758102416992
-11.174333572387695
-11.186686515808105
-11.192886352539062
-11.180877685546875
-11.174633979797363
-11.163406372070312
-11.158917427062988
-11.191936492919922
-11.192209243774414
-11.160643577575684
-11.161456108093262
-11.172151565551758
-11.193160057067871
-11.193317413330078
-11.172164916992188
-11.169544219970703
-11.166102409362793
-11.182587623596191
-11.186723709106445
-11.185956954956055
-11.174153327941895
-11.16377067565918
-11.17971420288086
-11.198019981384277
-11.182622909545898
-11.175533294677734
-11.161407470703125
-11.194708824157715
-11.187979698181152
-11.176799774169922
-11.16980266571045
-11.179097175598145
-11.18338394165039
-11.189432144165039
-11.18836498260498
-11.18122386932373
-11.186296463012695
-11.194275856018066
-11.193740844726562
-11.194439888000488
-11.198590278625488
-11.187638282775879
-11.202451705932617
-11.183629989624023
-11.204238891601562
-11.189591407775879
-11.194602966308594
-11.199463844299316
-11.198451042175293
-11.194184303283691
-11.195294380187988
-11.197053909301758
-11.200422286987305
-11.197978019714355
-11.197532653808594
-11.208904266357422
-11.189902305603027
-11.197574615478516
-11.190818786621094
-11.198737144470215
-11.200170516967773
-11.192203521728516
-11.195083618164062
-11.1923828125
-11.19677734375
-11.202056884765625
-11.196995735168457
-11.199213027954102
-11.190996170043945
-11.194639205932617
-11.198576927185059
-11.200183868408203
-11.195180892944336
-11.19814682006836
-11.202730178833008
-11.201282501220703
-11.197287559509277
-11.194784164428711
-11.190044403076172
-11.196769714355469
-11.19821834564209
-11.19636344909668
-11.203497886657715
-11.195940017700195
-11.206116676330566
-11.19747543334961
-11.195794105529785
-11.191520690917969
-11.196635246276855
-11.196917533874512
-11.203210830688477
-11.207403182983398
-11.193567276000977
-11.195433616638184
-11.197463035583496
-11.199623107910156
-11.195902824401855
-11.198755264282227
-11.203089714050293
-11.204192161560059
-11.200360298156738
-11.203474998474121
-11.20442008972168
-11.198647499084473
-11.203561782836914
-11.19913101196289
-11.206210136413574
-11.205914497375488
-11.199195861816406
-11.214313507080078
-11.200712203979492
-11.201448440551758
-11.192887306213379
-11.20289421081543
-11.203925132751465
-11.20082950592041
-11.197342872619629
-11.192424774169922
-11.20301628112793
-11.203689575195312
-11.209482192993164
-11.204427719116211
-11.202667236328125
-11.198549270629883
-11.197406768798828
-11.20414924621582
-11.205341339111328
-11.199644088745117
-11.194669723510742
-11.200763702392578
-11.20895767211914
-11.200976371765137
-11.207794189453125
-11.208236694335938
-11.202695846557617
-11.208643913269043
-11.20229434967041
-11.204056739807129
-11.20398998260498
-11.205013275146484
-11.205315589904785
-11.20095443725586
-11.197887420654297
-11.183545112609863
-11.18432331085205
-11.175966262817383
-11.1981782913208
-11.207856178283691
-11.20602035522461
-11.20579719543457
-11.20322322845459
-11.189733505249023
-11.193105697631836
-11.197999000549316
-11.205545425415039
-11.209815979003906
-11.204757690429688
-11.183074951171875
-11.184334754943848
-11.19377326965332
-11.196208953857422
-11.20408821105957
-11.201177597045898
-11.199370384216309
-11.207221984863281
-11.20476245880127
-11.207449913024902
-11.206550598144531
-11.201630592346191
-11.198526382446289
-11.214755058288574
-11.210164070129395
-11.211311340332031
-11.206002235412598
-11.212565422058105
-11.2028226852417
-11.214229583740234
-11.205856323242188
-11.220329284667969
-11.211322784423828
-11.204692840576172
-11.208761215209961
-11.209371566772461
-11.20987319946289
-11.206079483032227
-11.207733154296875
-11.205229759216309
-11.204004287719727
-11.2045316696167
-11.206711769104004
-11.209835052490234
-11.208741188049316
-11.20771598815918
-11.212261199951172
-11.214356422424316
-11.209614753723145
-11.202265739440918
-11.203166007995605
-11.199809074401855
-11.194186210632324
-11.188507080078125
-11.19318962097168
-11.198922157287598
-11.2096586227417
-11.212096214294434
-11.21159553527832
-11.202263832092285
-11.206598281860352
-11.218561172485352
-11.210844993591309
-11.203642845153809
-11.201769828796387
-11.206270217895508
-11.210153579711914
-11.218562126159668
-11.212482452392578
-11.203147888183594
-11.206459045410156
-11.202489852905273
-11.195594787597656
-11.214432716369629
-11.20655345916748
-11.206174850463867
-11.211085319519043
-11.211111068725586
-11.21115779876709
-11.212394714355469
-11.211129188537598
-11.221423149108887
-11.215531349182129
-11.207529067993164
-11.216789245605469
-11.210331916809082
-11.21612548828125
-11.208209037780762
-11.21055793762207
-11.211516380310059
-11.213142395019531
-11.212997436523438
-11.215852737426758
-11.220476150512695
-11.215144157409668
-11.2123441696167
-11.219345092773438
-11.212358474731445
-11.21629524230957
-11.21841049194336
-11.212715148925781
-11.213020324707031
-11.213998794555664
-11.215861320495605
-11.215437889099121
-11.205961227416992
-11.207748413085938
-11.212239265441895
-11.216706275939941
-11.219128608703613
-11.222000122070312
-11.215279579162598
-11.214323997497559
-11.214156150817871
-11.225050926208496
-11.21766471862793
-11.215752601623535
-11.211041450500488
-11.221181869506836
-11.212340354919434
-11.221352577209473
-11.212371826171875
-11.202445983886719
-11.197137832641602
-11.184928894042969
-11.191964149475098
-11.190715789794922
-11.196097373962402
-11.210861206054688
-11.21609115600586
-11.214997291564941
-11.195449829101562
-11.162264823913574
-11.131731033325195
-11.153909683227539
-11.19033432006836
-11.205760955810547
-11.214044570922852
-11.20802116394043
-11.210530281066895
-11.210517883300781
-11.212821006774902
-11.217925071716309
-11.22314167022705
-11.21512222290039
-11.206948280334473
-11.207608222961426
-11.204360008239746
-11.213456153869629
-11.216734886169434
-11.215665817260742
-11.208393096923828
-11.204153060913086
-11.198746681213379
-11.217863082885742
-11.210532188415527
-11.210322380065918
-11.217857360839844
-11.211689949035645
-11.211124420166016
-11.223106384277344
-11.217119216918945
-11.218473434448242
-11.215422630310059
-11.20729923248291
-11.198652267456055
-11.217132568359375
-11.215116500854492
-11.2252197265625
-11.222208023071289
-11.21822738647461
-11.216094017028809
-11.212449073791504
-11.224435806274414
-11.224431991577148
-11.21921443939209
-11.216243743896484
-11.22393798828125
-11.206539154052734
-11.21240234375
-11.215076446533203
-11.21755313873291
-11.225015640258789
-11.222243309020996
-11.216570854187012
-11.218334197998047
-11.21703052520752
-11.223557472229004
-11.220423698425293
-11.220817565917969
-11.220561027526855
-11.217642784118652
-11.215523719787598
-11.221590042114258
-11.217588424682617
-11.225922584533691
-11.221721649169922
-11.222561836242676
-11.21795654296875
-11.209346771240234
-11.201927185058594
-11.207718849182129
-11.217151641845703
-11.218551635742188
-11.224028587341309
-11.212532997131348
-11.203761100769043
-11.198650360107422
-11.201770782470703
-11.21003532409668
-11.215065002441406
-11.218886375427246
-11.221931457519531
-11.219256401062012
-11.218493461608887
-11.204858779907227
-11.215784072875977
-11.220227241516113
-11.221683502197266
-11.220365524291992
-11.224099159240723
-11.223374366760254
-11.21385383605957
-11.217460632324219
-11.214574813842773
-11.226160049438477
-11.222613334655762
-11.218781471252441
-11.21692180633545
-11.227683067321777
-11.218751907348633
-11.221648216247559
-11.227042198181152
-11.2244873046875
-11.22620677947998
-11.223270416259766
-11.214439392089844
-11.228100776672363
-11.22714900970459
-11.22614860534668
-11.226834297180176
-11.226222038269043
-11.222384452819824
-11.221813201904297
-11.230700492858887
-11.223665237426758
-11.220191955566406
-11.228824615478516
-11.22951602935791
-11.223308563232422
-11.22567367553711
-11.224777221679688
-11.228715896606445
-11.22848129272461
-11.230474472045898
-11.227309226989746
-11.233447074890137
-11.227391242980957
-11.22310733795166
-11.229950904846191
-11.224267959594727
-11.223413467407227
-11.227959632873535
-11.224648475646973
-11.225207328796387
-11.229475975036621
-11.228043556213379
-11.226774215698242
-11.223894119262695
-11.231081008911133
-11.233064651489258
-11.23092269897461
-11.221672058105469
-11.226362228393555
-11.225785255432129
-11.227466583251953
-11.22543716430664
-11.218544006347656
-11.230213165283203
-11.231864929199219
-11.227697372436523
-11.22442626953125
-11.22184944152832
-11.222475051879883
-11.227849960327148
-11.231061935424805
-11.223177909851074
-11.229828834533691
-11.228967666625977
-11.226188659667969
-11.223677635192871
-11.229585647583008
-11.221909523010254
-11.223109245300293
-11.213741302490234
-11.206542015075684
-11.200037956237793
-11.195253372192383
-11.196290016174316
-11.210136413574219
-11.228164672851562
-11.235053062438965
-11.219184875488281
-11.207616806030273
-11.20617389678955
-11.200660705566406
-11.210138320922852
-11.223154067993164
-11.231573104858398
-11.232300758361816
-11.22940444946289
-11.218392372131348
-11.220056533813477
-11.20457649230957
-11.221634864807129
-11.229029655456543
-11.231973648071289
-11.234040260314941
-11.229554176330566
-11.2302885055542
-11.231924057006836
-11.23170280456543
-11.230483055114746
-11.229704856872559
-11.228989601135254
-11.22046184539795
-11.222503662109375
-11.212956428527832
-11.212991714477539
-11.21418285369873
-11.228662490844727
-11.22832202911377
-11.22922420501709
-11.211265563964844
-11.199268341064453
-11.180006980895996
-11.202459335327148
-11.225824356079102
-11.217296600341797
-11.17884349822998
-11.170716285705566
-11.206108093261719
-11.227248191833496
-11.232131004333496
-11.188464164733887
-11.102957725524902
-11.150179862976074
-11.23013973236084
-11.212410926818848
-11.161337852478027
-11.15890121459961
-11.21584701538086
-11.229116439819336
-11.194692611694336
-11.18539810180664
-11.217691421508789
-11.229058265686035
-11.217473983764648
-11.186050415039062
-11.199286460876465
-11.227310180664062
-11.21614933013916
-11.191740989685059
-11.189160346984863
-11.227255821228027
-11.231761932373047
-11.207919120788574
-11.204800605773926
-11.223649024963379
-11.23503303527832
-11.225153923034668
-11.223579406738281
-11.231622695922852
-11.230452537536621
-11.234589576721191
-11.23292064666748
-11.22958755493164
-11.22847843170166
-11.226408004760742
-11.227628707885742
-11.22384262084961
-11.232701301574707
-11.235102653503418
-11.235505104064941
-11.231660842895508
-11.232364654541016
-11.231884956359863
-11.23660659790039
-11.238706588745117
-11.232566833496094
-11.233138084411621
-11.232999801635742
-11.234478950500488
-11.231947898864746
-11.230818748474121
-11.237518310546875
-11.240989685058594
-11.234267234802246
-11.235302925109863
-11.232016563415527
-11.23727798461914
-11.231825828552246
-11.231462478637695
-11.23127555847168
-11.23291301727295
-11.23828411102295
-11.235044479370117
-11.235258102416992
-11.23399829864502
-11.232986450195312
-11.230061531066895
-11.23153305053711
-11.236406326293945
-11.229971885681152
-11.240986824035645
-11.234841346740723
-11.240178108215332
-11.233728408813477
-11.2340726852417
-11.24006462097168
-11.240467071533203
-11.238526344299316
-11.231928825378418
-11.238588333129883
-11.236675262451172
-11.234642028808594
-11.24376392364502
-11.237074851989746
-11.238015174865723
-11.23143482208252
-11.246825218200684
-11.245665550231934
-11.234216690063477
-11.236930847167969
-11.244503021240234
-11.233633995056152
-11.237011909484863
-11.228413581848145
-11.240606307983398
-11.237614631652832
-11.239180564880371
-11.234444618225098
-11.237041473388672
-11.236701011657715
-11.239678382873535
-11.23880672454834
-11.228785514831543
-11.23269271850586
-11.236852645874023
-11.231905937194824
-11.241338729858398
-11.236576080322266
-11.237191200256348
-11.243106842041016
-11.229205131530762
-11.243033409118652
-11.240742683410645
-11.238258361816406
-11.241355895996094
-11.236082077026367
-11.240884780883789
-11.242478370666504
-11.240738868713379
-11.235566139221191
-11.236700057983398
-11.235091209411621
-11.240692138671875
-11.23668098449707
-11.230554580688477
-11.23112678527832
-11.228776931762695
-11.24437427520752
-11.241476058959961
-11.242973327636719
-11.234960556030273
-11.239202499389648
-11.244088172912598
-11.238570213317871
-11.23997974395752
-11.238545417785645
-11.239255905151367
-11.243258476257324
-11.242853164672852
-11.241543769836426
-11.238651275634766
-11.235071182250977
-11.229920387268066
-11.234509468078613
-11.235631942749023
-11.2445068359375
-11.24413013458252
-11.239287376403809
-11.234131813049316
-11.236926078796387
-11.241852760314941
-11.234953880310059
-11.244132995605469
-11.244309425354004
-11.237875938415527
-11.240191459655762
-11.233377456665039
-11.23775863647461
-11.235745429992676
-11.240574836730957
-11.239542961120605
-11.24191665649414
-11.238140106201172
-11.243265151977539
-11.23816967010498
-11.242277145385742
-11.241140365600586
-11.24023723602295
-11.235762596130371
-11.236039161682129
-11.239471435546875
-11.241649627685547
-11.23768138885498
-11.236249923706055
-11.241120338439941
-11.2424955368042
-11.239497184753418
-11.23965072631836
-11.244369506835938
-11.242380142211914
-11.239730834960938
-11.236882209777832
-11.238950729370117
-11.237579345703125
-11.237433433532715
-11.241761207580566
-11.239385604858398
-11.240113258361816
-11.236336708068848
-11.244630813598633
-11.243636131286621
-11.237907409667969
-11.23484992980957
-11.228221893310547
-11.238255500793457
-11.237839698791504
-11.239115715026855
-11.2420654296875
-11.238526344299316
-11.23318099975586
-11.234487533569336
-11.240164756774902
-11.238792419433594
-11.24509334564209
-11.24312686920166
-11.244674682617188
-11.241450309753418
-11.23731803894043
-11.241639137268066
-11.241926193237305
-11.241752624511719
-11.239096641540527
-11.240139961242676
-11.242542266845703
-11.249524116516113
-11.231490135192871
-11.23471736907959
-11.228890419006348
-11.21722412109375
-11.21822738647461
-11.233197212219238
-11.231934547424316
-11.22387981414795
-11.232800483703613
-11.23658561706543
-11.242565155029297
-11.248290061950684
-11.23448657989502
-11.23979377746582
-11.238287925720215
-11.239481925964355
-11.235939979553223
-11.239042282104492
-11.232868194580078
-11.231067657470703
-11.23408031463623
-11.23565673828125
-11.242671012878418
-11.24205207824707
-11.243999481201172
-11.239584922790527
-11.241466522216797
-11.243451118469238
-11.239910125732422
-11.234221458435059
-11.23663330078125
-11.238819122314453
-11.242725372314453
-11.244540214538574
-11.242155075073242
-11.242138862609863
-11.24238395690918
-11.24634838104248
-11.252229690551758
-11.245142936706543
-11.248234748840332
-11.24538516998291
-11.232722282409668
-11.233663558959961
-11.232718467712402
-11.240077018737793
-11.243853569030762
-11.24304485321045
-11.237200736999512
-11.245203018188477
-11.23980712890625
-11.25075912475586
-11.248618125915527
-11.243758201599121
-11.248041152954102
-11.243487358093262
-11.235811233520508
-11.241796493530273
-11.236594200134277
-11.240437507629395
-11.23734188079834
-11.239677429199219
-11.245573043823242
-11.23822021484375
-11.239123344421387
-11.23612117767334
-11.229634284973145
-11.22641658782959
-11.233330726623535
-11.23569393157959
-11.241003036499023
-11.247762680053711
-11.246994018554688
-11.248311042785645
-11.246434211730957
-11.245023727416992
-11.243647575378418
-11.235657691955566
-11.227202415466309
-11.217370986938477
-11.215718269348145
-11.207476615905762
-11.206583976745605
-11.231341361999512
-11.237974166870117
-11.243698120117188
-11.233772277832031
-11.21249771118164
-11.209714889526367
-11.209150314331055
-11.233719825744629
-11.237253189086914
-11.24065113067627
-11.236824035644531
-11.227705001831055
-11.226540565490723
-11.23570442199707
-11.242239952087402
-11.240435600280762
-11.233878135681152
-11.231861114501953
-11.226486206054688
-11.235627174377441
-11.224845886230469
-11.23948860168457
-11.25122356414795
-11.24465274810791
-11.246285438537598
-11.244510650634766
-11.248000144958496
-11.240588188171387
-11.247447967529297
-11.242209434509277
-11.251334190368652
-11.246749877929688
-11.245402336120605
-11.239545822143555
-11.24325180053711
-11.243054389953613
-11.239158630371094
-11.241142272949219
-11.241799354553223
-11.248281478881836
-11.241426467895508
-11.232979774475098
-11.230254173278809
-11.232418060302734
-11.236308097839355
-11.243865013122559
-11.246644973754883
-11.250128746032715
-11.233295440673828
-11.217987060546875
-11.206064224243164
-11.208786964416504
-11.224420547485352
-11.244906425476074
-11.238249778747559
-11.21590805053711
-11.215689659118652
-11.223312377929688
-11.243528366088867
-11.244246482849121
-11.235455513000488
-11.219327926635742
-11.22518539428711
-11.235976219177246
-11.254926681518555
-11.23966121673584
-11.237408638000488
-11.234063148498535
-11.248072624206543
-11.248351097106934
-11.241174697875977
-11.219897270202637
-11.2216215133667
-11.242908477783203
-11.249746322631836
-11.232773780822754
-11.227706909179688
-11.238640785217285
-11.24763298034668
-11.240312576293945
-11.22154712677002
-11.21245288848877
-11.225656509399414
-11.245054244995117
-11.252708435058594
-11.232046127319336
-11.239575386047363
-11.243703842163086
-11.243661880493164
-11.238744735717773
-11.234151840209961
-11.221139907836914
-11.232815742492676
-11.247312545776367
-11.243766784667969
-11.233100891113281
-11.23287296295166
-11.244515419006348
-11.251492500305176
-11.24389934539795
-11.232654571533203
-11.247163772583008
-11.248332023620605
-11.248577117919922
-11.240304946899414
-11.23717975616455
-11.241490364074707
-11.247215270996094
-11.249017715454102
-11.245683670043945
-11.23552131652832
-11.243538856506348
-11.247903823852539
-11.250696182250977
-11.247057914733887
-11.243148803710938
-11.237615585327148
-11.249366760253906
-11.248324394226074
-11.246343612670898
-11.239774703979492
-11.249732971191406
-11.247581481933594
-11.243826866149902
-11.245149612426758
-11.25056266784668
-11.244699478149414
-11.252571105957031
-11.253114700317383
-11.251358032226562
-11.25080680847168
-11.245912551879883
-11.248270034790039
-11.248987197875977
-11.247150421142578
-11.24754810333252
-11.253605842590332
-11.25582218170166
-11.246785163879395
-11.252396583557129
-11.246438980102539
-11.253951072692871
-11.251901626586914
-11.24642562866211
-11.254074096679688
-11.250727653503418
-11.245879173278809
-11.256155014038086
-11.254833221435547
-11.253942489624023
-11.250151634216309
-11.263815879821777
-11.24705982208252
-11.248820304870605
-11.249482154846191
-11.249881744384766
-11.250282287597656
-11.252849578857422
-11.251749992370605
-11.256648063659668
-11.251124382019043
-11.253257751464844
-11.253403663635254
-11.25181770324707
-11.253483772277832
-11.247241973876953
-11.254361152648926
-11.252894401550293
-11.252474784851074
-11.25032901763916
-11.253443717956543
-11.252744674682617
-11.252846717834473
-11.246795654296875
-11.257370948791504
-11.251290321350098
-11.251761436462402
-11.256928443908691
-11.24906063079834
-11.256745338439941
-11.254898071289062
-11.253410339355469
-11.25644302368164
-11.251218795776367
-11.258596420288086
-11.255534172058105
-11.257040023803711
-11.254068374633789
-11.261716842651367
-11.25284481048584
-11.254074096679688
-11.251932144165039
-11.250826835632324
-11.254124641418457
-11.253933906555176
-11.254867553710938
-11.256303787231445
-11.25644588470459
-11.256702423095703
-11.255596160888672
-11.254899978637695
-11.253405570983887
-11.2529296875
-11.252340316772461
-11.255292892456055
-11.261462211608887
-11.250282287597656
-11.258340835571289
-11.254888534545898
-11.253095626831055
-11.25897216796875
-11.256112098693848
-11.25890827178955
-11.254386901855469
-11.256925582885742
-11.254474639892578
-11.253451347351074
-11.255318641662598
-11.257208824157715
-11.246682167053223
-11.251993179321289
-11.248629570007324
-11.24880599975586
-11.254618644714355
-11.25094985961914
-11.253403663635254
-11.2548828125
-11.253016471862793
-11.257606506347656
-11.25588321685791
-11.25270938873291
-11.251835823059082
-11.25075912475586
-11.242369651794434
-11.250001907348633
-11.248645782470703
-11.255128860473633
-11.25009536743164
-11.239049911499023
-11.230509757995605
-11.225554466247559
-11.216259956359863
-11.224077224731445
-11.242798805236816
-11.25147533416748
-11.247647285461426
-11.238030433654785
-11.201089859008789
-11.21263313293457
-11.238718032836914
-11.252287864685059
-11.254186630249023
-11.257411003112793
-11.252832412719727
-11.250889778137207
-11.254575729370117
-11.255928039550781
-11.252131462097168
-11.255073547363281
-11.251007080078125
-11.255134582519531
-11.254424095153809
-11.259601593017578
-11.255435943603516
-11.251587867736816
-11.255934715270996
-11.25771713256836
-11.254093170166016
-11.251373291015625
-11.258723258972168
-11.258054733276367
-11.257087707519531
-11.25281047821045
-11.256876945495605
-11.254840850830078
-11.26351261138916
-11.25676155090332
-11.250898361206055
-11.255023002624512
-11.260237693786621
-11.256698608398438
-11.254877090454102
-11.26034927368164
-11.263211250305176
-11.25509262084961
-11.252141952514648
-11.256407737731934
-11.257386207580566
-11.253901481628418
-11.253771781921387
-11.25715160369873
-11.257084846496582
-11.252107620239258
-11.258451461791992
-11.254908561706543
-11.258430480957031
-11.257119178771973
-11.25490665435791
-11.256622314453125
-11.256534576416016
-11.251055717468262
-11.261545181274414
-11.253983497619629
-11.253945350646973
-11.258577346801758
-11.24953842163086
-11.252880096435547
-11.2568998336792
-11.257107734680176
-11.260130882263184
-11.261445045471191
-11.26034164428711
-11.257783889770508
-11.256752014160156
-11.259017944335938
-11.256277084350586
-11.262537956237793
-11.256858825683594
-11.253518104553223
-11.260302543640137
-11.261655807495117
-11.255971908569336
-11.26010799407959
-11.259941101074219
-11.259903907775879
-11.262861251831055
-11.257871627807617
-11.254985809326172
-11.261821746826172
-11.26276969909668
-11.255524635314941
-11.255475044250488
-11.254483222961426
-11.262489318847656
-11.256872177124023
-11.263254165649414
-11.254571914672852
-11.258691787719727
-11.26203727722168
-11.261568069458008
-11.262484550476074
-11.256007194519043
-11.262211799621582
-11.251031875610352
-11.257221221923828
-11.256263732910156
-11.252737045288086
-11.258898735046387
-11.254190444946289
-11.26010513305664
-11.25554084777832
-11.260669708251953
-11.262609481811523
-11.257743835449219
-11.266009330749512
-11.259183883666992
-11.262430191040039
-11.259542465209961
-11.260605812072754
-11.259242057800293
-11.25804615020752
-11.259974479675293
-11.256683349609375
-11.257253646850586
-11.260391235351562
-11.257701873779297
-11.262617111206055
-11.259153366088867
-11.256717681884766
-11.258133888244629
-11.259115219116211
-11.259214401245117
-11.260970115661621
-11.262002944946289
-11.266340255737305
-11.261601448059082
-11.25973129272461
-11.263469696044922
-11.25894832611084
-11.259563446044922
-11.251172065734863
-11.249998092651367
-11.240690231323242
-11.238959312438965
-11.233168601989746
-11.236234664916992
-11.243471145629883
-11.250455856323242
-11.254034042358398
-11.255590438842773
-11.254256248474121
-11.25843334197998
-11.257503509521484
-11.25993824005127
-11.257458686828613
-11.241705894470215
-11.23460865020752
-11.219746589660645
-11.232194900512695
-11.242963790893555
-11.249855995178223
-11.249927520751953
-11.254706382751465
-11.25983715057373
-11.257389068603516
-11.262602806091309
-11.261046409606934
-11.258112907409668
-11.258892059326172
-11.243643760681152
-11.236546516418457
-11.242097854614258
-11.248196601867676
-11.249095916748047
-11.253625869750977
-11.25625228881836
-11.25356674194336
-11.25698471069336
-11.261363983154297
-11.259714126586914
-11.265397071838379
-11.256885528564453
-11.251505851745605
-11.255120277404785
-11.262676239013672
-11.258522987365723
-11.258439064025879
-11.25999641418457
-11.241960525512695
-11.236270904541016
-11.23819351196289
-11.248383522033691
-11.259297370910645
-11.259937286376953
-11.260449409484863
-11.246877670288086
-11.246397972106934
-11.256964683532715
-11.26097583770752
-11.262927055358887
-11.260780334472656
-11.259642601013184
-11.263644218444824
-11.2570161819458
-11.250048637390137
-11.223965644836426
-11.224747657775879
-11.241950988769531
-11.259589195251465
-11.26185131072998
-11.24114990234375
-11.203718185424805
-11.216848373413086
-11.241013526916504
-11.25786018371582
-11.260000228881836
-11.254948616027832
-11.235843658447266
-11.229870796203613
-11.230677604675293
-11.240636825561523
-11.25424575805664
-11.256016731262207
-11.258734703063965
-11.25517463684082
-11.249885559082031
-11.251421928405762
-11.258514404296875
-11.2597074508667
-11.255599021911621
-11.249141693115234
-11.241878509521484
-11.254286766052246
-11.261275291442871
-11.264761924743652
-11.260339736938477
-11.25216007232666
-11.240313529968262
-11.246119499206543
-11.247086524963379
-11.2516508102417
-11.260856628417969
-11.262937545776367
-11.25656509399414
-11.244126319885254
-11.249679565429688
-11.26053237915039
-11.261122703552246
-11.262385368347168
-11.2600736618042
-11.259638786315918
-11.253898620605469
-11.257657051086426
-11.256332397460938
-11.265921592712402
-11.266650199890137
-11.265236854553223
-11.262409210205078
-11.26387882232666
-11.262614250183105
-11.2672700881958
-11.258016586303711
-11.265249252319336
-11.263114929199219
-11.26417064666748
-11.257964134216309
-11.262721061706543
-11.266510009765625
-11.258883476257324
-11.265357971191406
-11.262031555175781
-11.263321876525879
-11.26204776763916
-11.263484954833984
-11.263614654541016
-11.264216423034668
-11.264639854431152
-11.264104843139648
-11.259245872497559
-11.263713836669922
-11.26628303527832
-11.270687103271484
-11.260404586791992
-11.265328407287598
-11.26064682006836
-11.26338005065918
-11.262519836425781
-11.263157844543457
-11.259467124938965
-11.265946388244629
-11.26240062713623
-11.268095016479492
-11.260744094848633
-11.263275146484375
-11.263456344604492
-11.262635231018066
-11.267647743225098
-11.261408805847168
-11.261693000793457
-11.264537811279297
-11.265113830566406
-11.261992454528809
-11.264861106872559
-11.266533851623535
-11.261765480041504
-11.254976272583008
-11.255559921264648
-11.255135536193848
-11.261841773986816
-11.25713062286377
-11.263832092285156
-11.261930465698242
-11.260268211364746
-11.247725486755371
-11.238393783569336
-11.251391410827637
-11.252422332763672
-11.2591552734375
-11.263213157653809
-11.26289176940918
-11.259581565856934
-11.251927375793457
-11.257086753845215
-11.26010799407959
-11.261661529541016
-11.261739730834961
-11.260367393493652
-11.263696670532227
-11.2611083984375
-11.26025104522705
-11.255077362060547
-11.249940872192383
-11.25812816619873
-11.262011528015137
-11.262500762939453
-11.263206481933594
-11.263465881347656
-11.259538650512695
-11.258723258972168
-11.253890037536621
-11.254197120666504
-11.257857322692871
-11.259932518005371
-11.25598430633545
-11.264638900756836
-11.26667308807373
-11.260891914367676
-11.261204719543457
-11.258121490478516
-11.257721900939941
-11.258670806884766
-11.252275466918945
-11.25829792022705
-11.26230239868164
-11.263538360595703
-11.25766372680664
-11.263566017150879
-11.262945175170898
-11.26470947265625
-11.259872436523438
-11.256378173828125
-11.25976848602295
-11.26340103149414
-11.26688289642334
-11.267306327819824
-11.26335334777832
-11.255340576171875
-11.242911338806152
-11.243499755859375
-11.257702827453613
-11.262327194213867
-11.264533996582031
-11.255212783813477
-11.24085521697998
-11.236212730407715
-11.252812385559082
-11.261152267456055
-11.266179084777832
-11.256133079528809
-11.232940673828125
-11.217991828918457
-11.239324569702148
-11.260629653930664
-11.263609886169434
-11.260889053344727
-11.250566482543945
-11.259232521057129
-11.26467514038086
-11.257070541381836
-11.251139640808105
-11.261609077453613
-11.262661933898926
-11.266714096069336
-11.266366958618164
-11.26065444946289
-11.260149002075195
-11.262776374816895
-11.269074440002441
-11.261770248413086
-11.248541831970215
-11.250287055969238
-11.243197441101074
-11.262527465820312
-11.260838508605957
-11.237968444824219
-11.224363327026367
-11.238226890563965
-11.258151054382324
-11.262038230895996
-11.242213249206543
-11.23464584350586
-11.241195678710938
-11.260549545288086
-11.262372016906738
-11.250480651855469
-11.224428176879883
-11.231584548950195
-11.258001327514648
-11.266164779663086
-11.259136199951172
-11.243478775024414
-11.23933219909668
-11.256209373474121
-11.265836715698242
-11.264541625976562
-11.248307228088379
-11.236811637878418
-11.24167251586914
-11.260791778564453
-11.265607833862305
-11.256973266601562
-11.249252319335938
-11.250260353088379
-11.251057624816895
-11.26633358001709
-11.259655952453613
-11.258244514465332
-11.242936134338379
-11.241902351379395
-11.257404327392578
-11.26529598236084
-11.26594066619873
-11.252910614013672
-11.254965782165527
-11.256047248840332
-11.259688377380371
-11.263124465942383
-11.260763168334961
-11.259196281433105
-11.258566856384277
-11.26120662689209
-11.26441478729248
-11.267226219177246
-11.261133193969727
-11.262735366821289
-11.263204574584961
-11.269088745117188
-11.268582344055176
-11.265103340148926
-11.258417129516602
-11.26743221282959
-11.26854133605957
-11.268402099609375
-11.258553504943848
-11.263197898864746
-11.261874198913574
-11.26467227935791
-11.267359733581543
-11.268917083740234
-11.263867378234863
-11.266410827636719
-11.263681411743164
-11.270073890686035
-11.2730131149292
-11.261910438537598
-11.270318031311035
-11.272204399108887
-11.274105072021484
-11.267892837524414
-11.26952075958252
-11.268564224243164
-11.26803970336914
-11.26830005645752
-11.268484115600586
-11.269232749938965
-11.269275665283203
-11.266426086425781
-11.260507583618164
-11.252345085144043
-11.256669998168945
-11.26742935180664
-11.267328262329102
-11.267843246459961
-11.260444641113281
-11.261232376098633
-11.263715744018555
-11.267711639404297
-11.269105911254883
-11.270927429199219
-11.26350212097168
-11.259591102600098
-11.268420219421387
-11.270737648010254
-11.261771202087402
-11.257731437683105
-11.249516487121582
-11.252480506896973
-11.264168739318848
-11.269437789916992
-11.268059730529785
-11.26363468170166
-11.266532897949219
-11.263344764709473
-11.2703218460083
-11.267461776733398
-11.265442848205566
-11.260580062866211
-11.269757270812988
-11.271431922912598
-11.266899108886719
-11.26426887512207
-11.258500099182129
-11.266215324401855
-11.264904975891113
-11.272306442260742
-11.271082878112793
-11.271246910095215
-11.269333839416504
-11.269368171691895
-11.269057273864746
-11.274674415588379
-11.27013111114502
-11.270922660827637
-11.27009105682373
-11.272382736206055
-11.267281532287598
-11.26954174041748
-11.268924713134766
-11.26427936553955
-11.268367767333984
-11.267964363098145
-11.27013874053955
-11.271541595458984
-11.265701293945312
-11.275970458984375
-11.274426460266113
-11.266817092895508
-11.270075798034668
-11.2730712890625
-11.274372100830078
-11.271415710449219
-11.271788597106934
-11.272684097290039
-11.271199226379395
-11.26833724975586
-11.269502639770508
-11.274382591247559
-11.268338203430176
-11.273226737976074
-11.272653579711914
-11.27445125579834
-11.27125358581543
-11.268564224243164
-11.271909713745117
-11.271756172180176
-11.267056465148926
-11.274833679199219
-11.269889831542969
-11.271896362304688
-11.273395538330078
-11.273990631103516
-11.269670486450195
-11.27440071105957
-11.27266788482666
-11.270914077758789
-11.268341064453125
-11.275237083435059
-11.27319049835205
-11.274662971496582
-11.267967224121094
-11.276017189025879
-11.269302368164062
-11.274577140808105
-11.270549774169922
-11.271564483642578
-11.274994850158691
-11.274703979492188
-11.273244857788086
-11.268232345581055
-11.271347999572754
-11.272659301757812
-11.267922401428223
-11.27684211730957
-11.271058082580566
-11.273067474365234
-11.272918701171875
-11.269268989562988
-11.27518367767334
-11.270599365234375
-11.268033027648926
-11.274653434753418
-11.265435218811035
-11.269776344299316
-11.270953178405762
-11.269461631774902
-11.272577285766602
-11.275524139404297
-11.275960922241211
-11.273372650146484
-11.266852378845215
-11.269508361816406
-11.270946502685547
-11.27395248413086
-11.271154403686523
-11.269912719726562
-11.269353866577148
-11.269074440002441
-11.270551681518555
-11.263551712036133
-11.264884948730469
-11.265692710876465
-11.257736206054688
-11.265604019165039
-11.26742172241211
-11.266934394836426
-11.273276329040527
-11.273512840270996
-11.27280330657959
-11.269583702087402
-11.273077964782715
-11.268089294433594
-11.273252487182617
-11.270880699157715
-11.268425941467285
-11.275361061096191
-11.273555755615234
-11.273948669433594
-11.275856018066406
-11.26974105834961
-11.271955490112305
-11.264853477478027
-11.272186279296875
-11.269762992858887
-11.268708229064941
-11.270185470581055
-11.274007797241211
-11.270756721496582
-11.274404525756836
-11.27090072631836
-11.272178649902344
-11.274981498718262
-11.275447845458984
-11.273988723754883
-11.27055835723877
-11.267952919006348
-11.26705265045166
-11.267171859741211
-11.269731521606445
-11.260197639465332
-11.261857032775879
-11.261467933654785
-11.263691902160645
-11.26651668548584
-11.270888328552246
-11.274950981140137
-11.271757125854492
-11.271479606628418
-11.26533031463623
-11.26190185546875
-11.258578300476074
-11.254720687866211
-11.260957717895508
-11.262333869934082
-11.266727447509766
-11.268383026123047
-11.275216102600098
-11.273066520690918
-11.265504837036133
-11.260924339294434
-11.25264835357666
-11.235600471496582
-11.2282133102417
-11.243736267089844
-11.263218879699707
-11.275670051574707
-11.274515151977539
-11.260128021240234
-11.241154670715332
-11.243674278259277
-11.254799842834473
-11.263923645019531
-11.270659446716309
-11.272028923034668
-11.270811080932617
-11.273802757263184
-11.26979923248291
-11.272308349609375
-11.272624015808105
-11.270535469055176
-11.276869773864746
-11.272882461547852
-11.271590232849121
-11.271865844726562
-11.272852897644043
-11.270697593688965
-11.27028751373291
-11.273383140563965
-11.268482208251953
-11.263843536376953
-11.263309478759766
-11.268866539001465
-11.271824836730957
-11.267168045043945
-11.264793395996094
-11.257552146911621
-11.264479637145996
-11.267821311950684
-11.270784378051758
-11.277490615844727
-11.268436431884766
-11.266651153564453
-11.268220901489258
-11.273533821105957
-11.274842262268066
-11.271960258483887
-11.272551536560059
-11.270721435546875
-11.268200874328613
-11.268028259277344
-11.269177436828613
-11.273725509643555
-11.27417278289795
-11.272470474243164
-11.270668029785156
-11.271305084228516
-11.268715858459473
-11.268555641174316
-11.268135070800781
-11.269068717956543
-11.274351119995117
-11.275146484375
-11.27232551574707
-11.26298713684082
-11.275776863098145
-11.273138046264648
-11.274576187133789
-11.27295207977295
-11.274831771850586
-11.269527435302734
-11.268105506896973
-11.260618209838867
-11.263069152832031
-11.266324043273926
-11.272963523864746
-11.276199340820312
-11.274551391601562
-11.271880149841309
-11.274550437927246
-11.271750450134277
-11.272971153259277
-11.271683692932129
-11.275872230529785
-11.277667045593262
-11.274863243103027
-11.276420593261719
-11.273988723754883
-11.273310661315918
-11.27640438079834
-11.279054641723633
-11.274560928344727
-11.273681640625
-11.275403022766113
-11.272993087768555
-11.2750883102417
-11.2761869430542
-11.275711059570312
-11.276570320129395
-11.277826309204102
-11.275581359863281
-11.274142265319824
-11.277568817138672
-11.275833129882812
-11.272466659545898
-11.269891738891602
-11.27013111114502
-11.26679801940918
-11.268462181091309
-11.271700859069824
-11.264642715454102
-11.276362419128418
-11.274710655212402
-11.27820873260498
-11.267258644104004
-11.267349243164062
-11.263216018676758
-11.253090858459473
-11.251667022705078
-11.257768630981445
-11.266199111938477
-11.276073455810547
-11.272306442260742
-11.272482872009277
-11.257264137268066
-11.242838859558105
-11.246713638305664
-11.241450309753418
-11.24734115600586
-11.253808975219727
-11.26230525970459
-11.275483131408691
-11.269911766052246
-11.257743835449219
-11.231231689453125
-11.247364044189453
-11.268399238586426
-11.263933181762695
-11.252866744995117
-11.251502990722656
-11.249162673950195
-11.261089324951172
-11.274087905883789
-11.271021842956543
-11.247859954833984
-11.220514297485352
-11.225777626037598
-11.259486198425293
-11.27100944519043
-11.266956329345703
-11.226618766784668
-11.215880393981934
-11.248807907104492
-11.270451545715332
-11.274523735046387
-11.254055976867676
-11.23949146270752
-11.253225326538086
-11.272317886352539
-11.271598815917969
-11.258635520935059
-11.254277229309082
-11.26846694946289
-11.276656150817871
-11.275158882141113
-11.27133560180664
-11.262727737426758
-11.270609855651855
-11.272573471069336
-11.274442672729492
-11.27981185913086
-11.278704643249512
-11.278915405273438
-11.272793769836426
-11.275117874145508
-11.273872375488281
-11.277502059936523
-11.277185440063477
-11.276590347290039
-11.271031379699707
-11.277347564697266
-11.276939392089844
-11.274820327758789
-11.27349853515625
-11.27497386932373
-11.275040626525879
-11.277209281921387
-11.277093887329102
-11.278646469116211
-11.272878646850586
-11.275362014770508
-11.274027824401855
-11.276961326599121
-11.273194313049316
-11.27692699432373
-11.27531909942627
-11.275618553161621
-11.277120590209961
-11.281190872192383
-11.279409408569336
-11.279653549194336
-11.277382850646973
-11.274785995483398
-11.276205062866211
-11.275925636291504
-11.276222229003906
-11.277652740478516
-11.278456687927246
-11.277305603027344
-11.27984619140625
-11.278362274169922
-11.277273178100586
-11.27578353881836
-11.278911590576172
-11.276021003723145
-11.276432991027832
-11.27800464630127
-11.278743743896484
-11.278857231140137
-11.276300430297852
-11.273419380187988
-11.278451919555664
-11.276053428649902
-11.275345802307129
-11.278409004211426
-11.279396057128906
-11.275019645690918
-11.279915809631348
-11.274169921875
-11.278313636779785
-11.280305862426758
-11.275879859924316
-11.280991554260254
-11.280352592468262
-11.27833366394043
-11.278589248657227
-11.27484130859375
-11.278862953186035
-11.282195091247559
-11.276885032653809
-11.278273582458496
-11.280632972717285
-11.278788566589355
-11.274680137634277
-11.278077125549316
-11.279757499694824
-11.2783203125
-11.27989387512207
-11.275723457336426
-11.279986381530762
-11.278517723083496
-11.278754234313965
-11.277714729309082
-11.275012969970703
-11.282143592834473
-11.277435302734375
-11.27531623840332
-11.277886390686035
-11.280757904052734
-11.279984474182129
-11.275362968444824
-11.27899169921875
-11.2785062789917
-11.275306701660156
-11.279995918273926
-11.275866508483887
-11.277565002441406
-11.278263092041016
-11.277789115905762
-11.281512260437012
-11.277626991271973
-11.280845642089844
-11.279016494750977
-11.281134605407715
-11.281217575073242
-11.283896446228027
-11.279378890991211
-11.273054122924805
-11.281982421875
-11.279725074768066
-11.281454086303711
-11.278341293334961
-11.277198791503906
-11.282127380371094
-11.279488563537598
-11.274426460266113
-11.279541969299316
-11.283097267150879
-11.283232688903809
-11.276007652282715
-11.274593353271484
-11.278186798095703
-11.271381378173828
-11.271199226379395
-11.271251678466797
-11.272635459899902
-11.278851509094238
-11.269675254821777
-11.276327133178711
-11.27758502960205
-11.277552604675293
-11.277987480163574
-11.275793075561523
-11.275254249572754
-11.267303466796875
-11.268034934997559
-11.269692420959473
-11.266793251037598
-11.267483711242676
-11.274593353271484
-11.278488159179688
-11.281988143920898
-11.277592658996582
-11.265863418579102
-11.255123138427734
-11.23106861114502
-11.216028213500977
-11.23472785949707
-11.259275436401367
-11.278264045715332
-11.282245635986328
-11.271122932434082
-11.262044906616211
-11.256657600402832
-11.26023006439209
-11.273553848266602
-11.280722618103027
-11.27177906036377
-11.25189208984375
-11.235166549682617
-11.233489990234375
-11.257120132446289
-11.276841163635254
-11.272046089172363
-11.263127326965332
-11.250670433044434
-11.2591552734375
-11.268471717834473
-11.274229049682617
-11.280312538146973
-11.273554801940918
-11.27471923828125
-11.275628089904785
-11.274599075317383
-11.270811080932617
-11.271903991699219
-11.270196914672852
-11.276544570922852
-11.279525756835938
-11.274855613708496
-11.264113426208496
-11.252973556518555
-11.258509635925293
-11.271629333496094
-11.278700828552246
-11.269930839538574
-11.272063255310059
-11.274870872497559
-11.28068733215332
-11.278956413269043
-11.272669792175293
-11.274425506591797
-11.27054214477539
-11.270639419555664
-11.275010108947754
-11.277936935424805
-11.273849487304688
-11.266584396362305
-11.263753890991211
-11.269911766052246
-11.273943901062012
-11.2814359664917
-11.281026840209961
-11.275628089904785
-11.273280143737793
-11.277382850646973
-11.284550666809082
-11.278153419494629
-11.282392501831055
-11.275713920593262
-11.280877113342285
-11.28000259399414
-11.276217460632324
-11.281353950500488
-11.283188819885254
-11.276711463928223
-11.279004096984863
-11.28172779083252
-11.276147842407227
-11.281245231628418
-11.281420707702637
-11.277400016784668
-11.280985832214355
-11.2799072265625
-11.282879829406738
-11.283041954040527
-11.277710914611816
-11.282401084899902
-11.27990436553955
-11.281647682189941
-11.280226707458496
-11.278745651245117
-11.274991989135742
-11.276191711425781
-11.27934455871582
-11.282817840576172
-11.280914306640625
-11.282153129577637
-11.278348922729492
-11.2807035446167
-11.281612396240234
-11.277639389038086
-11.28046703338623
-11.28220272064209
-11.277901649475098
-11.279667854309082
-11.281012535095215
-11.284111976623535
-11.282065391540527
-11.279865264892578
-11.280549049377441
-11.279067039489746
-11.278178215026855
-11.281904220581055
-11.283698081970215
-11.278762817382812
-11.28084659576416
-11.2781400680542
-11.281413078308105
-11.281807899475098
-11.279581069946289
-11.280791282653809
-11.276122093200684
-11.281207084655762
-11.277973175048828
-11.279866218566895
-11.279032707214355
-11.281012535095215
-11.281877517700195
-11.277138710021973
-11.278584480285645
-11.278197288513184
-11.279264450073242
-11.282822608947754
-11.279378890991211
-11.277703285217285
-11.282163619995117
-11.285116195678711
-11.284675598144531
-11.279497146606445
-11.283090591430664
-11.282793998718262
-11.284354209899902
-11.277970314025879
-11.279240608215332
-11.281366348266602
-11.280510902404785
-11.282251358032227
-11.2780179977417
-11.282769203186035
-11.282021522521973
-11.282146453857422
-11.283658027648926
-11.280559539794922
-11.279618263244629
-11.280351638793945
-11.274782180786133
-11.277813911437988
-11.28073501586914
-11.281362533569336
-11.27880573272705
-11.281317710876465
-11.283321380615234
-11.283260345458984
-11.287425994873047
-11.281246185302734
-11.281854629516602
-11.282790184020996
-11.281908988952637
-11.284116744995117
-11.280802726745605
-11.287964820861816
-11.28266429901123
-11.284881591796875
-11.282508850097656
-11.280928611755371
-11.279934883117676
-11.278044700622559
-11.275907516479492
-11.277728080749512
-11.278138160705566
-11.278851509094238
-11.277229309082031
-11.272747993469238
-11.272785186767578
-11.264219284057617
-11.25363826751709
-11.248525619506836
-11.243088722229004
-11.249600410461426
-11.25995922088623
-11.278947830200195
-11.277129173278809
-11.25481128692627
-11.230632781982422
-11.215644836425781
-11.23339557647705
-11.260299682617188
-11.27780818939209
-11.28420352935791
-11.259988784790039
-11.238715171813965
-11.244938850402832
-11.266972541809082
-11.276599884033203
-11.267963409423828
-11.239373207092285
-11.23530101776123
-11.263328552246094
-11.263507843017578
-11.277070999145508
-11.27750015258789
-11.261781692504883
-11.254992485046387
-11.270394325256348
-11.277042388916016
-11.272490501403809
-11.26193618774414
-11.249455451965332
-11.250725746154785
-11.2653169631958
-11.275983810424805
-11.278568267822266
-11.265591621398926
-11.243125915527344
-11.249920845031738
-11.274009704589844
-11.28295612335205
-11.273744583129883
-11.254965782165527
-11.25134563446045
-11.263467788696289
-11.283679962158203
-11.282499313354492
-11.27804946899414
-11.274606704711914
-11.27664852142334
-11.28260326385498
-11.279646873474121
-11.273959159851074
-11.278729438781738
-11.28223705291748
-11.282952308654785
-11.277860641479492
-11.275445938110352
-11.26928424835205
-11.275732040405273
-11.283366203308105
-11.280651092529297
-11.274699211120605
-11.270668029785156
-11.274683952331543
-11.280813217163086
-11.282629013061523
-11.280768394470215
-11.279261589050293
-11.279518127441406
-11.283215522766113
-11.28007984161377
-11.281241416931152
-11.2821626663208
-11.279420852661133
-11.287062644958496
-11.283784866333008
-11.282173156738281
-11.282612800598145
-11.2806978225708
-11.28167724609375
-11.286733627319336
-11.283353805541992
-11.285194396972656
-11.283843040466309
-11.283881187438965
-11.283740043640137
-11.284918785095215
-11.282230377197266
-11.286354064941406
-11.284296989440918
-11.282499313354492
-11.284210205078125
-11.280747413635254
-11.28277587890625
-11.286849975585938
-11.284485816955566
-11.286703109741211
-11.284534454345703
-11.280728340148926
-11.28488540649414
-11.284777641296387
-11.280956268310547
-11.282879829406738
-11.284492492675781
-11.283905029296875
-11.283401489257812
-11.284168243408203
-11.282546043395996
-11.283698081970215
-11.285969734191895
-11.283740997314453
-11.28503704071045
-11.286701202392578
-11.285536766052246
-11.283777236938477
-11.283944129943848
-11.285269737243652
-11.283382415771484
-11.283432006835938
-11.284558296203613
-11.284855842590332
-11.284565925598145
-11.286656379699707
-11.28338623046875
-11.286542892456055
-11.285050392150879
-11.284553527832031
-11.283812522888184
-11.287850379943848
-11.282849311828613
-11.28761100769043
-11.28311824798584
-11.28789234161377
-11.286096572875977
-11.285562515258789
-11.284326553344727
-11.285701751708984
-11.285513877868652
-11.286202430725098
-11.286172866821289
-11.284324645996094
-11.284186363220215
-11.283953666687012
-11.285578727722168
-11.284720420837402
-11.284229278564453
-11.284032821655273
-11.283382415771484
-11.28248119354248
-11.283685684204102
-11.28658676147461
-11.285940170288086
-11.285951614379883
-11.285902976989746
-11.285355567932129
-11.287490844726562
-11.284747123718262
-11.286685943603516
-11.28392505645752
-11.28691291809082
-11.28332233428955
-11.277819633483887
-11.286559104919434
-11.282057762145996
-11.279891967773438
-11.28009033203125
-11.279261589050293
-11.287899017333984
-11.283909797668457
-11.286299705505371
-11.284887313842773
-11.2833890914917
-11.28365707397461
-11.284629821777344
-11.28590202331543
-11.285033226013184
-11.28359603881836
-11.284954071044922
-11.280729293823242
-11.285344123840332
-11.276138305664062
-11.274123191833496
-11.264138221740723
-11.266643524169922
-11.273551940917969
-11.274749755859375
-11.284280776977539
-11.281959533691406
-11.279969215393066
-11.268451690673828
-11.267904281616211
-11.279170989990234
-11.284753799438477
-11.262842178344727
-11.240309715270996
-11.235681533813477
-11.272150993347168
-11.27069091796875
-11.213554382324219
-11.212574005126953
-11.258755683898926
-11.283332824707031
-11.271864891052246
-11.247350692749023
-11.25058650970459
-11.274266242980957
-11.281225204467773
-11.274188995361328
-11.261906623840332
-11.256093978881836
-11.261796951293945
-11.279763221740723
-11.271748542785645
-11.23647689819336
-11.225242614746094
-11.267398834228516
-11.27987003326416
-11.28507137298584
-11.281543731689453
-11.286298751831055
-11.280946731567383
-11.284575462341309
-11.28460693359375
-11.281400680541992
-11.282662391662598
-11.284034729003906
-11.282837867736816
-11.284274101257324
-11.280014991760254
-11.28027057647705
-11.280435562133789
-11.287589073181152
-11.274551391601562
-11.267154693603516
-11.271387100219727
-11.279041290283203
-11.285367012023926
-11.286638259887695
-11.278961181640625
-11.285032272338867
-11.286482810974121
-11.286771774291992
-11.290234565734863
-11.287819862365723
-11.286182403564453
-11.284607887268066
-11.284257888793945
-11.287446022033691
-11.286588668823242
-11.28686809539795
-11.283533096313477
-11.285018920898438
-11.286495208740234
-11.286102294921875
-11.284759521484375
-11.283852577209473
-11.284671783447266
-11.28631591796875
-11.283856391906738
-11.285932540893555
-11.288684844970703
-11.28820514678955
-11.28792953491211
-11.288440704345703
-11.289420127868652
-11.286136627197266
-11.289254188537598
-11.288975715637207
-11.285901069641113
-11.28667163848877
-11.289417266845703
-11.285964965820312
-11.285358428955078
-11.288960456848145
-11.286563873291016
-11.285727500915527
-11.283121109008789
-11.283717155456543
-11.28477668762207
-11.286563873291016
-11.28501033782959
-11.287101745605469
-11.287498474121094
-11.285167694091797
-11.286663055419922
-11.28969669342041
-11.288464546203613
-11.285615921020508
-11.288979530334473
-11.28835678100586
-11.287254333496094
-11.290328025817871
-11.282594680786133
-11.287863731384277
-11.285046577453613
-11.290003776550293
-11.286462783813477
-11.285505294799805
-11.287313461303711
-11.287233352661133
-11.285314559936523
-11.285748481750488
-11.289923667907715
-11.2864408493042
-11.290830612182617
-11.2882719039917
-11.28215503692627
-11.285514831542969
-11.28806209564209
-11.286652565002441
-11.286958694458008
-11.287165641784668
-11.287816047668457
-11.285618782043457
-11.289084434509277
-11.286612510681152
-11.287139892578125
-11.287515640258789
-11.292398452758789
-11.286019325256348
-11.286351203918457
-11.289645195007324
-11.286819458007812
-11.289088249206543
-11.28842830657959
-11.286849021911621
-11.285147666931152
-11.289407730102539
-11.289836883544922
-11.287672996520996
-11.284886360168457
-11.288236618041992
-11.286969184875488
-11.284551620483398
-11.289233207702637
-11.289119720458984
-11.283257484436035
-11.288932800292969
-11.291305541992188
-11.287529945373535
-11.287057876586914
-11.287572860717773
-11.288973808288574
-11.283858299255371
-11.286874771118164
-11.28813362121582
-11.283838272094727
-11.285191535949707
-11.285987854003906
-11.28641128540039
-11.28921127319336
-11.284746170043945
-11.290556907653809
-11.28421688079834
-11.288077354431152
-11.289294242858887
-11.288677215576172
-11.28415298461914
-11.285825729370117
-11.282679557800293
-11.286641120910645
-11.288957595825195
-11.28724193572998
-11.288187980651855
-11.283796310424805
-11.28849983215332
-11.287519454956055
-11.288692474365234
-11.286455154418945
-11.288219451904297
-11.285921096801758
-11.289834022521973
-11.288931846618652
-11.286543846130371
-11.289643287658691
-11.291187286376953
-11.288054466247559
-11.288237571716309
-11.287294387817383
-11.289457321166992
-11.288555145263672
-11.2883882522583
-11.288763046264648
-11.289007186889648
-11.290553092956543
-11.285672187805176
-11.28761100769043
-11.283429145812988
-11.285261154174805
-11.287153244018555
-11.285004615783691
-11.280782699584961
-11.280167579650879
-11.279447555541992
-11.271973609924316
-11.270081520080566
-11.274465560913086
-11.277547836303711
-11.280343055725098
-11.284668922424316
-11.284220695495605
-11.285950660705566
-11.285138130187988
-11.28380298614502
-11.281915664672852
-11.277227401733398
-11.257869720458984
-11.233465194702148
-11.233179092407227
-11.261533737182617
-11.282748222351074
-11.27206802368164
-11.241073608398438
-11.196308135986328
-11.213920593261719
-11.262495994567871
-11.28426456451416
-11.262314796447754
-11.203293800354004
-11.197782516479492
-11.263040542602539
-11.280109405517578
-11.246230125427246
-11.198644638061523
-11.242262840270996
-11.280543327331543
-11.277649879455566
-11.264005661010742
-11.26441764831543
-11.278979301452637
-11.284400939941406
-11.26633071899414
-11.257485389709473
-11.266701698303223
-11.290098190307617
-11.247125625610352
-11.226938247680664
-11.269673347473145
-11.283768653869629
-11.265122413635254
-11.249119758605957
-11.275100708007812
-11.2854642868042
-11.273872375488281
-11.269306182861328
-11.273639678955078
-11.284384727478027
-11.286127090454102
-11.282336235046387
-11.282970428466797
-11.287029266357422
-11.289389610290527
-11.287054061889648
-11.291643142700195
-11.288034439086914
-11.287068367004395
-11.2850341796875
-11.287245750427246
-11.289312362670898
-11.291532516479492
-11.289411544799805
-11.28618335723877
-11.285632133483887
-11.28643798828125
-11.284966468811035
-11.288727760314941
-11.293665885925293
-11.284994125366211
-11.286477088928223
-11.289007186889648
-11.290253639221191
-11.2884521484375
-11.285378456115723
-11.286077499389648
-11.28503704071045
-11.289931297302246
-11.28977108001709
-11.290165901184082
-11.288325309753418
-11.287936210632324
-11.287453651428223
-11.289122581481934
-11.291446685791016
-11.291937828063965
-11.28995132446289
-11.289389610290527
-11.290270805358887
-11.288411140441895
-11.290348052978516
-11.287055015563965
-11.290094375610352
-11.291641235351562
-11.292190551757812
-11.287874221801758
-11.289467811584473
-11.290359497070312
-11.290823936462402
-11.28831958770752
-11.287214279174805
-11.289413452148438
-11.290809631347656
-11.290027618408203
-11.290325164794922
-11.29127025604248
-11.293769836425781
-11.289718627929688
-11.293608665466309
-11.291259765625
-11.288884162902832
-11.287632942199707
-11.291142463684082
-11.288439750671387
-11.291057586669922
-11.288531303405762
-11.286273002624512
-11.290308952331543
-11.291413307189941
-11.293813705444336
-11.291412353515625
-11.28903865814209
-11.28730297088623
-11.295510292053223
-11.29136848449707
-11.291135787963867
-11.289876937866211
-11.289301872253418
-11.287995338439941
-11.288705825805664
-11.2897310256958
-11.289735794067383
-11.290448188781738
-11.291380882263184
-11.289981842041016
-11.294689178466797
-11.290483474731445
-11.288082122802734
-11.292057037353516
-11.290892601013184
-11.288674354553223
-11.290176391601562
-11.2907133102417
-11.292337417602539
-11.289711952209473
-11.29280948638916
-11.289167404174805
-11.29132080078125
-11.292110443115234
-11.290382385253906
-11.291074752807617
-11.29052448272705
-11.291319847106934
-11.292287826538086
-11.288808822631836
-11.290400505065918
-11.291708946228027
-11.289867401123047
-11.288384437561035
-11.29101848602295
-11.290510177612305
-11.29098892211914
-11.29056453704834
-11.295723915100098
-11.290790557861328
-11.290072441101074
-11.292277336120605
-11.291058540344238
-11.289419174194336
-11.290871620178223
-11.292149543762207
-11.288520812988281
-11.292915344238281
-11.29038143157959
-11.291397094726562
-11.288412094116211
-11.292024612426758
-11.29150676727295
-11.29271125793457
-11.290238380432129
-11.288954734802246
-11.292054176330566
-11.290693283081055
-11.2903470993042
-11.290985107421875
-11.289287567138672
-11.290154457092285
-11.291749954223633
-11.29189395904541
-11.293001174926758
-11.293871879577637
-11.288211822509766
-11.290521621704102
-11.289668083190918
-11.287850379943848
-11.292975425720215
-11.288597106933594
-11.289140701293945
-11.294086456298828
-11.291787147521973
-11.290514945983887
-11.292293548583984
-11.29479694366455
-11.291552543640137
-11.290520668029785
-11.292745590209961
-11.294483184814453
-11.291173934936523
-11.287867546081543
-11.290791511535645
-11.291183471679688
-11.294774055480957
-11.291173934936523
-11.291688919067383
-11.291028022766113
-11.289406776428223
-11.288686752319336
-11.293275833129883
-11.293329238891602
-11.292837142944336
-11.289701461791992
-11.292720794677734
-11.295963287353516
-11.290352821350098
-11.29169750213623
-11.292136192321777
-11.290079116821289
-11.293017387390137
-11.291211128234863
-11.291719436645508
-11.292403221130371
-11.288701057434082
-11.294157028198242
-11.292102813720703
-11.290806770324707
-11.288665771484375
-11.289193153381348
-11.289607048034668
-11.292177200317383
-11.291943550109863
-11.293704986572266
-11.291163444519043
-11.290814399719238
-11.292494773864746
-11.290850639343262
-11.292682647705078
-11.292015075683594
-11.290581703186035
-11.29376220703125
-11.291428565979004
-11.292967796325684
-11.290648460388184
-11.293728828430176
-11.290977478027344
-11.29448413848877
-11.288115501403809
-11.286781311035156
-11.290116310119629
-11.288925170898438
-11.285881042480469
-11.285263061523438
-11.287830352783203
-11.289289474487305
-11.290246963500977
-11.290813446044922
-11.296087265014648
-11.290817260742188
-11.291210174560547
-11.288734436035156
-11.282709121704102
-11.277953147888184
-11.26795768737793
-11.247396469116211
-11.245014190673828
-11.251078605651855
-11.26125431060791
-11.277386665344238
-11.2907075881958
-11.290937423706055
-11.287471771240234
-11.281733512878418
-11.281328201293945
-11.28258228302002
-11.287025451660156
-11.289935111999512
-11.294449806213379
-11.2905912399292
-11.286438941955566
-11.286104202270508
-11.285429000854492
-11.281139373779297
-11.28321647644043
-11.282720565795898
-11.28283405303955
-11.287192344665527
-11.282744407653809
-11.286105155944824
-11.287881851196289
-11.29347038269043
-11.2919282913208
-11.294404983520508
-11.294185638427734
-11.28894329071045
-11.288545608520508
-11.288951873779297
-11.292813301086426
-11.29184627532959
-11.291468620300293
-11.291369438171387
-11.289483070373535
-11.29279613494873
-11.288695335388184
-11.293070793151855
-11.293530464172363
-11.291504859924316
-11.288572311401367
-11.293956756591797
-11.292817115783691
-11.292608261108398
-11.293736457824707
-11.29423713684082
-11.293707847595215
-11.293679237365723
-11.290776252746582
-11.28746509552002
-11.289510726928711
-11.2908935546875
-11.288568496704102
-11.290433883666992
-11.286500930786133
-11.287398338317871
-11.284994125366211
-11.288994789123535
-11.290863037109375
-11.290969848632812
-11.293946266174316
-11.292119026184082
-11.294158935546875
-11.290440559387207
-11.286930084228516
-11.285067558288574
-11.282790184020996
-11.287015914916992
-11.288751602172852
-11.292389869689941
-11.290245056152344
-11.290970802307129
-11.287726402282715
-11.278641700744629
-11.271803855895996
-11.268075942993164
-11.263514518737793
-11.257589340209961
-11.260693550109863
-11.272411346435547
-11.279617309570312
-11.282247543334961
-11.277752876281738
-11.27553939819336
-11.28162670135498
-11.281488418579102
-11.289019584655762
-11.290369987487793
-11.291884422302246
-11.291793823242188
-11.288434982299805
-11.287459373474121
-11.288366317749023
-11.286319732666016
-11.288423538208008
-11.28664779663086
-11.283711433410645
-11.283906936645508
-11.28465747833252
-11.292159080505371
-11.291882514953613
-11.286161422729492
-11.293256759643555
-11.291085243225098
-11.291677474975586
-11.291041374206543
-11.292614936828613
-11.29306411743164
-11.296826362609863
-11.293258666992188
-11.290962219238281
-11.288792610168457
-11.29214859008789
-11.2898530960083
-11.288833618164062
-11.293323516845703
-11.292712211608887
-11.296619415283203
-11.290069580078125
-11.287742614746094
-11.286382675170898
-11.282659530639648
-11.286776542663574
-11.29074478149414
-11.291204452514648
-11.292661666870117
-11.295954704284668
-11.290822982788086
-11.292834281921387
-11.285921096801758
-11.284635543823242
-11.281647682189941
-11.285482406616211
-11.28763484954834
-11.29050350189209
-11.292452812194824
-11.291221618652344
-11.289999008178711
-11.288686752319336
-11.283041000366211
-11.286004066467285
-11.288392066955566
-11.292905807495117
-11.294700622558594
-11.293693542480469
-11.292964935302734
-11.287717819213867
-11.28886890411377
-11.281160354614258
-11.282526969909668
-11.287513732910156
-11.289358139038086
-11.292635917663574
-11.293024063110352
-11.288619041442871
-11.2815580368042
-11.278990745544434
-11.279312133789062
-11.289224624633789
-11.29289722442627
-11.29465389251709
-11.28576946258545
-11.27407455444336
-11.252633094787598
-11.24181842803955
-11.255833625793457
-11.285354614257812
-11.293743133544922
-11.280184745788574
-11.263123512268066
-11.26175308227539
-11.271636962890625
-11.28819751739502
-11.292498588562012
-11.28668212890625
-11.269898414611816
-11.26790714263916
-11.275346755981445
-11.28627872467041
-11.2903470993042
-11.290899276733398
-11.285162925720215
-11.282647132873535
-11.28140926361084
-11.281523704528809
-11.287764549255371
-11.292137145996094
-11.284077644348145
-11.265836715698242
-11.2514009475708
-11.26738166809082
-11.286012649536133
-11.294218063354492
-11.28201675415039
-11.261991500854492
-11.263050079345703
-11.281660079956055
-11.294519424438477
-11.286151885986328
-11.270753860473633
-11.26865005493164
-11.284890174865723
-11.29083251953125
-11.291913032531738
-11.283905982971191
-11.281379699707031
-11.286211967468262
-11.290249824523926
-11.29283332824707
-11.290863990783691
-11.289292335510254
-11.288214683532715
-11.29311466217041
-11.293878555297852
-11.293574333190918
-11.283407211303711
-11.280862808227539
-11.285104751586914
-11.291426658630371
-11.292821884155273
-11.286375045776367
-11.279601097106934
-11.28071403503418
-11.289118766784668
-11.295326232910156
-11.293739318847656
-11.294925689697266
-11.292919158935547
-11.295294761657715
-11.295445442199707
-11.289122581481934
-11.290706634521484
-11.289782524108887
-11.291693687438965
-11.290752410888672
-11.293984413146973
-11.294231414794922
-11.292585372924805
-11.294839859008789
-11.29013442993164
-11.294122695922852
-11.291975975036621
-11.294516563415527
-11.294255256652832
-11.294669151306152
-11.292449951171875
-11.294157981872559
-11.295541763305664
-11.294934272766113
-11.295650482177734
-11.295588493347168
-11.295093536376953
-11.295141220092773
-11.293096542358398
-11.294631004333496
-11.29407024383545
-11.298261642456055
-11.294913291931152
-11.29405403137207
-11.295487403869629
-11.293617248535156
-11.293683052062988
-11.294092178344727
-11.294560432434082
-11.291523933410645
-11.293475151062012
-11.290879249572754
-11.290513038635254
-11.288684844970703
-11.29112720489502
-11.29383373260498
-11.294163703918457
-11.294279098510742
-11.2937593460083
-11.294411659240723
-11.296647071838379
-11.295981407165527
-11.292593955993652
-11.293546676635742
-11.292760848999023
-11.290847778320312
-11.293726921081543
-11.294960021972656
-11.293496131896973
-11.296660423278809
-11.292671203613281
-11.289179801940918
-11.292734146118164
-11.292621612548828
-11.29503345489502
-11.296338081359863
-11.293500900268555
-11.291901588439941
-11.29416275024414
-11.293447494506836
-11.295204162597656
-11.295722007751465
-11.296252250671387
-11.296875953674316
-11.295376777648926
-11.296456336975098
-11.296210289001465
-11.295855522155762
-11.29318904876709
-11.29421329498291
-11.295770645141602
-11.295212745666504
-11.294349670410156
-11.29786205291748
-11.296549797058105
-11.296442985534668
-11.296316146850586
-11.293367385864258
-11.294044494628906
-11.29302978515625
-11.294190406799316
-11.2933349609375
-11.296452522277832
-11.298177719116211
-11.295514106750488
-11.296487808227539
-11.296924591064453
-11.296259880065918
-11.295345306396484
-11.294456481933594
-11.295928001403809
-11.293896675109863
-11.295647621154785
-11.297165870666504
-11.298192977905273
-11.297301292419434
-11.293848037719727
-11.296369552612305
-11.29505443572998
-11.294397354125977
-11.294529914855957
-11.294520378112793
-11.294812202453613
-11.291825294494629
-11.292179107666016
-11.290546417236328
-11.295032501220703
-11.294995307922363
-11.296990394592285
-11.296636581420898
-11.294149398803711
-11.295190811157227
-11.295096397399902
-11.291537284851074
-11.292603492736816
-11.294600486755371
-11.296692848205566
-11.294042587280273
-11.294390678405762
-11.297791481018066
-11.296270370483398
-11.296138763427734
-11.292062759399414
-11.292744636535645
-11.292694091796875
-11.295804023742676
-11.296273231506348
-11.295631408691406
-11.297463417053223
-11.298036575317383
-11.2936429977417
-11.292159080505371
-11.293334007263184
-11.29163646697998
-11.294726371765137
-11.291823387145996
-11.295685768127441
-11.29466438293457
-11.293706893920898
-11.29680347442627
-11.295302391052246
-11.292369842529297
-11.292511940002441
-11.292928695678711
-11.29151439666748
-11.293554306030273
-11.292621612548828
-11.289148330688477
-11.296741485595703
-11.295117378234863
-11.295015335083008
-11.295044898986816
-11.294076919555664
-11.294534683227539
-11.293707847595215
-11.295205116271973
-11.291769981384277
-11.293560028076172
-11.291104316711426
-11.292241096496582
-11.292671203613281
-11.294872283935547
-11.294063568115234
-11.293672561645508
-11.291584014892578
-11.290607452392578
-11.289573669433594
-11.292373657226562
-11.290515899658203
-11.292326927185059
-11.29273509979248
-11.2899169921875
-11.287713050842285
-11.283976554870605
-11.286277770996094
-11.28648567199707
-11.293132781982422
-11.297852516174316
-11.29905891418457
-11.292211532592773
-11.285442352294922
-11.280096054077148
-11.279912948608398
-11.283722877502441
-11.288675308227539
-11.293571472167969
-11.296435356140137
-11.295062065124512
-11.294360160827637
-11.29126262664795
-11.289227485656738
-11.281107902526855
-11.27003002166748
-11.269455909729004
-11.274094581604004
-11.284331321716309
-11.289475440979004
-11.296226501464844
-11.298386573791504
-11.298698425292969
-11.295940399169922
-11.295649528503418
-11.29509162902832
-11.293760299682617
-11.291399955749512
-11.295619010925293
-11.297042846679688
-11.295279502868652
-11.295333862304688
-11.291926383972168
-11.2886962890625
-11.287421226501465
-11.288463592529297
-11.292230606079102
-11.293530464172363
-11.295575141906738
-11.29664134979248
-11.296707153320312
-11.29645824432373
-11.298612594604492
-11.295905113220215
-11.29730224609375
-11.297760963439941
-11.294413566589355
-11.292923927307129
-11.297330856323242
-11.297884941101074
-11.296109199523926
-11.296226501464844
-11.298781394958496
-11.295430183410645
-11.296404838562012
-11.29307746887207
-11.29517650604248
-11.296806335449219
-11.293601989746094
-11.297183990478516
-11.295827865600586
-11.297802925109863
-11.29779052734375
-11.295490264892578
-11.299196243286133
-11.296504974365234
-11.29857349395752
-11.29934024810791
-11.294227600097656
-11.295731544494629
-11.295062065124512
-11.29863166809082
-11.294983863830566
-11.295268058776855
-11.296936988830566
-11.294983863830566
-11.295415878295898
-11.297221183776855
-11.296077728271484
-11.29761791229248
-11.295389175415039
-11.295145988464355
-11.29661750793457
-11.293766021728516
-11.295105934143066
-11.296799659729004
-11.296401023864746
-11.29803466796875
-11.295939445495605
-11.294639587402344
-11.293855667114258
-11.297358512878418
-11.297602653503418
-11.29840087890625
-11.29757022857666
-11.292821884155273
-11.294007301330566
-11.289772033691406
-11.28366470336914
-11.281983375549316
-11.280734062194824
-11.277656555175781
-11.276937484741211
-11.280625343322754
-11.284073829650879
-11.28942584991455
-11.292852401733398
-11.29453182220459
-11.295401573181152
-11.294286727905273
-11.295014381408691
-11.293802261352539
-11.295869827270508
-11.294632911682129
-11.292043685913086
-11.291637420654297
-11.294109344482422
-11.294710159301758
-11.295000076293945
-11.293055534362793
-11.29529094696045
-11.291640281677246
-11.294292449951172
-11.293855667114258
-11.293387413024902
-11.295001029968262
-11.29302978515625
-11.291539192199707
-11.296238899230957
-11.29732894897461
-11.29246711730957
-11.286744117736816
-11.277337074279785
-11.265883445739746
-11.261496543884277
-11.260802268981934
-11.259322166442871
-11.266735076904297
-11.28048324584961
-11.293353080749512
-11.295641899108887
-11.297725677490234
-11.291425704956055
-11.280232429504395
-11.277585983276367
-11.282444953918457
-11.28907299041748
-11.29787826538086
-11.294293403625488
-11.275761604309082
-11.257246971130371
-11.258687019348145
-11.271528244018555
-11.2908353805542
-11.30099868774414
-11.297813415527344
-11.291973114013672
-11.28215217590332
-11.27039909362793
-11.27568531036377
-11.28925895690918
-11.295616149902344
-11.297536849975586
-11.29482650756836
-11.287818908691406
-11.286565780639648
-11.293609619140625
-11.297490119934082
-11.29680347442627
-11.29354476928711
-11.292097091674805
-11.297815322875977
-11.29702377319336
-11.297250747680664
-11.29554271697998
-11.294257164001465
-11.290163040161133
-11.289974212646484
-11.295316696166992
-11.296906471252441
-11.2998685836792
-11.29417896270752
-11.291732788085938
-11.292576789855957
-11.294042587280273
-11.29603385925293
-11.299215316772461
-11.295112609863281
-11.289841651916504
-11.287293434143066
-11.292424201965332
-11.294635772705078
-11.29721736907959
-11.296883583068848
-11.295573234558105
-11.293266296386719
-11.292892456054688
-11.294493675231934
-11.298055648803711
-11.296058654785156
-11.292256355285645
-11.291792869567871
-11.289603233337402
-11.293744087219238
-11.295971870422363
-11.297374725341797
-11.297550201416016
-11.292342185974121
-11.291498184204102
-11.289145469665527
-11.291104316711426
-11.293633460998535
-11.295093536376953
-11.298500061035156
-11.298271179199219
-11.2960205078125
-11.294118881225586
-11.29214859008789
-11.295944213867188
-11.296395301818848
-11.297884941101074
-11.299229621887207
-11.293885231018066
-11.290299415588379
-11.2908935546875
-11.294598579406738
-11.2986421585083
-11.299647331237793
-11.298620223999023
-11.297457695007324
-11.29515552520752
-11.298579216003418
-11.300355911254883
-11.2974853515625
-11.296359062194824
-11.296346664428711
-11.294839859008789
-11.294729232788086
-11.294014930725098
-11.293893814086914
-11.29576587677002
-11.300186157226562
-11.297966957092285
-11.294382095336914
-11.289307594299316
-11.288432121276855
-11.287442207336426
-11.291526794433594
-11.295828819274902
-11.300222396850586
-11.29810905456543
-11.298616409301758
-11.293503761291504
-11.295454025268555
-11.29338264465332
-11.29306411743164
-11.293136596679688
-11.296957969665527
-11.295844078063965
-11.296211242675781
-11.29719066619873
-11.293648719787598
-11.29400634765625
-11.289955139160156
-11.295141220092773
-11.29786205291748
-11.299532890319824
-11.298006057739258
-11.295730590820312
-11.292046546936035
-11.28982162475586
-11.287396430969238
-11.286282539367676
-11.284106254577637
-11.28979206085205
-11.293718338012695
-11.293256759643555
-11.292253494262695
-11.297118186950684
-11.299188613891602
-11.298864364624023
-11.298974990844727
-11.298318862915039
-11.299023628234863
-11.298505783081055
-11.299105644226074
-11.298528671264648
-11.301227569580078
-11.298796653747559
-11.300132751464844
-11.299325942993164
-11.30016803741455
-11.300667762756348
-11.299696922302246
-11.300169944763184
-11.299890518188477
-11.296257972717285
-11.298584938049316
-11.296175003051758
-11.298739433288574
-11.29974365234375
-11.29938793182373
-11.301803588867188
-11.30054759979248
-11.300094604492188
-11.297394752502441
-11.297347068786621
-11.300171852111816
-11.297897338867188
-11.298757553100586
-11.29790210723877
-11.29957103729248
-11.29991340637207
-11.298916816711426
-11.299044609069824
-11.297125816345215
-11.298223495483398
-11.299834251403809
-11.297978401184082
-11.297630310058594
-11.301485061645508
-11.297296524047852
-11.297565460205078
-11.299338340759277
-11.296932220458984
-11.298469543457031
-11.295923233032227
-11.299741744995117
-11.298784255981445
-11.299883842468262
-11.299296379089355
-11.298935890197754
-11.302223205566406
-11.297200202941895
-11.299971580505371
-11.296575546264648
-11.296740531921387
-11.300432205200195
-11.298796653747559
-11.299662590026855
-11.300137519836426
-11.29858684539795
-11.30085277557373
-11.299427032470703
-11.300564765930176
-11.300328254699707
-11.300368309020996
-11.29892349243164
-11.298588752746582
-11.299605369567871
-11.297066688537598
-11.297759056091309
-11.29662036895752
-11.294230461120605
-11.29296875
-11.289986610412598
-11.2921142578125
-11.293848991394043
-11.291152000427246
-11.292234420776367
-11.293974876403809
-11.292452812194824
-11.291853904724121
-11.29527473449707
-11.298015594482422
-11.301934242248535
-11.297561645507812
-11.293368339538574
-11.286866188049316
-11.276995658874512
-11.270210266113281
-11.265409469604492
-11.267505645751953
-11.274991035461426
-11.294473648071289
-11.298599243164062
-11.285749435424805
-11.253204345703125
-11.229687690734863
-11.250794410705566
-11.28005599975586
-11.299383163452148
-11.28862190246582
-11.26292896270752
-11.24140739440918
-11.247865676879883
-11.283559799194336
-11.295452117919922
-11.26195240020752
-11.220658302307129
-11.242667198181152
-11.289904594421387
-11.291926383972168
-11.26077651977539
-11.243361473083496
-11.274595260620117
-11.295293807983398
-11.275501251220703
-11.226483345031738
-11.241341590881348
-11.291338920593262
-11.280040740966797
-11.238786697387695
-11.236265182495117
-11.282038688659668
-11.288969039916992
-11.26624584197998
-11.27370548248291
-11.294038772583008
-11.294775009155273
-11.294622421264648
-11.295150756835938
-11.300169944763184
-11.29553508758545
-11.289983749389648
-11.28761100769043
-11.291354179382324
-11.297348976135254
-11.299280166625977
-11.292993545532227
-11.285379409790039
-11.289636611938477
-11.29553508758545
-11.300283432006836
-11.295021057128906
-11.296186447143555
-11.30080509185791
-11.29796314239502
-11.300663948059082
-11.29574203491211
-11.29701042175293
-11.300068855285645
-11.298969268798828
-11.298004150390625
-11.298696517944336
-11.298851013183594
-11.296355247497559
-11.299190521240234
-11.299891471862793
-11.299644470214844
-11.29560661315918
-11.297618865966797
-11.300844192504883
-11.301553726196289
-11.298009872436523
-11.296358108520508
-11.299619674682617
-11.301188468933105
-11.299270629882812
-11.300588607788086
-11.298431396484375
-11.29897403717041
-11.29994010925293
-11.300867080688477
-11.302102088928223
-11.301494598388672
-11.300970077514648
-11.299739837646484
-11.300577163696289
-11.300103187561035
-11.30105972290039
-11.298272132873535
-11.301371574401855
-11.301185607910156
-11.3007173538208
-11.299386978149414
-11.30016040802002
-11.299559593200684
-11.30186653137207
-11.30377197265625
-11.301475524902344
-11.299324989318848
-11.300105094909668
-11.29985237121582
-11.302010536193848
-11.300676345825195
-11.301684379577637
-11.301436424255371
-11.300735473632812
-11.301445960998535
-11.301735877990723
-11.30411148071289
-11.300575256347656
-11.30331802368164
-11.300468444824219
-11.302164077758789
-11.299086570739746
-11.301453590393066
-11.302218437194824
-11.299491882324219
-11.300285339355469
-11.29957389831543
-11.300419807434082
-11.29854679107666
-11.302332878112793
-11.301542282104492
-11.302572250366211
-11.30164623260498
-11.300125122070312
-11.29963207244873
-11.30185317993164
-11.299696922302246
-11.302090644836426
-11.301705360412598
-11.301628112792969
-11.301597595214844
-11.299836158752441
-11.301946640014648
-11.301374435424805
-11.30129337310791
-11.300578117370605
-11.301226615905762
-11.299600601196289
-11.300688743591309
-11.299821853637695
-11.300697326660156
-11.299245834350586
-11.301385879516602
-11.299779891967773
-11.301831245422363
-11.302712440490723
-11.300898551940918
-11.301446914672852
-11.299290657043457
-11.301459312438965
-11.298650741577148
-11.299768447875977
-11.301034927368164
-11.301506042480469
-11.300932884216309
-11.301926612854004
-11.298819541931152
-11.300168991088867
-11.301199913024902
-11.30298900604248
-11.30259895324707
-11.300970077514648
-11.29848575592041
-11.302322387695312
-11.300287246704102
-11.302383422851562
-11.301183700561523
-11.300148010253906
-11.302278518676758
-11.302329063415527
-11.301033973693848
-11.299078941345215
-11.300113677978516
-11.300949096679688
-11.299051284790039
-11.303132057189941
-11.301094055175781
-11.302566528320312
-11.3013334274292
-11.300675392150879
-11.301551818847656
-11.300286293029785
-11.30176067352295
-11.300764083862305
-11.302340507507324
-11.300556182861328
-11.301121711730957
-11.300026893615723
-11.299715995788574
-11.30077075958252
-11.30169677734375
-11.300686836242676
-11.30284595489502
-11.29944896697998
-11.300938606262207
-11.299040794372559
-11.29654598236084
-11.295490264892578
-11.295708656311035
-11.290993690490723
-11.288323402404785
-11.290884017944336
-11.295541763305664
-11.29850959777832
-11.300543785095215
-11.299424171447754
-11.291692733764648
-11.289950370788574
-11.290233612060547
-11.292855262756348
-11.29974365234375
-11.29826831817627
-11.29184341430664
-11.27996826171875
-11.268477439880371
-11.271557807922363
-11.290071487426758
-11.295960426330566
-11.298593521118164
-11.300503730773926
-11.298219680786133
-11.296459197998047
-11.298908233642578
-11.299631118774414
-11.293829917907715
-11.294646263122559
-11.297140121459961
-11.301653861999512
-11.29764461517334
-11.286176681518555
-11.279548645019531
-11.28577709197998
-11.29558277130127
-11.300590515136719
-11.287014961242676
-11.270878791809082
-11.274123191833496
-11.28576946258545
-11.298321723937988
-11.301007270812988
-11.286317825317383
-11.262495040893555
-11.263519287109375
-11.279972076416016
-11.298386573791504
-11.300877571105957
-11.294116020202637
-11.287692070007324
-11.29253101348877
-11.298048973083496
-11.299717903137207
-11.296253204345703
-11.295156478881836
-11.299043655395508
-11.298112869262695
-11.290069580078125
-11.271261215209961
-11.274871826171875
-11.291703224182129
-11.299917221069336
-11.301856994628906
-11.291492462158203
-11.278873443603516
-11.278899192810059
-11.288718223571777
-11.297561645507812
-11.298436164855957
-11.286768913269043
-11.280824661254883
-11.286372184753418
-11.3004789352417
-11.296746253967285
-11.291891098022461
-11.293865203857422
-11.299269676208496
-11.300494194030762
-11.30268669128418
-11.300557136535645
-11.300676345825195
-11.30156135559082
-11.303878784179688
-11.304581642150879
-11.299955368041992
-11.29885196685791
-11.30056381225586
-11.301447868347168
-11.302386283874512
-11.301481246948242
-11.300773620605469
-11.29925537109375
-11.303394317626953
-11.29980182647705
-11.303215980529785
-11.303086280822754
-11.301529884338379
-11.30268669128418
-11.302964210510254
-11.302276611328125
-11.302412986755371
-11.302309036254883
-11.301271438598633
-11.302713394165039
-11.30217170715332
-11.30299186706543
-11.302371978759766
-11.30241870880127
-11.304474830627441
-11.302907943725586
-11.302088737487793
-11.303034782409668
-11.302824020385742
-11.303407669067383
-11.300371170043945
-11.302024841308594
-11.303254127502441
-11.3026123046875
-11.301737785339355
-11.301872253417969
-11.303057670593262
-11.303873062133789
-11.30301570892334
-11.301268577575684
-11.301776885986328
-11.30102825164795
-11.301041603088379
-11.302755355834961
-11.297635078430176
-11.300076484680176
-11.301480293273926
-11.30188274383545
-11.301468849182129
-11.305487632751465
-11.30210018157959
-11.303431510925293
-11.301948547363281
-11.302108764648438
-11.301162719726562
-11.301309585571289
-11.303643226623535
-11.301459312438965
-11.304092407226562
-11.303508758544922
-11.30140209197998
-11.301430702209473
-11.30412769317627
-11.300533294677734
-11.301793098449707
-11.301525115966797
-11.302237510681152
-11.302497863769531
-11.301018714904785
-11.30259895324707
-11.30239486694336
-11.301931381225586
-11.303232192993164
-11.303755760192871
-11.303689002990723
-11.301013946533203
-11.30262565612793
-11.304484367370605
-11.303030014038086
-11.30526351928711
-11.304747581481934
-11.30530834197998
-11.303398132324219
-11.301054000854492
-11.303706169128418
-11.304027557373047
-11.302335739135742
-11.301012992858887
-11.30154800415039
-11.303644180297852
-11.30280876159668
-11.303351402282715
-11.304596900939941
-11.302271842956543
-11.305521965026855
-11.303654670715332
-11.301875114440918
-11.302218437194824
-11.30411434173584
-11.305248260498047
-11.302913665771484
-11.305057525634766
-11.304744720458984
-11.303370475769043
-11.301130294799805
-11.302175521850586
-11.300644874572754
-11.303532600402832
-11.301494598388672
-11.301145553588867
-11.30345630645752
-11.302550315856934
-11.303946495056152
-11.30406665802002
-11.305098533630371
-11.302459716796875
-11.303202629089355
-11.302508354187012
-11.302504539489746
-11.302824974060059
-11.30589485168457
-11.302881240844727
-11.304817199707031
-11.30259895324707
-11.302912712097168
-11.30274772644043
-11.3018798828125
-11.30034065246582
-11.303155899047852
-11.30231761932373
-11.30263900756836
-11.302947044372559
-11.300373077392578
-11.30025577545166
-11.300020217895508
-11.299925804138184
-11.299148559570312
-11.301551818847656
-11.302496910095215
-11.305054664611816
-11.3037109375
-11.304121971130371
-11.304553985595703
-11.302149772644043
-11.30060863494873
-11.302282333374023
-11.303913116455078
-11.302338600158691
-11.302151679992676
-11.299694061279297
-11.298003196716309
-11.298133850097656
-11.29787826538086
-11.296385765075684
-11.29676342010498
-11.298941612243652
-11.297516822814941
-11.298901557922363
-11.303682327270508
-11.302419662475586
-11.303607940673828
-11.301916122436523
-11.300811767578125
-11.298223495483398
-11.292329788208008
-11.2866792678833
-11.282294273376465
-11.278129577636719
-11.287004470825195
-11.294366836547852
-11.301553726196289
-11.300361633300781
-11.295570373535156
-11.289407730102539
-11.27743148803711
-11.271114349365234
-11.280768394470215
-11.28946590423584
-11.293299674987793
-11.295555114746094
-11.29395580291748
-11.295926094055176
-11.301056861877441
-11.301138877868652
-11.294570922851562
-11.281929016113281
-11.271063804626465
-11.269569396972656
-11.28665542602539
-11.30029010772705
-11.296029090881348
-11.282270431518555
-11.270593643188477
-11.269466400146484
-11.285711288452148
-11.303696632385254
-11.301130294799805
-11.289287567138672
-11.290634155273438
-11.295523643493652
-11.302261352539062
-11.298325538635254
-11.292819023132324
-11.296581268310547
-11.299312591552734
-11.301263809204102
-11.300483703613281
-11.29389476776123
-11.286303520202637
-11.285499572753906
-11.293028831481934
-11.30412483215332
-11.29529094696045
-11.275891304016113
-11.265700340270996
-11.279169082641602
-11.297551155090332
-11.302081108093262
-11.288172721862793
-11.269851684570312
-11.276313781738281
-11.295947074890137
-11.30139446258545
-11.292409896850586
-11.276057243347168
-11.280076026916504
-11.296430587768555
-11.298990249633789
-11.275674819946289
-11.262472152709961
-11.280677795410156
-11.298739433288574
-11.29412841796875
-11.290224075317383
-11.295775413513184
-11.301709175109863
-11.299714088439941
-11.2968168258667
-11.294107437133789
-11.299095153808594
-11.300832748413086
-11.295353889465332
-11.291057586669922
-11.297651290893555
-11.302469253540039
-11.303804397583008
-11.304526329040527
-11.302713394165039
-11.301448822021484
-11.30438232421875
-11.302568435668945
-11.303011894226074
-11.301513671875
-11.301481246948242
-11.3026123046875
-11.30223560333252
-11.30174446105957
-11.303407669067383
-11.30415153503418
-11.301972389221191
-11.301228523254395
-11.302448272705078
-11.303314208984375
-11.303247451782227
-11.304769515991211
-11.301969528198242
-11.304123878479004
-11.302902221679688
-11.304096221923828
-11.301020622253418
-11.305039405822754
-11.303162574768066
-11.305100440979004
-11.302807807922363
-11.3047456741333
-11.303695678710938
-11.303181648254395
-11.302679061889648
-11.303558349609375
-11.303977012634277
-11.30344009399414
-11.3031587600708
-11.303701400756836
-11.30396842956543
-11.303592681884766
-11.305632591247559
-11.30243968963623
-11.304583549499512
-11.304117202758789
-11.30496597290039
-11.30420207977295
-11.303431510925293
-11.30604076385498
-11.305254936218262
-11.301224708557129
-11.304100036621094
-11.302399635314941
-11.304001808166504
-11.303295135498047
-11.305828094482422
-11.304434776306152
-11.305819511413574
-11.304555892944336
-11.303750038146973
-11.302762031555176
-11.3040771484375
-11.305405616760254
-11.304730415344238
-11.304535865783691
-11.303524017333984
-11.303488731384277
-11.303607940673828
-11.304214477539062
-11.304038047790527
-11.3047513961792
-11.302475929260254
-11.302891731262207
-11.304656982421875
-11.304059028625488
-11.303840637207031
-11.304496765136719
-11.303783416748047
-11.30456256866455
-11.304980278015137
-11.3047456741333
-11.305009841918945
-11.303729057312012
-11.3037109375
-11.304086685180664
-11.304464340209961
-11.306031227111816
-11.302510261535645
-11.305323600769043
-11.304126739501953
-11.305301666259766
-11.304312705993652
-11.304204940795898
-11.304621696472168
-11.30420970916748
-11.306198120117188
-11.306319236755371
-11.30499267578125
-11.304275512695312
-11.305036544799805
-11.303277015686035
-11.305505752563477
-11.304637908935547
-11.302617073059082
-11.305039405822754
-11.305086135864258
-11.30357551574707
-11.304203033447266
-11.304038047790527
-11.30272388458252
-11.305267333984375
-11.304571151733398
-11.302908897399902
-11.303342819213867
-11.303112030029297
-11.304435729980469
-11.304801940917969
-11.3037691116333
-11.3042631149292
-11.3049955368042
-11.304214477539062
-11.303632736206055
-11.303961753845215
-11.30416202545166
-11.305561065673828
-11.303178787231445
-11.303472518920898
-11.304287910461426
-11.30468463897705
-11.305015563964844
-11.304078102111816
-11.303511619567871
-11.305331230163574
-11.305105209350586
-11.304194450378418
-11.30197811126709
-11.30685806274414
-11.304405212402344
-11.303655624389648
-11.305837631225586
-11.303743362426758
-11.305051803588867
-11.304396629333496
-11.305022239685059
-11.304645538330078
-11.30392837524414
-11.304669380187988
-11.304357528686523
-11.30528736114502
-11.304183959960938
-11.303515434265137
-11.304281234741211
-11.305340766906738
-11.303589820861816
-11.304130554199219
-11.305877685546875
-11.303816795349121
-11.306868553161621
-11.305339813232422
-11.304784774780273
-11.303756713867188
-11.306055068969727
-11.307209014892578
-11.30583381652832
-11.303634643554688
-11.304641723632812
-11.305575370788574
-11.304235458374023
-11.305044174194336
-11.3052978515625
-11.303572654724121
-11.30527114868164
-11.30423355102539
-11.306995391845703
-11.306882858276367
-11.304683685302734
-11.306894302368164
-11.304055213928223
-11.306159973144531
-11.304433822631836
-11.304018020629883
-11.306960105895996
-11.303938865661621
-11.304007530212402
-11.305231094360352
-11.304579734802246
-11.304067611694336
-11.302600860595703
-11.302162170410156
-11.301592826843262
-11.298796653747559
-11.302692413330078
-11.300872802734375
-11.303031921386719
-11.303974151611328
-11.305609703063965
-11.303595542907715
-11.301206588745117
-11.295744895935059
-11.286408424377441
-11.272866249084473
-11.263378143310547
-11.257513999938965
-11.26462459564209
-11.282577514648438
-11.299750328063965
-11.304730415344238
-11.298430442810059
-11.293428421020508
-11.295981407165527
-11.29607105255127
-11.299059867858887
-11.300363540649414
-11.300179481506348
-11.303760528564453
-11.30489730834961
-11.304131507873535
-11.304008483886719
-11.302773475646973
-11.30439281463623
-11.306336402893066
-11.3020658493042
-11.303040504455566
-11.299898147583008
-11.29991626739502
-11.300962448120117
-11.301124572753906
-11.302084922790527
-11.30502700805664
-11.302233695983887
-11.304537773132324
-11.307284355163574
-11.30595874786377
-11.305550575256348
-11.30428409576416
-11.304133415222168
-11.30666732788086
-11.303550720214844
-11.304749488830566
-11.305440902709961
-11.303022384643555
-11.306093215942383
-11.304564476013184
-11.305380821228027
-11.304356575012207
-11.304863929748535
-11.305516242980957
-11.30351734161377
-11.302602767944336
-11.30392837524414
-11.303755760192871
-11.301321983337402
-11.298910140991211
-11.298223495483398
-11.293974876403809
-11.293508529663086
-11.296867370605469
-11.29701042175293
-11.30007553100586
-11.30495834350586
-11.305455207824707
-11.297727584838867
-11.285406112670898
-11.274477005004883
-11.268839836120605
-11.277047157287598
-11.288993835449219
-11.295998573303223
-11.302626609802246
-11.303457260131836
-11.300525665283203
-11.293440818786621
-11.289860725402832
-11.28819465637207
-11.294334411621094
-11.300081253051758
-11.302180290222168
-11.301358222961426
-11.29590892791748
-11.289239883422852
-11.285051345825195
-11.29139518737793
-11.296545028686523
-11.304677963256836
-11.301545143127441
-11.29393196105957
-11.285842895507812
-11.287315368652344
-11.293785095214844
-11.301352500915527
-11.30323600769043
-11.300928115844727
-11.295056343078613
-11.296201705932617
-11.297891616821289
-11.303354263305664
-11.306286811828613
-11.304582595825195
-11.300296783447266
-11.293787956237793
-11.291622161865234
-11.29334545135498
-11.300951957702637
-11.3040132522583
-11.30445384979248
-11.30009937286377
-11.296515464782715
-11.296781539916992
-11.298238754272461
-11.306060791015625
-11.30635929107666
-11.305075645446777
-11.302241325378418
-11.301023483276367
-11.3006591796875
-11.304510116577148
-11.303250312805176
-11.304375648498535
-11.305273056030273
-11.305113792419434
-11.3048734664917
-11.305251121520996
-11.305248260498047
-11.306297302246094
-11.304047584533691
-11.30435562133789
-11.305708885192871
-11.304219245910645
-11.302701950073242
-11.301952362060547
-11.297552108764648
-11.293435096740723
-11.29659366607666
-11.299978256225586
-11.306144714355469
-11.30344009399414
-11.30058765411377
-11.296557426452637
-11.295981407165527
-11.295681953430176
-11.301485061645508
-11.304433822631836
-11.305095672607422
-11.302654266357422
-11.295302391052246
-11.292376518249512
-11.290648460388184
-11.294981002807617
-11.303243637084961
-11.305217742919922
-11.30367374420166
-11.300664901733398
-11.301924705505371
-11.299455642700195
-11.301809310913086
-11.304333686828613
-11.30575942993164
-11.30611515045166
-11.30201530456543
-11.299471855163574
-11.303071975708008
-11.306051254272461
-11.307096481323242
-11.301719665527344
-11.299412727355957
-11.29921817779541
-11.302902221679688
-11.303752899169922
-11.305387496948242
-11.306052207946777
-11.30484390258789
-11.306480407714844
-11.304092407226562
-11.30337142944336
-11.306720733642578
-11.304025650024414
-11.305481910705566
-11.301507949829102
-11.30280590057373
-11.301432609558105
-11.301603317260742
-11.30550479888916
-11.304924011230469
-11.306903839111328
-11.303988456726074
-11.304984092712402
-11.303146362304688
-11.302927017211914
-11.30208969116211
-11.304080963134766
-11.303352355957031
-11.3069429397583
-11.30519962310791
-11.306217193603516
-11.304594039916992
-11.298364639282227
-11.29649829864502
-11.295235633850098
-11.296793937683105
-11.297830581665039
-11.298431396484375
-11.29808521270752
-11.298219680786133
-11.302315711975098
-11.304693222045898
-11.304499626159668
-11.304452896118164
-11.301945686340332
-11.304109573364258
-11.305295944213867
-11.3070707321167
-11.306629180908203
-11.30602741241455
-11.304997444152832
-11.307084083557129
-11.306037902832031
-11.305469512939453
-11.305106163024902
-11.307413101196289
-11.306533813476562
-11.305561065673828
-11.303394317626953
-11.305477142333984
-11.305472373962402
-11.30562973022461
-11.303071975708008
-11.301318168640137
-11.305116653442383
-11.304220199584961
-11.30573558807373
-11.304973602294922
-11.306379318237305
-11.30516242980957
-11.307169914245605
-11.30379867553711
-11.306699752807617
-11.30453872680664
-11.304795265197754
-11.308184623718262
-11.305928230285645
-11.304600715637207
-11.306349754333496
-11.30601978302002
-11.30489444732666
-11.305319786071777
-11.30471420288086
-11.304221153259277
-11.305259704589844
-11.305790901184082
-11.305841445922852
-11.303116798400879
-11.301521301269531
-11.298677444458008
-11.298168182373047
-11.29768180847168
-11.30171012878418
-11.30202579498291
-11.306012153625488
-11.305036544799805
-11.303722381591797
-11.298184394836426
-11.291561126708984
-11.290948867797852
-11.296181678771973
-11.303345680236816
-11.305709838867188
-11.294919967651367
-11.276276588439941
-11.262920379638672
-11.275145530700684
-11.294926643371582
-11.304300308227539
-11.296313285827637
-11.27502727508545
-11.271815299987793
-11.279278755187988
-11.290850639343262
-11.302444458007812
-11.30408000946045
-11.305728912353516
-11.307129859924316
-11.306696891784668
-11.30525016784668
-11.304251670837402
-11.303659439086914
-11.30553150177002
-11.306138038635254
-11.307328224182129
-11.303709983825684
-11.301376342773438
-11.298697471618652
-11.300674438476562
-11.30264949798584
-11.302498817443848
-11.3070068359375
-11.306200981140137
-11.306550025939941
-11.306272506713867
-11.304211616516113
-11.306076049804688
-11.304853439331055
-11.30375862121582
-11.304483413696289
-11.301562309265137
-11.30044937133789
-11.30201244354248
-11.302809715270996
-11.306227684020996
-11.307378768920898
-11.3048095703125
-11.303364753723145
-11.305028915405273
-11.305567741394043
-11.306180000305176
-11.3048677444458
-11.305523872375488
-11.306180000305176
-11.302813529968262
-11.302886962890625
-11.302369117736816
-11.30394458770752
-11.30694580078125
-11.307525634765625
-11.306102752685547
-11.304821968078613
-11.30215072631836
-11.301051139831543
-11.302351951599121
-11.303984642028809
-11.306558609008789
-11.307289123535156
-11.30361557006836
-11.30196475982666
-11.298918724060059
-11.299321174621582
-11.301234245300293
-11.30270004272461
-11.306595802307129
-11.303329467773438
-11.294317245483398
-11.293703079223633
-11.296860694885254
-11.304533958435059
-11.307413101196289
-11.303179740905762
-11.304176330566406
-11.300886154174805
-11.299166679382324
-11.299814224243164
-11.299832344055176
-11.30511474609375
-11.307147026062012
-11.30585765838623
-11.30630111694336
-11.305093765258789
-11.304079055786133
-11.304903984069824
-11.305985450744629
-11.307732582092285
-11.307758331298828
-11.30742073059082
-11.308571815490723
-11.308076858520508
-11.309446334838867
-11.30767822265625
-11.307565689086914
-11.308675765991211
-11.306686401367188
-11.306981086730957
-11.305294036865234
-11.308704376220703
-11.306044578552246
-11.306011199951172
-11.30685806274414
-11.307311058044434
-11.30368423461914
-11.306405067443848
-11.305953979492188
-11.30567455291748
-11.30651569366455
-11.307873725891113
-11.309138298034668
-11.305776596069336
-11.309638977050781
-11.306724548339844
-11.30527114868164
-11.306743621826172
-11.306228637695312
-11.30638599395752
-11.30863094329834
-11.30652141571045
-11.30678939819336
-11.306744575500488
-11.30665111541748
-11.305840492248535
-11.303762435913086
-11.304041862487793
-11.303473472595215
-11.304137229919434
-11.30771541595459
-11.306642532348633
-11.307618141174316
-11.30893325805664
-11.305756568908691
-11.30692195892334
-11.30495548248291
-11.2991361618042
-11.290457725524902
-11.281664848327637
-11.277815818786621
-11.278341293334961
-11.289665222167969
-11.298965454101562
-11.304152488708496
-11.306300163269043
-11.306228637695312
-11.305743217468262
-11.3065185546875
-11.305968284606934
-11.305452346801758
-11.305686950683594
-11.30691146850586
-11.304973602294922
-11.305245399475098
-11.302584648132324
-11.302413940429688
-11.302413940429688
-11.300617218017578
-11.303439140319824
-11.30613899230957
-11.304214477539062
-11.291200637817383
-11.278675079345703
-11.275681495666504
-11.28471565246582
-11.300390243530273
-11.303314208984375
-11.301043510437012
-11.28849983215332
-11.286782264709473
-11.298873901367188
-11.304434776306152
-11.303055763244629
-11.290287971496582
-11.27250862121582
-11.257648468017578
-11.251646041870117
-11.283188819885254
-11.303624153137207
-11.29090690612793
-11.269740104675293
-11.281233787536621
-11.298727989196777
-11.302200317382812
-11.298375129699707
-11.298530578613281
-11.305431365966797
-11.306857109069824
-11.301301956176758
-11.294042587280273
-11.288996696472168
-11.298627853393555
-11.3053560256958
-11.305135726928711
-11.30139446258545
-11.300354957580566
-11.306169509887695
-11.304652214050293
-11.304007530212402
-11.29937744140625
-11.2963285446167
-11.299726486206055
-11.306642532348633
-11.30620002746582
-11.303102493286133
-11.298022270202637
-11.300545692443848
-11.305571556091309
-11.305830001831055
-11.301840782165527
-11.290074348449707
-11.287164688110352
-11.294355392456055
-11.302811622619629
-11.306049346923828
-11.295412063598633
-11.28429126739502
-11.283448219299316
-11.295883178710938
-11.301685333251953
-11.295583724975586
-11.291191101074219
-11.301011085510254
-11.299088478088379
-11.304475784301758
-11.30562973022461
-11.305349349975586
-11.303853988647461
-11.304200172424316
-11.304137229919434
-11.304436683654785
-11.307979583740234
-11.307093620300293
-11.303385734558105
-11.297904968261719
-11.298954010009766
-11.306061744689941
-11.30751895904541
-11.30646800994873
-11.30360221862793
-11.304341316223145
-11.305974960327148
-11.30726432800293
-11.30840015411377
-11.302803993225098
-11.303201675415039
-11.305710792541504
-11.304969787597656
-11.306336402893066
-11.307937622070312
-11.304436683654785
-11.302716255187988
-11.30400562286377
-11.305974960327148
-11.307075500488281
-11.307175636291504
-11.306071281433105
-11.307299613952637
-11.30634593963623
-11.30837345123291
-11.306180000305176
-11.307271957397461
-11.305115699768066
-11.304019927978516
-11.30610179901123
-11.306825637817383
-11.307421684265137
-11.306973457336426
-11.307306289672852
-11.307408332824707
-11.307765007019043
-11.306656837463379
-11.30175495147705
-11.302970886230469
-11.306846618652344
-11.306147575378418
-11.306856155395508
-11.302020072937012
-11.296852111816406
-11.297264099121094
-11.299019813537598
-11.304468154907227
-11.306598663330078
-11.308465957641602
-11.306360244750977
-11.30405330657959
-11.30485725402832
-11.307018280029297
-11.307496070861816
-11.308480262756348
-11.306769371032715
-11.304549217224121
-11.30685043334961
-11.306888580322266
-11.305503845214844
-11.304808616638184
-11.303516387939453
-11.300742149353027
-11.302190780639648
-11.306023597717285
-11.307207107543945
-11.305977821350098
-11.30767822265625
-11.307888984680176
-11.308049201965332
-11.306888580322266
-11.305495262145996
-11.307586669921875
-11.308208465576172
-11.30824089050293
-11.308011054992676
-11.308043479919434
-11.30838394165039
-11.308494567871094
-11.308720588684082
-11.307290077209473
-11.303879737854004
-11.30137825012207
-11.3023099899292
-11.30416202545166
-11.305126190185547
-11.307090759277344
-11.309457778930664
-11.305427551269531
-11.302291870117188
-11.302854537963867
-11.301993370056152
-11.302285194396973
-11.306763648986816
-11.307330131530762
-11.307341575622559
-11.307079315185547
-11.303666114807129
-11.304096221923828
-11.305754661560059
-11.308463096618652
-11.307330131530762
-11.298971176147461
-11.296605110168457
-11.29524040222168
-11.300442695617676
-11.30564022064209
-11.30645751953125
-11.308516502380371
-11.299880027770996
-11.287712097167969
-11.282737731933594
-11.289423942565918
-11.293586730957031
-11.297698974609375
-11.304595947265625
-11.30180835723877
-11.286238670349121
-11.281166076660156
-11.296889305114746
-11.30827808380127
-11.3035249710083
-11.291207313537598
-11.285531997680664
-11.294692993164062
-11.305133819580078
-11.308072090148926
-11.30569076538086
-11.300071716308594
-11.300041198730469
-11.304278373718262
-11.308283805847168
-11.306717872619629
-11.299459457397461
-11.298787117004395
-11.2972412109375
-11.301810264587402
-11.308231353759766
-11.304670333862305
-11.29925537109375
-11.298103332519531
-11.301536560058594
-11.305813789367676
-11.308060646057129
-11.30478286743164
-11.302103996276855
-11.301214218139648
-11.304659843444824
-11.30826187133789
-11.307633399963379
-11.306112289428711
-11.304766654968262
-11.307576179504395
-11.307589530944824
-11.30797004699707
-11.308903694152832
-11.309391021728516
-11.309731483459473
-11.30992603302002
-11.30930233001709
-11.308433532714844
-11.307634353637695
-11.309497833251953
-11.309414863586426
-11.309744834899902
-11.30933952331543
-11.309757232666016
-11.308335304260254
-11.306328773498535
-11.306117057800293
-11.306427955627441
-11.306794166564941
-11.309804916381836
-11.309130668640137
-11.30696964263916
-11.308558464050293
-11.307066917419434
-11.310272216796875
-11.30624008178711
-11.308211326599121
-11.306656837463379
-11.308080673217773
-11.30801773071289
-11.308341026306152
-11.3067626953125
-11.30729866027832
-11.30734634399414
-11.311373710632324
-11.309083938598633
-11.305644035339355
-11.305134773254395
-11.302544593811035
-11.305676460266113
-11.307686805725098
-11.31025505065918
-11.309115409851074
-11.30903434753418
-11.30689525604248
-11.307787895202637
-11.308050155639648
-11.307500839233398
-11.30850601196289
-11.308100700378418
-11.306807518005371
-11.305631637573242
-11.304215431213379
-11.304494857788086
-11.30419921875
-11.307491302490234
-11.30905818939209
-11.308382034301758
-11.308189392089844
-11.310152053833008
-11.307210922241211
-11.308223724365234
-11.306724548339844
-11.30968189239502
-11.307334899902344
-11.307056427001953
-11.302510261535645
-11.301661491394043
-11.303436279296875
-11.308072090148926
-11.307695388793945
-11.309866905212402
-11.305908203125
-11.304885864257812
-11.306180000305176
-11.30562686920166
-11.307796478271484
-11.307877540588379
-11.307857513427734
-11.308874130249023
-11.308455467224121
-11.30935287475586
-11.309618949890137
-11.309176445007324
-11.309784889221191
-11.308697700500488
-11.308476448059082
-11.309114456176758
-11.307324409484863
-11.309974670410156
-11.30844497680664
-11.307587623596191
-11.308979988098145
-11.309211730957031
-11.307636260986328
-11.30832290649414
-11.310721397399902
-11.308591842651367
-11.308555603027344
-11.308775901794434
-11.308440208435059
-11.308940887451172
-11.306641578674316
-11.307732582092285
-11.308793067932129
-11.308926582336426
-11.308364868164062
-11.309436798095703
-11.310497283935547
-11.308725357055664
-11.309394836425781
-11.309525489807129
-11.307957649230957
-11.309320449829102
-11.307971000671387
-11.309198379516602
-11.30937671661377
-11.309009552001953
-11.309327125549316
-11.308160781860352
-11.309078216552734
-11.307988166809082
-11.309534072875977
-11.30810546875
-11.30770492553711
-11.308183670043945
-11.308586120605469
-11.308235168457031
-11.307124137878418
-11.306633949279785
-11.304780960083008
-11.303678512573242
-11.301776885986328
-11.301833152770996
-11.30214786529541
-11.303226470947266
-11.302592277526855
-11.304542541503906
-11.307814598083496
-11.305988311767578
-11.304131507873535
-11.304498672485352
-11.304286003112793
-11.3018798828125
-11.304006576538086
-11.306401252746582
-11.308883666992188
-11.307438850402832
-11.307445526123047
-11.308796882629395
-11.307038307189941
-11.309260368347168
-11.3096284866333
-11.309041023254395
-11.305607795715332
-11.298249244689941
-11.295825004577637
-11.294261932373047
-11.301583290100098
-11.304756164550781
-11.308176040649414
-11.308963775634766
-11.302927017211914
-11.301701545715332
-11.30206298828125
-11.301530838012695
-11.299345016479492
-11.300471305847168
-11.300899505615234
-11.301640510559082
-11.306998252868652
-11.30774974822998
-11.298103332519531
-11.278454780578613
-11.268356323242188
-11.281170845031738
-11.297542572021484
-11.306375503540039
-11.301702499389648
-11.29379940032959
-11.292387008666992
-11.301596641540527
-11.308762550354004
-11.307765007019043
-11.292062759399414
-11.273633003234863
-11.26905632019043
-11.289116859436035
-11.305314064025879
-11.30420970916748
-11.288830757141113
-11.277283668518066
-11.278608322143555
-11.294498443603516
-11.306514739990234
-11.3090238571167
-11.297829627990723
-11.284928321838379
-11.282315254211426
-11.290373802185059
-11.30453109741211
-11.306964874267578
-11.307177543640137
-11.30543041229248
-11.306384086608887
-11.309131622314453
-11.305279731750488
-11.301325798034668
-11.29659366607666
-11.297811508178711
-11.302773475646973
-11.308806419372559
-11.306296348571777
-11.299274444580078
-11.297555923461914
-11.299734115600586
-11.301721572875977
-11.305950164794922
-11.307714462280273
-11.304718017578125
-11.30000114440918
-11.300477981567383
-11.307540893554688
-11.306824684143066
-11.29741096496582
-11.291046142578125
-11.29487419128418
-11.298937797546387
-11.30494213104248
-11.308431625366211
-11.300352096557617
-11.283300399780273
-11.283150672912598
-11.299786567687988
-11.307687759399414
-11.294157981872559
-11.277078628540039
-11.285112380981445
-11.306512832641602
-11.304518699645996
-11.296624183654785
-11.297776222229004
-11.30611515045166
-11.308128356933594
-11.307244300842285
-11.30558967590332
-11.306500434875488
-11.305413246154785
-11.308406829833984
-11.305331230163574
-11.30087661743164
-11.299344062805176
-11.304731369018555
-11.309009552001953
-11.308534622192383
-11.303552627563477
-11.301956176757812
-11.300400733947754
-11.306083679199219
-11.30880355834961
-11.309908866882324
-11.30874252319336
-11.308453559875488
-11.308937072753906
-11.309447288513184
-11.309527397155762
-11.307876586914062
-11.305818557739258
-11.308723449707031
-11.310718536376953
-11.307515144348145
-11.309886932373047
-11.307122230529785
-11.305234909057617
-11.307717323303223
-11.308728218078613
-11.308079719543457
-11.307540893554688
-11.306178092956543
-11.307637214660645
-11.30928897857666
-11.309072494506836
-11.307988166809082
-11.309706687927246
-11.306597709655762
-11.305207252502441
-11.302699089050293
-11.303951263427734
-11.308134078979492
-11.30942153930664
-11.310699462890625
-11.309383392333984
-11.307668685913086
-11.307958602905273
-11.308880805969238
-11.310441970825195
-11.30950927734375
-11.308709144592285
-11.310266494750977
-11.308591842651367
-11.308856964111328
-11.309844017028809
-11.310823440551758
-11.310468673706055
-11.311098098754883
-11.307453155517578
-11.307112693786621
-11.308947563171387
-11.309775352478027
-11.310054779052734
-11.309386253356934
-11.306192398071289
-11.307889938354492
-11.308281898498535
-11.30827808380127
-11.308586120605469
-11.310171127319336
-11.30921459197998
-11.309513092041016
-11.309866905212402
-11.309797286987305
-11.309944152832031
-11.310232162475586
-11.310397148132324
-11.31118392944336
-11.308271408081055
-11.308452606201172
-11.30907154083252
-11.307368278503418
-11.302362442016602
-11.304069519042969
-11.304569244384766
-11.306941986083984
-11.311982154846191
-11.309700012207031
-11.306719779968262
-11.305362701416016
-11.305861473083496
-11.306537628173828
-11.307193756103516
-11.31078052520752
-11.309688568115234
-11.309308052062988
-11.307804107666016
-11.307878494262695
-11.307234764099121
-11.3082857131958
-11.310606956481934
-11.310612678527832
-11.311057090759277
-11.308344841003418
-11.309517860412598
-11.310163497924805
-11.310275077819824
-11.309502601623535
-11.308821678161621
-11.309358596801758
-11.310505867004395
-11.31062126159668
-11.311173439025879
-11.31042766571045
-11.30931282043457
-11.310479164123535
-11.310514450073242
-11.31119155883789
-11.308784484863281
-11.31081485748291
-11.31078815460205
-11.310022354125977
-11.310710906982422
-11.31259822845459
-11.309379577636719
-11.311467170715332
-11.310172080993652
-11.309843063354492
-11.312527656555176
-11.311500549316406
-11.309141159057617
-11.311624526977539
-11.310396194458008
-11.31009292602539
-11.307387351989746
-11.30920696258545
-11.306254386901855
-11.308358192443848
-11.309304237365723
-11.310188293457031
-11.3098726272583
-11.309237480163574
-11.309700012207031
-11.30865478515625
-11.308646202087402
-11.309142112731934
-11.310908317565918
-11.310038566589355
-11.310328483581543
-11.309587478637695
-11.310600280761719
-11.309024810791016
-11.310354232788086
-11.310269355773926
-11.31116008758545
-11.309635162353516
-11.309745788574219
-11.309636116027832
-11.309335708618164
-11.311254501342773
-11.311359405517578
-11.31009578704834
-11.31014633178711
-11.309975624084473
-11.311395645141602
-11.309830665588379
-11.309050559997559
-11.310617446899414
-11.308937072753906
-11.310590744018555
-11.30994987487793
-11.310554504394531
-11.31159782409668
-11.31187915802002
-11.31092357635498
-11.310714721679688
-11.311087608337402
-11.310687065124512
-11.31108283996582
-11.310616493225098
-11.310718536376953
-11.30923843383789
-11.30989933013916
-11.311619758605957
-11.310799598693848
-11.310297966003418
-11.311718940734863
-11.30976390838623
-11.310388565063477
-11.309178352355957
-11.311079025268555
-11.310298919677734
-11.30983829498291
-11.310234069824219
-11.311675071716309
-11.310795783996582
-11.310576438903809
-11.310105323791504
-11.309948921203613
-11.310184478759766
-11.308982849121094
-11.308374404907227
-11.309313774108887
-11.308793067932129
-11.30869197845459
-11.311382293701172
-11.308629035949707
-11.309060096740723
-11.309723854064941
-11.309842109680176
-11.309992790222168
-11.30839729309082
-11.309747695922852
-11.30926513671875
-11.30931282043457
-11.30974006652832
-11.308942794799805
-11.306828498840332
-11.302596092224121
-11.297708511352539
-11.293023109436035
-11.291800498962402
-11.293328285217285
-11.299671173095703
-11.304765701293945
-11.309258460998535
-11.310206413269043
-11.309648513793945
-11.310927391052246
-11.305310249328613
-11.30476188659668
-11.30309009552002
-11.301090240478516
-11.300288200378418
-11.300127983093262
-11.303245544433594
-11.305685043334961
-11.304908752441406
-11.3080472946167
-11.308125495910645
-11.31006145477295
-11.309165954589844
-11.307018280029297
-11.30273723602295
-11.296835899353027
-11.286589622497559
-11.282068252563477
-11.284361839294434
-11.296411514282227
-11.300813674926758
-11.301422119140625
-11.303483009338379
-11.30322551727295
-11.305200576782227
-11.308161735534668
-11.305929183959961
-11.306568145751953
-11.309993743896484
-11.30867862701416
-11.306526184082031
-11.308233261108398
-11.308414459228516
-11.30849838256836
-11.30553913116455
-11.30130386352539
-11.298727035522461
-11.296836853027344
-11.295455932617188
-11.298677444458008
-11.303635597229004
-11.307157516479492
-11.309310913085938
-11.305074691772461
-11.296661376953125
-11.293615341186523
-11.297532081604004
-11.302566528320312
-11.31010913848877
-11.30907154083252
-11.302299499511719
-11.29863452911377
-11.298818588256836
-11.302850723266602
-11.305534362792969
-11.299686431884766
-11.276663780212402
-11.258155822753906
-11.263577461242676
-11.287457466125488
-11.309109687805176
-11.298742294311523
-11.28126335144043
-11.284849166870117
-11.305275917053223
-11.294130325317383
-11.284470558166504
-11.30463695526123
-11.299690246582031
-11.260767936706543
-11.251026153564453
-11.282137870788574
-11.30872917175293
-11.2947416305542
-11.26006031036377
-11.262218475341797
-11.299452781677246
-11.30776309967041
-11.28148365020752
-11.26668643951416
-11.29145336151123
-11.306602478027344
-11.308961868286133
-11.308636665344238
-11.308633804321289
-11.309576034545898
-11.305567741394043
-11.304524421691895
-11.30624771118164
-11.309320449829102
-11.310118675231934
-11.30940055847168
-11.307161331176758
-11.309126853942871
-11.308913230895996
-11.311017036437988
-11.310728073120117
-11.312098503112793
-11.309820175170898
-11.308333396911621
-11.309382438659668
-11.309066772460938
-11.309611320495605
-11.310711860656738
-11.311553955078125
-11.310827255249023
-11.310199737548828
-11.310012817382812
-11.309490203857422
-11.310033798217773
-11.31160831451416
-11.310495376586914
-11.310667037963867
-11.311883926391602
-11.313044548034668
-11.309345245361328
-11.310213088989258
-11.310038566589355
-11.311767578125
-11.310796737670898
-11.310770034790039
-11.31082534790039
-11.311344146728516
-11.311918258666992
-11.311577796936035
-11.310797691345215
-11.310182571411133
-11.31068229675293
-11.31097412109375
-11.311423301696777
-11.311495780944824
-11.311272621154785
-11.310858726501465
-11.310087203979492
-11.310317993164062
-11.31119155883789
-11.31107234954834
-11.311866760253906
-11.31229019165039
-11.313653945922852
-11.309905052185059
-11.310651779174805
-11.3103609085083
-11.312424659729004
-11.310760498046875
-11.311871528625488
-11.310851097106934
-11.311874389648438
-11.312422752380371
-11.31107234954834
-11.311153411865234
-11.309992790222168
-11.311275482177734
-11.311196327209473
-11.311875343322754
-11.312213897705078
-11.310361862182617
-11.311602592468262
-11.311352729797363
-11.312743186950684
-11.311589241027832
-11.308178901672363
-11.310945510864258
-11.311031341552734
-11.310934066772461
-11.31081771850586
-11.31014633178711
-11.313163757324219
-11.31181812286377
-11.311135292053223
-11.311370849609375
-11.311511993408203
-11.311273574829102
-11.310392379760742
-11.311912536621094
-11.311483383178711
-11.311437606811523
-11.312657356262207
-11.312102317810059
-11.310456275939941
-11.309357643127441
-11.310647010803223
-11.311195373535156
-11.310067176818848
-11.312285423278809
-11.310914993286133
-11.309320449829102
-11.310101509094238
-11.31004524230957
-11.311297416687012
-11.310745239257812
-11.311229705810547
-11.31045150756836
-11.310443878173828
-11.310287475585938
-11.311285018920898
-11.310047149658203
-11.310626029968262
-11.311267852783203
-11.31147289276123
-11.311245918273926
-11.31004524230957
-11.30980110168457
-11.309603691101074
-11.310137748718262
-11.310585975646973
-11.311867713928223
-11.310543060302734
-11.31154727935791
-11.308756828308105
-11.308463096618652
-11.308915138244629
-11.310341835021973
-11.313425064086914
-11.31425952911377
-11.311119079589844
-11.311824798583984
-11.311792373657227
-11.311333656311035
-11.310938835144043
-11.311182975769043
-11.311626434326172
-11.310311317443848
-11.31290340423584
-11.31131649017334
-11.31380558013916
-11.311918258666992
-11.31084156036377
-11.311513900756836
-11.311321258544922
-11.312631607055664
-11.310750961303711
-11.309670448303223
-11.310035705566406
-11.311491012573242
-11.310772895812988
-11.311605453491211
-11.31308364868164
-11.31239128112793
-11.311902046203613
-11.312516212463379
-11.310842514038086
-11.312947273254395
-11.313230514526367
-11.311553001403809
-11.310784339904785
-11.312643051147461
-11.311199188232422
-11.312054634094238
-11.310911178588867
-11.312543869018555
-11.311623573303223
-11.311824798583984
-11.311639785766602
-11.311686515808105
-11.309906005859375
-11.310144424438477
-11.310492515563965
-11.310599327087402
-11.310627937316895
-11.31066608428955
-11.31153678894043
-11.311592102050781
-11.311685562133789
-11.311511039733887
-11.312104225158691
-11.310812950134277
-11.310389518737793
-11.308765411376953
-11.304686546325684
-11.302699089050293
-11.302663803100586
-11.304014205932617
-11.305477142333984
-11.304490089416504
-11.308313369750977
-11.307087898254395
-11.309293746948242
-11.310614585876465
-11.312529563903809
-11.310572624206543
-11.308991432189941
-11.303741455078125
-11.303604125976562
-11.300267219543457
-11.29977035522461
-11.30301570892334
-11.305051803588867
-11.308915138244629
-11.309534072875977
-11.31113052368164
-11.311431884765625
-11.310148239135742
-11.310812950134277
-11.309946060180664
-11.311151504516602
-11.310720443725586
-11.312341690063477
-11.312061309814453
-11.311859130859375
-11.311667442321777
-11.309602737426758
-11.311349868774414
-11.307686805725098
-11.309779167175293
-11.310190200805664
-11.309720039367676
-11.312454223632812
-11.311367988586426
-11.310176849365234
-11.308944702148438
-11.308990478515625
-11.305496215820312
-11.301338195800781
-11.300578117370605
-11.302390098571777
-11.30332088470459
-11.30617618560791
-11.307228088378906
-11.31112289428711
-11.310478210449219
-11.311175346374512
-11.313651084899902
-11.311278343200684
-11.311270713806152
-11.310367584228516
-11.312435150146484
-11.312167167663574
-11.311250686645508
-11.31025218963623
-11.310235023498535
-11.30863094329834
-11.308061599731445
-11.309000015258789
-11.309566497802734
-11.309831619262695
-11.311203002929688
-11.311697959899902
-11.310863494873047
-11.309846878051758
-11.309003829956055
-11.307087898254395
-11.303699493408203
-11.306259155273438
-11.306965827941895
-11.311635971069336
-11.311630249023438
-11.309926986694336
-11.311485290527344
-11.311903953552246
-11.31251049041748
-11.31085205078125
-11.31042766571045
-11.31035327911377
-11.31005573272705
-11.305747985839844
-11.302474975585938
-11.30250358581543
-11.303668975830078
-11.308897018432617
-11.308941841125488
-11.308847427368164
-11.310652732849121
-11.312202453613281
-11.309303283691406
-11.305431365966797
-11.302096366882324
-11.299481391906738
-11.298955917358398
-11.298639297485352
-11.300129890441895
-11.303595542907715
-11.308438301086426
-11.309469223022461
-11.310171127319336
-11.310506820678711
-11.311240196228027
-11.310054779052734
-11.311854362487793
-11.309110641479492
-11.305234909057617
-11.298004150390625
-11.295961380004883
-11.298527717590332
-11.303976058959961
-11.306084632873535
-11.308061599731445
-11.308036804199219
-11.309045791625977
-11.308368682861328
-11.306539535522461
-11.304366111755371
-11.301224708557129
-11.297828674316406
-11.29944896697998
-11.30368709564209
-11.308127403259277
-11.310990333557129
-11.311297416687012
-11.306385040283203
-11.307524681091309
-11.310745239257812
-11.311997413635254
-11.311535835266113
-11.310250282287598
-11.308504104614258
-11.306859016418457
-11.301287651062012
-11.289169311523438
-11.284724235534668
-11.277946472167969
-11.275044441223145
-11.285857200622559
-11.301471710205078
-11.311958312988281
-11.307794570922852
-11.2966890335083
-11.291816711425781
-11.299132347106934
-11.308177947998047
-11.311590194702148
-11.309582710266113
-11.309228897094727
-11.3084716796875
-11.30893611907959
-11.307971954345703
-11.307441711425781
-11.305173873901367
-11.305461883544922
-11.307051658630371
-11.307960510253906
-11.310811996459961
-11.311545372009277
-11.312761306762695
-11.30980396270752
-11.307045936584473
-11.300996780395508
-11.301496505737305
-11.304309844970703
-11.308708190917969
-11.310744285583496
-11.308584213256836
-11.302297592163086
-11.295639991760254
-11.295479774475098
-11.298177719116211
-11.304428100585938
-11.308577537536621
-11.31116771697998
-11.310334205627441
-11.308158874511719
-11.303409576416016
-11.300705909729004
-11.302484512329102
-11.307000160217285
-11.310773849487305
-11.312979698181152
-11.310760498046875
-11.30646800994873
-11.303191184997559
-11.307486534118652
-11.309464454650879
-11.309187889099121
-11.310349464416504
-11.30441665649414
-11.303226470947266
-11.301515579223633
-11.306111335754395
-11.310710906982422
-11.305627822875977
-11.296140670776367
-11.28762435913086
-11.288849830627441
-11.297547340393066
-11.30974292755127
-11.309165000915527
-11.30156421661377
-11.300052642822266
-11.305035591125488
-11.31190013885498
-11.307783126831055
-11.301130294799805
-11.297502517700195
-11.301617622375488
-11.308631896972656
-11.3112154006958
-11.30522632598877
-11.29478931427002
-11.29236125946045
-11.305419921875
-11.31157398223877
-11.309011459350586
-11.307170867919922
-11.307822227478027
-11.31218433380127
-11.312786102294922
-11.308752059936523
-11.304659843444824
-11.302986145019531
-11.308152198791504
-11.31118392944336
-11.313990592956543
-11.31098461151123
-11.309612274169922
-11.310766220092773
-11.310393333435059
-11.313143730163574
-11.311922073364258
-11.311747550964355
-11.312845230102539
-11.312541007995605
-11.311846733093262
-11.311117172241211
-11.313096046447754
-11.311969757080078
-11.310626029968262
-11.309958457946777
-11.311201095581055
-11.311044692993164
-11.312944412231445
-11.312280654907227
-11.309272766113281
-11.307788848876953
-11.308143615722656
-11.3113374710083
-11.313176155090332
-11.313349723815918
-11.311917304992676
-11.310651779174805
-11.308316230773926
-11.310224533081055
-11.312344551086426
-11.312519073486328
-11.313653945922852
-11.311746597290039
-11.308480262756348
-11.307043075561523
-11.310125350952148
-11.310830116271973
-11.312106132507324
-11.314002990722656
-11.313136100769043
-11.311488151550293
-11.313172340393066
-11.312477111816406
-11.312166213989258
-11.312312126159668
-11.31258487701416
-11.313974380493164
-11.312172889709473
-11.312209129333496
-11.311744689941406
-11.312053680419922
-11.310931205749512
-11.313264846801758
-11.31191635131836
-11.312273979187012
-11.313831329345703
-11.312390327453613
-11.312183380126953
-11.312775611877441
-11.31158447265625
-11.313566207885742
-11.31145191192627
-11.313237190246582
-11.31252384185791
-11.311787605285645
-11.309525489807129
-11.309633255004883
-11.31148910522461
-11.3135347366333
-11.312644004821777
-11.312615394592285
-11.312386512756348
-11.312481880187988
-11.312848091125488
-11.313549995422363
-11.313552856445312
-11.313889503479004
-11.313899993896484
-11.312437057495117
-11.3118896484375
-11.313748359680176
-11.31277084350586
-11.313058853149414
-11.313519477844238
-11.3120756149292
-11.312365531921387
-11.312417984008789
-11.31299114227295
-11.312034606933594
-11.314047813415527
-11.31251049041748
-11.313369750976562
-11.3134126663208
-11.314030647277832
-11.312630653381348
-11.315803527832031
-11.314587593078613
-11.314497947692871
-11.313207626342773
-11.312936782836914
-11.312776565551758
-11.312241554260254
-11.310304641723633
-11.310644149780273
-11.311405181884766
-11.310832023620605
-11.309794425964355
-11.308368682861328
-11.309096336364746
-11.30776309967041
-11.307214736938477
-11.308178901672363
-11.308514595031738
-11.308423042297363
-11.31213665008545
-11.311802864074707
-11.3119535446167
-11.309964179992676
-11.308211326599121
-11.304764747619629
-11.296843528747559
-11.29089641571045
-11.2869291305542
-11.287742614746094
-11.290140151977539
-11.301724433898926
-11.309985160827637
-11.312909126281738
-11.304747581481934
-11.29246711730957
-11.289807319641113
-11.297398567199707
-11.308988571166992
-11.314800262451172
-11.309382438659668
-11.305575370788574
-11.304510116577148
-11.306584358215332
-11.310661315917969
-11.312470436096191
-11.312638282775879
-11.30666732788086
-11.305704116821289
-11.306429862976074
-11.307136535644531
-11.311749458312988
-11.311412811279297
-11.30948257446289
-11.303613662719727
-11.297292709350586
-11.297229766845703
-11.297577857971191
-11.301270484924316
-11.306424140930176
-11.310089111328125
-11.312938690185547
-11.31031322479248
-11.309820175170898
-11.309151649475098
-11.31281852722168
-11.312666893005371
-11.313362121582031
-11.311623573303223
-11.310912132263184
-11.31049633026123
-11.312348365783691
-11.313759803771973
-11.313872337341309
-11.3133544921875
-11.31309700012207
-11.313454627990723
-11.313664436340332
-11.310760498046875
-11.312658309936523
-11.312712669372559
-11.313488006591797
-11.313458442687988
-11.312777519226074
-11.313177108764648
-11.313274383544922
-11.312104225158691
-11.312705993652344
-11.312409400939941
-11.312960624694824
-11.312853813171387
-11.310697555541992
-11.313658714294434
-11.313567161560059
-11.311915397644043
-11.311935424804688
-11.310541152954102
-11.310796737670898
-11.309962272644043
-11.311624526977539
-11.311944007873535
-11.313060760498047
-11.313124656677246
-11.311445236206055
-11.305763244628906
-11.302306175231934
-11.307437896728516
-11.309243202209473
-11.310638427734375
-11.3113374710083
-11.310606002807617
-11.30747127532959
-11.30491828918457
-11.30810260772705
-11.31230640411377
-11.313165664672852
-11.312777519226074
-11.310370445251465
-11.310827255249023
-11.310215950012207
-11.310853004455566
-11.312006950378418
-11.314569473266602
-11.312034606933594
-11.30879020690918
-11.30778980255127
-11.304619789123535
-11.299919128417969
-11.300880432128906
-11.304991722106934
-11.310436248779297
-11.31348705291748
-11.31400203704834
-11.311899185180664
-11.31196403503418
-11.314260482788086
-11.312552452087402
-11.313192367553711
-11.313958168029785
-11.313398361206055
-11.314098358154297
-11.312943458557129
-11.311925888061523
-11.311253547668457
-11.312891006469727
-11.313560485839844
-11.31422233581543
-11.313799858093262
-11.312956809997559
-11.31380844116211
-11.31371021270752
-11.313183784484863
-11.314861297607422
-11.31303596496582
-11.312654495239258
-11.313629150390625
-11.312690734863281
-11.31372356414795
-11.314093589782715
-11.313633918762207
-11.313199996948242
-11.312956809997559
-11.31293773651123
-11.314249992370605
-11.314329147338867
-11.313587188720703
-11.314663887023926
-11.314407348632812
-11.31363296508789
-11.312538146972656
-11.313698768615723
-11.313433647155762
-11.31380844116211
-11.313871383666992
-11.312061309814453
-11.314043998718262
-11.313575744628906
-11.314796447753906
-11.313018798828125
-11.312601089477539
-11.312980651855469
-11.316048622131348
-11.314175605773926
-11.315374374389648
-11.314257621765137
-11.314367294311523
-11.312653541564941
-11.313591957092285
-11.313572883605957
-11.315210342407227
-11.314889907836914
-11.313539505004883
-11.314532279968262
-11.312978744506836
-11.31462287902832
-11.314144134521484
-11.313146591186523
-11.313704490661621
-11.311412811279297
-11.309439659118652
-11.308699607849121
-11.306346893310547
-11.306235313415527
-11.303791046142578
-11.304420471191406
-11.30398941040039
-11.306793212890625
-11.308764457702637
-11.310877799987793
-11.31296157836914
-11.313652992248535
-11.314391136169434
-11.313618659973145
-11.312801361083984
-11.314153671264648
-11.313093185424805
-11.314763069152832
-11.312978744506836
-11.314106941223145
-11.314859390258789
-11.314233779907227
-11.312472343444824
-11.313268661499023
-11.31358528137207
-11.311857223510742
-11.312736511230469
-11.31219482421875
-11.30968189239502
-11.30666446685791
-11.302713394165039
-11.297143936157227
-11.289857864379883
-11.284485816955566
-11.284415245056152
-11.295138359069824
-11.306854248046875
-11.31205940246582
-11.314366340637207
-11.309590339660645
-11.302435874938965
-11.290205001831055
-11.284028053283691
-11.29170036315918
-11.29899787902832
-11.308036804199219
-11.313102722167969
-11.314315795898438
-11.310702323913574
-11.311861038208008
-11.31310749053955
-11.313468933105469
-11.313419342041016
-11.312097549438477
-11.310919761657715
-11.310909271240234
-11.3085355758667
-11.309501647949219
-11.308541297912598
-11.311239242553711
-11.31114673614502
-11.313568115234375
-11.313501358032227
-11.313821792602539
-11.313562393188477
-11.31318187713623
-11.312849998474121
-11.311367988586426
-11.311173439025879
-11.30930233001709
-11.308438301086426
-11.306557655334473
-11.308521270751953
-11.307788848876953
-11.310487747192383
-11.31364917755127
-11.313213348388672
-11.3066987991333
-11.301349639892578
-11.302787780761719
-11.30801010131836
-11.312226295471191
-11.29971694946289
-11.267800331115723
-11.266834259033203
-11.287712097167969
-11.307733535766602
-11.312749862670898
-11.308326721191406
-11.301156997680664
-11.299285888671875
-11.296530723571777
-11.293621063232422
-11.295846939086914
-11.30130672454834
-11.30831241607666
-11.311040878295898
-11.313398361206055
-11.31147575378418
-11.308280944824219
-11.310224533081055
-11.312726974487305
-11.309218406677246
-11.300699234008789
-11.296430587768555
-11.305032730102539
-11.314704895019531
-11.304936408996582
-11.28797435760498
-11.282610893249512
-11.289098739624023
-11.303177833557129
-11.311737060546875
-11.310970306396484
-11.30374526977539
-11.299044609069824
-11.304060935974121
-11.312070846557617
-11.310657501220703
-11.305513381958008
-11.305173873901367
-11.308856964111328
-11.313072204589844
-11.31338882446289
-11.3106689453125
-11.305460929870605
-11.305351257324219
-11.310510635375977
-11.313379287719727
-11.313182830810547
-11.313538551330566
-11.312695503234863
-11.31230640411377
-11.312602043151855
-11.3138427734375
-11.313260078430176
-11.314835548400879
-11.312738418579102
-11.314030647277832
-11.31506633758545
-11.313071250915527
-11.312914848327637
-11.311234474182129
-11.31391716003418
-11.314024925231934
-11.314868927001953
-11.314054489135742
-11.312834739685059
-11.314081192016602
-11.313042640686035
-11.313339233398438
-11.313591957092285
-11.31391716003418
-11.314616203308105
-11.313669204711914
-11.315390586853027
-11.314223289489746
-11.313870429992676
-11.314335823059082
-11.314618110656738
-11.313733100891113
-11.315303802490234
-11.314140319824219
-11.313969612121582
-11.31393051147461
-11.313338279724121
-11.314284324645996
-11.31334400177002
-11.314741134643555
-11.31539249420166
-11.314878463745117
-11.314510345458984
-11.31302261352539
-11.313980102539062
-11.31450366973877
-11.314910888671875
-11.314606666564941
-11.315314292907715
-11.314628601074219
-11.315385818481445
-11.313130378723145
-11.315056800842285
-11.314831733703613
-11.314923286437988
-11.313570022583008
-11.313508033752441
-11.312711715698242
-11.31098461151123
-11.313085556030273
-11.312548637390137
-11.313729286193848
-11.313803672790527
-11.313745498657227
-11.314278602600098
-11.313800811767578
-11.313231468200684
-11.312207221984863
-11.313990592956543
-11.313968658447266
-11.313591003417969
-11.315478324890137
-11.31425952911377
-11.314203262329102
-11.313194274902344
-11.314111709594727
-11.314536094665527
-11.314046859741211
-11.313862800598145
-11.314454078674316
-11.314651489257812
-11.315881729125977
-11.315449714660645
-11.314360618591309
-11.313517570495605
-11.314741134643555
-11.315406799316406
-11.31418514251709
-11.315852165222168
-11.31375789642334
-11.315381050109863
-11.314169883728027
-11.313772201538086
-11.314724922180176
-11.314284324645996
-11.314096450805664
-11.312641143798828
-11.311650276184082
-11.313520431518555
-11.31447696685791
-11.31446647644043
-11.315507888793945
-11.313072204589844
-11.312882423400879
-11.310372352600098
-11.30996322631836
-11.309240341186523
-11.313112258911133
-11.314767837524414
-11.315427780151367
-11.314557075500488
-11.313981056213379
-11.312911987304688
-11.313291549682617
-11.313725471496582
-11.313310623168945
-11.31521224975586
-11.313774108886719
-11.315223693847656
-11.316030502319336
-11.31482219696045
-11.314618110656738
-11.316529273986816
-11.313774108886719
-11.312836647033691
-11.312387466430664
-11.311362266540527
-11.31216812133789
-11.314033508300781
-11.315068244934082
-11.316113471984863
-11.315337181091309
-11.312980651855469
-11.311772346496582
-11.309869766235352
-11.306392669677734
-11.305360794067383
-11.3046875
-11.302104949951172
-11.304129600524902
-11.304485321044922
-11.306381225585938
-11.30992317199707
-11.311267852783203
-11.3131103515625
-11.31458854675293
-11.313644409179688
-11.310775756835938
-11.308493614196777
-11.303640365600586
-11.302922248840332
-11.302899360656738
-11.30413818359375
-11.307552337646484
-11.312912940979004
-11.313069343566895
-11.313394546508789
-11.313774108886719
-11.312029838562012
-11.313188552856445
-11.314123153686523
-11.31433391571045
-11.313069343566895
-11.311003684997559
-11.31141185760498
-11.309225082397461
-11.309937477111816
-11.311264038085938
-11.313360214233398
-11.314433097839355
-11.315526962280273
-11.314160346984863
-11.31464958190918
-11.315619468688965
-11.31493091583252
-11.315861701965332
-11.31452465057373
-11.312945365905762
-11.311773300170898
-11.31076431274414
-11.312675476074219
-11.314452171325684
-11.314493179321289
-11.314850807189941
-11.31519889831543
-11.314332962036133
-11.315136909484863
-11.314905166625977
-11.314326286315918
-11.31352710723877
-11.31355094909668
-11.313372611999512
-11.314903259277344
-11.314249038696289
-11.314581871032715
-11.313613891601562
-11.3121919631958
-11.310989379882812
-11.308733940124512
-11.310493469238281
-11.310033798217773
-11.311357498168945
-11.313798904418945
-11.313318252563477
-11.315081596374512
-11.315500259399414
-11.31300163269043
-11.311676025390625
-11.305732727050781
-11.29896354675293
-11.292952537536621
-11.287078857421875
-11.289545059204102
-11.302530288696289
-11.310482025146484
-11.302578926086426
-11.281216621398926
-11.263219833374023
-11.274372100830078
-11.291767120361328
-11.305496215820312
-11.313858985900879
-11.304656982421875
-11.280641555786133
-11.26137638092041
-11.279685974121094
-11.303668975830078
-11.3108549118042
-11.312833786010742
-11.30937385559082
-11.304468154907227
-11.29968547821045
-11.296083450317383
-11.301151275634766
-11.307881355285645
-11.311381340026855
-11.311978340148926
-11.314011573791504
-11.312663078308105
-11.313411712646484
-11.311887741088867
-11.31438159942627
-11.313284873962402
-11.309571266174316
-11.312615394592285
-11.312753677368164
-11.3126220703125
-11.310483932495117
-11.307600021362305
-11.308379173278809
-11.311100006103516
-11.315410614013672
-11.315537452697754
-11.311399459838867
-11.310673713684082
-11.31339168548584
-11.314739227294922
-11.31496524810791
-11.312396049499512
-11.313244819641113
-11.314971923828125
-11.314449310302734
-11.313800811767578
-11.315185546875
-11.316258430480957
-11.314766883850098
-11.315776824951172
-11.31550407409668
-11.313410758972168
-11.316230773925781
-11.315200805664062
-11.310985565185547
-11.308625221252441
-11.306180953979492
-11.307901382446289
-11.312658309936523
-11.315479278564453
-11.314726829528809
-11.308093070983887
-11.307312965393066
-11.30886173248291
-11.311921119689941
-11.313800811767578
-11.315882682800293
-11.314817428588867
-11.31240177154541
-11.312501907348633
-11.313209533691406
-11.312024116516113
-11.312588691711426
-11.315235137939453
-11.315646171569824
-11.313885688781738
-11.314610481262207
-11.30992317199707
-11.307269096374512
-11.305214881896973
-11.308643341064453
-11.313483238220215
-11.315207481384277
-11.308939933776855
-11.303592681884766
-11.302316665649414
-11.302800178527832
-11.30777359008789
-11.312636375427246
-11.305558204650879
-11.291156768798828
-11.283528327941895
-11.29405403137207
-11.306699752807617
-11.312800407409668
-11.311897277832031
-11.303207397460938
-11.295186042785645
-11.295502662658691
-11.306252479553223
-11.313118934631348
-11.310970306396484
-11.296685218811035
-11.285052299499512
-11.296716690063477
-11.311798095703125
-11.310635566711426
-11.297835350036621
-11.285237312316895
-11.287537574768066
-11.303443908691406
-11.314108848571777
-11.310896873474121
-11.299774169921875
-11.293549537658691
-11.301994323730469
-11.311593055725098
-11.315705299377441
-11.312164306640625
-11.308552742004395
-11.310656547546387
-11.314716339111328
-11.315472602844238
-11.315794944763184
-11.314085006713867
-11.314484596252441
-11.316383361816406
-11.314390182495117
-11.313706398010254
-11.31423568725586
-11.315031051635742
-11.315566062927246
-11.316658020019531
-11.312996864318848
-11.314769744873047
-11.313769340515137
-11.315436363220215
-11.31690788269043
-11.3163480758667
-11.316241264343262
-11.314736366271973
-11.315071105957031
-11.315946578979492
-11.31609058380127
-11.317200660705566
-11.316556930541992
-11.31458568572998
-11.31340503692627
-11.315656661987305
-11.314454078674316
-11.315704345703125
-11.315901756286621
-11.315692901611328
-11.315128326416016
-11.31578540802002
-11.315448760986328
-11.317010879516602
-11.31537914276123
-11.316293716430664
-11.316304206848145
-11.31564712524414
-11.315275192260742
-11.315445899963379
-11.315669059753418
-11.315159797668457
-11.315919876098633
-11.31540584564209
-11.314491271972656
-11.315746307373047
-11.31548023223877
-11.315238952636719
-11.315905570983887
-11.315622329711914
-11.315662384033203
-11.316460609436035
-11.31699275970459
-11.316854476928711
-11.316237449645996
-11.315757751464844
-11.314987182617188
-11.315922737121582
-11.317309379577637
-11.3164701461792
-11.315969467163086
-11.31539535522461
-11.316502571105957
-11.314878463745117
-11.316629409790039
-11.316171646118164
-11.315704345703125
-11.316319465637207
-11.315208435058594
-11.317484855651855
-11.316730499267578
-11.317070007324219
-11.315435409545898
-11.31627082824707
-11.315948486328125
-11.316713333129883
-11.315450668334961
-11.317249298095703
-11.314407348632812
-11.315323829650879
-11.316035270690918
-11.318103790283203
-11.31530475616455
-11.315985679626465
-11.316720962524414
-11.316737174987793
-11.317036628723145
-11.316048622131348
-11.315812110900879
-11.315037727355957
-11.316571235656738
-11.317472457885742
-11.316150665283203
-11.316449165344238
-11.314958572387695
-11.315573692321777
-11.317365646362305
-11.315892219543457
-11.315091133117676
-11.314644813537598
-11.316926956176758
-11.316633224487305
-11.316064834594727
-11.315235137939453
-11.316427230834961
-11.315215110778809
-11.315816879272461
-11.315770149230957
-11.315882682800293
-11.315896987915039
-11.317744255065918
-11.315038681030273
-11.31614875793457
-11.315804481506348
-11.31631851196289
-11.314044952392578
-11.316006660461426
-11.315103530883789
-11.315293312072754
-11.315555572509766
-11.315557479858398
-11.314178466796875
-11.316170692443848
-11.316152572631836
-11.31592845916748
-11.315322875976562
-11.315458297729492
-11.314092636108398
-11.31650447845459
-11.31601333618164
-11.316523551940918
-11.315150260925293
-11.315035820007324
-11.316155433654785
-11.316272735595703
-11.315361976623535
-11.316344261169434
-11.31747817993164
-11.316444396972656
-11.316096305847168
-11.31584644317627
-11.316128730773926
-11.316400527954102
-11.314393997192383
-11.31547737121582
-11.317561149597168
-11.316827774047852
-11.316490173339844
-11.316455841064453
-11.317697525024414
-11.315980911254883
-11.316014289855957
-11.315094947814941
-11.315654754638672
-11.316112518310547
-11.315712928771973
-11.314483642578125
-11.316366195678711
-11.316104888916016
-11.31613540649414
-11.315336227416992
-11.315519332885742
-11.314888954162598
-11.31521987915039
-11.31496524810791
-11.3148775100708
-11.314369201660156
-11.3142728805542
-11.314919471740723
-11.314774513244629
-11.31551742553711
-11.313971519470215
-11.314993858337402
-11.31482982635498
-11.314140319824219
-11.316610336303711
-11.315231323242188
-11.315484046936035
-11.315006256103516
-11.31471061706543
-11.315658569335938
-11.314400672912598
-11.315069198608398
-11.31214714050293
-11.309488296508789
-11.305413246154785
-11.298087120056152
-11.29265022277832
-11.297534942626953
-11.303462982177734
-11.30469036102295
-11.307182312011719
-11.307868003845215
-11.310443878173828
-11.313844680786133
-11.3125581741333
-11.312516212463379
-11.313858985900879
-11.314605712890625
-11.315024375915527
-11.311100006103516
-11.307646751403809
-11.304597854614258
-11.304455757141113
-11.30702018737793
-11.308723449707031
-11.312737464904785
-11.314821243286133
-11.314154624938965
-11.312564849853516
-11.307714462280273
-11.299160957336426
-11.294514656066895
-11.298306465148926
-11.30486011505127
-11.31023120880127
-11.31371021270752
-11.315324783325195
-11.315313339233398
-11.315823554992676
-11.315253257751465
-11.314830780029297
-11.313883781433105
-11.313568115234375
-11.31417179107666
-11.314937591552734
-11.314478874206543
-11.312986373901367
-11.310091018676758
-11.307241439819336
-11.305952072143555
-11.306944847106934
-11.311591148376465
-11.314543724060059
-11.312702178955078
-11.304428100585938
-11.296669006347656
-11.295300483703613
-11.298996925354004
-11.308547019958496
-11.314656257629395
-11.315278053283691
-11.305200576782227
-11.301097869873047
-11.299853324890137
-11.30105209350586
-11.305195808410645
-11.309025764465332
-11.313745498657227
-11.316268920898438
-11.314003944396973
-11.313308715820312
-11.31218147277832
-11.311640739440918
-11.31360912322998
-11.314440727233887
-11.315465927124023
-11.31157112121582
-11.307177543640137
-11.305225372314453
-11.308015823364258
-11.311324119567871
-11.313736915588379
-11.31585693359375
-11.316059112548828
-11.316189765930176
-11.314508438110352
-11.312816619873047
-11.31138801574707
-11.31486988067627
-11.315943717956543
-11.316082000732422
-11.316558837890625
-11.315557479858398
-11.314552307128906
-11.315064430236816
-11.314310073852539
-11.315718650817871
-11.316662788391113
-11.316085815429688
-11.316862106323242
-11.315054893493652
-11.315600395202637
-11.315436363220215
-11.314849853515625
-11.314069747924805
-11.313529014587402
-11.3146390914917
-11.314305305480957
-11.315645217895508
-11.316134452819824
-11.313776969909668
-11.31045150756836
-11.310718536376953
-11.311655044555664
-11.311548233032227
-11.31548023223877
-11.31640625
-11.316180229187012
-11.316399574279785
-11.314713478088379
-11.312516212463379
-11.311100006103516
-11.310254096984863
-11.312886238098145
-11.31637191772461
-11.317319869995117
-11.315803527832031
-11.314595222473145
-11.313386917114258
-11.312536239624023
-11.314738273620605
-11.316819190979004
-11.317044258117676
-11.31652545928955
-11.31547737121582
-11.314530372619629
-11.314489364624023
-11.314671516418457
-11.314925193786621
-11.315278053283691
-11.316083908081055
-11.31655216217041
-11.316622734069824
-11.3162841796875
-11.3165864944458
-11.31648063659668
-11.316610336303711
-11.317072868347168
-11.31613540649414
-11.316277503967285
-11.317248344421387
-11.315717697143555
-11.31585693359375
-11.31464958190918
-11.313657760620117
-11.312561988830566
-11.312016487121582
-11.313275337219238
-11.314983367919922
-11.3156099319458
-11.315350532531738
-11.315489768981934
-11.31489086151123
-11.315323829650879
-11.31621265411377
-11.315999031066895
-11.317462921142578
-11.316629409790039
-11.31730842590332
-11.315935134887695
-11.316662788391113
-11.31649398803711
-11.314655303955078
-11.314081192016602
-11.313642501831055
-11.31264591217041
-11.31123161315918
-11.311772346496582
-11.312542915344238
-11.312960624694824
-11.31369686126709
-11.314352989196777
-11.314958572387695
-11.316450119018555
-11.316706657409668
-11.316280364990234
-11.316751480102539
-11.315140724182129
-11.315993309020996
-11.313435554504395
-11.313203811645508
-11.312227249145508
-11.313034057617188
-11.3148832321167
-11.316139221191406
-11.316542625427246
-11.315463066101074
-11.312095642089844
-11.307144165039062
-11.303561210632324
-11.29820728302002
-11.295750617980957
-11.295424461364746
-11.299022674560547
-11.309795379638672
-11.314207077026367
-11.307211875915527
-11.29362964630127
-11.279162406921387
-11.279175758361816
-11.289473533630371
-11.305663108825684
-11.313068389892578
-11.299812316894531
-11.279757499694824
-11.277443885803223
-11.297537803649902
-11.313668251037598
-11.311681747436523
-11.300985336303711
-11.30362606048584
-11.308577537536621
-11.311691284179688
-11.312600135803223
-11.315117835998535
-11.314885139465332
-11.31279182434082
-11.308110237121582
-11.303736686706543
-11.293478012084961
-11.283604621887207
-11.292732238769531
-11.310657501220703
-11.298089981079102
-11.245988845825195
-11.229708671569824
-11.281622886657715
-11.30678653717041
-11.28598403930664
-11.264613151550293
-11.285634994506836
-11.309569358825684
-11.305146217346191
-11.28529167175293
-11.288719177246094
-11.306382179260254
-11.312177658081055
-11.284820556640625
-11.272080421447754
-11.302826881408691
-11.313871383666992
-11.298823356628418
-11.29675579071045
-11.313282012939453
-11.309488296508789
-11.293647766113281
-11.296285629272461
-11.313301086425781
-11.310765266418457
-11.298375129699707
-11.30533504486084
-11.314383506774902
-11.3029146194458
-11.288082122802734
-11.30504035949707
-11.317200660705566
-11.304523468017578
-11.289301872253418
-11.303220748901367
-11.315868377685547
-11.31223201751709
-11.294276237487793
-11.293937683105469
-11.313867568969727
-11.30805492401123
-11.2858304977417
-11.287703514099121
-11.309089660644531
-11.304834365844727
-11.277168273925781
-11.28617000579834
-11.309103965759277
-11.307878494262695
-11.279243469238281
-11.275067329406738
-11.30250072479248
-11.303619384765625
-11.268555641174316
-11.290597915649414
-11.314696311950684
-11.2852144241333
-11.274142265319824
-11.307669639587402
-11.310586929321289
-11.279440879821777
-11.298222541809082
-11.309983253479004
-11.278654098510742
-11.277424812316895
-11.305519104003906
-11.297904014587402
-11.268343925476074
-11.278603553771973
-11.308003425598145
-11.276822090148926
-11.245018005371094
-11.301152229309082
-11.303023338317871
-11.264273643493652
-11.295429229736328
-11.291418075561523
-11.267354965209961
-11.305150985717773
-11.302840232849121
-11.266945838928223
-11.300322532653809
-11.300568580627441
-11.293818473815918
-11.313807487487793
-11.295106887817383
-11.285959243774414
-11.31093692779541
-11.304548263549805
-11.288580894470215
-11.307690620422363
-11.312140464782715
-11.295746803283691
-11.306584358215332
-11.315193176269531
-11.309152603149414
-11.313614845275879
-11.316193580627441
-11.309024810791016
-11.31309700012207
-11.316746711730957
-11.314533233642578
-11.3154878616333
-11.315164566040039
-11.315133094787598
-11.316423416137695
-11.317240715026855
-11.315777778625488
-11.315672874450684
-11.315860748291016
-11.316218376159668
-11.315620422363281
-11.316746711730957
-11.31628704071045
-11.315510749816895
-11.31663703918457
-11.316532135009766
-11.316683769226074
-11.316268920898438
-11.317008018493652
-11.317938804626465
-11.317663192749023
-11.316740989685059
-11.317093849182129
-11.31629753112793
-11.316920280456543
-11.316707611083984
-11.317179679870605
-11.316912651062012
-11.31643295288086
-11.317221641540527
-11.317207336425781
-11.317903518676758
-11.317588806152344
-11.31758975982666
-11.317231178283691
-11.317641258239746
-11.317323684692383
-11.316326141357422
-11.316876411437988
-11.315805435180664
-11.317380905151367
-11.317072868347168
-11.317950248718262
-11.316459655761719
-11.317217826843262
-11.317931175231934
-11.317765235900879
-11.318209648132324
-11.318124771118164
-11.31771469116211
-11.317087173461914
-11.317290306091309
-11.316664695739746
-11.317182540893555
-11.317184448242188
-11.316622734069824
-11.317276954650879
-11.318400382995605
-11.316591262817383
-11.317401885986328
-11.31712532043457
-11.317432403564453
-11.317452430725098
-11.3180513381958
-11.316649436950684
-11.317553520202637
-11.317571640014648
-11.31747055053711
-11.318135261535645
-11.317386627197266
-11.317204475402832
-11.316922187805176
-11.318126678466797
-11.316585540771484
-11.317684173583984
-11.317360877990723
-11.31833267211914
-11.317022323608398
-11.318230628967285
-11.317755699157715
-11.315949440002441
-11.316471099853516
-11.317594528198242
-11.317712783813477
-11.317052841186523
-11.317146301269531
-11.317798614501953
-11.318207740783691
-11.317195892333984
-11.316913604736328
-11.317085266113281
-11.317843437194824
-11.317195892333984
-11.317891120910645
-11.318994522094727
-11.31722640991211
-11.318161010742188
-11.318164825439453
-11.31795597076416
-11.31694507598877
-11.318028450012207
-11.317357063293457
-11.317283630371094
-11.316458702087402
-11.315802574157715
-11.316454887390137
-11.318134307861328
-11.317418098449707
-11.317057609558105
-11.316912651062012
-11.317214012145996
-11.316941261291504
-11.31730842590332
-11.317453384399414
-11.31772232055664
-11.31739616394043
-11.318153381347656
-11.317610740661621
-11.317609786987305
-11.317501068115234
-11.317856788635254
-11.317678451538086
-11.317452430725098
-11.316916465759277
-11.318713188171387
-11.319040298461914
-11.318360328674316
-11.317140579223633
-11.31875991821289
-11.318015098571777
-11.318256378173828
-11.3177490234375
-11.318071365356445
-11.318705558776855
-11.318037033081055
-11.317787170410156
-11.318466186523438
-11.31726360321045
-11.317748069763184
-11.317943572998047
-11.318380355834961
-11.31762981414795
-11.318193435668945
-11.31865119934082
-11.3170804977417
-11.318516731262207
-11.316720962524414
-11.318655967712402
-11.316550254821777
-11.318318367004395
-11.31824016571045
-11.317734718322754
-11.318206787109375
-11.317659378051758
-11.318345069885254
-11.317090034484863
-11.317315101623535
-11.317914962768555
-11.317601203918457
-11.317835807800293
-11.318270683288574
-11.317183494567871
-11.318201065063477
-11.317573547363281
-11.31627082824707
-11.317181587219238
-11.319014549255371
-11.318177223205566
-11.316829681396484
-11.318731307983398
-11.318456649780273
-11.319103240966797
-11.316545486450195
-11.317352294921875
-11.318233489990234
-11.3178129196167
-11.316672325134277
-11.31737232208252
-11.317691802978516
-11.317355155944824
-11.31770133972168
-11.319259643554688
-11.317660331726074
-11.31801986694336
-11.31749153137207
-11.317466735839844
-11.317152976989746
-11.318323135375977
-11.31826114654541
-11.317525863647461
-11.317721366882324
-11.31882381439209
-11.317277908325195
-11.318567276000977
-11.319292068481445
-11.317902565002441
-11.317227363586426
-11.318946838378906
-11.31822395324707
-11.318811416625977
-11.317031860351562
-11.319060325622559
-11.31863021850586
-11.317784309387207
-11.317277908325195
-11.317112922668457
-11.31783390045166
-11.317078590393066
-11.31710147857666
-11.317413330078125
-11.317449569702148
-11.317771911621094
-11.317752838134766
-11.31855583190918
-11.317681312561035
-11.3177490234375
-11.318264961242676
-11.317581176757812
-11.317708015441895
-11.318107604980469
-11.318251609802246
-11.317556381225586
-11.317290306091309
-11.318622589111328
-11.318836212158203
-11.317981719970703
-11.318495750427246
-11.31806755065918
-11.318028450012207
-11.315848350524902
-11.317919731140137
-11.3186616897583
-11.316926002502441
-11.317655563354492
-11.31797981262207
-11.317687034606934
-11.318550109863281
-11.319023132324219
-11.317923545837402
-11.317011833190918
-11.31801700592041
-11.31827163696289
-11.3179349899292
-11.318572998046875
-11.317000389099121
-11.31811809539795
-11.318410873413086
-11.317521095275879
-11.318358421325684
-11.318111419677734
-11.317606925964355
-11.318756103515625
-11.31762981414795
-11.317460060119629
-11.317178726196289
-11.31787109375
-11.31931209564209
-11.318131446838379
-11.317853927612305
-11.318073272705078
-11.319232940673828
-11.318354606628418
-11.31867504119873
-11.318053245544434
-11.319523811340332
-11.317036628723145
-11.318748474121094
-11.318122863769531
-11.318329811096191
-11.317683219909668
-11.318809509277344
-11.317681312561035
-11.316699981689453
-11.318521499633789
-11.318395614624023
-11.318530082702637
-11.317785263061523
-11.317821502685547
-11.318313598632812
-11.318519592285156
-11.31644344329834
-11.31816577911377
-11.318914413452148
-11.31649398803711
-11.317758560180664
-11.319795608520508
-11.318382263183594
-11.318188667297363
-11.319143295288086
-11.318614959716797
-11.317780494689941
-11.318639755249023
-11.318511962890625
-11.317343711853027
-11.318750381469727
-11.31851863861084
-11.318881034851074
-11.318013191223145
-11.318325996398926
-11.31902027130127
-11.317965507507324
-11.319170951843262
-11.318605422973633
-11.319321632385254
-11.318448066711426
-11.317498207092285
-11.316594123840332
-11.31810474395752
-11.317925453186035
-11.318723678588867
-11.318887710571289
-11.318056106567383
-11.317840576171875
-11.318376541137695
-11.317778587341309
-11.318031311035156
-11.317340850830078
-11.317536354064941
-11.317606925964355
-11.318406105041504
-11.31734561920166
-11.318452835083008
-11.318042755126953
-11.319316864013672
-11.319525718688965
-11.3184814453125
-11.317963600158691
-11.318657875061035
-11.319412231445312
-11.317673683166504
-11.318821907043457
-11.317012786865234
-11.318413734436035
-11.31782341003418
-11.3191499710083
-11.317752838134766
-11.31820297241211
-11.317951202392578
-11.318140029907227
-11.317215919494629
-11.317749977111816
-11.31857967376709
-11.318931579589844
-11.317584991455078
-11.318398475646973
-11.31877326965332
-11.317481994628906
-11.317795753479004
-11.318442344665527
-11.318224906921387
-11.317798614501953
-11.318449974060059
-11.317554473876953
-11.318780899047852
-11.318305969238281
-11.319125175476074
-11.318492889404297
-11.317718505859375
-11.318411827087402
-11.317988395690918
-11.318389892578125
-11.317285537719727
-11.318645477294922
-11.31796646118164
-11.318731307983398
-11.318025588989258
-11.317404747009277
-11.31838321685791
-11.318634986877441
-11.318136215209961
-11.317523956298828
-11.318146705627441
-11.318889617919922
-11.317955017089844
-11.318164825439453
-11.317813873291016
-11.318804740905762
-11.31881332397461
-11.317704200744629
-11.318082809448242
-11.318395614624023
-11.3175630569458
-11.317939758300781
-11.318439483642578
-11.319358825683594
-11.318207740783691
-11.318896293640137
-11.31659984588623
-11.317959785461426
-11.31794261932373
-11.31849193572998
-11.318337440490723
-11.318412780761719
-11.31816291809082
-11.318347930908203
-11.319024085998535
-11.31751537322998
-11.317672729492188
-11.317873001098633
-11.31814956665039
-11.318025588989258
-11.318845748901367
-11.317920684814453
-11.319480895996094
-11.318315505981445
-11.31818962097168
-11.318984031677246
-11.31887149810791
-11.31881332397461
-11.316916465759277
-11.317112922668457
-11.317346572875977
-11.316940307617188
-11.31693172454834
-11.317989349365234
-11.318999290466309
-11.318504333496094
-11.317224502563477
-11.315567016601562
-11.31201457977295
-11.310705184936523
-11.308094024658203
-11.307950973510742
-11.307873725891113
-11.308770179748535
-11.310953140258789
-11.31460952758789
-11.317442893981934
-11.318302154541016
-11.31885051727295
-11.318097114562988
-11.318769454956055
-11.31933879852295
-11.316925048828125
-11.317415237426758
-11.317327499389648
-11.317214012145996
-11.316469192504883
-11.318390846252441
-11.317230224609375
-11.317808151245117
-11.317962646484375
-11.315817832946777
-11.314055442810059
-11.310832977294922
-11.305521011352539
-11.305939674377441
-11.306321144104004
-11.308159828186035
-11.31058120727539
-11.312530517578125
-11.315458297729492
-11.318015098571777
-11.317999839782715
-11.317893028259277
-11.317623138427734
-11.314154624938965
-11.308892250061035
-11.298099517822266
-11.286802291870117
-11.28136920928955
-11.292691230773926
-11.308844566345215
-11.317585945129395
-11.303268432617188
-11.278494834899902
