loss_total
-21.31808853149414
-21.1199893951416
-21.06802749633789
-21.365175247192383
-21.281232833862305
-21.26953887939453
-21.45560646057129
-21.529048919677734
-21.62917137145996
-21.87270164489746
-21.872268676757812
-21.809141159057617
-22.220693588256836
-22.173931121826172
-21.86051368713379
-21.999380111694336
-22.041887283325195
-22.627016067504883
-22.284971237182617
-22.138134002685547
-22.42824935913086
-22.683958053588867
-22.463890075683594
-23.056760787963867
-22.646324157714844
-22.894535064697266
-22.908645629882812
-23.038227081298828
-23.18507194519043
-23.303457260131836
-23.43439292907715
-23.686532974243164
-23.657230377197266
-23.78656578063965
-23.81954574584961
-24.00343132019043
-24.106098175048828
-24.67331314086914
-24.654939651489258
-25.002201080322266
-25.271007537841797
-25.127445220947266
-25.56952476501465
-25.736310958862305
-25.98963165283203
-25.67357063293457
-25.966598510742188
-26.057085037231445
-26.54892921447754
-26.55357551574707
-26.955371856689453
-27.499446868896484
-27.740978240966797
-28.176664352416992
-28.080053329467773
-28.433900833129883
-28.13992691040039
-27.8856201171875
-28.220094680786133
-28.085498809814453
-28.27531623840332
-28.22958755493164
-28.383413314819336
-28.872285842895508
-28.82084846496582
-29.316503524780273
-28.9964599609375
-29.103853225708008
-28.885393142700195
-28.918500900268555
-29.436004638671875
-29.339048385620117
-28.99289321899414
-29.123632431030273
-29.674930572509766
-29.484691619873047
-29.821205139160156
-29.87495231628418
-29.800132751464844
-29.792253494262695
-29.99312973022461
-30.014427185058594
-30.244792938232422
-30.406700134277344
-30.62055778503418
-30.543502807617188
-30.712039947509766
-30.522249221801758
-30.936004638671875
-30.672170639038086
-31.220500946044922
-31.13139533996582
-31.421297073364258
-31.32200813293457
-31.63201904296875
-31.56220054626465
-31.700733184814453
-31.87002944946289
-31.877159118652344
-32.29869079589844
-32.38301086425781
-32.40753936767578
-32.390010833740234
-32.61384201049805
-32.86772155761719
-32.92608642578125
-33.12535858154297
-33.15324020385742
-33.55392837524414
-33.489498138427734
-33.64786148071289
-33.663448333740234
-33.9142951965332
-33.97505569458008
-33.970699310302734
-34.03734588623047
-34.222991943359375
-34.40379333496094
-34.718711853027344
-34.7523078918457
-35.13151550292969
-35.16775131225586
-35.431663513183594
-35.60470199584961
-35.63401412963867
-35.803184509277344
-35.886051177978516
-35.893131256103516
-36.29085922241211
-35.871299743652344
-35.81182861328125
-36.225799560546875
-36.08355712890625
-36.09864044189453
-36.351112365722656
-36.12770462036133
-36.2785758972168
-36.406002044677734
-36.473209381103516
-36.49814224243164
-36.670257568359375
-36.62955856323242
-36.80204391479492
-36.63857650756836
-36.850608825683594
-36.90841293334961
-36.76596450805664
-36.9678955078125
-36.92741775512695
-36.964759826660156
-36.99446105957031
-36.99998474121094
-36.86383056640625
-37.24681854248047
-37.16853713989258
-36.819313049316406
-37.4161262512207
-37.2546272277832
-37.30632400512695
-37.24982452392578
-37.30790710449219
-37.380428314208984
-37.40768814086914
-37.390804290771484
-37.41835021972656
-37.470401763916016
-37.55599594116211
-37.2859992980957
-37.615150451660156
-37.612918853759766
-37.58003234863281
-37.64350891113281
-37.70647430419922
-37.67501449584961
-37.80434799194336
-37.65460968017578
-37.7652702331543
-37.827457427978516
-37.853515625
-37.87467575073242
-37.84477615356445
-37.92586898803711
-38.034915924072266
-38.02046203613281
-37.91673278808594
-38.01258087158203
-37.89004135131836
-38.02618408203125
-37.87628173828125
-38.16004943847656
-38.24557876586914
-38.05376434326172
-38.09006881713867
-38.20707702636719
-38.3778190612793
-38.137718200683594
-38.20687484741211
-38.45122528076172
-38.41337203979492
-38.389488220214844
-38.44110107421875
-38.53804397583008
-38.474212646484375
-38.53089141845703
-38.437992095947266
-38.65928649902344
-38.78012466430664
-38.581947326660156
-38.69170379638672
-38.62896728515625
-38.75160217285156
-38.870338439941406
-38.925682067871094
-38.82557678222656
-38.79331970214844
-38.94091033935547
-38.99208450317383
-39.08092498779297
-39.084224700927734
-39.159698486328125
-39.16551971435547
-39.170013427734375
-39.348724365234375
-39.093624114990234
-39.18116760253906
-39.32256317138672
-39.21670150756836
-39.37668991088867
-39.384910583496094
-39.25617218017578
-39.28874588012695
-39.520233154296875
-39.32105255126953
-39.621463775634766
-39.291114807128906
-39.583351135253906
-39.46876907348633
-39.474456787109375
-39.715030670166016
-39.6953010559082
-39.63225173950195
-39.75123977661133
-39.57198715209961
-39.84247589111328
-39.78404998779297
-39.827056884765625
-39.93011474609375
-40.00863265991211
-39.893516540527344
-40.04447555541992
-40.06689453125
-40.10551834106445
-39.93526840209961
-40.09584426879883
-40.06576919555664
-40.02821731567383
-40.27537155151367
-40.335235595703125
-40.11460876464844
-40.43899917602539
-40.425601959228516
-40.27606201171875
-40.3845100402832
-40.133216857910156
-40.34315490722656
-40.303043365478516
-40.27462387084961
-40.44222640991211
-40.538124084472656
-40.447113037109375
-40.572750091552734
-40.174591064453125
-40.65696716308594
-40.52055358886719
-40.248783111572266
-40.64443588256836
-40.61648178100586
-40.70396041870117
-40.51226043701172
-40.674285888671875
-40.68303680419922
-40.50626754760742
-40.706748962402344
-40.69871139526367
-40.636558532714844
-40.82416534423828
-40.61162185668945
-40.974754333496094
-40.82962417602539
-40.8773307800293
-40.905860900878906
-40.95384979248047
-40.968223571777344
-41.05766296386719
-40.91187286376953
-41.185699462890625
-40.953819274902344
-41.12806701660156
-41.00803756713867
-40.873661041259766
-40.87407302856445
-40.97456359863281
-41.19371032714844
-41.21956253051758
-41.27107620239258
-41.066715240478516
-41.179256439208984
-40.952693939208984
-41.13785934448242
-41.173736572265625
-41.33102798461914
-41.281341552734375
-41.34663009643555
-41.534278869628906
-41.34836196899414
-41.52566909790039
-41.324317932128906
-41.4239387512207
-41.47807693481445
-41.400142669677734
-41.349647521972656
-41.45927047729492
-41.53895950317383
-41.63145446777344
-41.5547981262207
-41.589500427246094
-41.45866775512695
-41.65012741088867
-41.57890319824219
-41.74049377441406
-41.56201171875
-41.65627670288086
-41.757225036621094
-41.666934967041016
-41.59806442260742
-41.6983528137207
-41.779685974121094
-41.92242431640625
-41.683013916015625
-41.80878829956055
-41.93904495239258
-41.68220520019531
-41.91790771484375
-41.8217658996582
-42.04106521606445
-41.85548782348633
-42.019737243652344
-41.99049758911133
-41.919227600097656
-41.94865798950195
-41.88255310058594
-41.90306091308594
-42.042266845703125
-41.96788787841797
-42.03868865966797
-42.154754638671875
-42.004310607910156
-42.09443283081055
-42.11779022216797
-42.021907806396484
-42.046051025390625
-42.160736083984375
-42.09724807739258
-42.08249282836914
-42.25850296020508
-41.953224182128906
-42.14455032348633
-42.21138381958008
-42.39369201660156
-42.1753044128418
-42.313941955566406
-42.33257293701172
-42.370574951171875
-42.437313079833984
-42.31024169921875
-42.39776611328125
-42.376644134521484
-42.465354919433594
-42.309852600097656
-42.425113677978516
-42.46354675292969
-42.283809661865234
-42.395938873291016
-42.33176803588867
-42.58488845825195
-42.556190490722656
-42.44651794433594
-42.40595626831055
-42.48569869995117
-42.50124740600586
-42.719276428222656
-42.44767761230469
-42.3879508972168
-42.529666900634766
-42.61600875854492
-42.628658294677734
-42.263092041015625
-42.61326217651367
-42.7262077331543
-42.7769775390625
-42.55895233154297
-42.493003845214844
-42.74139404296875
-42.803428649902344
-42.61642837524414
-42.6419563293457
-42.58183670043945
-42.711246490478516
-42.73289489746094
-42.6980094909668
-42.776641845703125
-42.61558151245117
-42.90984344482422
-42.81414794921875
-42.747291564941406
-42.90364074707031
-42.81566619873047
-42.95628356933594
-42.59706115722656
-43.00575637817383
-42.812156677246094
-42.938743591308594
-42.56645584106445
-42.877418518066406
-42.77336883544922
-43.105934143066406
-43.12165069580078
-42.90250015258789
-42.960418701171875
-42.9273681640625
-43.14379119873047
-43.004005432128906
-42.897125244140625
-43.019866943359375
-43.056549072265625
-43.04743957519531
-43.08392333984375
-43.11027526855469
-43.161834716796875
-43.190452575683594
-43.10900115966797
-43.05315399169922
-43.18513488769531
-43.202674865722656
-43.24602508544922
-43.1776008605957
-43.463478088378906
-43.21522521972656
-43.25617218017578
-43.11794662475586
-43.35413360595703
-43.15861511230469
-43.331520080566406
-43.415283203125
-43.48108673095703
-43.61297607421875
-43.318626403808594
-43.588375091552734
-43.481361389160156
-43.66839599609375
-43.5603141784668
-43.71835708618164
-43.659446716308594
-43.86847686767578
-43.69200134277344
-43.849021911621094
-43.62297058105469
-43.88538360595703
-43.82396697998047
-43.86498260498047
-43.89023208618164
-43.917022705078125
-44.143985748291016
-44.14125442504883
-44.337162017822266
-44.371063232421875
-44.09705352783203
-44.56761169433594
-44.488304138183594
-44.584049224853516
-44.90845489501953
-44.70684814453125
-45.0257682800293
-45.02097702026367
-45.081092834472656
-44.98849868774414
-45.29700469970703
-45.34745788574219
-45.45610046386719
-45.474525451660156
-45.53314971923828
-45.40000534057617
-45.470558166503906
-45.532535552978516
-45.56891632080078
-45.545448303222656
-45.39446258544922
-45.589393615722656
-45.497520446777344
-45.665924072265625
-45.598716735839844
-45.51395034790039
-45.595794677734375
-45.58392333984375
-45.569759368896484
-45.66688537597656
-45.73331069946289
-45.68654251098633
-45.67106628417969
-45.671356201171875
-45.657997131347656
-45.76068878173828
-45.650245666503906
-45.62266159057617
-45.66733932495117
-45.72196578979492
-45.668827056884766
-45.78449630737305
-45.876773834228516
-45.840423583984375
-45.724098205566406
-45.78275680541992
-45.98701858520508
-45.856201171875
-45.93120193481445
-45.828853607177734
-45.7823486328125
-45.79206848144531
-46.025299072265625
-46.066959381103516
-45.860958099365234
-45.87266540527344
-45.765377044677734
-45.8959846496582
-45.88939666748047
-45.95609664916992
-45.670413970947266
-46.019134521484375
-45.96571350097656
-45.94404602050781
-45.96858215332031
-45.9994010925293
-45.77899932861328
-45.89525604248047
-45.725128173828125
-45.86134338378906
-45.86953353881836
-45.97388458251953
-45.95420455932617
-45.8509407043457
-46.1536750793457
-46.06210708618164
-46.095516204833984
-46.02696990966797
-46.08824157714844
-46.14451217651367
-46.04545593261719
-45.9688835144043
-46.14447784423828
-46.05741882324219
-46.16798782348633
-46.09047317504883
-45.86530303955078
-46.061092376708984
-46.209449768066406
-46.11246871948242
-45.87278747558594
-46.12065124511719
-46.26689910888672
-46.266178131103516
-46.090023040771484
-46.08555221557617
-46.108158111572266
-46.28696060180664
-46.01935577392578
-46.12922668457031
-45.946044921875
-46.144718170166016
-46.257572174072266
-46.011775970458984
-46.11818313598633
-46.33304214477539
-46.27027130126953
-45.986717224121094
-46.29673767089844
-46.38759231567383
-45.97715377807617
-46.20491027832031
-46.279205322265625
-46.19868850708008
-46.24470901489258
-46.37300109863281
-46.360076904296875
-46.351959228515625
-46.27720642089844
-46.37306213378906
-46.29380416870117
-46.138301849365234
-46.42573165893555
-46.39037322998047
-46.16257858276367
-46.510093688964844
-46.30690383911133
-46.22127151489258
-46.364253997802734
-46.480064392089844
-46.40414810180664
-46.442405700683594
-46.45118713378906
-46.49744415283203
-46.40149688720703
-46.48617172241211
-46.60675811767578
-46.53385925292969
-46.51097869873047
-46.37042236328125
-46.5491828918457
-46.53205108642578
-46.537872314453125
-46.55425262451172
-46.661285400390625
-46.525390625
-46.54832458496094
-46.48958969116211
-46.39254379272461
-46.65201187133789
-46.52530288696289
-46.474395751953125
-46.547203063964844
-46.56962966918945
-46.44004821777344
-46.61031723022461
-46.657936096191406
-46.4572868347168
-46.62056350708008
-46.61959457397461
-46.54917907714844
-46.51021194458008
-46.684932708740234
-46.65985107421875
-46.77573013305664
-46.678367614746094
-46.6423454284668
-46.694313049316406
-46.71561050415039
-46.727603912353516
-46.70741271972656
-46.80940246582031
-46.6813850402832
-46.73396301269531
-46.71464538574219
-46.69427490234375
-46.7228889465332
-46.779781341552734
-46.71122741699219
-46.74855422973633
-46.8114013671875
-46.730552673339844
-46.77658462524414
-46.75471878051758
-46.74199676513672
-46.844215393066406
-46.708702087402344
-46.674285888671875
-46.633941650390625
-46.7821044921875
-46.84989929199219
-46.80495834350586
-46.79521179199219
-46.833030700683594
-46.751468658447266
-46.776947021484375
-46.82742691040039
-46.8294677734375
-46.8834114074707
-46.85746765136719
-46.85985565185547
-46.920249938964844
-46.98503112792969
-46.88520812988281
-46.858253479003906
-46.919898986816406
-46.76604080200195
-46.85203552246094
-46.95052719116211
-47.01905822753906
-46.96771240234375
-46.983150482177734
-46.95346450805664
-46.885650634765625
-46.95697784423828
-46.92491912841797
-46.804229736328125
-46.85781478881836
-46.908966064453125
-46.96784973144531
-46.97800827026367
-46.957008361816406
-46.99849319458008
-46.9890251159668
-46.900882720947266
-46.86212921142578
-46.91114807128906
-46.91687774658203
-47.06633377075195
-47.02513885498047
-46.9378776550293
-46.95500183105469
-46.97591781616211
-47.031028747558594
-47.10662841796875
-47.0612678527832
-47.00684356689453
-47.13030242919922
-47.14446258544922
-47.132293701171875
-46.885414123535156
-46.87382507324219
-47.095951080322266
-46.92582321166992
-46.77107238769531
-47.01811218261719
-46.95611572265625
-46.69004821777344
-47.11627197265625
-46.68665313720703
-46.82788848876953
-47.059303283691406
-46.60038375854492
-47.062599182128906
-46.762733459472656
-47.09877395629883
-47.12241744995117
-46.82637023925781
-47.182594299316406
-46.96036911010742
-46.853546142578125
-47.177268981933594
-46.99671173095703
-46.99215316772461
-47.204681396484375
-47.1693229675293
-46.99757385253906
-47.14563751220703
-47.211212158203125
-47.19783401489258
-47.19324493408203
-47.23256301879883
-47.278079986572266
-47.20869445800781
-47.13041305541992
-47.0577392578125
-47.21916961669922
-47.248409271240234
-47.129127502441406
-47.16405487060547
-47.31269836425781
-47.28441619873047
-47.20611572265625
-47.16832733154297
-47.25648498535156
-47.27881622314453
-47.21052551269531
-47.26219177246094
-47.263343811035156
-47.39413070678711
-47.32898712158203
-47.374507904052734
-47.13270950317383
-47.2352409362793
-47.32542419433594
-47.23255157470703
-47.229488372802734
-47.357051849365234
-47.34930419921875
-47.28896713256836
-47.30841064453125
-47.212799072265625
-47.25747299194336
-47.33130645751953
-47.40593719482422
-47.32992172241211
-47.310325622558594
-47.29222106933594
-47.40690612792969
-47.469139099121094
-47.36530303955078
-47.45669937133789
-47.4330940246582
-47.39021301269531
-47.46708297729492
-47.34915542602539
-47.414180755615234
-47.42906188964844
-47.45499038696289
-47.51294708251953
-47.51362609863281
-47.50741958618164
-47.44525909423828
-47.497596740722656
-47.51732635498047
-47.51380157470703
-47.38594055175781
-47.45151901245117
-47.61821746826172
-47.417415618896484
-47.45691680908203
-47.4859619140625
-47.510520935058594
-47.600990295410156
-47.449432373046875
-47.5037727355957
-47.51185607910156
-47.59762954711914
-47.52918243408203
-47.5540885925293
-47.56351089477539
-47.5970344543457
-47.57936096191406
-47.56703567504883
-47.54835510253906
-47.557029724121094
-47.528255462646484
-47.52233123779297
-47.53512954711914
-47.60651397705078
-47.47166442871094
-47.53356170654297
-47.67616653442383
-47.6798210144043
-47.61767578125
-47.60466766357422
-47.603271484375
-47.53276062011719
-47.497825622558594
-47.69667434692383
-47.678897857666016
-47.61058807373047
-47.5816650390625
-47.4779052734375
-47.611061096191406
-47.598915100097656
-47.71207809448242
-47.550758361816406
-47.60609817504883
-47.65760040283203
-47.673011779785156
-47.736778259277344
-47.70183181762695
-47.688716888427734
-47.722808837890625
-47.80112075805664
-47.72229766845703
-47.60839080810547
-47.542884826660156
-47.71836853027344
-47.794403076171875
-47.61772918701172
-47.5614128112793
-47.802494049072266
-47.78712844848633
-47.6094970703125
-47.72740936279297
-47.762489318847656
-47.737823486328125
-47.845218658447266
-47.903255462646484
-47.89833068847656
-47.772705078125
-47.748600006103516
-47.72881317138672
-47.852699279785156
-47.846702575683594
-47.79216003417969
-47.950374603271484
-47.79481506347656
-47.712684631347656
-47.651058197021484
-47.65977478027344
-47.92291259765625
-47.831356048583984
-47.674922943115234
-47.63046646118164
-47.83242416381836
-47.93613052368164
-47.886436462402344
-47.69409942626953
-47.65620803833008
-47.91261672973633
-47.97441864013672
-47.858821868896484
-47.938720703125
-47.90855407714844
-47.74272537231445
-47.85065841674805
-47.82992172241211
-47.866004943847656
-47.966312408447266
-47.93210983276367
-47.790916442871094
-47.79534912109375
-47.96879577636719
-47.97737121582031
-47.94496154785156
-47.9189453125
-47.814422607421875
-47.935218811035156
-48.055213928222656
-47.89823532104492
-48.056671142578125
-47.98004913330078
-47.955711364746094
-47.92685317993164
-47.920475006103516
-47.922218322753906
-47.992462158203125
-47.96415710449219
-47.989871978759766
-47.98466491699219
-48.03392791748047
-47.881866455078125
-47.792083740234375
-47.87633514404297
-47.99702835083008
-48.051143646240234
-48.016117095947266
-47.82278823852539
-47.975364685058594
-48.022613525390625
-48.01036071777344
-48.03023147583008
-47.98308181762695
-47.961830139160156
-47.937129974365234
-47.883663177490234
-48.07197189331055
-47.99412536621094
-48.1109733581543
-48.04227066040039
-48.02341079711914
-48.06684112548828
-48.04768753051758
-48.09599304199219
-47.963401794433594
-47.94429016113281
-47.994407653808594
-48.14081573486328
-47.95057678222656
-47.88419723510742
-48.059349060058594
-48.10148620605469
-48.00656509399414
-47.92436218261719
-47.959068298339844
-48.12158966064453
-48.18305206298828
-48.04767608642578
-48.014076232910156
-48.1641731262207
-48.04452896118164
-48.1486701965332
-48.178977966308594
-48.057579040527344
-48.023353576660156
-48.02742004394531
-48.14365005493164
-48.11797332763672
-47.99178695678711
-48.058929443359375
-48.1430778503418
-48.16627883911133
-48.062889099121094
-48.165985107421875
-48.185020446777344
-48.21201705932617
-48.190738677978516
-48.30042266845703
-48.2367057800293
-48.15193557739258
-48.15605163574219
-48.08340835571289
-48.063480377197266
-48.16637420654297
-48.18058776855469
-48.007240295410156
-48.04435729980469
-48.22724151611328
-48.155120849609375
-48.274078369140625
-48.195274353027344
-48.020626068115234
-48.20855712890625
-48.21382141113281
-48.30689239501953
-48.12580490112305
-48.08498764038086
-48.14698028564453
-48.263668060302734
-48.10169982910156
-48.039466857910156
-48.13484191894531
-48.22315979003906
-48.26539611816406
-48.266761779785156
-48.10261535644531
-48.131622314453125
-48.31303405761719
-48.30921936035156
-48.27941131591797
-48.19490432739258
-48.18001937866211
-48.186607360839844
-48.229957580566406
-48.21287536621094
-48.22776794433594
-48.25111389160156
-48.32552719116211
-48.29280090332031
-48.279640197753906
-48.22052764892578
-48.294830322265625
-48.2548942565918
-48.27439498901367
-48.283939361572266
-48.26689147949219
-48.38736343383789
-48.26653289794922
-48.37089157104492
-48.31550598144531
-48.26881790161133
-48.26858139038086
-48.162132263183594
-48.31618118286133
-48.44573974609375
-48.31749725341797
-48.431007385253906
-48.37868881225586
-48.26618957519531
-48.055809020996094
-48.13722229003906
-48.361717224121094
-48.30378723144531
-47.918949127197266
-48.26513671875
-48.385108947753906
-48.07868194580078
-48.05084228515625
-48.285587310791016
-48.382789611816406
-48.369747161865234
-48.14344024658203
-48.25453186035156
-48.375221252441406
-48.443111419677734
-48.39778518676758
-48.33366775512695
-48.315635681152344
-48.2773551940918
-48.366146087646484
-48.29857635498047
-48.35828399658203
-48.48817825317383
-48.4402961730957
-48.38990020751953
-48.355690002441406
-48.5084228515625
-48.51535415649414
-48.34814453125
-48.217010498046875
-48.26374816894531
-48.43132400512695
-48.44260025024414
-48.34367370605469
-48.06710433959961
-48.500732421875
-48.456214904785156
-48.400211334228516
-48.21665954589844
-48.405235290527344
-48.42719650268555
-48.35039520263672
-48.3543815612793
-48.40431213378906
-48.300933837890625
-48.4240608215332
-48.4155387878418
-48.52145767211914
-48.534427642822266
-48.454280853271484
-48.33824157714844
-48.47890853881836
-48.34156036376953
-48.41693878173828
-48.32477951049805
-48.43662643432617
-48.4965705871582
-48.54438400268555
-48.47039031982422
-48.395538330078125
-48.30579376220703
-48.3968505859375
-48.48605728149414
-48.547996520996094
-48.22890853881836
-48.44022750854492
-48.471961975097656
-48.5292854309082
-48.45835494995117
-48.294944763183594
-48.45811462402344
-48.551353454589844
-48.51737976074219
-48.57948684692383
-48.575828552246094
-48.392704010009766
-48.44502258300781
-48.45929718017578
-48.51356887817383
-48.38481140136719
-48.46728515625
-48.58436584472656
-48.55711364746094
-48.40480041503906
-48.54343032836914
-48.38953399658203
-48.47462463378906
-48.57198715209961
-48.5671501159668
-48.51031494140625
-48.58971405029297
-48.590576171875
-48.56595993041992
-48.54309844970703
-48.56398010253906
-48.47724533081055
-48.42488479614258
-48.497222900390625
-48.58374786376953
-48.51472091674805
-48.519775390625
-48.55238342285156
-48.30186080932617
-48.356239318847656
-48.622650146484375
-48.586708068847656
-48.53321075439453
-48.53559112548828
-48.564056396484375
-48.35533142089844
-48.47539138793945
-48.59730911254883
-48.636077880859375
-48.56745529174805
-48.523033142089844
-48.58527374267578
-48.57440948486328
-48.45755386352539
-48.417564392089844
-48.45777893066406
-48.63819885253906
-48.61119842529297
-48.5418701171875
-48.62876510620117
-48.622684478759766
-48.574493408203125
-48.55168914794922
-48.553531646728516
-48.459224700927734
-48.52541732788086
-48.72321319580078
-48.64927291870117
-48.53859329223633
-48.54582214355469
-48.65620422363281
-48.65583038330078
-48.567413330078125
-48.42367935180664
-48.47685623168945
-48.6233024597168
-48.60834503173828
-48.6850471496582
-48.61160659790039
-48.666168212890625
-48.65196990966797
-48.67620849609375
-48.59072494506836
-48.7313232421875
-48.5763053894043
-48.43026351928711
-48.48715591430664
-48.5227165222168
-48.61085510253906
-48.5791015625
-48.57160949707031
-48.60383605957031
-48.549407958984375
-48.45512771606445
-48.4504508972168
-48.58086395263672
-48.666168212890625
-48.63169479370117
-48.56549072265625
-48.43680953979492
-48.51649856567383
-48.721378326416016
-48.78200149536133
-48.668277740478516
-48.702213287353516
-48.54644012451172
-48.5882453918457
-48.320247650146484
-48.574527740478516
-48.66130065917969
-48.42280197143555
-48.460533142089844
-48.66542434692383
-48.70573806762695
-48.509071350097656
-48.41917419433594
-48.68402099609375
-48.74128723144531
-48.672828674316406
-48.628562927246094
-48.50581359863281
-48.6476936340332
-48.51934051513672
-48.58527755737305
-48.60063552856445
-48.66633605957031
-48.638206481933594
-48.71863555908203
-48.750186920166016
-48.53400802612305
-48.506065368652344
-48.635955810546875
-48.66695785522461
-48.57231521606445
-48.46792221069336
-48.628456115722656
-48.790435791015625
-48.61692810058594
-48.746315002441406
-48.588871002197266
-48.517578125
-48.685054779052734
-48.762664794921875
-48.72484588623047
-48.57244873046875
-48.54365158081055
-48.69820785522461
-48.6612548828125
-48.7108268737793
-48.78364944458008
-48.60406494140625
-48.670928955078125
-48.64152145385742
-48.69346618652344
-48.70416259765625
-48.6368408203125
-48.63117218017578
-48.65412521362305
-48.700679779052734
-48.741371154785156
-48.6706428527832
-48.64043426513672
-48.6224365234375
-48.69420623779297
-48.764312744140625
-48.83462905883789
-48.795753479003906
-48.71296310424805
-48.66979217529297
-48.63252639770508
-48.669837951660156
-48.8311882019043
-48.74619674682617
-48.807716369628906
-48.71812438964844
-48.75506591796875
-48.81819152832031
-48.7235107421875
-48.707855224609375
-48.72611618041992
-48.763370513916016
-48.70756530761719
-48.747711181640625
-48.802738189697266
-48.88098907470703
-48.838401794433594
-48.760650634765625
-48.549190521240234
-48.59855270385742
-48.70193862915039
-48.73395919799805
-48.78472137451172
-48.79552459716797
-48.795345306396484
-48.82341003417969
-48.693321228027344
-48.61587905883789
-48.697898864746094
-48.65018844604492
-48.65549850463867
-48.88581085205078
-48.90517807006836
-48.69390106201172
-48.79954528808594
-48.69157409667969
-48.67842102050781
-48.70914077758789
-48.856040954589844
-48.770530700683594
-48.55270767211914
-48.57766342163086
-48.77220916748047
-48.84654998779297
-48.73069381713867
-48.73109436035156
-48.673980712890625
-48.650516510009766
-48.824432373046875
-48.77909851074219
-48.66780471801758
-48.56779479980469
-48.758277893066406
-48.829105377197266
-48.85137176513672
-48.87575149536133
-48.715633392333984
-48.67977523803711
-48.777069091796875
-48.82765197753906
-48.88627243041992
-48.876197814941406
-48.7482795715332
-48.74173355102539
-48.77540588378906
-48.8386344909668
-48.832550048828125
-48.83995056152344
-48.80590057373047
-48.95263671875
-48.820343017578125
-48.83997344970703
-48.92572021484375
-48.86396026611328
-48.820045471191406
-48.739845275878906
-48.678524017333984
-48.77534484863281
-48.900047302246094
-48.83502960205078
-48.848915100097656
-48.73273468017578
-48.76964569091797
-48.780792236328125
-48.85420608520508
-48.84608459472656
-48.84467315673828
-48.89082717895508
-48.85349655151367
-48.83961868286133
-48.78142547607422
-48.845191955566406
-48.91017532348633
-48.77296829223633
-48.86626052856445
-48.87103271484375
-48.82334899902344
-48.790000915527344
-48.87560272216797
-48.931312561035156
-48.80971908569336
-48.89105987548828
-48.819366455078125
-48.877079010009766
-48.790435791015625
-48.81124496459961
-48.86474609375
-48.90454864501953
-48.95245361328125
-48.92256164550781
-48.835105895996094
-48.74897766113281
-48.77862548828125
-48.78654479980469
-48.86970520019531
-48.900360107421875
-48.86903381347656
-48.819114685058594
-48.74602127075195
-48.73011779785156
-48.99384689331055
-48.9005126953125
-48.86619567871094
-48.81908416748047
-48.75415802001953
-48.862762451171875
-48.931251525878906
-48.96590805053711
-48.90242004394531
-48.964927673339844
-48.88886642456055
-48.79243087768555
-48.80100631713867
-48.90407180786133
-48.82737350463867
-48.8232421875
-48.81077575683594
-48.95985412597656
-48.959720611572266
-48.941436767578125
-48.826839447021484
-48.74488830566406
-48.78557205200195
-48.90870666503906
-48.87656021118164
-48.953956604003906
-48.893611907958984
-48.81962203979492
-48.87996292114258
-48.9602165222168
-48.885066986083984
-48.82115936279297
-48.79973220825195
-48.84486389160156
-48.92750930786133
-48.94451904296875
-48.950950622558594
-48.8671760559082
-48.906063079833984
-48.90980529785156
-48.93938446044922
-48.88467025756836
-48.751495361328125
-48.7252197265625
-48.83256912231445
-48.97117614746094
-49.01319122314453
-48.81697082519531
-48.89970016479492
-48.984642028808594
-48.99749755859375
-48.80036926269531
-48.73429870605469
-48.74897384643555
-48.92264175415039
-48.962860107421875
-48.98738098144531
-48.89236068725586
-48.87158966064453
-48.98823547363281
-48.9798698425293
-48.976112365722656
-48.977378845214844
-48.921688079833984
-48.88077926635742
-48.78225326538086
-48.872398376464844
-48.86092758178711
-48.9095573425293
-48.99462890625
-48.94511795043945
-49.00695037841797
-49.00801086425781
-48.86079788208008
-48.65635681152344
-48.94554138183594
-48.95277404785156
-49.0139045715332
-48.98278045654297
-48.91929244995117
-48.9630126953125
-48.81041717529297
-48.90403366088867
-49.058868408203125
-48.95386505126953
-48.841732025146484
-48.94757843017578
-48.958045959472656
-48.954689025878906
-49.00027847290039
-48.99111557006836
-48.963958740234375
-48.93061065673828
-48.8371696472168
-48.962738037109375
-48.94199752807617
-49.017852783203125
-48.951637268066406
-49.02321243286133
-48.973087310791016
-48.775352478027344
-48.934146881103516
-48.92376708984375
-48.99052429199219
-48.98889923095703
-48.99232482910156
-49.01073455810547
-48.934940338134766
-48.81438446044922
-48.87043762207031
-48.970703125
-49.030216217041016
-49.06292724609375
-49.03953170776367
-49.0390739440918
-48.855186462402344
-48.87702178955078
-48.841156005859375
-48.95573425292969
-48.999752044677734
-48.990875244140625
-49.018638610839844
-49.03833770751953
-49.090667724609375
-48.95124435424805
-48.95991516113281
-48.996238708496094
-48.955501556396484
-48.86622619628906
-49.02245330810547
-48.9593391418457
-48.994239807128906
-49.06721115112305
-49.03586196899414
-49.09402847290039
-49.005828857421875
-49.024452209472656
-49.00584030151367
-48.94178771972656
-49.01494598388672
-48.962684631347656
-48.85590362548828
-48.96131896972656
-49.03602981567383
-49.06874084472656
-49.068058013916016
-48.88225555419922
-48.82283020019531
-48.87919616699219
-49.05284118652344
-49.04399108886719
-49.01811218261719
-48.96889114379883
-48.97096252441406
-48.954872131347656
-48.90605163574219
-48.98148727416992
-49.02934265136719
-49.07646179199219
-48.98139572143555
-48.81391525268555
-48.855743408203125
-49.034873962402344
-49.04414367675781
-49.05909729003906
-48.87818145751953
-48.93913650512695
-48.827274322509766
-49.0654182434082
-49.103675842285156
-49.070701599121094
-49.015296936035156
-49.033111572265625
-49.00504684448242
-48.89439010620117
-49.04132080078125
-49.09553909301758
-49.148284912109375
-48.964481353759766
-48.887733459472656
-48.82122039794922
-49.11360168457031
-49.12868118286133
-49.06026077270508
-49.05239486694336
-48.9863166809082
-48.96497344970703
-49.104557037353516
-49.02598571777344
-49.1192626953125
-49.11983108520508
-49.02708435058594
-49.044517517089844
-48.93895721435547
-48.83622741699219
-48.97035217285156
-49.10044860839844
-49.08332824707031
-49.06151580810547
-48.951385498046875
-48.97685241699219
-48.94509506225586
-49.057640075683594
-49.128082275390625
-49.135765075683594
-49.164772033691406
-49.178932189941406
-49.14994430541992
-49.133182525634766
-48.979896545410156
-48.872718811035156
-48.987937927246094
-49.00262451171875
-49.06455993652344
-49.160770416259766
-49.042694091796875
-49.10042953491211
-49.12018585205078
-49.02918243408203
-48.966835021972656
-48.93274688720703
-49.05088806152344
-49.10589599609375
-49.095245361328125
-48.99028396606445
-48.975799560546875
-49.01316833496094
-49.07571029663086
-49.09486389160156
-49.14784240722656
-49.166446685791016
-49.077850341796875
-49.012298583984375
-48.929744720458984
-48.963016510009766
-49.060935974121094
-49.07227325439453
-49.1661376953125
-49.09663391113281
-49.14768600463867
-48.975616455078125
-48.90180587768555
-48.916751861572266
-49.171180725097656
-49.150386810302734
-49.09248352050781
-48.841468811035156
-48.88127517700195
-49.10272216796875
-49.13298416137695
-48.9249382019043
-48.98985290527344
-49.085697174072266
-49.178794860839844
-49.200008392333984
-49.06626510620117
-49.177772521972656
-49.051063537597656
-48.9864387512207
-49.0908317565918
-49.08671569824219
-49.146575927734375
-49.0168571472168
-48.968780517578125
-49.14059829711914
-49.077552795410156
-49.18340301513672
-49.17726516723633
-49.150638580322266
-49.094154357910156
-49.00025939941406
-49.09101867675781
-49.129390716552734
-49.091854095458984
-48.99470520019531
-49.033233642578125
-49.02543640136719
-49.10474395751953
-49.1253662109375
-49.11947250366211
-49.100772857666016
-48.98590087890625
-49.089866638183594
-49.05818176269531
-49.117462158203125
-49.11832809448242
-49.0516471862793
-48.89973068237305
-48.954593658447266
-49.0184326171875
-49.11799621582031
-49.022254943847656
-49.02825164794922
-49.09566879272461
-48.93910217285156
-48.9998664855957
-49.09164810180664
-48.9466552734375
-48.806068420410156
-49.06207275390625
-49.12982177734375
-49.13145446777344
-49.12939453125
-49.0667724609375
-48.9802360534668
-48.98049545288086
-49.06715393066406
-49.17885208129883
-49.18411636352539
-49.16709518432617
-49.01362609863281
-49.087135314941406
-49.028541564941406
-48.999290466308594
-49.12344741821289
-49.189456939697266
-49.25138854980469
-49.194671630859375
-49.1173210144043
-48.86717987060547
-49.02032470703125
-49.168846130371094
-49.13471221923828
-49.19053649902344
-49.24121856689453
-49.27046203613281
-49.2541389465332
-49.159332275390625
-48.906089782714844
-48.91867446899414
-49.11045455932617
-49.1541633605957
-49.224151611328125
-49.07874298095703
-48.94797897338867
-49.08513259887695
-49.146484375
-49.136207580566406
-49.080352783203125
-48.9783821105957
-49.05478286743164
-49.117008209228516
-49.199424743652344
-49.2227668762207
-49.13996124267578
-48.91176223754883
-49.144561767578125
-49.239776611328125
-49.276695251464844
-49.03398895263672
-49.06978225708008
-49.119895935058594
-49.18457794189453
-49.25566864013672
-49.245330810546875
-49.20574188232422
-49.091827392578125
-49.11641311645508
-49.1237678527832
-49.19992446899414
-49.243412017822266
-49.26641845703125
-49.26042938232422
-49.20919418334961
-49.179725646972656
-49.13498306274414
-49.09299850463867
-49.0825309753418
-49.145050048828125
-49.19475173950195
-49.22883605957031
-49.30622863769531
-49.183433532714844
-49.12322235107422
-49.00751876831055
-49.18626403808594
-49.108253479003906
-49.15001678466797
-49.245201110839844
-49.21270751953125
-49.08641815185547
-49.1299934387207
-49.20353317260742
-49.279598236083984
-49.32051086425781
-49.031219482421875
-49.094669342041016
-48.94480895996094
-49.13753128051758
-49.14439010620117
-49.24656295776367
-49.205963134765625
-49.344383239746094
-49.273712158203125
-49.28074264526367
-49.186092376708984
-48.92597579956055
-49.05226135253906
-49.1155891418457
-49.168949127197266
-49.26380157470703
-49.189884185791016
-49.163719177246094
-48.99850845336914
-49.0864143371582
-49.23143768310547
-49.1695556640625
-49.16141891479492
-49.024200439453125
-49.07756423950195
-49.233604431152344
-49.34147644042969
-49.21324157714844
-49.33070373535156
-49.36173629760742
-49.28047180175781
-49.20344543457031
-49.172481536865234
-49.04041290283203
-49.09889602661133
-49.235206604003906
-49.2557373046875
-49.23212814331055
-49.182987213134766
-49.04435348510742
-49.14611053466797
-49.27082824707031
-49.31342697143555
-49.19060516357422
-49.03602600097656
-49.18309020996094
-49.30139923095703
-49.312583923339844
-49.225467681884766
-49.05767059326172
-49.15065002441406
-49.27057647705078
-49.24521255493164
-48.98482894897461
-49.17036819458008
-49.292564392089844
-49.33444595336914
-49.221378326416016
-48.81737518310547
-49.18976974487305
-49.27668380737305
-49.292388916015625
-49.15727233886719
-49.20116424560547
-49.198219299316406
-49.21385192871094
-49.28511047363281
-49.224910736083984
-49.16676712036133
-49.177818298339844
-49.26029968261719
-49.27363967895508
-49.31446075439453
-49.22126770019531
-49.26707458496094
-49.22734451293945
-49.231727600097656
-49.27619171142578
-49.26002883911133
-49.22325897216797
-49.25667953491211
-49.3371696472168
-49.30640411376953
-49.27336883544922
-49.18178939819336
-49.187957763671875
-49.239356994628906
-49.16068649291992
-49.25753402709961
-49.30890655517578
-49.28684997558594
-49.27335739135742
-49.311309814453125
-49.30253601074219
-49.19345474243164
-49.14850616455078
-49.28139114379883
-49.200927734375
-49.30976867675781
-49.180912017822266
-49.35267639160156
-49.330780029296875
-49.36830139160156
-49.355201721191406
-49.231056213378906
-49.30197525024414
-49.29846954345703
-49.22835922241211
-49.155670166015625
-49.109291076660156
-49.13886260986328
-49.292152404785156
-49.36469268798828
-49.27667999267578
-49.14829635620117
-49.17169189453125
-49.310020446777344
-49.282958984375
-49.335418701171875
-49.34375
-49.369956970214844
-49.29966735839844
-49.205448150634766
-49.133522033691406
-49.19011306762695
-49.25349426269531
-49.30925369262695
-49.40275955200195
-49.35023498535156
-49.25706481933594
-49.30513000488281
-49.34998321533203
-49.29515075683594
-49.2253303527832
-49.2041015625
-49.243408203125
-49.28955841064453
-49.395042419433594
-49.364139556884766
-49.31224060058594
-49.320518493652344
-49.22944641113281
-49.22990798950195
-49.179344177246094
-49.01742935180664
-49.218814849853516
-49.35686111450195
-49.33894348144531
-49.28583526611328
-49.361778259277344
-49.2212028503418
-49.042598724365234
-49.22188949584961
-49.27528762817383
-49.309181213378906
-49.33403778076172
-49.398643493652344
-49.495750427246094
-49.422691345214844
-49.37315368652344
-49.25465774536133
-49.24437713623047
-49.23899841308594
-49.100643157958984
-49.214256286621094
-49.312931060791016
-49.36256408691406
-49.40399932861328
-49.271881103515625
-49.21684265136719
-49.28251647949219
-49.33769226074219
-49.313316345214844
-49.233829498291016
-49.16191864013672
-49.36656188964844
-49.346744537353516
-49.441612243652344
-49.38703536987305
-49.41388702392578
-49.36516189575195
-49.36154556274414
-49.28437042236328
-49.24228286743164
-49.197105407714844
-49.178001403808594
-49.30745315551758
-49.330665588378906
-49.35920715332031
-49.370994567871094
-49.394718170166016
-49.301544189453125
-49.14315414428711
-49.144935607910156
-49.25725555419922
-49.36148452758789
-49.38250732421875
-49.38552474975586
-49.3365478515625
-49.42796325683594
-49.405269622802734
-49.29825973510742
-49.11933517456055
-49.17930221557617
-49.35723876953125
-49.3662223815918
-49.231563568115234
-49.00759506225586
-49.16590118408203
-49.360050201416016
-49.23761749267578
-49.160057067871094
-49.25522232055664
-49.34915542602539
-49.40174102783203
-49.24065399169922
-49.238136291503906
-49.14390182495117
-49.26118469238281
-49.289649963378906
-49.346641540527344
-49.29753112792969
-49.39519119262695
-49.34642791748047
-49.323333740234375
-49.38111877441406
-49.23306655883789
-49.17132568359375
-49.28289031982422
-49.19109344482422
-49.31961441040039
-49.355865478515625
-49.369598388671875
-49.24263000488281
-49.18060302734375
-49.312618255615234
-49.33488464355469
-49.40226745605469
-49.381988525390625
-49.46284866333008
-49.39204406738281
-49.35747146606445
-49.271419525146484
-49.1895866394043
-49.36125564575195
-49.31639099121094
-49.388816833496094
-49.419883728027344
-49.439361572265625
-49.40620803833008
-49.441917419433594
-49.40899658203125
-49.41608428955078
-49.26538848876953
-49.28989028930664
-49.293636322021484
-49.39015579223633
-49.29505157470703
-49.34939193725586
-49.27098846435547
-49.2977294921875
-49.250831604003906
-49.3250732421875
-49.456092834472656
-49.192901611328125
-49.14113235473633
-49.166465759277344
-49.40181350708008
-49.3903694152832
-49.11431884765625
-49.101539611816406
-49.317344665527344
-49.385780334472656
-49.46598434448242
-49.391578674316406
-49.42200469970703
-49.388362884521484
-49.459136962890625
-49.326080322265625
-49.28607177734375
-49.234397888183594
-49.25494384765625
-49.3679084777832
-49.494903564453125
-49.41843795776367
-49.26643371582031
-49.276344299316406
-49.180145263671875
-49.2598762512207
-49.37903594970703
-49.3809814453125
-49.34757614135742
-49.20742416381836
-49.31461715698242
-49.174129486083984
-49.35723114013672
-49.42515563964844
-49.35181427001953
-49.13565444946289
-49.21828842163086
-49.236839294433594
-49.357887268066406
-49.324615478515625
-49.369625091552734
-49.285160064697266
-49.219024658203125
-49.34492111206055
-49.38381576538086
-49.29309844970703
-49.27483367919922
-49.38565444946289
-49.35435485839844
-49.383907318115234
-49.33794021606445
-49.3430290222168
-49.27529525756836
-49.35074996948242
-49.42163848876953
-49.36761474609375
-49.37965393066406
-49.40898513793945
-49.43873596191406
-49.43809509277344
-49.384071350097656
-49.296321868896484
-49.239315032958984
-49.39659118652344
-49.44980239868164
-49.504539489746094
-49.42511749267578
-49.43316650390625
-49.23226547241211
-49.22730255126953
-49.36944580078125
-49.468902587890625
-49.47720718383789
-49.43241882324219
-49.37066650390625
-49.243896484375
-49.347633361816406
-49.422332763671875
-49.43283462524414
-49.41609191894531
-49.42399597167969
-49.388404846191406
-49.47029113769531
-49.40455627441406
-49.226810455322266
-49.356117248535156
-49.371341705322266
-49.352088928222656
-49.32259750366211
-49.3758544921875
-49.449867248535156
-49.354679107666016
-49.33367156982422
-49.375038146972656
-49.419898986816406
-49.417781829833984
-49.35492706298828
-49.463409423828125
-49.3082275390625
-49.352516174316406
-49.40022277832031
-49.42027282714844
-49.491886138916016
-49.46088409423828
-49.36833190917969
-49.3455810546875
-49.41720199584961
-49.468292236328125
-49.48433303833008
-49.45831298828125
-49.40443420410156
-49.21284484863281
-49.4082145690918
-49.485843658447266
-49.33963394165039
-49.18767547607422
-49.24274826049805
-49.383026123046875
-49.410316467285156
-49.3388557434082
-49.4796142578125
-49.3846435546875
-49.36665725708008
-49.31594467163086
-49.241790771484375
-49.45619201660156
-49.487213134765625
-49.44103240966797
-49.210514068603516
-49.28802490234375
-49.48494338989258
-49.4530143737793
-49.404144287109375
-49.31416320800781
-49.322025299072266
-49.2901725769043
-49.438716888427734
-49.519893646240234
-49.474578857421875
-49.45769119262695
-49.435211181640625
-49.51641082763672
-49.535743713378906
-49.412864685058594
-49.32835388183594
-49.328582763671875
-49.356510162353516
-49.442405700683594
-49.453731536865234
-49.490699768066406
-49.49736785888672
-49.446533203125
-49.37806701660156
-49.37284469604492
-49.44140625
-49.404991149902344
-49.41658020019531
-49.445716857910156
-49.51675796508789
-49.50437927246094
-49.41596984863281
-49.22743606567383
-49.308013916015625
-49.492103576660156
-49.51803970336914
-49.49609375
-49.50654983520508
-49.485923767089844
-49.421749114990234
-49.478187561035156
-49.498348236083984
-49.46467208862305
-49.44923400878906
-49.4735107421875
-49.50254821777344
-49.4613037109375
-49.45381546020508
-49.38213348388672
-49.36287307739258
-49.437870025634766
-49.41847229003906
-49.42995834350586
-49.44043731689453
-49.507240295410156
-49.46644592285156
-49.436378479003906
-49.32469940185547
-49.302101135253906
-49.39808654785156
-49.5000114440918
-49.45421600341797
-49.564292907714844
-49.540252685546875
-49.46734619140625
-49.48125457763672
-49.414039611816406
-49.340118408203125
-49.412288665771484
-49.38323974609375
-49.44644546508789
-49.40345001220703
-49.4260368347168
-49.44252014160156
-49.4549560546875
-49.521453857421875
-49.540260314941406
-49.512840270996094
-49.47719192504883
-49.44811248779297
-49.409034729003906
-49.419151306152344
-49.47432327270508
-49.558414459228516
-49.43001937866211
-49.42975997924805
-49.44966125488281
-49.39781951904297
-49.441184997558594
-49.49649429321289
-49.56758117675781
-49.5484504699707
-49.55985641479492
-49.513187408447266
-49.54296112060547
-49.589576721191406
-49.53052520751953
-49.3953857421875
-49.336219787597656
-49.50657272338867
-49.57334899902344
-49.51811981201172
-49.50688552856445
-49.56297302246094
-49.479915618896484
-49.35531997680664
-49.3483772277832
-49.44651794433594
-49.51700973510742
-49.486751556396484
-49.54764175415039
-49.479496002197266
-49.44037628173828
-49.34584426879883
-49.429107666015625
-49.48060607910156
-49.498779296875
-49.485450744628906
-49.52390670776367
-49.470252990722656
-49.37055206298828
-49.44586944580078
-49.39872741699219
-49.499874114990234
-49.56898498535156
-49.554927825927734
-49.54441452026367
-49.457374572753906
-49.43183135986328
-49.29917526245117
-49.43264389038086
-49.6185417175293
-49.52256774902344
-49.605804443359375
-49.4661750793457
-49.580413818359375
-49.558746337890625
-49.55839538574219
-49.57465362548828
-49.535804748535156
-49.52520751953125
-49.58789825439453
-49.51084899902344
-49.43484878540039
-49.263160705566406
-49.43446731567383
-49.5390739440918
-49.54637908935547
-49.53639221191406
-49.39088439941406
-49.32705307006836
-49.35359573364258
-49.501495361328125
-49.54840850830078
-49.4808235168457
-49.552101135253906
-49.32020568847656
-49.34939193725586
-49.477317810058594
-49.625850677490234
-49.476409912109375
-49.53593063354492
-49.44868469238281
-49.249412536621094
-49.44965362548828
-49.49552917480469
-49.478660583496094
-49.433406829833984
-49.313262939453125
-49.4061164855957
-49.44577407836914
-49.59534454345703
-49.53593444824219
-49.56355285644531
-49.49437713623047
-49.45732879638672
-49.48284912109375
-49.5145378112793
-49.4962158203125
-49.50699234008789
-49.5098876953125
-49.473575592041016
-49.441490173339844
-49.50049591064453
-49.52916717529297
-49.45222473144531
-49.384727478027344
-49.44896697998047
-49.54781723022461
-49.59721374511719
-49.57593536376953
-49.577552795410156
-49.59236526489258
-49.41978073120117
-49.323482513427734
-49.41913604736328
-49.58888244628906
-49.579158782958984
-49.55227279663086
-49.44357681274414
-49.29559326171875
-49.377986907958984
-49.48146057128906
-49.532470703125
-49.479251861572266
-49.386356353759766
-49.27423095703125
-49.506561279296875
-49.55446243286133
-49.57172393798828
-49.42822265625
-49.275535583496094
-49.448734283447266
-49.60749053955078
-49.45030212402344
-49.334747314453125
-49.387733459472656
-49.4246826171875
-49.53483581542969
-49.56895446777344
-49.661190032958984
-49.602359771728516
-49.58723449707031
-49.49661636352539
-49.364925384521484
-49.40022659301758
-49.44187545776367
-49.524471282958984
-49.606781005859375
-49.59632110595703
-49.51702117919922
-49.44679641723633
-49.437835693359375
-49.46942138671875
-49.554779052734375
-49.60059356689453
-49.589630126953125
-49.64982986450195
-49.55143356323242
-49.57797622680664
-49.37775421142578
-49.396278381347656
-49.48613739013672
-49.57381820678711
-49.5119514465332
-49.37229919433594
-49.54885482788086
-49.58100891113281
-49.553680419921875
-49.57868576049805
-49.5646858215332
-49.56505584716797
-49.50294494628906
-49.43543243408203
-49.50535583496094
-49.421669006347656
-49.501930236816406
-49.52354431152344
-49.57300567626953
-49.5565299987793
-49.462425231933594
-49.45112609863281
-49.377716064453125
-49.50199890136719
-49.59499740600586
-49.572044372558594
-49.53758239746094
-49.356422424316406
-49.27565002441406
-49.5274658203125
-49.52248764038086
-49.3994140625
-49.33045959472656
-49.514076232910156
-49.498023986816406
-49.55240249633789
-49.55464172363281
-49.627681732177734
-49.62909698486328
-49.57936096191406
-49.58319854736328
-49.543312072753906
-49.538169860839844
-49.470340728759766
-49.489234924316406
-49.493263244628906
-49.57561111450195
-49.558372497558594
-49.56989288330078
-49.604454040527344
-49.58141326904297
-49.514190673828125
-49.45680618286133
-49.53081512451172
-49.499351501464844
-49.56644058227539
-49.551971435546875
-49.58018112182617
-49.62333297729492
-49.65261459350586
-49.59550476074219
-49.53699493408203
-49.50293731689453
-49.52649688720703
-49.53501892089844
-49.50122833251953
-49.534461975097656
-49.63884735107422
-49.627159118652344
-49.5936279296875
-49.56282043457031
-49.49239730834961
-49.350486755371094
-49.53174591064453
-49.5686149597168
-49.68314743041992
-49.5792350769043
-49.49688720703125
-49.45692443847656
-49.52708435058594
-49.59061813354492
-49.65989303588867
-49.626075744628906
-49.65317916870117
-49.51433563232422
-49.425262451171875
-49.50381851196289
-49.55314254760742
-49.57670593261719
-49.56732177734375
-49.556636810302734
-49.51477813720703
-49.55314254760742
-49.595943450927734
-49.59559631347656
-49.535518646240234
-49.586795806884766
-49.510807037353516
-49.55524444580078
-49.5693359375
-49.52695083618164
-49.47577667236328
-49.52676010131836
-49.620445251464844
-49.635704040527344
-49.632774353027344
-49.565189361572266
-49.57017517089844
-49.431190490722656
-49.49681091308594
-49.50508117675781
-49.50165557861328
-49.51972198486328
-49.561649322509766
-49.64649963378906
-49.542842864990234
-49.58199691772461
-49.443992614746094
-49.54267120361328
-49.57817840576172
-49.69422912597656
-49.6133918762207
-49.60667419433594
-49.52766799926758
-49.58487319946289
-49.63914108276367
-49.58485794067383
-49.49799728393555
-49.43899917602539
-49.36610412597656
-49.51640319824219
-49.580841064453125
-49.74625015258789
-49.488975524902344
-49.60767364501953
-49.617408752441406
-49.62156295776367
-49.600975036621094
-49.46406555175781
-49.540306091308594
-49.528968811035156
-49.532127380371094
-49.58502960205078
-49.589298248291016
-49.569244384765625
-49.66626739501953
-49.58707046508789
-49.58331298828125
-49.55625534057617
-49.429588317871094
-49.49877166748047
-49.545772552490234
-49.62069320678711
-49.66169738769531
-49.623191833496094
-49.61577606201172
-49.525146484375
-49.388614654541016
-49.58863067626953
-49.6947021484375
-49.65739059448242
-49.708251953125
-49.61406326293945
-49.470314025878906
-49.51470947265625
-49.568519592285156
-49.61099624633789
-49.64545440673828
-49.72254180908203
-49.681182861328125
-49.63112258911133
-49.42213439941406
-49.38396453857422
-49.5424690246582
-49.5861930847168
-49.691368103027344
-49.67396545410156
-49.594261169433594
-49.629150390625
-49.639183044433594
-49.51551818847656
-49.53472900390625
-49.52137756347656
-49.633934020996094
-49.487186431884766
-49.505374908447266
-49.542724609375
-49.48826599121094
-49.54645538330078
-49.61420440673828
-49.60029220581055
-49.57801818847656
-49.63855743408203
-49.5855712890625
-49.45110321044922
-49.32811737060547
-49.558380126953125
-49.58354949951172
-49.589473724365234
-49.422767639160156
-49.399139404296875
-49.588279724121094
-49.59288787841797
-49.65031433105469
-49.677825927734375
-49.645992279052734
-49.619327545166016
-49.4864501953125
-49.47349548339844
-49.61418151855469
-49.676998138427734
-49.61886978149414
-49.59945297241211
-49.524986267089844
-49.5063591003418
-49.477909088134766
-49.611968994140625
-49.62405014038086
-49.56488800048828
-49.562164306640625
-49.58191680908203
-49.59013748168945
-49.54105758666992
-49.52601623535156
-49.5987663269043
-49.595787048339844
-49.56935501098633
-49.55171203613281
-49.54756164550781
-49.55019760131836
-49.584232330322266
-49.58099365234375
-49.58464813232422
-49.53837203979492
-49.60749053955078
-49.630149841308594
-49.62134552001953
-49.535186767578125
-49.56236267089844
-49.516357421875
-49.67726135253906
-49.62104797363281
-49.60548782348633
-49.54790496826172
-49.49509811401367
-49.62487030029297
-49.62957763671875
-49.70140838623047
-49.63203430175781
-49.63653564453125
-49.305091857910156
-49.591148376464844
-49.616493225097656
-49.711814880371094
-49.42827224731445
-49.42588424682617
-49.58238220214844
-49.634254455566406
-49.682594299316406
-49.675537109375
-49.644126892089844
-49.490665435791016
-49.47675323486328
-49.54522705078125
-49.63416290283203
-49.71653747558594
-49.68854522705078
-49.59404373168945
-49.57538604736328
-49.5164794921875
-49.49599838256836
-49.58698654174805
-49.66690444946289
-49.697288513183594
-49.66881561279297
-49.71645736694336
-49.696632385253906
-49.72801208496094
-49.5712776184082
-49.513614654541016
-49.551937103271484
-49.60315704345703
-49.60009765625
-49.648521423339844
-49.57450866699219
-49.564971923828125
-49.58027648925781
-49.51194763183594
-49.53570556640625
-49.69160461425781
-49.6561279296875
-49.635684967041016
-49.617576599121094
-49.644737243652344
-49.631744384765625
-49.5578498840332
-49.58971405029297
-49.634620666503906
-49.749881744384766
-49.734375
-49.67533874511719
-49.67886734008789
-49.561973571777344
-49.57258224487305
-49.678646087646484
-49.685306549072266
-49.71200180053711
-49.75830841064453
-49.695125579833984
-49.682987213134766
-49.4501838684082
-49.456153869628906
-49.601036071777344
-49.715553283691406
-49.71507263183594
-49.747802734375
-49.646907806396484
-49.529197692871094
-49.41645812988281
-49.647647857666016
-49.688323974609375
-49.711463928222656
-49.67235565185547
-49.64079284667969
-49.67012405395508
-49.65049743652344
-49.58868408203125
-49.5421142578125
-49.647865295410156
-49.630897521972656
-49.71598815917969
-49.65626525878906
-49.66147994995117
-49.65106964111328
-49.67562484741211
-49.722869873046875
-49.69470977783203
-49.58921813964844
-49.50258255004883
-49.571311950683594
-49.72119903564453
-49.74567794799805
-49.6784553527832
-49.68115234375
-49.5960578918457
-49.52415466308594
-49.6036376953125
-49.67750930786133
-49.620506286621094
-49.62495422363281
-49.657413482666016
-49.635154724121094
-49.6010856628418
-49.68244934082031
-49.64439392089844
-49.638526916503906
-49.6653938293457
-49.605979919433594
-49.7050666809082
-49.7171745300293
-49.6220588684082
-49.6805419921875
-49.72802734375
-49.639244079589844
-49.65839767456055
-49.61373519897461
-49.6161003112793
-49.62291717529297
-49.59980773925781
-49.644859313964844
-49.66453170776367
-49.5476188659668
-49.68202209472656
-49.703189849853516
-49.7361946105957
-49.74237823486328
-49.54506301879883
-49.398990631103516
-49.60072708129883
-49.67005157470703
-49.64598846435547
-49.59089279174805
-49.580528259277344
-49.62960433959961
-49.616912841796875
-49.66532897949219
-49.675750732421875
-49.731536865234375
-49.747684478759766
-49.72321319580078
-49.696834564208984
-49.6348876953125
-49.62184143066406
-49.5933837890625
-49.642513275146484
-49.722164154052734
-49.67859649658203
-49.77440643310547
-49.767539978027344
-49.76215362548828
-49.705345153808594
-49.620506286621094
-49.552127838134766
-49.601806640625
-49.786720275878906
-49.75201416015625
-49.69465255737305
-49.57973861694336
-49.49076843261719
-49.70564651489258
-49.71485900878906
-49.7666015625
-49.75569534301758
-49.748809814453125
-49.68852615356445
-49.51392364501953
-49.573448181152344
-49.76799774169922
-49.745601654052734
-49.72351837158203
-49.64771270751953
-49.58637619018555
-49.60124206542969
-49.62963104248047
-49.679481506347656
-49.63338088989258
-49.61338806152344
-49.697105407714844
-49.75248718261719
-49.665897369384766
-49.66191101074219
-49.64817810058594
-49.5446662902832
-49.760501861572266
-49.80976104736328
-49.79322052001953
-49.77656555175781
-49.78570556640625
-49.754615783691406
-49.74556350708008
-49.67405700683594
-49.55451965332031
-49.613563537597656
-49.75234603881836
-49.78433609008789
-49.75630187988281
-49.786231994628906
-49.66543960571289
-49.60442352294922
-49.58177185058594
-49.737022399902344
-49.77629852294922
-49.73291015625
-49.5067253112793
-49.57360076904297
-49.66365051269531
-49.77543640136719
-49.54867172241211
-49.568603515625
-49.55796813964844
-49.71910858154297
-49.7469596862793
-49.788795471191406
-49.74897766113281
-49.70658874511719
-49.4922981262207
-49.518882751464844
-49.748634338378906
-49.750640869140625
-49.651920318603516
-49.50166320800781
-49.59315490722656
-49.75831604003906
-49.79827117919922
-49.791175842285156
-49.70935821533203
-49.488136291503906
-49.62077713012695
-49.71648025512695
-49.777992248535156
-49.63337326049805
-49.571937561035156
-49.6302375793457
-49.71186065673828
-49.78031539916992
-49.83253479003906
-49.702728271484375
-49.68151092529297
-49.74384689331055
-49.67897033691406
-49.648990631103516
-49.67640686035156
-49.70195770263672
-49.73060607910156
-49.77454376220703
-49.72581100463867
-49.58466720581055
-49.50581741333008
-49.54484558105469
-49.641597747802734
-49.76591110229492
-49.81132507324219
-49.744903564453125
-49.564208984375
-49.47868728637695
-49.736289978027344
-49.65730667114258
-49.495018005371094
-49.658851623535156
-49.83574676513672
-49.752838134765625
-49.499813079833984
-49.52201461791992
-49.766693115234375
-49.75387191772461
-49.6301383972168
-49.602500915527344
-49.60649490356445
-49.738250732421875
-49.85000991821289
-49.76184844970703
-49.590415954589844
-49.48278045654297
-49.73643493652344
-49.82379913330078
-49.72354507446289
-49.638648986816406
-49.650062561035156
-49.671546936035156
-49.69684600830078
-49.748111724853516
-49.790283203125
-49.775062561035156
-49.78619384765625
-49.772308349609375
-49.776763916015625
-49.5608024597168
-49.667442321777344
-49.62889099121094
-49.776939392089844
-49.74879837036133
-49.6279182434082
-49.5601806640625
-49.70911407470703
-49.71352005004883
-49.794681549072266
-49.734649658203125
-49.67721176147461
-49.68265151977539
-49.66874694824219
-49.7430305480957
-49.714454650878906
-49.60939025878906
-49.61662292480469
-49.76051330566406
-49.782493591308594
-49.80633544921875
-49.75716018676758
-49.79207229614258
-49.744903564453125
-49.8751106262207
-49.64896011352539
-49.572593688964844
-49.55828094482422
-49.82062530517578
-49.80455780029297
-49.55903244018555
-49.576412200927734
-49.7487907409668
-49.72224426269531
-49.74464416503906
-49.7437744140625
-49.67626953125
-49.51667785644531
-49.80632019042969
-49.744876861572266
-49.589576721191406
-49.57194900512695
-49.738929748535156
-49.831756591796875
-49.686100006103516
-49.59330749511719
-49.61393737792969
-49.72063446044922
-49.89680480957031
-49.83654022216797
-49.83820343017578
-49.73316955566406
-49.630584716796875
-49.64955139160156
-49.80810546875
-49.78395080566406
-49.7802848815918
-49.750038146972656
-49.76780700683594
-49.60993576049805
-49.67448425292969
-49.836326599121094
-49.84697723388672
-49.837669372558594
-49.775413513183594
-49.68476867675781
-49.63396453857422
-49.5893440246582
-49.76775360107422
-49.756805419921875
-49.833839416503906
-49.82740783691406
-49.82556915283203
-49.74504089355469
-49.66768264770508
-49.66755676269531
-49.68089294433594
-49.74067306518555
-49.818809509277344
-49.846160888671875
-49.772953033447266
-49.56181716918945
-49.61484909057617
-49.77842712402344
-49.770050048828125
-49.867862701416016
-49.742210388183594
-49.6994514465332
-49.61443328857422
-49.71274948120117
-49.78636169433594
-49.85018539428711
-49.87480926513672
-49.81614685058594
-49.76947021484375
-49.790977478027344
-49.64174270629883
-49.60844802856445
-49.760597229003906
-49.69681930541992
-49.710330963134766
-49.73977279663086
-49.77631378173828
-49.71305847167969
-49.67167282104492
-49.6284065246582
-49.733360290527344
-49.737117767333984
-49.81678009033203
-49.71416473388672
-49.71953582763672
-49.680728912353516
-49.70178985595703
-49.7087516784668
-49.71412658691406
-49.66907501220703
-49.69026184082031
-49.691715240478516
-49.73594665527344
-49.68863296508789
-49.610694885253906
-49.7218132019043
-49.729949951171875
-49.805686950683594
-49.85017395019531
-49.748111724853516
-49.66644287109375
-49.591129302978516
-49.70130157470703
-49.8533935546875
-49.852943420410156
-49.79928970336914
-49.68344497680664
-49.72760009765625
-49.806827545166016
-49.82042694091797
-49.72747802734375
-49.50516128540039
-49.68855285644531
-49.78546142578125
-49.857391357421875
-49.57411193847656
-49.47613525390625
-49.748260498046875
-49.856876373291016
-49.59230041503906
-49.55525588989258
-49.80523681640625
-49.76795196533203
-49.759071350097656
-49.73173522949219
-49.686065673828125
-49.685001373291016
-49.708438873291016
-49.772666931152344
-49.86157989501953
-49.862754821777344
-49.821441650390625
-49.7601432800293
-49.55848693847656
-49.720664978027344
-49.777496337890625
-49.85264205932617
-49.798439025878906
-49.75749588012695
-49.7119255065918
-49.76918029785156
-49.7547607421875
-49.76768112182617
-49.717613220214844
-49.667457580566406
-49.70424270629883
-49.78240203857422
-49.850975036621094
-49.78330612182617
-49.80732345581055
-49.839683532714844
-49.84555435180664
-49.74436950683594
-49.610809326171875
-49.6812858581543
-49.75743103027344
-49.86066436767578
-49.84270477294922
-49.819740295410156
-49.874778747558594
-49.821197509765625
-49.70595932006836
-49.678428649902344
-49.76072692871094
-49.7808723449707
-49.8248176574707
-49.73227310180664
-49.59545135498047
-49.700374603271484
-49.761932373046875
-49.86440658569336
-49.84636306762695
-49.788326263427734
-49.736427307128906
-49.73182678222656
-49.75375747680664
-49.775447845458984
-49.81126403808594
-49.7364616394043
-49.7146110534668
-49.62071990966797
-49.786964416503906
-49.836795806884766
-49.782562255859375
-49.8221321105957
-49.82546615600586
-49.79982376098633
-49.853939056396484
-49.84684753417969
-49.8077392578125
-49.88005828857422
-49.90902328491211
-49.757564544677734
-49.60818862915039
-49.76888656616211
-49.750083923339844
-49.816097259521484
-49.82835006713867
-49.82996368408203
-49.842506408691406
-49.634971618652344
-49.669212341308594
-49.809574127197266
-49.87946319580078
-49.86626434326172
-49.855194091796875
-49.878257751464844
-49.71007537841797
-49.59012985229492
-49.72948455810547
-49.792388916015625
-49.8945198059082
-49.849037170410156
-49.798091888427734
-49.682376861572266
-49.665794372558594
-49.859153747558594
-49.86048889160156
-49.82783126831055
-49.900875091552734
-49.92057418823242
-49.87976837158203
-49.72895050048828
-49.67372512817383
-49.74370574951172
-49.789817810058594
-49.86379623413086
-49.887107849121094
-49.835594177246094
-49.761619567871094
-49.739524841308594
-49.71025848388672
-49.76127243041992
-49.81831741333008
-49.878135681152344
-49.83824920654297
-49.57188415527344
-49.62550735473633
-49.76692199707031
-49.89813995361328
-49.82587814331055
-49.891624450683594
-49.84295654296875
-49.68256378173828
-49.6995964050293
-49.706634521484375
-49.67616271972656
-49.762149810791016
-49.79808807373047
-49.75750732421875
-49.74713134765625
-49.74514389038086
-49.69403839111328
-49.799400329589844
-49.82368850708008
-49.793792724609375
-49.783931732177734
-49.72027587890625
-49.76805114746094
-49.69336700439453
-49.813865661621094
-49.79640579223633
-49.82594299316406
-49.80502700805664
-49.72466278076172
-49.82980728149414
-49.71806716918945
-49.72285079956055
-49.693363189697266
-49.86408233642578
-49.79460906982422
-49.854248046875
-49.92149353027344
-49.852386474609375
-49.87770462036133
-49.853729248046875
-49.83919906616211
-49.83449935913086
-49.83503341674805
-49.76772689819336
-49.721343994140625
-49.785987854003906
-49.73842239379883
-49.739845275878906
-49.760353088378906
-49.805091857910156
-49.756927490234375
-49.789833068847656
-49.811256408691406
-49.79375457763672
-49.79664611816406
-49.81023025512695
-49.770606994628906
-49.7266731262207
-49.77052307128906
-49.84482192993164
-49.820411682128906
-49.84590148925781
-49.86376953125
-49.760345458984375
-49.77345275878906
-49.66290283203125
-49.72922134399414
-49.671287536621094
-49.8160400390625
-49.90470886230469
-49.835147857666016
-49.77358627319336
-49.682884216308594
-49.72534942626953
-49.716800689697266
-49.696205139160156
-49.75042724609375
-49.88556671142578
-49.903526306152344
-49.81455993652344
-49.929954528808594
-49.93288040161133
-49.87931442260742
-49.80294418334961
-49.665531158447266
-49.698001861572266
-49.87761306762695
-49.88382339477539
-49.90840148925781
-49.824974060058594
-49.808815002441406
-49.7442626953125
-49.81599426269531
-49.7917594909668
-49.86611557006836
-49.83461380004883
-49.836090087890625
-49.86725616455078
-49.716453552246094
-49.694820404052734
-49.784393310546875
-49.79915237426758
-49.842002868652344
-49.747413635253906
-49.716102600097656
-49.75004577636719
-49.786041259765625
-49.84207534790039
-49.762542724609375
-49.67644119262695
-49.61971664428711
-49.8709716796875
-49.77701950073242
-49.73017883300781
-49.814395904541016
-49.84929656982422
-49.785888671875
-49.748924255371094
-49.805294036865234
-49.79478454589844
-49.75176239013672
-49.681480407714844
-49.66146469116211
-49.66072463989258
-49.82182693481445
-49.92314910888672
-49.92375946044922
-49.83254623413086
-49.889198303222656
-49.700843811035156
-49.82231903076172
-49.754600524902344
-49.83067321777344
-49.779239654541016
-49.70388412475586
-49.723045349121094
-49.76294708251953
-49.84614562988281
-49.813682556152344
-49.84243392944336
-49.831783294677734
-49.745628356933594
-49.773868560791016
-49.777435302734375
-49.79227828979492
-49.652618408203125
-49.751956939697266
-49.828617095947266
-49.77410125732422
-49.7913818359375
-49.60654830932617
-49.74871063232422
-49.84690856933594
-49.83911895751953
-49.84587478637695
-49.819580078125
-49.807796478271484
-49.784400939941406
-49.82575988769531
-49.88691711425781
-49.81562423706055
-49.75531768798828
-49.72975158691406
-49.711036682128906
-49.77031707763672
-49.844932556152344
-49.882965087890625
-49.87019348144531
-49.84888458251953
-49.81610870361328
-49.69139862060547
-49.69987487792969
-49.77826690673828
-49.84309387207031
-49.92597961425781
-49.85302734375
-49.78160858154297
-49.685401916503906
-49.78718566894531
-49.85991287231445
-49.9122314453125
-49.85884475708008
-49.88787078857422
-49.82909393310547
-49.6326904296875
-49.766021728515625
-49.912147521972656
-49.910274505615234
-49.92969512939453
-49.98298645019531
-49.920291900634766
-49.91318893432617
-49.8684196472168
-49.779884338378906
-49.620697021484375
-49.85387420654297
-49.840877532958984
-49.881019592285156
-49.89629364013672
-49.92013931274414
-49.81073760986328
-49.72152328491211
-49.60541534423828
-49.68232345581055
-49.797176361083984
-49.8972053527832
-49.85600662231445
-49.765533447265625
-49.67230987548828
-49.71329116821289
-49.877349853515625
-49.88423156738281
-49.89451217651367
-49.76460647583008
-49.66710662841797
-49.662200927734375
-49.925445556640625
-49.86622619628906
-49.85383605957031
-49.759796142578125
-49.75299835205078
-49.858890533447266
-49.838314056396484
-49.81959915161133
-49.837345123291016
-49.83280944824219
-49.81557846069336
-49.80769729614258
-49.77783966064453
-49.805511474609375
-49.824623107910156
-49.868072509765625
-49.91547393798828
-49.93545913696289
-49.78264236450195
-49.672950744628906
-49.80024337768555
-49.82402420043945
-49.81231689453125
-49.824195861816406
-49.75090789794922
-49.802223205566406
-49.88657760620117
-49.90404510498047
-49.89385223388672
-49.82441711425781
-49.73916244506836
-49.7056770324707
-49.82127380371094
-49.88801574707031
-49.97359848022461
-49.922767639160156
-49.92058181762695
-49.9158935546875
-49.84922409057617
-49.7408561706543
-49.79203796386719
-49.86571502685547
-49.86194610595703
-49.920326232910156
-49.94061279296875
-49.94758987426758
-49.92680740356445
-49.84204864501953
-49.79045104980469
-49.69974899291992
-49.85844802856445
-49.857154846191406
-49.81788635253906
-49.87196731567383
-49.92949295043945
-49.932315826416016
-49.979331970214844
-49.93471908569336
-49.8972053527832
-49.94199752807617
-49.856910705566406
-49.787960052490234
-49.75947570800781
-49.846153259277344
-49.84012985229492
-49.93337631225586
-49.89387130737305
-49.9447021484375
-49.884361267089844
-49.920738220214844
-49.85431671142578
-49.7223014831543
-49.7513427734375
-49.881839752197266
-49.89192199707031
-49.90010070800781
-49.95262145996094
-49.9150276184082
-49.96795654296875
-49.965999603271484
-49.95183181762695
-49.955501556396484
-49.83747482299805
-49.871463775634766
-49.85204315185547
-49.840633392333984
-49.720680236816406
-49.79715347290039
-49.85798263549805
-49.847999572753906
-49.856834411621094
-49.80381774902344
-49.76666259765625
-49.77399444580078
-49.859493255615234
-49.873008728027344
-49.980125427246094
-49.9401969909668
-49.86430358886719
-49.850379943847656
-49.78496551513672
-49.86347579956055
-49.92599105834961
-49.93378448486328
-49.954097747802734
-49.911399841308594
-49.83649444580078
-49.8662223815918
-49.857093811035156
-49.92503356933594
-49.930931091308594
-49.944950103759766
-49.980125427246094
-49.86161804199219
-49.68100357055664
-49.88383102416992
-49.88840866088867
-49.96397018432617
-49.96189880371094
-49.834712982177734
-49.64512634277344
-49.834651947021484
-49.94676971435547
-49.96623229980469
-49.95347213745117
-49.88787841796875
-49.79460144042969
-49.750755310058594
-49.95427703857422
-49.93359375
-49.93552017211914
-49.96162796020508
-49.83944320678711
-49.65791320800781
-49.68809509277344
-49.89302062988281
-49.96315002441406
-49.76945495605469
-49.67487716674805
-49.89277267456055
-49.97015380859375
-49.91693878173828
-49.92945861816406
-49.70404815673828
-49.78190994262695
-49.87735366821289
-49.998382568359375
-49.96323013305664
-50.02643585205078
-49.94639587402344
-49.92020034790039
-49.780517578125
-49.807098388671875
-49.84714889526367
-49.930564880371094
-49.970054626464844
-49.95833969116211
-49.86609649658203
-49.67491912841797
-49.79768371582031
-49.953773498535156
-49.95460510253906
-49.88142395019531
-49.79955291748047
-49.73413848876953
-49.90126037597656
-49.88520431518555
-49.935569763183594
-49.858863830566406
-49.714656829833984
-49.74333572387695
-49.873287200927734
-49.891334533691406
-49.8978271484375
-49.733253479003906
-49.70899200439453
-49.80677032470703
-49.83432388305664
-49.88808822631836
-49.79718780517578
-49.70302200317383
-49.83763122558594
-49.906986236572266
-49.93964767456055
-49.94876480102539
-49.778167724609375
-49.734466552734375
-49.765769958496094
-49.86902618408203
-49.79154968261719
-49.974143981933594
-49.81685256958008
-49.80021286010742
-49.76924133300781
-49.83070373535156
-49.94295883178711
-49.919677734375
-49.85033416748047
-49.73206329345703
-49.69771957397461
-49.880653381347656
-49.942832946777344
-49.95652770996094
-49.903717041015625
-49.9381103515625
-49.879066467285156
-49.81269454956055
-49.78432846069336
-49.921443939208984
-49.95431137084961
-49.95537567138672
-49.92929458618164
-49.86172103881836
-49.849021911621094
-49.75740051269531
-49.68828582763672
-49.94187927246094
-49.969871520996094
-49.99969482421875
-49.83218765258789
-49.613365173339844
-49.859397888183594
-49.977081298828125
-49.96384048461914
-49.9263916015625
-49.81373596191406
-49.74653244018555
-49.896942138671875
-49.88896179199219
-49.94417953491211
-49.99236297607422
-49.94404983520508
-49.98517608642578
-49.90239334106445
-49.887569427490234
-49.91789627075195
-49.76892852783203
-49.83406448364258
-49.93681335449219
-49.8923225402832
-49.805519104003906
-49.78743362426758
-49.912532806396484
-49.94044876098633
-49.89107894897461
-49.965553283691406
-49.97868347167969
-49.89616775512695
-49.83141326904297
-49.77396774291992
-49.77367401123047
-49.90233612060547
-49.982295989990234
-50.00880432128906
-49.92700958251953
-49.864501953125
-49.77853012084961
-49.81513214111328
-49.86467742919922
-49.99702835083008
-50.00767517089844
-50.00981140136719
-50.00796127319336
-49.93952178955078
-49.849464416503906
-49.738914489746094
-49.83014678955078
-50.01349639892578
-50.0108757019043
-49.987937927246094
-50.07601547241211
-49.9180908203125
-49.89104461669922
-49.84617233276367
-49.84770965576172
-49.878231048583984
-49.927459716796875
-49.920249938964844
-49.83753204345703
-49.86766815185547
-49.881317138671875
-49.88946533203125
-50.01156234741211
-49.952083587646484
-49.9018440246582
-49.66236114501953
-49.747257232666016
-49.94140625
-49.975074768066406
-50.03513717651367
-50.031227111816406
-49.662254333496094
-49.775604248046875
-49.89298629760742
-49.92657470703125
-49.821258544921875
-49.941436767578125
-49.94316864013672
-49.8082275390625
-49.825103759765625
-49.91885757446289
-49.92536926269531
-49.91615676879883
-49.92976379394531
-49.897743225097656
-49.84563446044922
-49.86249542236328
-49.921875
-49.910701751708984
-49.802982330322266
-49.85274887084961
-49.90031433105469
-49.87727737426758
-49.96852493286133
-49.884368896484375
-49.8281135559082
-49.942665100097656
-50.01178741455078
-49.987396240234375
-50.00297546386719
-49.965614318847656
-49.83854675292969
-49.80238723754883
-49.964683532714844
-50.00900650024414
-49.993160247802734
-49.952392578125
-50.01166915893555
-49.901851654052734
-49.79357147216797
-49.84260940551758
-49.96192169189453
-49.96501922607422
-50.01534652709961
-50.00837326049805
-49.93912887573242
-49.883296966552734
-49.85765838623047
-49.79303741455078
-49.86406707763672
-49.96773147583008
-49.95439529418945
-49.91440200805664
-49.85343551635742
-49.92862319946289
-49.841026306152344
-49.92347717285156
-49.88445281982422
-49.88611602783203
-49.92906951904297
-50.001426696777344
-50.04010772705078
-49.94552230834961
-49.785797119140625
-49.82068634033203
-49.96950912475586
-50.054351806640625
-50.026878356933594
-50.056068420410156
-49.93482971191406
-50.00056076049805
-49.9364128112793
-49.768775939941406
-49.81662368774414
-49.88920974731445
-49.99784469604492
-49.996551513671875
-50.030662536621094
-50.002464294433594
-50.0589599609375
-50.00963592529297
-49.89723587036133
-49.7876091003418
-49.908973693847656
-49.93354415893555
-50.017642974853516
-49.93838119506836
-49.864044189453125
-49.76612091064453
-49.901432037353516
-50.048255920410156
-49.978309631347656
-49.88196563720703
-49.833953857421875
-49.82456588745117
-49.849056243896484
-49.88399124145508
-49.90441131591797
-49.97606658935547
-49.961944580078125
-50.00997543334961
-49.913204193115234
-49.81732940673828
-49.787879943847656
-49.839447021484375
-49.903045654296875
-49.86627960205078
-49.910125732421875
-49.9043083190918
-50.00883483886719
-49.895774841308594
-49.80811309814453
-49.7785530090332
-49.932830810546875
-50.13193130493164
-49.90364456176758
-49.92020797729492
-49.94746398925781
-50.01316833496094
-49.920745849609375
-49.8137321472168
-49.842872619628906
-49.647125244140625
-49.94907760620117
-49.90167236328125
-49.938392639160156
-49.99140167236328
-49.94257354736328
-49.7663688659668
-49.74681854248047
-49.91902542114258
-50.03718566894531
-49.956661224365234
-49.98716354370117
-49.95921325683594
-49.86109161376953
-49.796592712402344
-49.83521270751953
-49.98859405517578
-49.966819763183594
-50.089900970458984
-50.01655578613281
-49.99553680419922
-49.890716552734375
-49.721900939941406
-49.92022705078125
-50.002769470214844
-49.99605178833008
-49.984947204589844
-49.99285888671875
-49.865943908691406
-49.84385681152344
-49.947452545166016
-50.01112365722656
-49.98504638671875
-49.92560577392578
-49.79084777832031
-49.83152770996094
-49.95751953125
-49.95865249633789
-49.99807357788086
-50.00668716430664
-49.869056701660156
-49.81451416015625
-49.91841125488281
-49.97230529785156
-50.04144287109375
-50.028255462646484
-50.06071090698242
-50.03363800048828
-49.883262634277344
-49.75285339355469
-49.85702133178711
-49.936561584472656
-49.99126434326172
-50.05778503417969
-50.01845169067383
-49.95704650878906
-49.966651916503906
-49.81065368652344
-49.85126876831055
-49.88506317138672
-49.92321014404297
-49.98667907714844
-50.01499938964844
-50.01288604736328
-49.99542999267578
-49.83161926269531
-49.77001190185547
-49.94673156738281
-50.00396728515625
-50.002952575683594
-50.008296966552734
-50.05299758911133
-49.94221496582031
-49.941497802734375
-49.834747314453125
-49.846073150634766
-49.85173416137695
-49.918331146240234
-49.948238372802734
-49.90231704711914
-49.881710052490234
-49.82893753051758
-49.971561431884766
-49.950279235839844
-49.90087890625
-49.91836166381836
-49.907474517822266
-49.915287017822266
-49.94792938232422
-49.991111755371094
-49.990787506103516
-49.9386100769043
-49.9470100402832
-49.98820495605469
-50.01837158203125
-49.98090362548828
-49.88955307006836
-49.8017463684082
-49.99946975708008
-49.98414993286133
-50.04787063598633
-50.011985778808594
-49.948028564453125
-50.007232666015625
-49.876319885253906
-49.807708740234375
-50.02288818359375
-49.960201263427734
-50.036842346191406
-49.98872756958008
-49.896121978759766
-49.795040130615234
-49.860015869140625
-50.069847106933594
-50.084712982177734
-50.06989288330078
-50.05459213256836
-49.9715461730957
-49.98243713378906
-49.99668502807617
-50.08024597167969
-50.012672424316406
-49.73313522338867
-49.88477325439453
-49.94831085205078
-50.02237319946289
-50.05436325073242
-49.939579010009766
-49.800804138183594
-49.913455963134766
-49.96562194824219
-50.07175827026367
-49.99925994873047
-49.94043731689453
-49.90250015258789
-49.814517974853516
-49.90264892578125
-50.018436431884766
-50.056968688964844
-50.03945541381836
-50.05050277709961
-50.035091400146484
-50.03380584716797
-49.95469284057617
-49.73745346069336
-49.91840362548828
-50.03440475463867
-50.08384704589844
-49.960960388183594
-49.75940704345703
-49.899356842041016
-50.00494384765625
-50.061038970947266
-50.06520080566406
-50.103248596191406
-50.095558166503906
-49.9791259765625
-50.012603759765625
-49.9627571105957
-49.963035583496094
-49.90681457519531
-49.87766647338867
-49.88776397705078
-49.92490005493164
-49.989139556884766
-49.97351837158203
-50.02017593383789
-50.03884506225586
-49.98746109008789
-49.97350311279297
-49.99114990234375
-49.914974212646484
-49.817989349365234
-50.022804260253906
-50.007076263427734
-50.043636322021484
-50.015052795410156
-49.965309143066406
-49.90873718261719
-49.854766845703125
-49.91072463989258
-50.05491638183594
-50.02263641357422
-49.850093841552734
-49.74424743652344
-49.953704833984375
-50.06801986694336
-50.12516403198242
-49.890907287597656
-49.95555114746094
-49.76372528076172
-49.823081970214844
-49.97215270996094
-50.10771942138672
-49.94927215576172
-50.01658630371094
-49.7364387512207
-49.83966827392578
-50.01012420654297
-49.96940612792969
-49.877532958984375
-49.69698715209961
-49.860572814941406
-50.065467834472656
-50.03143310546875
-49.99169158935547
-49.81327819824219
-49.85159683227539
-50.03433609008789
-49.99955749511719
-50.02619934082031
-50.084651947021484
-50.03627014160156
-49.97830581665039
-49.79740905761719
-49.853946685791016
-49.96118927001953
-50.018211364746094
-49.943275451660156
-49.91114807128906
-49.826473236083984
-49.99551010131836
-50.0893440246582
-50.079872131347656
-49.989662170410156
-49.77615737915039
-49.81141662597656
-49.9960823059082
-50.035003662109375
-49.88777160644531
-49.873207092285156
-49.84966278076172
-49.95105743408203
-50.008384704589844
-50.04030990600586
-50.03723907470703
-50.00053024291992
-49.98692321777344
-49.98146438598633
-49.910892486572266
-49.77894592285156
-49.87324523925781
-50.07019805908203
-50.07688903808594
-50.08974838256836
-50.05902862548828
-49.97465515136719
-49.95481872558594
-49.821292877197266
-49.89087677001953
-49.996742248535156
-50.03990173339844
-49.998016357421875
-50.011966705322266
-49.90830993652344
-49.79975128173828
-49.98318099975586
-50.02289581298828
-50.05281448364258
-50.128379821777344
-49.94749450683594
-49.954490661621094
-49.93559265136719
-50.00025177001953
-50.03944396972656
-49.98865509033203
-49.940425872802734
-49.915924072265625
-49.813629150390625
-49.94211196899414
-50.0233268737793
-50.03145980834961
-50.02760314941406
-49.9959716796875
-49.835548400878906
-49.918968200683594
-49.96104049682617
-50.008705139160156
-50.07127380371094
-50.03406524658203
-49.93785858154297
-49.9653434753418
-49.76051330566406
-49.97087860107422
-50.11692428588867
-50.10289001464844
-49.9962158203125
-50.05575942993164
-50.01821517944336
-49.837406158447266
-49.91424560546875
-50.05120849609375
-50.04326629638672
-50.132545471191406
-50.087196350097656
-50.044403076171875
-50.00455856323242
-49.88181686401367
-49.902626037597656
-49.966796875
-50.06570053100586
-50.05995559692383
-50.09859085083008
-50.0362548828125
-49.86638259887695
-49.90516662597656
-49.9286994934082
-50.02241516113281
-50.003787994384766
-49.96641540527344
-49.894508361816406
-49.85981750488281
-49.90045928955078
-49.943572998046875
-50.02477264404297
-50.036521911621094
-50.01183319091797
-49.903160095214844
-49.859153747558594
-49.900333404541016
-49.9515495300293
-50.08477020263672
-50.04004669189453
-50.06224060058594
-50.07338333129883
-49.963314056396484
-50.00095748901367
-49.91392517089844
-49.94172668457031
-49.939395904541016
-50.04867935180664
-49.99807357788086
-50.040218353271484
-49.95649337768555
-49.88672637939453
-49.83924865722656
-49.84618377685547
-49.99984359741211
-49.99776840209961
-50.01966857910156
-50.05297088623047
-50.017433166503906
-50.00192642211914
-49.84252166748047
-49.932987213134766
-50.00410842895508
-50.079673767089844
-50.07131576538086
-50.10015869140625
-49.919166564941406
-49.78787612915039
-49.94023895263672
-50.01610565185547
-50.05714797973633
-50.063453674316406
-50.099544525146484
-50.005062103271484
-49.91651153564453
-49.84115219116211
-49.86650085449219
-50.025306701660156
-50.04357147216797
-50.01384735107422
-49.99224090576172
-49.92436981201172
-49.905025482177734
-50.00333786010742
-50.00865936279297
-50.110862731933594
-49.98540496826172
-49.975494384765625
-49.89186477661133
-49.94086456298828
-49.92396545410156
-50.06679153442383
-50.081390380859375
-50.07886505126953
-50.100372314453125
-50.066349029541016
-50.07915115356445
-50.04111862182617
-50.063934326171875
-49.99824905395508
-49.87247085571289
-49.842403411865234
-50.082481384277344
-50.091087341308594
-50.064430236816406
-49.859596252441406
-49.750328063964844
-50.08695983886719
-50.025779724121094
-49.73097610473633
-49.98577880859375
-50.11396026611328
-50.0938720703125
-50.07596969604492
-49.956207275390625
-49.85589599609375
-49.94525146484375
-50.14041519165039
-50.10047149658203
-50.11775207519531
-50.123291015625
-50.05806350708008
-50.001731872558594
-49.964576721191406
-49.82105255126953
-49.959869384765625
-50.051025390625
-50.11024475097656
-50.02281188964844
-50.04033660888672
-50.05663299560547
-50.03642272949219
-49.89131546020508
-49.837257385253906
-49.99281311035156
-50.095638275146484
-50.08834457397461
-50.0751953125
-50.02198028564453
-49.86711883544922
-49.745269775390625
-49.97359085083008
-50.05775833129883
-50.088035583496094
-49.99473571777344
-49.87207794189453
-49.79913330078125
-49.901004791259766
-50.056861877441406
-50.038185119628906
-49.93211364746094
-49.959407806396484
-49.924530029296875
-49.7900505065918
-49.9867057800293
-50.07595443725586
-50.10470199584961
-49.978973388671875
-50.110286712646484
-50.144264221191406
-49.97931671142578
-49.96745681762695
-49.87150573730469
-49.903011322021484
-49.986209869384766
-49.91285705566406
-49.92810821533203
-50.08409881591797
-50.0611572265625
-50.011451721191406
-50.061561584472656
-50.06670379638672
-49.895023345947266
-49.95465087890625
-49.99949645996094
-49.97980499267578
-49.95549011230469
-50.04960632324219
-50.04553985595703
-49.917266845703125
-49.8946533203125
-49.93705368041992
-50.025543212890625
-50.08705520629883
-50.08030700683594
-50.090736389160156
-50.006591796875
-49.89405059814453
-49.99027633666992
-50.054874420166016
-50.236751556396484
-50.093223571777344
-49.90167999267578
-50.0229377746582
-49.88376998901367
-49.91797637939453
-49.99881362915039
-50.0956916809082
-50.09287643432617
-50.0568962097168
-49.827293395996094
-49.90633010864258
-50.08584976196289
-50.050621032714844
-49.956298828125
-49.79462432861328
-49.917640686035156
-50.07237243652344
-50.08583068847656
-50.03855895996094
-49.92157745361328
-49.85321044921875
-50.03943634033203
-50.0770378112793
-50.059852600097656
-50.0386962890625
-50.04072570800781
-49.92169952392578
-50.00371170043945
-50.00019454956055
-50.04832458496094
-49.99530792236328
-50.03867721557617
-50.01906967163086
-49.923973083496094
-49.87583923339844
-49.954193115234375
-50.0490608215332
-50.09489440917969
-50.093109130859375
-50.064937591552734
-49.98836135864258
-49.833885192871094
-49.9990119934082
-50.110687255859375
-50.123477935791016
-50.102386474609375
-50.087318420410156
-50.136260986328125
-50.13957595825195
-50.12409591674805
-50.06409454345703
-50.026283264160156
-49.84535217285156
-50.03253173828125
-50.11805725097656
-50.045284271240234
-49.999942779541016
-49.98411178588867
-49.98719787597656
-50.076210021972656
-50.09318542480469
-50.01220703125
-50.03213119506836
-49.952049255371094
-50.02349090576172
-50.038490295410156
-50.012718200683594
-49.92304229736328
-49.931339263916016
-49.96466827392578
-50.07225799560547
-50.11212921142578
-50.15702819824219
-50.12816619873047
-50.07160186767578
-50.157920837402344
-50.16118240356445
-50.135353088378906
-50.107601165771484
-50.108253479003906
-50.07828140258789
-50.03021240234375
-49.928688049316406
-49.943397521972656
-49.969078063964844
-50.03288269042969
-50.09391403198242
-50.11604309082031
-50.0611572265625
-50.076087951660156
-50.075645446777344
-50.00535583496094
-49.97334289550781
-50.04496765136719
-50.02346420288086
-50.0483512878418
-50.01531219482422
-49.962215423583984
-50.0419807434082
-50.07984924316406
-50.10466384887695
-50.19171142578125
-50.138946533203125
-49.99472427368164
-49.907310485839844
-49.91071319580078
-50.00812530517578
-50.1311149597168
-50.109649658203125
-50.137351989746094
-50.00516128540039
-49.77705383300781
-50.0384635925293
-50.1640625
-50.136932373046875
-50.06026840209961
-49.94789123535156
-49.7948112487793
-50.0239143371582
-50.139198303222656
-50.16248321533203
-50.14382553100586
-50.05745315551758
-49.84968948364258
-49.89850997924805
-50.096275329589844
-50.132041931152344
-49.97599792480469
-49.75078201293945
-50.044273376464844
-50.13945770263672
-50.083526611328125
-49.989112854003906
-49.95790481567383
-49.97406768798828
-50.089847564697266
-50.04170608520508
-50.041961669921875
-49.984188079833984
-49.98921585083008
-50.05310821533203
-50.01349639892578
-50.04485321044922
-50.0776481628418
-50.063350677490234
-49.985130310058594
-49.884185791015625
-49.94330596923828
-50.03449249267578
-50.07674789428711
-50.072383880615234
-49.939510345458984
-49.840702056884766
-49.996524810791016
-50.15390396118164
-50.15415954589844
-49.98295974731445
-50.05854415893555
-49.844398498535156
-49.9342155456543
-50.11088562011719
-50.138893127441406
-50.106727600097656
-50.102474212646484
-50.08362579345703
-50.02854919433594
-49.97673416137695
-49.8757438659668
-49.98615264892578
-50.0537109375
-50.11705017089844
-50.06681442260742
-49.946266174316406
-49.9798583984375
-49.994850158691406
-50.086280822753906
-50.11672592163086
-50.17572021484375
-50.140098571777344
-50.068870544433594
-49.98481369018555
-49.85137939453125
-49.951087951660156
-50.06806564331055
-50.155311584472656
-50.08588409423828
-49.98025131225586
-49.84723663330078
-49.94273376464844
-50.08595657348633
-50.12855911254883
-50.1646614074707
-50.10622024536133
-50.042930603027344
-49.99334716796875
-49.891021728515625
-49.97007751464844
-50.03773498535156
-50.10980987548828
-50.0616569519043
-50.03619384765625
-50.12310028076172
-50.04589080810547
-49.977054595947266
-49.93912124633789
-49.931732177734375
-50.04752731323242
-50.09297180175781
-50.0311279296875
-50.003082275390625
-49.957820892333984
-50.081050872802734
-50.089778900146484
-50.084259033203125
-50.064666748046875
-50.072265625
-50.03017807006836
-49.89950180053711
-49.976497650146484
-50.05565643310547
-50.186126708984375
-50.143798828125
-50.177520751953125
-50.150672912597656
-50.11510467529297
-50.15970230102539
-50.14410400390625
-50.078704833984375
-49.97241973876953
-49.88821792602539
-50.026710510253906
-49.993736267089844
-50.07804489135742
-50.12929153442383
-50.15730285644531
-50.09727478027344
-50.070709228515625
-49.94281005859375
-50.073387145996094
-50.140174865722656
-50.11271286010742
-50.121543884277344
-50.13249206542969
-50.12668991088867
-50.08599853515625
-50.06828308105469
-49.95845031738281
-49.97782516479492
-50.06560134887695
-50.081031799316406
-50.0770263671875
-50.00058364868164
-49.961021423339844
-50.05662536621094
-50.13380432128906
-50.14723205566406
-50.1755485534668
-50.16550064086914
-50.14936828613281
-50.10858917236328
-50.043060302734375
-50.014644622802734
-50.067474365234375
-50.06254577636719
-50.06752014160156
-50.02970504760742
-50.028114318847656
-50.093544006347656
-50.08551025390625
-50.12958526611328
-50.181053161621094
-50.19856262207031
-50.202186584472656
-50.11537170410156
-50.05888366699219
-50.01026153564453
-49.97223663330078
-50.10974884033203
-50.1060791015625
-50.1894645690918
-50.15760040283203
-50.10137939453125
-50.03268814086914
-49.9423828125
-50.001014709472656
-50.06535339355469
-49.98952102661133
-49.988059997558594
-49.9241828918457
-50.0549430847168
-50.14866638183594
-50.16773986816406
-50.150962829589844
-50.084938049316406
-49.90850830078125
-49.9820556640625
-50.04801559448242
-50.03032302856445
-50.088924407958984
-50.10540008544922
-50.083526611328125
-50.07396697998047
-49.99321746826172
-49.95878982543945
-50.088043212890625
-50.058868408203125
-50.16801452636719
-50.075706481933594
-49.86147689819336
-49.94285583496094
-50.06865692138672
-50.09825897216797
-50.08906936645508
-50.120296478271484
-50.15740966796875
-50.12750244140625
-50.17892837524414
-50.054954528808594
-50.12153625488281
-49.99889373779297
-50.04056167602539
-49.974098205566406
-50.08267593383789
-50.071563720703125
-50.02943801879883
-50.02824401855469
-50.040687561035156
-49.95880126953125
-50.090301513671875
-50.126365661621094
-50.1035041809082
-50.15439987182617
-49.98506164550781
-49.8127326965332
-50.145416259765625
-50.15362548828125
-49.86402893066406
-49.86427307128906
-50.12301254272461
-50.18098449707031
-50.183197021484375
-50.13531494140625
-49.79310607910156
-50.00627136230469
-50.16035842895508
-50.12609100341797
-49.95116424560547
-49.95880889892578
-50.14344787597656
-50.144493103027344
-50.0304069519043
-49.899139404296875
-50.058753967285156
-50.17998123168945
-50.162933349609375
-50.144195556640625
-50.08316421508789
-50.04052734375
-50.00434494018555
-50.009132385253906
-50.12158203125
-50.097198486328125
-50.06668472290039
-50.044883728027344
-50.0858154296875
-49.983482360839844
-50.0571174621582
-50.11895751953125
-50.15167999267578
-50.18779373168945
-50.13398742675781
-50.13990783691406
-50.165855407714844
-50.12453842163086
-50.01079559326172
-49.96544647216797
-50.0976448059082
-50.15284729003906
-50.070030212402344
-49.97562026977539
-49.98759460449219
-49.9886474609375
-50.10812759399414
-50.1873664855957
-50.21446990966797
-50.15858840942383
-50.16191482543945
-50.09827423095703
-49.988731384277344
-49.970726013183594
-50.02490234375
-50.14258575439453
-50.20526885986328
-50.20063400268555
-50.084625244140625
-49.965370178222656
-50.11542892456055
-50.166839599609375
-50.23910903930664
-50.19723129272461
-50.14026641845703
-49.98154830932617
-49.9358024597168
-50.122535705566406
-50.14017868041992
-50.17759704589844
-50.14208221435547
-50.05219650268555
-49.914180755615234
-50.05059814453125
-50.145713806152344
-50.1485595703125
-50.14213562011719
-50.19096374511719
-50.09779357910156
-50.079803466796875
-49.93452453613281
-49.89255142211914
-50.04759979248047
-50.20451736450195
-50.1948127746582
-50.18544006347656
-50.166542053222656
-50.19598388671875
-50.05685806274414
-49.956336975097656
-49.84379196166992
-50.01020812988281
-50.16696548461914
-50.11552429199219
-50.011512756347656
-50.02478790283203
-50.02362823486328
-50.06511688232422
-50.11140441894531
-50.16926193237305
-50.1281852722168
-50.179664611816406
-50.12416076660156
-50.182640075683594
-50.114139556884766
-49.9654541015625
-50.00599670410156
-50.063316345214844
-50.1313362121582
-50.135433197021484
-50.11501693725586
-50.057857513427734
-49.96629333496094
-49.88236999511719
-50.07432556152344
-50.19869613647461
-50.111595153808594
-50.196441650390625
-50.127891540527344
-50.00611114501953
-50.0088005065918
-50.080299377441406
-50.12723922729492
-50.16183090209961
-50.12887954711914
-50.10478210449219
-49.9986572265625
-50.02317810058594
-50.121246337890625
-50.136558532714844
-50.22993469238281
-50.171756744384766
-49.98708724975586
-49.92958068847656
-50.07777404785156
-50.18834686279297
-50.190216064453125
-50.22121810913086
-50.18198776245117
-50.181636810302734
-50.09516906738281
-50.07433319091797
-50.05366134643555
-50.08246994018555
-50.18872833251953
-50.16312026977539
-50.12539291381836
-50.001922607421875
-49.9486083984375
-49.9967041015625
-50.185909271240234
-49.962310791015625
-49.933650970458984
-50.01359558105469
-50.09942626953125
-50.16118240356445
-50.10862731933594
-50.1066780090332
-50.157447814941406
-50.20245361328125
-50.22377014160156
-50.20936965942383
-50.0418815612793
-49.98849105834961
-49.8862419128418
-50.14129638671875
-50.173675537109375
-50.18389129638672
-50.14789581298828
-50.20561218261719
-50.11710739135742
-49.9022102355957
-50.032352447509766
-50.239051818847656
-50.15826416015625
-50.18601608276367
-50.1029167175293
-49.95063400268555
-49.90952682495117
-50.16718292236328
-50.218597412109375
-50.20904541015625
-50.18598556518555
-50.02930450439453
-50.02168655395508
-50.02430725097656
-50.142555236816406
-50.1755256652832
-50.15180969238281
-50.076080322265625
-50.069549560546875
-50.08054733276367
-50.032249450683594
-50.074989318847656
-50.10443878173828
-50.180213928222656
-50.12061309814453
-50.0448112487793
-50.1115837097168
-50.12866973876953
-50.14209747314453
-50.015159606933594
-49.97472381591797
-50.10185241699219
-50.16294860839844
-50.083778381347656
-50.205726623535156
-50.156558990478516
-50.04132843017578
-50.03433609008789
-49.95850372314453
-50.06278991699219
-50.10481643676758
-50.17860794067383
-50.1556510925293
-50.1151123046875
-50.174713134765625
-50.17961883544922
-49.91300582885742
-49.969444274902344
-50.146331787109375
-50.059112548828125
-49.781097412109375
-50.0915412902832
-50.2044677734375
-50.0980224609375
-49.8999137878418
-49.83082580566406
-50.1265983581543
-50.15520477294922
-49.90373992919922
-49.68513870239258
-50.10555648803711
-50.114463806152344
-49.777931213378906
-50.00732421875
-50.08386993408203
-50.17445373535156
-50.03675842285156
-50.070884704589844
-50.07939910888672
-50.12190246582031
-50.16276550292969
-50.22916030883789
-50.10939025878906
-50.08510208129883
-50.17839050292969
-50.12730407714844
-50.013702392578125
-50.05555725097656
-50.174957275390625
-50.0991096496582
-50.009117126464844
-50.00111389160156
-49.9698486328125
-50.1356201171875
-50.160762786865234
-50.16718292236328
-50.0717887878418
-50.02378463745117
-50.078487396240234
-50.11314392089844
-50.17616653442383
-50.167503356933594
-50.12400817871094
-50.106544494628906
-50.016143798828125
-50.07752227783203
-50.16344451904297
-50.227577209472656
-50.247745513916016
-50.149871826171875
-50.02956771850586
-49.93921661376953
-50.0057258605957
-50.19349670410156
-50.15367126464844
-50.171329498291016
-50.08343505859375
-49.963348388671875
-50.027015686035156
-50.185203552246094
-50.237735748291016
-50.11924362182617
-50.0943603515625
-49.952457427978516
-50.074798583984375
-50.108341217041016
-50.1575813293457
-50.14601135253906
-50.193599700927734
-50.21739959716797
-50.23341751098633
-50.207069396972656
-50.103050231933594
-50.06808853149414
-50.07496643066406
-50.020790100097656
-50.174251556396484
-50.18038558959961
-50.17380905151367
-50.14530563354492
-50.061668395996094
-50.02021026611328
-50.12014389038086
-50.178016662597656
-50.16399002075195
-50.001670837402344
-50.10361862182617
-50.154075622558594
-50.215126037597656
-50.2111701965332
-50.08722686767578
-50.08379364013672
-50.10614013671875
-50.11121368408203
-50.16102600097656
-50.21192932128906
-50.2306022644043
-50.17498779296875
-50.148277282714844
-50.06549072265625
-50.01133728027344
-50.12379455566406
-50.234344482421875
-50.27239227294922
-50.236610412597656
-50.18952560424805
-50.07035827636719
-50.023193359375
-50.11582946777344
-50.17919158935547
-50.17963409423828
-50.14373779296875
-50.05205535888672
-50.098175048828125
-50.139644622802734
-50.14220428466797
-50.17589569091797
-50.02728271484375
-50.02057647705078
-50.11614227294922
-50.15963363647461
-50.18263244628906
-50.16923141479492
-50.19963073730469
-50.2047119140625
-50.20580291748047
-50.123775482177734
-50.063133239746094
-49.95365905761719
-50.0777587890625
-50.198394775390625
-50.16700744628906
-50.06748962402344
-50.112510681152344
-50.118080139160156
-50.216163635253906
-50.2033805847168
-50.100826263427734
-50.04433822631836
-50.1104736328125
-50.12710189819336
-50.148555755615234
-50.09056091308594
-50.128562927246094
-50.15985870361328
-50.14539337158203
-50.224082946777344
-50.20564651489258
-50.19563674926758
-49.97321701049805
-50.01051330566406
-50.17239761352539
-50.149559020996094
-50.22340393066406
-50.262210845947266
-50.236045837402344
-50.1965217590332
-50.158966064453125
-50.08109664916992
-49.989253997802734
-50.07323455810547
-50.16156005859375
-50.22018814086914
-50.20674133300781
-50.286033630371094
-50.14177703857422
-49.93528747558594
-49.981964111328125
-50.184532165527344
-50.24964141845703
-50.05916213989258
-50.127567291259766
-50.20982360839844
-50.187652587890625
-50.11363220214844
-49.9747314453125
-49.906105041503906
-50.121055603027344
-50.13065719604492
-50.14677429199219
-50.23792266845703
-50.17915725708008
-50.170989990234375
-50.204261779785156
-50.11738204956055
-50.07252502441406
-50.05979919433594
-50.05773162841797
-50.15746307373047
-50.17413330078125
-50.122344970703125
-50.044612884521484
-50.13352584838867
-50.197998046875
-50.04998016357422
-50.03960037231445
-50.048255920410156
-50.121849060058594
-50.17422866821289
-50.18885803222656
-50.17551040649414
-50.21198272705078
-50.22343444824219
-50.227455139160156
-50.248573303222656
-50.20691680908203
-50.269683837890625
-50.19024658203125
-50.069732666015625
-49.8578987121582
-50.054718017578125
-50.27068328857422
-50.193904876708984
-49.89276885986328
-50.059837341308594
-50.22514343261719
-50.22450256347656
-50.109474182128906
-50.10714340209961
-50.063838958740234
-50.059600830078125
-50.071144104003906
-50.191993713378906
-50.1429557800293
-50.15375900268555
-50.15367126464844
-50.036102294921875
-50.110782623291016
-50.03842544555664
-50.17027282714844
-50.13136672973633
-50.16794204711914
-50.18456268310547
-50.16487503051758
-50.14119338989258
-50.097816467285156
-50.03111267089844
-50.145545959472656
-50.136051177978516
-50.08673095703125
-50.09197998046875
-50.12196731567383
-50.13145446777344
-50.238563537597656
-50.26552963256836
-50.25743103027344
-50.24769592285156
-50.226192474365234
-50.217308044433594
-50.083045959472656
-49.9061393737793
-50.06602096557617
-50.161163330078125
-50.230220794677734
-50.245994567871094
-50.26226043701172
-50.25605773925781
-50.249114990234375
-50.25246047973633
-50.20845413208008
-50.09844970703125
-50.00880813598633
-50.05268859863281
-50.064552307128906
-50.02092361450195
-50.14651107788086
-50.129966735839844
-50.05805587768555
-50.04631423950195
-50.131439208984375
-50.07979202270508
-50.208072662353516
-50.24021911621094
-50.21985626220703
-50.11040496826172
-50.0902099609375
-50.17643737792969
-50.217384338378906
-50.21200942993164
-50.21833038330078
-50.0889892578125
-50.156761169433594
-50.04973220825195
-50.165164947509766
-50.214271545410156
-50.2038459777832
-50.256019592285156
-50.19739532470703
-50.19093704223633
-50.115882873535156
-50.07621765136719
-50.10055923461914
-50.15222930908203
-50.21690368652344
-50.24094009399414
-50.20785903930664
-50.163818359375
-50.205265045166016
-50.222232818603516
-50.279319763183594
-50.268714904785156
-50.269187927246094
-50.23558044433594
-50.24330520629883
-50.253902435302734
-50.276668548583984
-50.27829360961914
-50.23329162597656
-50.117034912109375
-50.05975341796875
-50.08222198486328
-50.21031951904297
-50.16237258911133
-50.20576858520508
-50.2581672668457
-50.259735107421875
-50.1540412902832
-50.201416015625
-50.11480712890625
-50.125492095947266
-50.148956298828125
-50.07902145385742
-50.205894470214844
-50.107749938964844
-50.08972930908203
-50.14710235595703
-50.165157318115234
-50.13255310058594
-50.0863037109375
-50.13921356201172
-50.166908264160156
-50.19499206542969
-50.16041564941406
-50.071109771728516
-50.04766082763672
-50.04576873779297
-49.999977111816406
-50.105712890625
-50.2292594909668
-50.21685791015625
-50.1883544921875
-50.115989685058594
-50.220237731933594
-50.120025634765625
-50.205806732177734
-50.15251541137695
-50.07172775268555
-50.10959243774414
-50.12189483642578
-50.111698150634766
-50.169151306152344
-50.15699005126953
-49.94498825073242
-50.11335754394531
-50.1278190612793
-50.196353912353516
-50.09364318847656
-50.124755859375
-50.16358184814453
-50.19744110107422
-50.10032272338867
-50.162845611572266
-50.29441452026367
-50.266944885253906
-50.24721908569336
-50.25340270996094
-50.2204704284668
-50.12507629394531
-49.92353439331055
-50.11555480957031
-50.23272705078125
-50.29732894897461
-50.089599609375
-49.888607025146484
-50.029144287109375
-50.260963439941406
-50.27936553955078
-50.198673248291016
-50.08390808105469
-50.01085662841797
-50.143123626708984
-50.190399169921875
-50.268959045410156
-50.227455139160156
-50.21478271484375
-50.133460998535156
-50.03297805786133
-50.1186408996582
-50.209102630615234
-50.17414474487305
-50.143341064453125
-50.08229064941406
-49.94952392578125
-50.08375549316406
-50.17528533935547
-50.228904724121094
-50.22012710571289
-50.28169631958008
-50.18881607055664
-50.20320129394531
-50.02385711669922
-50.121604919433594
-50.20610809326172
-50.25132369995117
-50.2642822265625
-50.29387283325195
-50.30802917480469
-50.30254364013672
-50.32546615600586
-50.20891189575195
-50.10236358642578
-50.04093933105469
-50.15435791015625
-50.19276428222656
-50.182708740234375
-50.2413330078125
-50.29513931274414
-50.234886169433594
-50.01198959350586
-49.97461700439453
-50.16397476196289
-50.19931411743164
-50.04530715942383
-49.88288497924805
-50.21612548828125
-50.29819869995117
-50.13092803955078
-50.0035400390625
-50.145442962646484
-50.28456115722656
-50.255130767822266
-50.18162155151367
-50.04751968383789
-50.087894439697266
-50.17636489868164
-50.30281066894531
-50.290767669677734
-50.24279022216797
-50.266963958740234
-50.2222900390625
-50.11051559448242
-50.004127502441406
-50.1412239074707
-50.23863983154297
-50.12550354003906
-49.867897033691406
-50.08698654174805
-50.280006408691406
-50.254234313964844
-50.065887451171875
-50.01091766357422
-50.191375732421875
-50.23993682861328
-50.249046325683594
-50.1182975769043
-49.938819885253906
-50.20427703857422
-50.25173568725586
-50.30000686645508
-50.07468032836914
-49.92118453979492
-50.160667419433594
-50.29454803466797
-50.19478225708008
-49.86532211303711
-50.09625244140625
-50.30277633666992
-50.17205047607422
-50.028106689453125
-49.998382568359375
-50.19147491455078
-50.295284271240234
-50.23289108276367
-50.0614128112793
-49.98201370239258
-50.212562561035156
-50.21440887451172
-50.29905319213867
-50.198246002197266
-50.23561096191406
-50.13958740234375
-50.10317611694336
-50.01194381713867
-50.17949295043945
-50.284751892089844
-50.27403259277344
-50.259185791015625
-50.272552490234375
-50.24833679199219
-50.29683303833008
-50.21917724609375
-50.222679138183594
-50.2328987121582
-50.162109375
-50.04942321777344
-50.102638244628906
-50.11897659301758
-50.213783264160156
-50.252220153808594
-50.23053741455078
-50.150360107421875
-50.158966064453125
-50.17189025878906
-50.185211181640625
-50.27104568481445
-50.297813415527344
-50.240238189697266
-50.25184631347656
-50.260498046875
-50.1324462890625
-50.1262321472168
-50.092498779296875
-50.112911224365234
-50.216495513916016
-50.22734832763672
-50.21984100341797
-50.231544494628906
-50.31291198730469
-50.26984405517578
-50.27518844604492
-50.174400329589844
-50.10173416137695
-50.036468505859375
-50.118621826171875
-50.25658416748047
-50.21949005126953
-50.28410720825195
-50.168121337890625
-50.118995666503906
-50.126216888427734
-50.16817855834961
-50.23363494873047
-50.25147247314453
-50.260780334472656
-50.28278732299805
-50.303524017333984
-50.3066291809082
-50.312007904052734
-50.30927658081055
-50.242027282714844
-50.242069244384766
-50.07771301269531
-50.02459716796875
-50.22743225097656
-50.233612060546875
-50.27857208251953
-50.27277374267578
-50.321449279785156
-50.33484649658203
-50.31854248046875
-50.289520263671875
-50.174964904785156
-50.02537536621094
-50.3271369934082
-50.3195915222168
-50.218841552734375
-50.07261276245117
-50.0139274597168
-50.24760055541992
-50.257503509521484
-50.204097747802734
-49.95543670654297
-50.05703353881836
-50.186981201171875
-50.26167678833008
-50.271766662597656
-50.1799201965332
-49.936397552490234
-50.16307830810547
-50.340538024902344
-50.27738952636719
-50.20436096191406
-50.11967468261719
-50.100181579589844
-50.247215270996094
-50.30461120605469
-50.32673263549805
-50.2882080078125
-50.18324279785156
-49.99829864501953
-50.108158111572266
-50.134117126464844
-50.270782470703125
-50.143775939941406
-49.995521545410156
-50.16294860839844
-50.29936981201172
-50.28776550292969
-50.27301025390625
-50.14508819580078
-50.09135437011719
-50.205650329589844
-50.2282600402832
-50.21794128417969
-50.251564025878906
-50.184417724609375
-50.09796142578125
-50.097293853759766
-50.21104431152344
-50.19920349121094
-50.26929473876953
-50.26054763793945
-50.19633102416992
-50.13534164428711
-50.17218780517578
-50.17675018310547
-50.20738220214844
-50.08838653564453
-50.274627685546875
-50.16130065917969
-50.10682678222656
-50.139617919921875
-50.12430953979492
-50.19771957397461
-50.12150192260742
-50.14408874511719
-50.1016845703125
-50.098228454589844
-50.16267395019531
-50.212154388427734
-50.280487060546875
-50.27122497558594
-50.277496337890625
-50.192996978759766
-50.03633117675781
-50.07494354248047
-50.1976432800293
-50.15460205078125
-50.19550704956055
-50.123226165771484
-50.16348648071289
-50.16182327270508
-50.12968444824219
-50.15384292602539
-50.27217102050781
-50.3251953125
-50.316898345947266
-50.30580520629883
-50.286766052246094
-50.152442932128906
-50.05335998535156
-50.156009674072266
-50.288536071777344
-50.21095657348633
-50.197837829589844
-50.284202575683594
-50.25467300415039
-50.34260940551758
-50.31125259399414
-50.207176208496094
-50.200767517089844
-50.21415710449219
-50.175418853759766
-49.99032974243164
-50.15708923339844
-50.23859786987305
-50.246429443359375
-50.288177490234375
-50.22816848754883
-50.10370635986328
-50.15938186645508
-50.21987533569336
-50.187103271484375
-50.25677490234375
-50.27937698364258
-50.300872802734375
-50.37449645996094
-50.30342102050781
-50.27925491333008
-50.208534240722656
-50.123531341552734
-50.197059631347656
-50.24898147583008
-50.300575256347656
-50.31897735595703
-50.30186080932617
-50.1542854309082
-50.043087005615234
-50.143280029296875
-50.28184509277344
-50.27770233154297
-50.384056091308594
-50.33521270751953
-50.315181732177734
-50.23552703857422
-50.075157165527344
-50.17054748535156
-50.290367126464844
-50.25834655761719
-50.19924545288086
-50.237003326416016
-50.219642639160156
-50.193687438964844
-50.11882400512695
-50.18385314941406
-50.245269775390625
-50.20014953613281
-50.309383392333984
-50.285987854003906
-50.274940490722656
-50.24360656738281
-50.25545120239258
-50.197547912597656
-50.111480712890625
-50.115989685058594
-50.163970947265625
-50.26334762573242
-50.28779220581055
-50.26416015625
-50.19821548461914
-50.159576416015625
-50.21409225463867
-50.251441955566406
-50.21689224243164
-50.22628402709961
-50.17938995361328
-50.2139892578125
-50.145896911621094
-50.17605972290039
-50.249942779541016
-50.266788482666016
-50.22002029418945
-50.1072998046875
-50.104644775390625
-50.17317199707031
-50.2496452331543
-50.327796936035156
-50.28136444091797
-50.066566467285156
-50.1801643371582
-50.3245849609375
-50.346778869628906
-50.21410369873047
-50.051841735839844
-50.145545959472656
-50.247413635253906
-50.29835891723633
-50.323936462402344
-50.310218811035156
-50.140804290771484
-50.135440826416016
-50.235015869140625
-50.168212890625
-50.202571868896484
-50.28723907470703
-50.297569274902344
-50.242218017578125
-50.169715881347656
-50.1091194152832
-50.21886444091797
-50.257774353027344
-50.308570861816406
-50.31550979614258
-50.3052864074707
-50.248870849609375
-50.062171936035156
-50.1699333190918
-50.235435485839844
-50.26296615600586
-50.311676025390625
-50.18107223510742
-50.0292854309082
-50.135746002197266
-50.28285217285156
-50.29608154296875
-50.22151184082031
-50.103519439697266
-50.12858963012695
-50.173458099365234
-50.207130432128906
-50.33046340942383
-50.315025329589844
-50.348331451416016
-50.309120178222656
-50.33271408081055
-50.23586654663086
-50.080074310302734
-50.134361267089844
-50.23625946044922
-50.33366394042969
-50.260189056396484
-50.18756866455078
-50.24163055419922
-50.216026306152344
-50.28950119018555
-50.25664520263672
-50.278770446777344
-50.24397659301758
-50.181060791015625
-50.19830322265625
-50.11945343017578
-50.21284103393555
-50.200584411621094
-50.25984573364258
-50.24435043334961
-50.217899322509766
-50.19416809082031
-50.135231018066406
-50.156837463378906
-50.25850296020508
-50.305511474609375
-50.28623580932617
-50.19646072387695
-49.99903106689453
-50.15946578979492
-50.315303802490234
-50.31555938720703
-50.214027404785156
-50.37058639526367
-50.252197265625
-50.080509185791016
-50.117095947265625
-50.274600982666016
-50.3076171875
-50.35650634765625
-50.25813293457031
-50.1611213684082
-50.0517578125
-50.17812728881836
-50.27294921875
-50.31184387207031
-50.335758209228516
-50.30966567993164
-50.264190673828125
-50.0717887878418
-50.17524719238281
-50.26004409790039
-50.337982177734375
-50.34466552734375
-50.33055114746094
-50.35760498046875
-50.282840728759766
-50.142520904541016
-50.09614562988281
-50.19426345825195
-50.24384307861328
-50.3264045715332
-50.2908935546875
-50.35865783691406
-50.18865203857422
-50.169822692871094
-50.12652587890625
-50.17231369018555
-50.29689025878906
-50.367984771728516
-50.31672286987305
-50.33836364746094
-50.37358474731445
-50.355201721191406
-50.3309326171875
-50.1890869140625
-50.06627655029297
-50.0786247253418
-50.283409118652344
-50.33134460449219
-50.31474304199219
-50.32161331176758
-50.286293029785156
-50.1805534362793
-50.05738830566406
-50.15155792236328
-50.22817611694336
-50.295135498046875
-50.316246032714844
-50.370235443115234
-50.365962982177734
-50.31315231323242
-50.09770584106445
-49.96492004394531
-50.27644729614258
-50.2990608215332
-50.35325622558594
-50.31363296508789
-50.08067321777344
-49.937461853027344
-50.21369171142578
-50.32085037231445
-50.34557342529297
-50.30070877075195
-50.076908111572266
-50.03020477294922
-50.2171745300293
-50.28321075439453
-50.29106140136719
-50.18989944458008
-50.223876953125
-50.16484451293945
-50.148765563964844
-50.24090576171875
-50.3173713684082
-50.273048400878906
-50.22106170654297
-50.1397705078125
-50.13671875
-50.214263916015625
-50.246402740478516
-50.3031005859375
-50.256500244140625
-50.281410217285156
-50.24806594848633
-50.044776916503906
-50.102840423583984
-50.27896499633789
-50.324459075927734
-50.369041442871094
-50.325782775878906
-50.27447509765625
-50.236000061035156
-50.08525466918945
-50.15151596069336
-50.32555389404297
-50.2825813293457
-50.31874465942383
-50.25338363647461
-50.20499801635742
-50.118080139160156
-50.21699142456055
-50.15332794189453
-50.23484802246094
-50.255699157714844
-50.15475082397461
-50.18205261230469
-50.240962982177734
-50.186851501464844
-50.250057220458984
-50.295188903808594
-50.25363540649414
-50.20426940917969
-50.16670227050781
-50.213035583496094
-50.21381378173828
-50.29493713378906
-50.26926040649414
-50.200172424316406
-50.161258697509766
-50.20795822143555
-50.17727279663086
-50.2179069519043
-50.24613571166992
-50.34754943847656
-50.38317108154297
-50.30365753173828
-50.168182373046875
-50.01728820800781
-50.24306106567383
-50.30959701538086
-50.376163482666016
-50.2653923034668
-50.07686233520508
-50.127838134765625
-50.328590393066406
-50.34298324584961
-50.30012512207031
-50.19618225097656
-50.16278076171875
-50.18760681152344
-50.30017852783203
-50.289432525634766
-50.270668029785156
-50.31873321533203
-50.27716827392578
-50.260189056396484
-50.222957611083984
-50.13919448852539
-50.32537078857422
-50.3816032409668
-50.38222885131836
-50.31797790527344
-50.30093002319336
-50.06581115722656
-50.10946273803711
-50.342994689941406
-50.380088806152344
-50.166690826416016
-50.07692337036133
-50.237239837646484
-50.39019775390625
-50.3271598815918
-50.36293029785156
-50.38579559326172
-50.33661651611328
-50.16707992553711
-50.03896713256836
-50.22063446044922
-50.34442138671875
-50.35050582885742
-50.2745361328125
-50.13345718383789
-50.08879089355469
-50.2367057800293
-50.33736801147461
-50.308040618896484
-50.39130401611328
-50.24995040893555
-50.02979278564453
-50.142181396484375
-50.289249420166016
-50.28289794921875
-50.269065856933594
-50.100337982177734
-50.11402130126953
-50.27476501464844
-50.3448600769043
-50.380226135253906
-50.3603515625
-50.28382110595703
-50.340850830078125
-50.23436737060547
-50.16062927246094
-50.19276809692383
-50.262733459472656
-50.28285217285156
-50.28672790527344
-50.32027053833008
-50.26957321166992
-50.12570571899414
-50.14540100097656
-50.29337692260742
-50.28759002685547
-50.266387939453125
-50.22966766357422
-50.20957565307617
-50.33094024658203
-50.205142974853516
-50.22030258178711
-50.2021369934082
-50.16608810424805
-50.22601318359375
-50.318946838378906
-50.32438278198242
-50.28364181518555
-50.22018814086914
-50.15915298461914
-50.2077522277832
-50.236412048339844
-50.27763366699219
-50.277366638183594
-50.223487854003906
-50.24837112426758
-50.26673889160156
-50.264137268066406
-50.270042419433594
-50.281185150146484
-50.28791046142578
-50.37183380126953
-50.3206787109375
-50.32923126220703
-50.301109313964844
-50.22068786621094
-50.18130874633789
-50.28498840332031
-50.277732849121094
-50.170230865478516
-50.25756072998047
-50.24843978881836
-50.145416259765625
-50.19315719604492
-50.25740432739258
-50.2813606262207
-50.24116516113281
-50.308589935302734
-50.3455696105957
-50.34918212890625
-50.34785842895508
-50.35881805419922
-50.28985595703125
-50.25194549560547
-50.18989181518555
-50.09989929199219
-50.28925323486328
-50.34065246582031
-50.27693176269531
-50.242271423339844
-50.177276611328125
-50.16706085205078
-50.041481018066406
-50.059078216552734
-50.22015380859375
-50.26530456542969
-50.10505676269531
-50.15105438232422
-50.07592010498047
-50.26353454589844
-50.2855110168457
-50.279090881347656
-50.17418670654297
-50.11245346069336
-50.184513092041016
-50.22836685180664
-50.27088928222656
-50.260162353515625
-50.353370666503906
-50.3213996887207
-50.22947692871094
-50.190181732177734
-50.20227813720703
-50.20020294189453
-50.2335319519043
-50.23028564453125
-50.29957580566406
-50.29646682739258
-50.1876335144043
-50.081268310546875
-50.28872299194336
-50.35388946533203
-50.35671615600586
-50.16058349609375
-50.183712005615234
-50.11624526977539
-50.273345947265625
-50.333770751953125
-50.343196868896484
-50.339664459228516
-50.31342315673828
-50.27643585205078
-50.10880661010742
-50.07664108276367
-50.3022346496582
-50.21529006958008
-50.195037841796875
-50.103294372558594
-50.14739227294922
-50.281402587890625
-50.305419921875
-50.34855651855469
-50.27902603149414
-50.21382141113281
-50.108097076416016
-50.25843811035156
-50.354644775390625
-50.261016845703125
-50.08087921142578
-50.15827178955078
-50.26800537109375
-50.29475021362305
-50.38622283935547
-50.331478118896484
-50.17853546142578
-50.22713088989258
-50.252315521240234
-50.356658935546875
-50.385276794433594
-50.196388244628906
-49.99003982543945
-50.3068962097168
-50.33380126953125
-50.35014343261719
-50.238616943359375
-50.1309928894043
-50.21589660644531
-50.33879470825195
-50.33684539794922
-50.20128631591797
-50.025978088378906
-50.211673736572266
-50.34629821777344
-50.30328369140625
-50.058326721191406
-50.12434005737305
-50.320220947265625
-50.321571350097656
-50.18598175048828
-49.992820739746094
-50.347862243652344
-50.33218002319336
-50.13513946533203
-49.946632385253906
-50.30524444580078
-50.18977737426758
-49.73735427856445
-50.395015716552734
-49.60183334350586
-50.33187484741211
-49.839256286621094
-50.194908142089844
-50.388282775878906
-50.31552505493164
-50.16111373901367
-50.18050765991211
-50.32997131347656
-50.365543365478516
-50.182373046875
-50.153076171875
-50.23655319213867
-50.37608337402344
-50.33502197265625
-50.404762268066406
-50.33441925048828
-50.27223205566406
-50.26190948486328
-50.181358337402344
-50.241920471191406
-50.22201156616211
-50.380584716796875
-50.372371673583984
-50.369415283203125
-50.29716110229492
-50.2918701171875
-50.237083435058594
-50.22686004638672
-50.18096160888672
-50.199378967285156
-50.236106872558594
-50.229530334472656
-50.23040771484375
-50.33858108520508
-50.26399230957031
-50.202091217041016
-50.274497985839844
-50.352970123291016
-50.37866973876953
-50.352317810058594
-50.25836181640625
-50.151458740234375
-50.242000579833984
-50.34128189086914
-50.40273666381836
-50.39513397216797
-50.349822998046875
-50.362342834472656
-50.348358154296875
-50.279441833496094
-50.1596794128418
-50.18299102783203
-50.25858688354492
-50.264503479003906
-50.3724479675293
-50.365203857421875
-50.40237045288086
-50.303165435791016
-50.116573333740234
-50.2509765625
-50.27490997314453
-50.360626220703125
-50.41753387451172
-50.33135223388672
-50.368255615234375
-50.36870574951172
-50.306121826171875
-50.22096633911133
-50.22903060913086
-50.337432861328125
-50.34546661376953
-50.327571868896484
-50.327239990234375
-50.3299446105957
-50.24924087524414
-50.178314208984375
-50.23566436767578
-50.36021041870117
-50.40372848510742
-50.31544876098633
-50.33306884765625
-50.276092529296875
-50.25715255737305
-50.26134490966797
-50.23399353027344
-50.32300567626953
-50.28260803222656
-50.299591064453125
-50.321659088134766
-50.2883186340332
-50.248165130615234
-50.26564025878906
-50.35036849975586
-50.33590316772461
-50.338775634765625
-50.38365936279297
-50.34424591064453
-50.1649169921875
-50.10504150390625
-50.327613830566406
-50.35142517089844
-50.41916275024414
-50.372772216796875
-50.3275146484375
-50.338157653808594
-50.31144332885742
-50.34537887573242
-50.275306701660156
-50.186859130859375
-50.108985900878906
-50.316410064697266
-50.308868408203125
-50.411956787109375
-50.324485778808594
-50.333255767822266
-50.33348846435547
-50.24848175048828
-50.21601867675781
-50.222259521484375
-50.324119567871094
-50.31499481201172
-50.37278366088867
-50.390628814697266
-50.36894989013672
-50.30155944824219
-50.163856506347656
-50.235198974609375
-50.25208282470703
-50.31775665283203
-50.31275177001953
-50.263710021972656
-50.31985855102539
-50.359439849853516
-50.306800842285156
-50.266944885253906
-50.26824188232422
-50.23139953613281
-50.256935119628906
-50.31690979003906
-50.31351089477539
-50.293758392333984
-50.319618225097656
-50.0673828125
-50.18940734863281
-50.3394775390625
-50.36016082763672
-50.357261657714844
-50.36635971069336
-50.33891677856445
-50.311283111572266
-50.267494201660156
-50.312225341796875
-50.265445709228516
-50.25186538696289
-50.37901306152344
-50.29904556274414
-50.19915771484375
-50.22796630859375
-50.22392272949219
-50.32319641113281
-50.38550567626953
-50.41993713378906
-50.26179504394531
-50.42970275878906
-50.35795974731445
-50.21165466308594
-50.18034362792969
-50.12693405151367
-50.22527313232422
-50.25775146484375
-50.37938690185547
-50.40520095825195
-50.33549499511719
-50.333343505859375
-50.271263122558594
-50.14321517944336
-50.22386932373047
-50.288333892822266
-50.367523193359375
-50.39820098876953
-50.38727569580078
-50.3581657409668
-50.18252182006836
-50.08544158935547
-50.34618377685547
-50.40840530395508
-50.362205505371094
-50.0916862487793
-50.22141647338867
-50.32929229736328
-50.34811019897461
-50.386165618896484
-50.40204620361328
-50.38237380981445
-50.42454147338867
-50.330265045166016
-50.33634948730469
-50.26401901245117
-50.23646545410156
-50.20347595214844
-50.29655456542969
-50.30279541015625
-50.34714889526367
-50.31806564331055
-50.26154708862305
-50.26216506958008
-50.290000915527344
-50.33757019042969
-50.337589263916016
-50.372406005859375
-50.284976959228516
-50.29315185546875
-50.23677062988281
-50.2322998046875
-50.346900939941406
-50.42137145996094
-50.38225555419922
-50.41455841064453
-50.41786193847656
-50.28736877441406
-50.257598876953125
-50.1489143371582
-50.2646484375
-50.365482330322266
-50.45856475830078
-50.475677490234375
-50.214698791503906
-50.316192626953125
-50.21699523925781
-50.188446044921875
-50.298980712890625
-50.393959045410156
-50.38655090332031
-50.36442184448242
-50.1124267578125
-50.203773498535156
-50.379390716552734
-50.40815353393555
-50.26386260986328
-49.96907424926758
-50.286163330078125
-50.32618713378906
-50.207008361816406
-49.97001647949219
-50.40017318725586
-50.16356658935547
-49.84543228149414
-50.35516357421875
-50.19546890258789
-49.81287384033203
-50.40947723388672
-49.87199783325195
-50.127864837646484
-50.333988189697266
-50.02732849121094
-50.169921875
-50.35380172729492
-50.36268997192383
-50.233028411865234
-50.1848030090332
-50.36212158203125
-50.38826370239258
-50.358314514160156
-50.278846740722656
-50.24075698852539
-50.27769470214844
-50.31782150268555
-50.40439224243164
-50.38182067871094
-50.305450439453125
-50.18238067626953
-50.143165588378906
-50.277557373046875
-50.34415054321289
-50.369659423828125
-50.348846435546875
-50.31789779663086
-50.19791030883789
-50.32806396484375
-50.34449005126953
-50.38855743408203
-50.354270935058594
-50.284385681152344
-50.237823486328125
-50.23719024658203
-50.31564712524414
-50.41331481933594
-50.37643814086914
-50.419227600097656
-50.38463592529297
-50.378814697265625
-50.351806640625
-50.25163269042969
-50.24858093261719
-50.258880615234375
-50.281185150146484
-50.29863739013672
-50.308189392089844
-50.28931427001953
-50.306884765625
-50.27973937988281
-50.23589324951172
-50.30412673950195
-50.43583297729492
-50.36253356933594
-50.36982727050781
-50.34698486328125
-50.31892395019531
-50.27803039550781
-50.26578903198242
-50.31454849243164
-50.41102981567383
-50.3873291015625
-50.34249496459961
-50.31182098388672
-50.305511474609375
-50.2874641418457
-50.362220764160156
-50.35667037963867
-50.303382873535156
-50.396705627441406
-50.324859619140625
-50.312095642089844
-50.32114791870117
-50.32342529296875
-50.371559143066406
-50.36540222167969
-50.28960037231445
-50.14474868774414
-50.17076110839844
-50.34332275390625
-50.40003967285156
-50.40877914428711
-50.39597702026367
-50.3012809753418
-50.17854690551758
-50.24345397949219
-50.33307647705078
-50.36186218261719
-50.41196060180664
-50.35976028442383
-50.329490661621094
-50.30116271972656
-50.11258316040039
-50.23379898071289
-50.39039993286133
-50.44721984863281
-50.434913635253906
-50.41809844970703
-50.43687438964844
-50.432273864746094
-50.42639923095703
-50.39882278442383
-50.41236877441406
-50.24541473388672
-50.186710357666016
-50.30174255371094
-50.31695556640625
-50.41216278076172
-50.350440979003906
-50.40545654296875
-50.46562576293945
-50.35512924194336
-50.208229064941406
-50.20383834838867
-50.38300323486328
-50.331966400146484
-50.38611602783203
-50.38125228881836
-50.27253723144531
-50.20127868652344
-50.33815002441406
-50.32002258300781
-50.345054626464844
-50.35706329345703
-50.251617431640625
-50.2241096496582
-50.30107116699219
-50.34799575805664
-50.390560150146484
-50.198486328125
-50.082420349121094
-50.270896911621094
-50.274845123291016
-50.41229248046875
-50.383583068847656
-50.34901809692383
-50.3329963684082
-50.33060073852539
-50.249664306640625
-50.11217498779297
-50.352394104003906
-50.3570671081543
-50.31728744506836
-50.370697021484375
-50.34705352783203
-50.2198600769043
-50.104854583740234
-50.27185821533203
-50.36016845703125
-50.400428771972656
-50.3612060546875
-50.406578063964844
-50.417083740234375
-50.3557243347168
-50.1676025390625
-50.092525482177734
-50.3643684387207
-50.39726257324219
-50.31787872314453
-50.14054489135742
-50.292327880859375
-50.3990478515625
-50.41432189941406
-50.385807037353516
-50.153038024902344
-50.129981994628906
-50.38299560546875
-50.33146286010742
-50.376766204833984
-50.02812957763672
-50.19778060913086
-50.33684158325195
-50.34175491333008
-50.34589767456055
-50.28926086425781
-50.27486038208008
-50.2386589050293
-50.296958923339844
-50.36222839355469
-50.38051223754883
-50.386539459228516
-50.35261535644531
-50.41635513305664
-50.3604850769043
-50.214717864990234
-50.17559814453125
-50.36563491821289
-50.415000915527344
-50.245872497558594
-50.09025573730469
-50.224082946777344
-50.35771560668945
-50.3670768737793
-50.33772277832031
-50.386505126953125
-50.27803039550781
-50.09873580932617
-50.325435638427734
-50.410728454589844
-50.411678314208984
-50.33275604248047
-50.206764221191406
-50.26698303222656
-50.336280822753906
-50.36985778808594
-50.422607421875
-50.3681640625
-50.36901092529297
-50.30364227294922
-50.2789192199707
-50.24067687988281
-50.25699234008789
-50.291629791259766
-50.266380310058594
-50.3514404296875
-50.38078308105469
-50.297855377197266
-50.18254852294922
-50.34010314941406
-50.40467071533203
-50.39643096923828
-50.39263916015625
-50.345802307128906
-50.315452575683594
-50.34942626953125
-50.29859161376953
-50.34516906738281
-50.27339172363281
-50.23987579345703
-50.14350509643555
-50.26045608520508
-50.393192291259766
-50.385414123535156
-50.43987274169922
-50.465450286865234
-50.39805221557617
-50.3552131652832
-50.158164978027344
-50.18281555175781
-50.37611389160156
-50.4124755859375
-50.443321228027344
-50.33455276489258
-50.35359191894531
-50.30552673339844
-50.27823257446289
-50.43138122558594
-50.419857025146484
-50.350547790527344
-50.27426528930664
-50.248313903808594
-50.30954360961914
-50.32225036621094
-50.27470016479492
-50.38725280761719
-50.36927795410156
-50.36005401611328
-50.291259765625
-50.26210403442383
-50.376502990722656
-50.41947555541992
-50.3388786315918
-50.27805709838867
-50.294307708740234
-50.29560852050781
-50.381614685058594
-50.38475799560547
-50.38261032104492
-50.31257629394531
-50.42425537109375
-50.27085494995117
-50.22040557861328
-50.2711181640625
-50.277713775634766
-50.31109619140625
-50.284793853759766
-50.35737609863281
-50.2569694519043
-50.25720977783203
-50.295875549316406
-50.431461334228516
-50.42857360839844
-50.42691421508789
-50.40569305419922
-50.32459259033203
-50.14593505859375
-50.31620788574219
-50.399200439453125
-50.39970397949219
-50.421165466308594
-50.391902923583984
-50.31261444091797
-50.263179779052734
-50.35456085205078
-50.39187240600586
-50.36284637451172
-50.342369079589844
-50.28413772583008
-50.25680923461914
-50.30536651611328
-50.395565032958984
-50.42475891113281
-50.35833740234375
-50.36863327026367
-50.218284606933594
-50.20924758911133
-50.36145782470703
-50.461483001708984
-50.427955627441406
-50.35600280761719
-50.218570709228516
-50.257568359375
-50.345481872558594
-50.4445686340332
-50.426143646240234
-50.506744384765625
-50.364959716796875
-50.40816879272461
-50.45964050292969
-50.425025939941406
-50.2615852355957
-50.12722396850586
-50.34510040283203
-50.34424591064453
-50.371788024902344
-50.416343688964844
-50.46525573730469
-50.206607818603516
-50.31983184814453
-50.23796844482422
-50.251312255859375
-50.30230712890625
-50.37826919555664
-50.37240982055664
-50.4779052734375
-50.453372955322266
-50.4241943359375
-50.36138916015625
-50.25988006591797
-50.193145751953125
-50.33831024169922
-50.259849548339844
-50.43916320800781
-50.33238220214844
-50.159996032714844
-50.21324157714844
-50.35358810424805
-50.39837646484375
-50.39661407470703
-50.26880645751953
-50.19519805908203
-50.30387878417969
-50.435951232910156
-50.17766571044922
-49.9644889831543
-50.43315505981445
-50.23369598388672
-49.804534912109375
-50.43375015258789
-49.612422943115234
-50.325401306152344
-49.08916473388672
-49.0787467956543
-50.43080139160156
-49.12390899658203
-49.40492248535156
-49.80665588378906
-49.7546272277832
-49.89670181274414
-50.12440490722656
-49.340736389160156
-49.43079376220703
-50.11151123046875
-50.187095642089844
-49.68584442138672
-50.08817672729492
-49.38874816894531
-49.31339645385742
-50.08946990966797
-50.038230895996094
-49.6918830871582
-50.14307403564453
-49.20773696899414
-49.037235260009766
-50.29484558105469
-48.72644805908203
-48.3792724609375
-49.12438201904297
-49.86241912841797
-49.42143630981445
-50.33366012573242
-49.35585021972656
-49.89631271362305
-49.28279113769531
-49.052490234375
-50.31100082397461
-48.990516662597656
-48.781471252441406
-49.91603088378906
-48.72087097167969
-47.99768829345703
-47.91600799560547
-48.38550567626953
-50.05907440185547
-48.364646911621094
-47.539669036865234
-47.25614929199219
-47.38296127319336
-47.762943267822266
-49.00017166137695
-49.444969177246094
-48.535682678222656
-48.59147644042969
-49.573421478271484
-49.06209945678711
-48.45689010620117
-48.693275451660156
-49.88927459716797
-48.77975845336914
-48.22154235839844
-48.36112976074219
-49.28264236450195
-49.341712951660156
-48.72063446044922
-49.1652946472168
-50.05845260620117
-49.538970947265625
-50.30377960205078
-49.378482818603516
-49.93724822998047
-49.392608642578125
-49.26908874511719
-50.30451965332031
-49.216400146484375
-49.51066589355469
-49.774169921875
-49.70635986328125
-50.043479919433594
-50.167701721191406
-49.62376022338867
-50.02046203613281
-49.45610046386719
-49.41511917114258
-50.192230224609375
-49.905311584472656
-50.16460418701172
-50.34061050415039
-49.9077033996582
-50.41748046875
-49.773704528808594
-50.370243072509766
-50.05865478515625
-50.15891647338867
-50.42215347290039
-50.12318420410156
-50.21804428100586
-50.463050842285156
-50.253944396972656
-50.23637771606445
-50.44194793701172
-50.32463455200195
-50.04412841796875
-50.39548110961914
-50.39018249511719
-50.17463684082031
-50.385108947753906
-50.43089294433594
-50.380428314208984
-50.292762756347656
-50.29951477050781
-50.430301666259766
-50.437583923339844
-50.36639404296875
-50.27696990966797
-50.374839782714844
-50.3929443359375
-50.43442916870117
-50.40159225463867
-50.37744140625
-50.279930114746094
-50.39986801147461
-50.42570495605469
-50.384864807128906
-50.418731689453125
-50.422332763671875
-50.40522384643555
-50.46026611328125
-50.425148010253906
-50.42133712768555
-50.420860290527344
-50.36688232421875
-50.378929138183594
-50.35042953491211
-50.32195281982422
-50.38678741455078
-50.38727951049805
-50.49909973144531
-50.3587646484375
-50.31056213378906
-50.362056732177734
-50.37791061401367
-50.22261428833008
-50.364166259765625
-50.504730224609375
-50.41499710083008
-50.43981170654297
-50.34525680541992
-50.25373840332031
-50.420494079589844
-50.46131896972656
-50.36709213256836
-50.1991081237793
-50.3437614440918
-50.36859130859375
-50.40046310424805
-50.46583938598633
-50.37212371826172
-50.434852600097656
-50.433349609375
-50.34033203125
-50.404747009277344
-50.462928771972656
-50.43375778198242
-50.42259216308594
-50.321815490722656
-50.282554626464844
-50.260215759277344
-50.33375549316406
-50.38694381713867
-50.43633270263672
-50.34036636352539
-50.28702163696289
-50.33697509765625
-50.42804718017578
-50.42240905761719
-50.375160217285156
-50.413021087646484
-50.42637252807617
-50.33945846557617
-50.27633285522461
-50.30101013183594
-50.36932373046875
-50.449832916259766
-50.395545959472656
-50.44812774658203
-50.4152946472168
-50.467525482177734
-50.40503692626953
-50.4298095703125
-50.42851257324219
-50.39518737792969
-50.31159973144531
-50.32822799682617
-50.396183013916016
-50.430110931396484
-50.437767028808594
-50.42302703857422
-50.374332427978516
-50.37066650390625
-50.39582061767578
-50.417991638183594
-50.48531723022461
-50.456748962402344
-50.4314079284668
-50.46827697753906
-50.41630554199219
-50.44670867919922
-50.3807258605957
-50.36798095703125
-50.38597106933594
-50.34193420410156
-50.35963821411133
-50.178646087646484
-50.272674560546875
-50.434627532958984
-50.42875671386719
-50.41039276123047
-50.35090255737305
-50.24595642089844
-50.308616638183594
-50.372222900390625
-50.26515197753906
-50.37538146972656
-50.38438415527344
-50.38475036621094
-50.39922332763672
-50.423187255859375
-50.40807342529297
-50.400550842285156
-50.4372444152832
-50.439697265625
-50.46812438964844
-50.44387435913086
-50.34685516357422
-50.423744201660156
-50.408653259277344
-50.36699676513672
-50.4169807434082
-50.389923095703125
-50.39955139160156
-50.34446716308594
-50.3066291809082
-50.36320495605469
-50.40879821777344
-50.40821075439453
-50.343021392822266
-50.35879135131836
-50.34626007080078
-50.431663513183594
-50.44319152832031
-50.45804977416992
-50.42886734008789
-50.44403839111328
-50.457481384277344
-50.4450569152832
-50.28849411010742
-50.17036819458008
-50.334529876708984
-50.42988586425781
-50.42611312866211
-50.397003173828125
-50.387699127197266
-50.33641052246094
-50.35816192626953
-50.411170959472656
-50.51770782470703
-50.48866271972656
-50.47163391113281
-50.454734802246094
-50.49535369873047
-50.447181701660156
-50.424957275390625
-50.32139587402344
-50.227081298828125
-50.355125427246094
-50.42546844482422
-50.371009826660156
-50.19480895996094
-50.20321273803711
-50.42033004760742
-50.350582122802734
-50.19826889038086
-50.1869010925293
-50.366943359375
-50.4442253112793
-50.44832992553711
-50.3109245300293
-50.20176315307617
-50.33434295654297
-50.42511749267578
-50.50587844848633
-50.430816650390625
-50.45406723022461
-50.3711051940918
-50.31371307373047
-50.378108978271484
-50.38170623779297
-50.4709587097168
-50.466949462890625
-50.441043853759766
-50.44635009765625
-50.340858459472656
-50.22191619873047
-50.35111999511719
-50.363685607910156
-50.473960876464844
-50.452423095703125
-50.480045318603516
-50.40671920776367
-50.33882141113281
-50.2739372253418
-50.29500961303711
-50.363739013671875
-50.44768142700195
-50.4889030456543
-50.47303009033203
-50.45426559448242
-50.3140983581543
-50.33758544921875
-50.39830780029297
-50.45831298828125
-50.447410583496094
-50.3504524230957
-50.142120361328125
-50.37363815307617
-50.46533203125
-50.45029067993164
-50.336219787597656
-50.26947784423828
-50.322017669677734
-50.409698486328125
-50.46517562866211
-50.458282470703125
-50.426971435546875
-50.3939094543457
-50.421817779541016
-50.414276123046875
-50.46419143676758
-50.35011291503906
-50.25684356689453
-50.35441207885742
-50.37184524536133
-50.39705276489258
-50.411705017089844
-50.36656188964844
-50.29917526245117
-50.31687545776367
-50.271446228027344
-50.34019470214844
-50.39696502685547
-50.44886779785156
-50.48485565185547
-50.3565559387207
-50.356109619140625
-50.27096176147461
-50.26744842529297
-50.33737564086914
-50.315433502197266
-50.369873046875
-50.39952850341797
-50.44960403442383
-50.41389083862305
-50.35943603515625
-50.28956604003906
-50.27928924560547
-50.39147186279297
-50.399261474609375
-50.436988830566406
-50.40027618408203
-50.35169982910156
-50.317264556884766
-50.36039352416992
-50.30665588378906
-50.446388244628906
-50.46275329589844
-50.380374908447266
-50.21132278442383
-50.386329650878906
-50.41047668457031
-50.46935272216797
-50.459320068359375
-50.37236022949219
-50.365821838378906
-50.38512420654297
-50.3187370300293
-50.32709503173828
-50.445247650146484
-50.45302200317383
-50.490325927734375
-50.44786071777344
-50.462074279785156
-50.479576110839844
-50.38584899902344
-50.293731689453125
-50.36519241333008
-50.472190856933594
-50.408626556396484
-50.38557052612305
-50.40538024902344
-50.372684478759766
-50.31781005859375
-50.3576774597168
-50.40062713623047
-50.48417282104492
-50.51118469238281
-50.461585998535156
-50.45408630371094
-50.328182220458984
-50.26103973388672
-50.34379196166992
-50.38362121582031
-50.43324661254883
-50.46088409423828
-50.42302703857422
-50.399288177490234
-50.30751037597656
-50.32128143310547
-50.40117645263672
-50.401771545410156
-50.321495056152344
-50.44981384277344
-50.42645263671875
-50.42207336425781
-50.373863220214844
-50.34811019897461
-50.348960876464844
-50.373538970947266
-50.354339599609375
-50.292991638183594
-50.34700012207031
-50.35128402709961
-50.40191650390625
-50.41282653808594
-50.39762496948242
-50.33135986328125
-50.39653396606445
-50.44611358642578
-50.446475982666016
-50.476280212402344
-50.48008728027344
-50.387332916259766
-50.31531524658203
-50.18217468261719
-50.349266052246094
-50.464962005615234
-50.48831558227539
-50.495033264160156
-50.489845275878906
-50.460906982421875
-50.35212707519531
-50.282752990722656
-50.32221984863281
-50.385398864746094
-50.390018463134766
-50.42277908325195
-50.4351806640625
-50.459712982177734
-50.47002410888672
-50.316017150878906
-50.361671447753906
-50.37025451660156
-50.422386169433594
-50.44280242919922
-50.33245849609375
-50.3162956237793
-50.27450942993164
-50.36211013793945
-50.37489318847656
-50.47158432006836
-50.467201232910156
-50.475303649902344
-50.48514938354492
-50.44164276123047
-50.36663055419922
-50.22631072998047
-50.31529235839844
-50.44073486328125
-50.42095947265625
-50.43703842163086
-50.4854850769043
-50.39304733276367
-50.405120849609375
-50.19331359863281
-50.124446868896484
-50.35171127319336
-50.47203063964844
-50.43931579589844
-50.22922897338867
-50.300079345703125
-50.387290954589844
-50.45075607299805
-50.50218963623047
-50.463443756103516
-50.48171615600586
-50.46401596069336
-50.471580505371094
-50.37864303588867
-50.33625411987305
-50.275169372558594
-50.253910064697266
-50.27515411376953
-50.365013122558594
-50.372467041015625
-50.42061996459961
-50.34550476074219
-50.29631042480469
-50.39094543457031
-50.463134765625
-50.471160888671875
-50.40985870361328
-50.21869659423828
-50.081138610839844
-50.304420471191406
-50.4338264465332
-50.387168884277344
-50.172584533691406
-50.376468658447266
-50.50277328491211
-50.40016174316406
-50.17258834838867
-50.348731994628906
-50.48685073852539
-50.449501037597656
-50.2060546875
-50.16374206542969
-50.37004852294922
-50.4818115234375
-50.48986053466797
-50.38295364379883
-50.19871520996094
-50.251529693603516
-50.42314910888672
-50.41905975341797
-50.37611389160156
-50.228111267089844
-50.37138748168945
-50.396602630615234
-50.45009231567383
-50.46446990966797
-50.50342559814453
-50.49737548828125
-50.461883544921875
-50.48659896850586
-50.38039779663086
-50.21649169921875
-50.222633361816406
-50.47016525268555
-50.50827407836914
-50.44558334350586
-50.33452606201172
-50.234771728515625
-50.39949417114258
-50.49378204345703
-50.44690704345703
-50.39335632324219
-50.254825592041016
-50.344505310058594
-50.41334533691406
-50.47229766845703
-50.425254821777344
-50.349266052246094
-50.3576545715332
-50.30236053466797
-50.25234603881836
-50.346282958984375
-50.37958526611328
-50.472862243652344
-50.438270568847656
-50.43577575683594
-50.39460372924805
-50.21791458129883
-50.3824462890625
-50.45709991455078
-50.484596252441406
-50.43999099731445
-50.369041442871094
-50.31817626953125
-50.46868133544922
-50.35772705078125
-50.42959976196289
-50.37567901611328
-50.34930419921875
-50.30799102783203
-50.34864044189453
-50.3664665222168
-50.460933685302734
-50.45262145996094
-50.48312759399414
-50.51968765258789
-50.52039337158203
-50.49299621582031
-50.4833984375
-50.47002410888672
-50.31129455566406
-50.210838317871094
-50.33332443237305
-50.43077087402344
-50.44266128540039
-50.522159576416016
-50.45814514160156
-50.541175842285156
-50.42177200317383
-50.3828125
-50.25562286376953
-50.256141662597656
-50.40034484863281
-50.47732925415039
-50.48317337036133
-50.45920944213867
-50.40226745605469
-50.31354522705078
-50.30900955200195
-50.32728576660156
-50.49577331542969
-50.49550247192383
-50.500938415527344
-50.43757247924805
-50.407310485839844
-50.32658386230469
-50.257022857666016
-50.42782974243164
-50.51369857788086
-50.5115852355957
-50.45237731933594
-50.50947570800781
-50.467960357666016
-50.452301025390625
-50.41899108886719
-50.34952926635742
-50.24286651611328
-50.42795944213867
-50.47364807128906
-50.51142120361328
-50.54878616333008
-50.48554611206055
-50.469383239746094
-50.366939544677734
-50.240394592285156
-50.37664031982422
-50.3969612121582
-50.477317810058594
-50.49470138549805
-50.48101043701172
-50.5153923034668
-50.53819274902344
-50.51093673706055
-50.51734161376953
-50.474300384521484
-50.40196990966797
-50.3009033203125
-50.31682205200195
-50.455116271972656
-50.514739990234375
-50.47043991088867
-50.549407958984375
-50.503501892089844
-50.40581512451172
-50.300235748291016
-50.20013427734375
-50.384830474853516
-50.42205810546875
-50.547401428222656
-50.49606704711914
-50.45945739746094
-50.36736297607422
-50.25443649291992
-50.41358947753906
-50.523075103759766
-50.459251403808594
-50.456722259521484
-50.278236389160156
-50.29727554321289
-50.33924102783203
-50.38508605957031
-50.47664260864258
-50.42375564575195
-50.339569091796875
-50.30470657348633
-50.252437591552734
-50.351463317871094
-50.38517379760742
-50.30481719970703
-50.232181549072266
-50.28725051879883
-50.395118713378906
-50.433292388916016
-50.46549606323242
-50.47863006591797
-50.47148513793945
-50.40327835083008
-50.39813995361328
-50.30398178100586
-50.25048828125
-50.46586227416992
-50.46243667602539
-50.478240966796875
-50.49504852294922
-50.461341857910156
-50.2576904296875
-50.281612396240234
-50.40489959716797
-50.4035758972168
-50.384437561035156
-50.426448822021484
-50.446571350097656
-50.390953063964844
-50.28606033325195
-50.32170867919922
-50.29039764404297
-50.49470901489258
-50.44840621948242
-50.512149810791016
-50.43675231933594
-50.23786163330078
-50.25749588012695
-50.37434768676758
-50.47011184692383
-50.478187561035156
-50.50160217285156
-50.45439147949219
-50.298187255859375
-50.288394927978516
-50.35996627807617
-50.425662994384766
-50.47578430175781
-50.48821258544922
-50.471343994140625
-50.49293518066406
-50.493080139160156
-50.52107238769531
-50.46508026123047
-50.31016540527344
-50.30986404418945
-50.37871170043945
-50.479469299316406
-50.46181106567383
-50.31559753417969
-50.31230545043945
-50.341331481933594
-50.44532775878906
-50.422149658203125
-50.47376251220703
-50.48041915893555
-50.42764663696289
-50.39678955078125
-50.33369445800781
-50.2491455078125
-50.400238037109375
-50.4703369140625
-50.50491714477539
-50.510128021240234
-50.433162689208984
-50.44308090209961
-50.432979583740234
-50.40343475341797
-50.399662017822266
-50.35435485839844
-50.351417541503906
-50.3717155456543
-50.411354064941406
-50.41891098022461
-50.40814971923828
-50.4483757019043
-50.371273040771484
-50.47394561767578
-50.32976150512695
-50.34452438354492
-50.41843795776367
-50.443077087402344
-50.43994140625
-50.46099853515625
-50.465206146240234
-50.51070022583008
-50.50885009765625
-50.309654235839844
-50.295654296875
-50.29146957397461
-50.37519836425781
-50.40091323852539
-50.40209197998047
-50.28941345214844
-50.325950622558594
-50.40798568725586
-50.46412658691406
-50.4199104309082
-50.38945007324219
-50.2177848815918
-50.27180480957031
-50.33531951904297
-50.385459899902344
-50.365535736083984
-50.373634338378906
-50.41130447387695
-50.52509689331055
-50.531429290771484
-50.37154769897461
-50.18876647949219
-50.30869674682617
-50.385257720947266
-50.44789505004883
-50.489349365234375
-50.39436340332031
-50.37474822998047
-50.415889739990234
-50.43751525878906
-50.38850021362305
-50.42318344116211
-50.28562927246094
-50.318355560302734
-50.47159957885742
-50.47853088378906
-50.396488189697266
-50.50647735595703
-50.50318145751953
-50.48384094238281
-50.493839263916016
-50.435768127441406
-50.38316345214844
-50.2228889465332
-50.27146911621094
-50.43635559082031
-50.37114334106445
-50.40323257446289
-50.44443893432617
-50.48228454589844
-50.43948745727539
-50.42227554321289
-50.259822845458984
-50.23750305175781
-50.49867248535156
-50.50905227661133
-50.473426818847656
-50.46018600463867
-50.51364517211914
-50.5117301940918
-50.44564437866211
-50.395965576171875
-50.31558609008789
-50.41459655761719
-50.431888580322266
-50.39271545410156
-50.36778259277344
-50.353416442871094
-50.39392852783203
-50.41322326660156
-50.4601936340332
-50.42266845703125
-50.314144134521484
-50.41234588623047
-50.46804428100586
-50.513587951660156
-50.415611267089844
-50.36112976074219
-50.28905487060547
-50.39683532714844
-50.511009216308594
-50.529579162597656
-50.50872802734375
-50.525535583496094
-50.493263244628906
-50.374168395996094
-50.317474365234375
-50.40119171142578
-50.402557373046875
-50.46977233886719
-50.47848129272461
-50.42437744140625
-50.361270904541016
-50.2658576965332
-50.38793182373047
-50.32170867919922
-50.457603454589844
-50.40938186645508
-50.43153381347656
-50.390357971191406
-50.351192474365234
-50.39419174194336
-50.47663879394531
-50.437217712402344
-50.3317985534668
-50.239990234375
-50.358985900878906
-50.434326171875
-50.447242736816406
-50.49129867553711
-50.354583740234375
-50.304832458496094
-50.35674285888672
-50.378257751464844
-50.36299514770508
-50.396236419677734
-50.26109313964844
-50.40031433105469
-50.31675720214844
-50.38226318359375
-50.49903106689453
-50.50971984863281
-50.49851989746094
-50.475826263427734
-50.261962890625
-50.20291519165039
-50.31415557861328
-50.490623474121094
-50.49429702758789
-50.41545867919922
-50.33912658691406
-50.3023567199707
-50.38787078857422
-50.48003387451172
-50.46638870239258
-50.4847526550293
-50.481204986572266
-50.351322174072266
-50.161590576171875
-50.451438903808594
-50.55647277832031
-50.44930648803711
-50.0939826965332
-50.31817626953125
-50.482181549072266
-50.55427932739258
-50.539215087890625
-50.49599075317383
-50.4132194519043
-50.375640869140625
-50.35557174682617
-50.478572845458984
-50.42967987060547
-50.471153259277344
-50.38661575317383
-50.37733840942383
-50.409141540527344
-50.474281311035156
-50.485721588134766
-50.53394317626953
-50.5577392578125
-50.54159927368164
-50.47530746459961
-50.34132766723633
-50.29586410522461
-50.36866760253906
-50.35613250732422
-50.50865936279297
-50.50899124145508
-50.546348571777344
-50.533138275146484
-50.462913513183594
-50.41679382324219
-50.27104187011719
-50.2567138671875
-50.22608184814453
-50.40935134887695
-50.47965621948242
-50.51637649536133
-50.502193450927734
-50.397003173828125
-50.26675796508789
-50.37779235839844
-50.416385650634766
-50.36463928222656
-50.389556884765625
-50.36103057861328
-50.42985534667969
-50.38121032714844
-50.3707160949707
-50.39203643798828
-50.47477722167969
-50.3669319152832
-50.43170928955078
-50.418338775634766
-50.340728759765625
-50.26546096801758
-50.36894607543945
-50.531044006347656
-50.50062561035156
-50.4520149230957
-50.43196487426758
-50.36714172363281
-50.29730224609375
-50.38800048828125
-50.40360641479492
-50.423683166503906
-50.49116516113281
-50.50323486328125
-50.48384094238281
-50.29121017456055
-50.24808883666992
-50.41094970703125
-50.51498031616211
-50.55442810058594
-50.510337829589844
-50.467315673828125
-50.449951171875
-50.282135009765625
-50.24097442626953
-50.36689758300781
-50.31365203857422
-50.393707275390625
-50.45800018310547
-50.32029724121094
-50.230812072753906
-50.342926025390625
-50.46189880371094
-50.506893157958984
-50.44002151489258
-50.5638313293457
-50.53943634033203
-50.470611572265625
-50.46699142456055
-50.50445556640625
-50.553924560546875
-50.4884033203125
-50.31568908691406
-50.18708419799805
-50.365665435791016
-50.480342864990234
-50.498558044433594
-50.501441955566406
-50.404197692871094
-50.3900032043457
-50.24141311645508
-50.181190490722656
-50.45359802246094
-50.480224609375
-50.440757751464844
-50.45157241821289
-50.45947265625
-50.44129180908203
-50.269527435302734
-50.28712844848633
-50.37391662597656
-50.421878814697266
-50.44255828857422
-50.51517105102539
-50.49046325683594
-50.402801513671875
-50.35597610473633
-50.35167694091797
-50.41188049316406
-50.354881286621094
-50.447505950927734
-50.41648864746094
-50.2698974609375
-50.28958511352539
-50.384883880615234
-50.49950408935547
-50.517181396484375
-50.411521911621094
-50.508766174316406
-50.448795318603516
-50.35588455200195
-50.3199348449707
-50.431915283203125
-50.45535659790039
-50.46253967285156
-50.316070556640625
-50.39799880981445
-50.38890075683594
-50.49950408935547
-50.440834045410156
-50.43548583984375
-50.35755157470703
-50.2859992980957
-50.324703216552734
-50.505653381347656
-50.528987884521484
-50.556121826171875
-50.41999053955078
-50.5157585144043
-50.45003890991211
-50.27387237548828
-50.346405029296875
-50.52362823486328
-50.54719161987305
-50.546966552734375
-50.526023864746094
-50.49584197998047
-50.55609130859375
-50.503665924072266
-50.304683685302734
-50.331451416015625
-50.379486083984375
-50.41570281982422
-50.51410675048828
-50.438026428222656
-50.4669189453125
-50.446617126464844
-50.3025016784668
-50.33940124511719
-50.48103332519531
-50.50799560546875
-50.379032135009766
-50.31160354614258
-50.32168197631836
-50.50094985961914
-50.48495864868164
-50.225223541259766
-50.269874572753906
-50.46571350097656
-50.55045700073242
-50.38946533203125
-50.26284408569336
-50.39057159423828
-50.47666931152344
-50.443973541259766
-50.545501708984375
-50.53898239135742
-50.52446746826172
-50.473060607910156
-50.417945861816406
-50.335784912109375
-50.30894470214844
-50.39447021484375
-50.48362731933594
-50.442413330078125
-50.47148132324219
-50.30460739135742
-50.20597839355469
-50.43782043457031
-50.55195236206055
-50.48894500732422
-50.40666580200195
-50.198219299316406
-50.32318878173828
-50.48274230957031
-50.48406982421875
-50.28325653076172
-50.205902099609375
-50.3907356262207
-50.48748016357422
-50.50041580200195
-50.38312911987305
-50.36170196533203
-50.247188568115234
-50.38539505004883
-50.4949951171875
-50.529998779296875
-50.39902114868164
-50.19981384277344
-50.348140716552734
-50.41462326049805
-50.52142333984375
-50.558719635009766
-50.61341857910156
-50.594181060791016
-50.50138854980469
-50.548404693603516
-50.472991943359375
-50.29058074951172
-50.23491287231445
-50.45484924316406
-50.53145217895508
-50.54457092285156
-50.573246002197266
-50.538875579833984
-50.52852249145508
-50.58988952636719
-50.47107696533203
-50.50102615356445
-50.443878173828125
-50.363136291503906
-50.2161750793457
-50.51441955566406
-50.53900909423828
-50.522369384765625
-50.34092712402344
-50.236446380615234
-50.39486312866211
-50.51268005371094
-50.56706619262695
-50.531837463378906
-50.53125762939453
-50.46609115600586
-50.492027282714844
-50.49081802368164
-50.38337326049805
-50.04606628417969
-50.280826568603516
-50.459129333496094
-50.47446823120117
-50.541160583496094
-50.49982452392578
-50.560462951660156
-50.481658935546875
-50.42514419555664
-50.294189453125
-50.23535919189453
-50.475982666015625
-50.498435974121094
-50.513816833496094
-50.31273651123047
-50.223636627197266
-50.415367126464844
-50.50216293334961
-50.50002670288086
-50.54157257080078
-50.408721923828125
-50.22926712036133
-50.40220260620117
-50.435638427734375
-50.5068244934082
-50.5266227722168
-50.507965087890625
-50.509727478027344
-50.52538299560547
-50.4963493347168
-50.49117660522461
-50.306968688964844
-50.16182327270508
-50.412574768066406
-50.4693489074707
-50.5504264831543
-50.35334014892578
-50.22618103027344
-50.33999252319336
-50.426612854003906
-50.41056823730469
-50.538089752197266
-50.531036376953125
-50.52484893798828
-50.504329681396484
-50.51831817626953
-50.43266677856445
-50.18721389770508
-50.35089111328125
-50.53327560424805
-50.507328033447266
-50.555763244628906
-50.51219940185547
-50.47566223144531
-50.36292266845703
-50.25376510620117
-50.347412109375
-50.508033752441406
-50.58195114135742
-50.513614654541016
-50.420501708984375
-50.148529052734375
-50.440826416015625
-50.486961364746094
-50.53159713745117
-50.50465393066406
-50.500640869140625
-50.40812683105469
-50.289127349853516
-50.37499237060547
-50.479427337646484
-50.577449798583984
-50.54759979248047
-50.507171630859375
-50.32273864746094
-50.25635528564453
-50.49026107788086
-50.56224060058594
-50.52099609375
-50.52783966064453
-50.45732879638672
-50.30461883544922
-50.305633544921875
-50.42579650878906
-50.492130279541016
-50.52660369873047
-50.5074462890625
-50.43955612182617
-50.22950744628906
-50.41648483276367
-50.35145950317383
-50.39375305175781
-50.423866271972656
-50.42606735229492
-50.40139389038086
-50.51628494262695
-50.43655776977539
-50.39924621582031
-50.4575080871582
-50.50849914550781
-50.496849060058594
-50.524322509765625
-50.41170120239258
-50.430999755859375
-50.393890380859375
-50.38404083251953
-50.42719268798828
-50.474830627441406
-50.47694778442383
-50.45368957519531
-50.470008850097656
-50.374427795410156
-50.38612365722656
-50.394439697265625
-50.397422790527344
-50.45431137084961
-50.48073196411133
-50.49313735961914
-50.520286560058594
-50.52808380126953
-50.44447708129883
-50.35132598876953
-50.27614212036133
-50.452613830566406
-50.552345275878906
-50.53053283691406
-50.53047180175781
-50.48937225341797
-50.50996398925781
-50.53507995605469
-50.4715461730957
-50.334800720214844
-50.27400207519531
-50.46101379394531
-50.45428466796875
-50.47693634033203
-50.397682189941406
-50.39299011230469
-50.431392669677734
-50.48957824707031
-50.40791320800781
-50.416236877441406
-50.40083694458008
-50.36656188964844
-50.28321838378906
-50.46109390258789
-50.44847869873047
-50.402923583984375
-50.390960693359375
-50.30054473876953
-50.348567962646484
-50.457454681396484
-50.51422119140625
-50.537471771240234
-50.559932708740234
-50.3542594909668
-50.19789123535156
-50.42540740966797
-50.565643310546875
-50.553245544433594
-50.404273986816406
-50.26462936401367
-50.44229507446289
-50.563629150390625
-50.41631317138672
-50.264461517333984
-50.25960922241211
-50.47345733642578
-50.507957458496094
-50.32432556152344
-50.13165283203125
-50.470855712890625
-50.48931121826172
-50.412357330322266
-50.26746368408203
-50.352691650390625
-50.5244026184082
-50.537750244140625
-50.54851150512695
-50.367855072021484
-50.321720123291016
-50.399314880371094
-50.573116302490234
-50.50148391723633
-50.31007385253906
-50.28544235229492
-50.26905822753906
-50.44950485229492
-50.55363464355469
-50.536659240722656
-50.58782958984375
-50.5152473449707
-50.48261260986328
-50.32866668701172
-50.28105545043945
-50.49854278564453
-50.507537841796875
-50.43846130371094
-50.49582290649414
-50.59423828125
-50.489891052246094
-50.35684585571289
-50.188018798828125
-50.40200424194336
-50.49872970581055
-50.566436767578125
-50.55707931518555
-50.58856201171875
-50.550907135009766
-50.4811897277832
-50.33864212036133
-50.31929397583008
-50.48060989379883
-50.51750564575195
-50.4791145324707
-50.44856262207031
-50.37860107421875
-50.44820785522461
-50.4080810546875
-50.49228286743164
-50.52707290649414
-50.431575775146484
-50.398338317871094
-50.304931640625
-50.498779296875
-50.55485534667969
-50.59016036987305
-50.56547927856445
-50.410457611083984
-50.289337158203125
-50.37119674682617
-50.47377014160156
-50.429176330566406
-50.45233917236328
-50.32551956176758
-50.29949188232422
-50.44768142700195
-50.469879150390625
-50.54447555541992
-50.55183029174805
-50.56884765625
-50.63674545288086
-50.427982330322266
-50.27934646606445
-50.32199478149414
-50.54051208496094
-50.58149719238281
-50.384647369384766
-50.202606201171875
-50.337928771972656
-50.50844192504883
-50.51564407348633
-50.563045501708984
-50.47208023071289
-50.36955261230469
-50.38597869873047
-50.5098991394043
-50.51571273803711
-50.54240417480469
-50.54902267456055
-50.48358917236328
-50.245269775390625
-50.24781036376953
-50.47608947753906
-50.52495574951172
-50.5423469543457
-50.49455261230469
-50.41081237792969
-50.3129997253418
-50.43210220336914
-50.47712707519531
-50.46762466430664
-50.454071044921875
-50.43459701538086
-50.53491973876953
-50.43346405029297
-50.389469146728516
-50.463233947753906
-50.331058502197266
-50.39168167114258
-50.50654602050781
-50.537452697753906
-50.590476989746094
-50.5540771484375
-50.51046371459961
-50.31488037109375
-50.28580856323242
-50.501060485839844
-50.49955749511719
-50.55305099487305
-50.549278259277344
-50.3006706237793
-50.220947265625
-50.56201171875
-50.575096130371094
-50.49781799316406
-50.26622009277344
-50.25432586669922
-50.568641662597656
-50.56203079223633
-50.48720932006836
-50.533409118652344
-50.55867004394531
-50.50304412841797
-50.37947082519531
-50.275272369384766
-50.380516052246094
-50.49148178100586
-50.45395278930664
-50.48592758178711
-50.43788146972656
-50.49772644042969
-50.4747428894043
-50.40156555175781
-50.26730728149414
-50.395416259765625
-50.57347869873047
-50.52531051635742
-50.542198181152344
-50.43983459472656
-50.18994903564453
-50.41899490356445
-50.53181457519531
-50.55956268310547
-50.56636428833008
-50.4488410949707
-50.232059478759766
-50.44878005981445
-50.55721664428711
-50.565391540527344
-50.45905303955078
-50.17500305175781
-50.41069030761719
-50.53632736206055
-50.53544616699219
-50.344276428222656
-50.239295959472656
-50.47462463378906
-50.601837158203125
-50.49149703979492
-50.324703216552734
-50.32596206665039
-50.51539993286133
-50.54532241821289
-50.37030792236328
-50.31404113769531
-50.37803268432617
-50.440696716308594
-50.53877639770508
-50.528656005859375
-50.447532653808594
-50.37343978881836
-50.332183837890625
-50.52549743652344
-50.49409866333008
-50.58538818359375
-50.56395721435547
-50.54907989501953
-50.40996170043945
-50.35090637207031
-50.390045166015625
-50.544456481933594
-50.46189880371094
-50.42537307739258
-50.2873649597168
-50.35791015625
-50.46944046020508
-50.510704040527344
-50.502655029296875
-50.54999923706055
-50.497928619384766
-50.54634094238281
-50.37859344482422
-50.23235321044922
-50.39786911010742
-50.50105667114258
-50.51148223876953
-50.3402099609375
-50.2922477722168
-50.408912658691406
-50.41200256347656
-50.44044494628906
-50.52278518676758
-50.53594207763672
-50.525001525878906
-50.42509841918945
-50.32666015625
-50.396820068359375
-50.46673583984375
-50.527557373046875
-50.45703887939453
-50.42326736450195
-50.425086975097656
-50.45625686645508
-50.52573776245117
-50.51231002807617
-50.505775451660156
-50.49783706665039
-50.418678283691406
-50.38996124267578
-50.39231872558594
-50.525691986083984
-50.49113082885742
-50.55088806152344
-50.46558380126953
-50.41221237182617
-50.32598114013672
-50.44135284423828
-50.488197326660156
-50.46366500854492
-50.59748840332031
-50.55354309082031
-50.530548095703125
-50.40945816040039
-50.36417770385742
-50.40631866455078
-50.53153991699219
-50.50161361694336
-50.51445388793945
-50.42665100097656
-50.34575271606445
-50.3707275390625
-50.4453010559082
-50.46821594238281
-50.32752990722656
-50.43931579589844
-50.52621841430664
-50.561317443847656
-50.46174621582031
-50.28915023803711
-50.383819580078125
-50.54356384277344
-50.550567626953125
-50.58993148803711
-50.49184799194336
-50.229854583740234
-50.4031867980957
-50.557369232177734
-50.591766357421875
-50.5279541015625
-50.43119430541992
-50.41708755493164
-50.42206954956055
-50.52973175048828
-50.48014450073242
-50.47705078125
-50.327205657958984
-50.449398040771484
-50.45307159423828
-50.51028823852539
-50.49999237060547
-50.53123092651367
-50.463043212890625
-50.38365173339844
-50.34794616699219
-50.44200134277344
-50.48199462890625
-50.49797058105469
-50.585044860839844
-50.60296630859375
-50.56144332885742
-50.44207763671875
-50.366947174072266
-50.30744171142578
-50.47034454345703
-50.569610595703125
-50.54935836791992
-50.491111755371094
-50.320655822753906
-50.33500671386719
-50.52323532104492
-50.57508087158203
-50.64223098754883
-50.6102294921875
-50.4853630065918
-50.42794418334961
-50.27267074584961
-50.4711799621582
-50.54916763305664
-50.58270263671875
-50.595272064208984
-50.594703674316406
-50.56428146362305
-50.41468048095703
-50.3221435546875
-50.41276168823242
-50.509002685546875
-50.55546569824219
-50.552345275878906
-50.54248046875
-50.4503173828125
-50.324764251708984
-50.43046569824219
-50.5429801940918
-50.581298828125
-50.49305725097656
-50.3358039855957
-50.3265380859375
-50.492740631103516
-50.56159210205078
-50.527442932128906
-50.54496383666992
-50.563499450683594
-50.471923828125
-50.40333938598633
-50.35749053955078
-50.39971923828125
-50.5611572265625
-50.586490631103516
-50.555625915527344
-50.555694580078125
-50.463096618652344
-50.31439971923828
-50.30418395996094
-50.47604751586914
-50.53508758544922
-50.60472106933594
-50.62417984008789
-50.569480895996094
-50.56856155395508
-50.55987548828125
-50.54185485839844
-50.43621826171875
-50.399837493896484
-50.42295837402344
-50.490074157714844
-50.50419235229492
-50.51683044433594
-50.456722259521484
-50.426517486572266
-50.4523811340332
-50.4805908203125
-50.505615234375
-50.54294204711914
-50.48416519165039
-50.413509368896484
-50.413475036621094
-50.496646881103516
-50.48115921020508
-50.50657272338867
-50.470855712890625
-50.35979461669922
-50.311187744140625
-50.425140380859375
-50.51246643066406
-50.582313537597656
-50.64415740966797
-50.50439453125
-50.5070686340332
-50.44124984741211
-50.3318977355957
-50.21956253051758
-50.45381546020508
-50.416847229003906
-50.49576187133789
-50.495792388916016
-50.323848724365234
-50.24549102783203
-50.48407745361328
-50.53484344482422
-50.539188385009766
-50.541709899902344
-50.54109191894531
-50.53520965576172
-50.58087921142578
-50.57395935058594
-50.38160705566406
-50.31694030761719
-50.394203186035156
-50.549922943115234
-50.522674560546875
-50.4863166809082
-50.38405227661133
-50.39979553222656
-50.4348258972168
-50.52735900878906
-50.509498596191406
-50.50746154785156
-50.329856872558594
-50.3100471496582
-50.415367126464844
-50.53739929199219
-50.561767578125
-50.5745849609375
-50.445892333984375
-50.38895034790039
-50.371891021728516
-50.46166229248047
-50.419315338134766
-50.46669006347656
-50.40940475463867
-50.43812561035156
-50.51688766479492
-50.530303955078125
-50.486087799072266
-50.423370361328125
-50.312015533447266
-50.334129333496094
-50.489044189453125
-50.464508056640625
-50.59764862060547
-50.549034118652344
-50.45652389526367
-50.397865295410156
-50.25554275512695
-50.38504409790039
-50.541709899902344
-50.538238525390625
-50.488250732421875
-50.56795883178711
-50.52600860595703
-50.42806625366211
-50.33198547363281
-50.38697814941406
-50.50722885131836
-50.59733581542969
-50.55745315551758
-50.47461700439453
-50.19422912597656
-50.455753326416016
-50.5280876159668
-50.51713562011719
-50.31071090698242
-50.202476501464844
-50.46366882324219
-50.444984436035156
-50.01582717895508
-50.578125
-50.2884635925293
-50.06517028808594
-50.619895935058594
-50.11894226074219
-50.11266326904297
-50.56227111816406
-50.20222091674805
-50.17194747924805
-50.54231262207031
-50.080055236816406
-50.24726104736328
-50.579193115234375
-50.4066162109375
-50.16472244262695
-50.41680145263672
-50.533897399902344
-50.565040588378906
-50.51860809326172
-50.34113693237305
-50.31198501586914
-50.41254425048828
-50.55533981323242
-50.54692077636719
-50.39630889892578
-50.27631378173828
-50.40501403808594
-50.45766067504883
-50.522647857666016
-50.578895568847656
-50.558258056640625
-50.55131912231445
-50.45170593261719
-50.31924057006836
-50.43895721435547
-50.56038284301758
-50.5224609375
-50.553768157958984
-50.59423828125
-50.53253173828125
-50.41209030151367
-50.35231018066406
-50.323097229003906
-50.45519256591797
-50.57707214355469
-50.53870391845703
-50.59565734863281
-50.489192962646484
-50.35662841796875
-50.31019592285156
-50.47917556762695
-50.54399490356445
-50.524024963378906
-50.43996810913086
-50.177635192871094
-50.49538803100586
-50.60085678100586
-50.51573181152344
-50.43913269042969
-50.364891052246094
-50.43688201904297
-50.57173156738281
-50.570037841796875
-50.54128646850586
-50.51148986816406
-50.49226379394531
-50.430335998535156
-50.416236877441406
-50.5269775390625
-50.55815505981445
-50.54578399658203
-50.542213439941406
-50.559810638427734
-50.52680587768555
-50.46538543701172
-50.428287506103516
-50.48582458496094
-50.525245666503906
-50.54685974121094
-50.48799133300781
-50.38744354248047
-50.45915985107422
-50.52849578857422
-50.59611129760742
-50.56890106201172
-50.583988189697266
-50.55869674682617
-50.43318557739258
-50.31843566894531
-50.5019645690918
-50.58428192138672
-50.473506927490234
-50.280521392822266
-50.44622039794922
-50.482421875
-50.57941436767578
-50.62161636352539
-50.59415817260742
-50.494529724121094
-50.4091796875
-50.4113883972168
-50.50857925415039
-50.563053131103516
-50.47309875488281
-50.51333236694336
-50.619388580322266
-50.59531021118164
-50.48335266113281
-50.41556930541992
-50.235939025878906
-50.42790222167969
-50.54654312133789
-50.555519104003906
-50.563072204589844
-50.53935241699219
-50.4473876953125
-50.44850158691406
-50.46723556518555
-50.45822525024414
-50.480167388916016
-50.469703674316406
-50.540245056152344
-50.51521682739258
-50.41571807861328
-50.48958206176758
-50.44330978393555
-50.469364166259766
-50.49030303955078
-50.49810028076172
-50.433929443359375
-50.45423126220703
-50.41706848144531
-50.489803314208984
-50.49009704589844
-50.490440368652344
-50.4321174621582
-50.45856475830078
-50.46664810180664
-50.601783752441406
-50.523712158203125
-50.438228607177734
-50.42687225341797
-50.45415496826172
-50.44692611694336
-50.462520599365234
-50.520477294921875
-50.558074951171875
-50.544837951660156
-50.37288284301758
-50.342674255371094
-50.442962646484375
-50.48204803466797
-50.593502044677734
-50.581642150878906
-50.625221252441406
-50.5866584777832
-50.60758972167969
-50.57219314575195
-50.40716552734375
-50.34983444213867
-50.48674392700195
-50.52452087402344
-50.55970001220703
-50.521209716796875
-50.548988342285156
-50.568687438964844
-50.454463958740234
-50.40669250488281
-50.48316955566406
-50.56351089477539
-50.62605285644531
-50.59814453125
-50.604915618896484
-50.57734298706055
-50.47745895385742
-50.372161865234375
-50.39484405517578
-50.52406311035156
-50.57081604003906
-50.525569915771484
-50.4509162902832
-50.42921829223633
-50.395294189453125
-50.500877380371094
-50.52572250366211
-50.54004669189453
-50.48345184326172
-50.44094467163086
-50.479530334472656
-50.56153869628906
-50.61892318725586
-50.55402374267578
-50.49226760864258
-50.43319320678711
-50.49859619140625
-50.51190948486328
-50.57338333129883
-50.530479431152344
-50.462791442871094
-50.525943756103516
-50.41259765625
-50.58296203613281
-50.54892349243164
-50.602928161621094
-50.59661865234375
-50.60582733154297
-50.65511703491211
-50.60560607910156
-50.59258270263672
-50.497798919677734
-50.39619445800781
-50.384315490722656
-50.46324920654297
-50.49824905395508
-50.58826446533203
-50.58849334716797
-50.581687927246094
-50.56418228149414
-50.39142608642578
-50.40069580078125
-50.4599494934082
-50.44342041015625
-50.542091369628906
-50.56046676635742
-50.51097869873047
-50.537113189697266
-50.53661346435547
-50.60076141357422
-50.57067108154297
-50.53067398071289
-50.420379638671875
-50.42174530029297
-50.44606018066406
-50.4373893737793
-50.45809555053711
-50.444557189941406
-50.46866226196289
-50.45859146118164
-50.575958251953125
-50.55385971069336
-50.541893005371094
-50.44000244140625
-50.47251510620117
-50.451595306396484
-50.472076416015625
-50.48723602294922
-50.56340408325195
-50.56382369995117
-50.5349006652832
-50.456058502197266
-50.43198013305664
-50.48591613769531
-50.412635803222656
-50.415550231933594
-50.45381546020508
-50.533592224121094
-50.459556579589844
-50.49956130981445
-50.521427154541016
-50.469078063964844
-50.565452575683594
-50.49557113647461
-50.47401428222656
-50.379180908203125
-50.46574020385742
-50.44589614868164
-50.45115280151367
-50.42001724243164
-50.44763946533203
-50.493743896484375
-50.47846984863281
-50.49718475341797
-50.420562744140625
-50.406890869140625
-50.45405960083008
-50.48563003540039
-50.482521057128906
-50.49061584472656
-50.4973030090332
-50.58596420288086
-50.500343322753906
-50.534000396728516
-50.392967224121094
-50.45964050292969
-50.55682373046875
-50.58378982543945
-50.57595443725586
-50.410160064697266
-50.35179138183594
-50.47510528564453
-50.48208236694336
-50.42068099975586
-50.45975875854492
-50.54357147216797
-50.459571838378906
-50.56842041015625
-50.59507751464844
-50.60001754760742
-50.57871627807617
-50.441993713378906
-50.356327056884766
-50.42826843261719
-50.5056266784668
-50.61579895019531
-50.61936950683594
-50.56876754760742
-50.516944885253906
-50.38334274291992
-50.38084411621094
-50.54259490966797
-50.59722137451172
-50.56298065185547
-50.54442596435547
-50.511077880859375
-50.389739990234375
-50.520904541015625
-50.486507415771484
-50.49952697753906
-50.532386779785156
-50.49273681640625
-50.54580307006836
-50.557403564453125
-50.60234451293945
-50.55767059326172
-50.462684631347656
-50.419761657714844
-50.49419403076172
-50.624671936035156
-50.62531280517578
-50.587738037109375
-50.57918930053711
-50.47209930419922
-50.36494445800781
-50.550743103027344
-50.56112289428711
-50.639686584472656
-50.60009002685547
-50.559852600097656
-50.43886184692383
-50.24955749511719
-50.46240997314453
-50.55964279174805
-50.662437438964844
-50.58979797363281
-50.60641860961914
-50.61016845703125
-50.50123596191406
-50.419273376464844
-50.40672302246094
-50.46187973022461
-50.58543014526367
-50.58295822143555
-50.62791442871094
-50.6197509765625
-50.6002311706543
-50.580413818359375
-50.637107849121094
-50.63563537597656
-50.564579010009766
-50.43773651123047
-50.286678314208984
-50.42972183227539
-50.632545471191406
-50.58661651611328
-50.57267761230469
-50.500633239746094
-50.36687469482422
-50.44862365722656
-50.51230239868164
-50.63787841796875
-50.579864501953125
-50.48247146606445
-50.46710968017578
-50.51389694213867
-50.429298400878906
-50.352542877197266
-50.42836380004883
-50.52407455444336
-50.528385162353516
-50.556827545166016
-50.50897979736328
-50.476749420166016
-50.49645233154297
-50.46101760864258
-50.492095947265625
-50.54180145263672
-50.50627899169922
-50.5317268371582
-50.488887786865234
-50.52070236206055
-50.53583908081055
-50.50147247314453
-50.370635986328125
-50.46377182006836
-50.57353973388672
-50.53180694580078
-50.525760650634766
-50.55863952636719
-50.563907623291016
-50.52848815917969
-50.39931869506836
-50.40031814575195
-50.55721664428711
-50.602073669433594
-50.64982604980469
-50.620872497558594
-50.62156677246094
-50.5575065612793
-50.37898254394531
-50.41756820678711
-50.45472717285156
-50.588863372802734
-50.60114288330078
-50.6126823425293
-50.53315734863281
-50.45733642578125
-50.33359146118164
-50.44548034667969
-50.516876220703125
-50.575706481933594
-50.581390380859375
-50.55982208251953
-50.34638595581055
-50.36982727050781
-50.56832504272461
-50.60468292236328
-50.46348571777344
-50.229530334472656
-50.5185546875
-50.62068176269531
-50.475502014160156
-50.28498840332031
-50.472103118896484
-50.634132385253906
-50.64356994628906
-50.60887145996094
-50.44023132324219
-50.38334655761719
-50.46791076660156
-50.57621765136719
-50.58290100097656
-50.653194427490234
-50.57635498046875
-50.51158142089844
-50.367427825927734
-50.451568603515625
-50.55391311645508
-50.588199615478516
-50.685333251953125
-50.56792068481445
-50.58023452758789
-50.62419891357422
-50.531803131103516
-50.316078186035156
-50.37439727783203
-50.57001495361328
-50.65732192993164
-50.61533737182617
-50.515316009521484
-50.45563507080078
-50.41070556640625
-50.528404235839844
-50.55516052246094
-50.6427001953125
-50.62391662597656
-50.54790115356445
-50.37889099121094
-50.33479690551758
-50.293731689453125
-50.52159118652344
-50.56391525268555
-50.56760025024414
-50.55294418334961
-50.427284240722656
-50.416961669921875
-50.3908805847168
-50.534542083740234
-50.557254791259766
-50.544090270996094
-50.40801239013672
-50.361637115478516
-50.465087890625
-50.48158264160156
-50.596046447753906
-50.64651107788086
-50.59671401977539
-50.55545425415039
-50.44230651855469
-50.427215576171875
-50.42106628417969
-50.49878692626953
-50.47880554199219
-50.539573669433594
-50.4152717590332
-50.374969482421875
-50.53729248046875
-50.60102462768555
-50.626800537109375
-50.646671295166016
-50.622825622558594
-50.464378356933594
-50.4066162109375
-50.41962432861328
-50.543067932128906
-50.60813522338867
-50.622379302978516
-50.62556457519531
-50.49997329711914
-50.40129852294922
-50.37763214111328
-50.50933837890625
-50.57152557373047
-50.647212982177734
-50.569190979003906
-50.38046646118164
