loss_h
-4.9187235832214355
-4.9018659591674805
-4.877233028411865
-4.9073591232299805
-4.868197917938232
-4.913313865661621
-4.9200758934021
-4.927534103393555
-4.951262950897217
-4.965843200683594
-4.979132175445557
-4.997917175292969
-4.976728916168213
-5.011368274688721
-5.010829925537109
-5.013559341430664
-5.01891565322876
-5.0187835693359375
-5.054653167724609
-5.0327839851379395
-5.025112152099609
-5.112362861633301
-5.1147565841674805
-5.10709285736084
-5.164608001708984
-5.1090006828308105
-5.139960289001465
-5.2125654220581055
-5.195353031158447
-5.214366912841797
-5.217141151428223
-5.208748817443848
-5.231966495513916
-5.206315040588379
-5.3118205070495605
-5.250885009765625
-5.261698246002197
-5.289491176605225
-5.303847789764404
-5.26902437210083
-5.275810241699219
-5.290633678436279
-5.371504306793213
-5.385761260986328
-5.402200222015381
-5.299742698669434
-5.397032737731934
-5.386609077453613
-5.405012607574463
-5.389744281768799
-5.4082770347595215
-5.45253324508667
-5.447242736816406
-5.437628269195557
-5.51253080368042
-5.503902435302734
-5.459980010986328
-5.510571479797363
-5.566573619842529
-5.520365238189697
-5.547911167144775
-5.609841823577881
-5.605378150939941
-5.629880905151367
-5.6407318115234375
-5.595897674560547
-5.595797538757324
-5.635560035705566
-5.6469645500183105
-5.7651801109313965
-5.788960933685303
-5.792761325836182
-5.764275074005127
-5.724480152130127
-5.714818477630615
-5.747134208679199
-5.852238178253174
-5.875389575958252
-5.820988655090332
-5.841219425201416
-5.884932041168213
-5.94594144821167
-5.937410354614258
-5.941654682159424
-6.054948806762695
-6.014926910400391
-6.115910053253174
-6.074985504150391
-6.10370397567749
-6.074545383453369
-6.151791572570801
-6.181130886077881
-6.157061576843262
-6.2702741622924805
-6.2808732986450195
-6.272815704345703
-6.256418228149414
-6.387167930603027
-6.37442684173584
-6.457632541656494
-6.492908477783203
-6.431545734405518
-6.424981117248535
-6.586551666259766
-6.595211982727051
-6.647853851318359
-6.656729221343994
-6.720251083374023
-6.7017340660095215
-6.714337348937988
-6.655823707580566
-6.761988162994385
-6.756859302520752
-6.771876811981201
-6.778162956237793
-6.724139213562012
-6.746354579925537
-6.750293254852295
-6.754666328430176
-6.715974807739258
-6.739920139312744
-6.7552642822265625
-6.733311176300049
-6.744420051574707
-6.798810958862305
-6.80659294128418
-6.76409387588501
-6.778637409210205
-6.771814823150635
-6.768453121185303
-6.804733753204346
-6.7865166664123535
-6.794264316558838
-6.799017429351807
-6.793708324432373
-6.787352085113525
-6.770708084106445
-6.780029296875
-6.780942440032959
-6.737936019897461
-6.789114952087402
-6.770544528961182
-6.802643775939941
-6.768817901611328
-6.8039045333862305
-6.794256687164307
-6.80546236038208
-6.7361674308776855
-6.772569179534912
-6.791568756103516
-6.777621746063232
-6.801963806152344
-6.785372734069824
-6.8007893562316895
-6.832621097564697
-6.794476509094238
-6.825645446777344
-6.7843146324157715
-6.82843017578125
-6.833533763885498
-6.78482723236084
-6.8432769775390625
-6.808586597442627
-6.809237480163574
-6.806679725646973
-6.79940938949585
-6.815659999847412
-6.799903869628906
-6.835625648498535
-6.80905818939209
-6.810577392578125
-6.809046745300293
-6.833001136779785
-6.802457809448242
-6.832560062408447
-6.806160926818848
-6.814873695373535
-6.824796676635742
-6.821240425109863
-6.841677665710449
-6.795934677124023
-6.8169755935668945
-6.819822788238525
-6.806713581085205
-6.822126865386963
-6.805713176727295
-6.859948635101318
-6.823957443237305
-6.79429292678833
-6.822085380554199
-6.793598651885986
-6.863053321838379
-6.830226421356201
-6.820727348327637
-6.853283882141113
-6.820242404937744
-6.849198341369629
-6.827197074890137
-6.7926836013793945
-6.846739292144775
-6.840290546417236
-6.809142112731934
-6.832328796386719
-6.82971715927124
-6.816932201385498
-6.839915752410889
-6.81309700012207
-6.809070110321045
-6.832741737365723
-6.814091205596924
-6.809826374053955
-6.826770782470703
-6.868228912353516
-6.869185447692871
-6.874938488006592
-6.826613426208496
-6.831014156341553
-6.838220596313477
-6.832437515258789
-6.840241432189941
-6.863775730133057
-6.827591419219971
-6.862349033355713
-6.864976406097412
-6.845365047454834
-6.845516204833984
-6.826355934143066
-6.858996868133545
-6.864385604858398
-6.833626747131348
-6.830532073974609
-6.808716773986816
-6.843929767608643
-6.827213764190674
-6.8620781898498535
-6.847219944000244
-6.849833965301514
-6.8524489402771
-6.836862564086914
-6.848086833953857
-6.868365287780762
-6.841667175292969
-6.858110427856445
-6.851409435272217
-6.885879993438721
-6.855356693267822
-6.854426383972168
-6.8621087074279785
-6.860954761505127
-6.850180625915527
-6.813338756561279
-6.874220371246338
-6.870718002319336
-6.84923791885376
-6.8804612159729
-6.862590312957764
-6.8563761711120605
-6.854918003082275
-6.844799518585205
-6.852273464202881
-6.849652290344238
-6.887276649475098
-6.8787522315979
-6.830564975738525
-6.855133056640625
-6.8696722984313965
-6.834384918212891
-6.8797926902771
-6.84285831451416
-6.8361687660217285
-6.862240791320801
-6.853462219238281
-6.851717948913574
-6.885794639587402
-6.840792179107666
-6.8288164138793945
-6.877204895019531
-6.838448524475098
-6.862240791320801
-6.847843170166016
-6.855109691619873
-6.875329494476318
-6.845729351043701
-6.891237258911133
-6.853498458862305
-6.8727593421936035
-6.881485462188721
-6.877900123596191
-6.880444526672363
-6.859400749206543
-6.879696846008301
-6.829014301300049
-6.876324653625488
-6.856265544891357
-6.845596790313721
-6.855774402618408
-6.865283966064453
-6.875816822052002
-6.836525917053223
-6.8834004402160645
-6.860515594482422
-6.8488287925720215
-6.864099979400635
-6.844702243804932
-6.833748817443848
-6.855166435241699
-6.874748229980469
-6.870041847229004
-6.857054233551025
-6.865618705749512
-6.883676528930664
-6.881515026092529
-6.8538031578063965
-6.856954097747803
-6.863236427307129
-6.858524322509766
-6.859012126922607
-6.872152328491211
-6.900604248046875
-6.872822284698486
-6.870290756225586
-6.863426685333252
-6.864152908325195
-6.874714374542236
-6.876754283905029
-6.89568567276001
-6.872611045837402
-6.863270282745361
-6.850583076477051
-6.897319316864014
-6.892675399780273
-6.884444713592529
-6.854780673980713
-6.911581516265869
-6.887299060821533
-6.886538028717041
-6.872585296630859
-6.88930606842041
-6.892858028411865
-6.869676113128662
-6.8935651779174805
-6.859061241149902
-6.871304512023926
-6.898378372192383
-6.895731449127197
-6.8740386962890625
-6.867498397827148
-6.893728733062744
-6.90302848815918
-6.898144721984863
-6.89198637008667
-6.903459072113037
-6.899028301239014
-6.904450416564941
-6.90960693359375
-6.856654167175293
-6.860027313232422
-6.871676445007324
-6.8733415603637695
-6.888808727264404
-6.901596546173096
-6.889655113220215
-6.872795581817627
-6.878288745880127
-6.913397789001465
-6.887200832366943
-6.889457702636719
-6.888291835784912
-6.8626484870910645
-6.879077911376953
-6.900801658630371
-6.8761820793151855
-6.883739471435547
-6.892770767211914
-6.897167205810547
-6.905763149261475
-6.930142879486084
-6.890568256378174
-6.939327239990234
-6.887426376342773
-6.900835037231445
-6.9173479080200195
-6.893102169036865
-6.9191741943359375
-6.901481628417969
-6.927374839782715
-6.899503707885742
-6.9511566162109375
-6.908123016357422
-6.914514541625977
-6.9162750244140625
-6.902616500854492
-6.935492038726807
-6.9366607666015625
-6.926448822021484
-6.931283950805664
-6.944433212280273
-6.901612758636475
-6.925937175750732
-6.911209583282471
-6.924901008605957
-6.955708026885986
-6.933985710144043
-6.922950744628906
-6.919832706451416
-6.963441848754883
-6.924208164215088
-6.910956859588623
-6.918029308319092
-6.952679634094238
-6.92313289642334
-6.955592155456543
-6.940721035003662
-6.956482887268066
-6.969735145568848
-6.927538871765137
-6.936140060424805
-6.937540054321289
-6.993551731109619
-6.968019962310791
-6.982156276702881
-7.008481502532959
-6.97048807144165
-6.986936569213867
-6.978410720825195
-7.0188188552856445
-7.006630897521973
-7.013645648956299
-7.023666858673096
-7.044205188751221
-7.024166584014893
-7.067904472351074
-7.061834812164307
-7.0586042404174805
-7.054314613342285
-7.081446647644043
-7.088590145111084
-7.062459468841553
-7.067488193511963
-7.082006454467773
-7.097379684448242
-7.064305305480957
-7.110129356384277
-7.111237049102783
-7.116337299346924
-7.137831687927246
-7.126114845275879
-7.158026695251465
-7.136380672454834
-7.177325248718262
-7.158583641052246
-7.186426162719727
-7.16958475112915
-7.247937202453613
-7.193582057952881
-7.2355804443359375
-7.258078575134277
-7.270150661468506
-7.287269115447998
-7.268219470977783
-7.316659450531006
-7.381545066833496
-7.395347595214844
-7.391331672668457
-7.460610866546631
-7.481435775756836
-7.483936786651611
-7.488097190856934
-7.5109405517578125
-7.515402793884277
-7.686864852905273
-7.691342830657959
-7.707910537719727
-7.750641345977783
-7.837368965148926
-7.880553245544434
-7.90268611907959
-8.007294654846191
-8.06183910369873
-8.143564224243164
-8.228789329528809
-8.264899253845215
-8.40678882598877
-8.456068992614746
-8.540750503540039
-8.607979774475098
-8.729228019714355
-8.755472183227539
-8.82287883758545
-8.874202728271484
-8.852435111999512
-8.87583065032959
-8.858741760253906
-8.87314224243164
-8.879551887512207
-8.885576248168945
-8.880892753601074
-8.925677299499512
-8.88691520690918
-8.953783988952637
-8.951377868652344
-8.981864929199219
-8.94804859161377
-8.938986778259277
-8.934975624084473
-8.991294860839844
-8.986522674560547
-8.994282722473145
-8.970498085021973
-8.954652786254883
-8.983503341674805
-9.002632141113281
-8.99470329284668
-8.978607177734375
-8.970987319946289
-9.043294906616211
-9.028020858764648
-9.02987003326416
-9.035831451416016
-9.050312995910645
-9.057211875915527
-9.075549125671387
-9.022869110107422
-9.032458305358887
-9.062345504760742
-9.085762023925781
-9.101481437683105
-9.006556510925293
-9.079741477966309
-9.029231071472168
-9.08261489868164
-9.07326602935791
-9.061894416809082
-9.102338790893555
-9.040541648864746
-9.089820861816406
-9.070158958435059
-9.048592567443848
-9.10131549835205
-9.082993507385254
-9.056278228759766
-9.126331329345703
-9.106582641601562
-9.100854873657227
-9.13627815246582
-9.102239608764648
-9.114709854125977
-9.121219635009766
-9.089944839477539
-9.119937896728516
-9.125391960144043
-9.140870094299316
-9.116820335388184
-9.13205623626709
-9.148091316223145
-9.15340805053711
-9.157363891601562
-9.157529830932617
-9.154905319213867
-9.15527629852295
-9.105881690979004
-9.13203239440918
-9.160944938659668
-9.160656929016113
-9.14310359954834
-9.175298690795898
-9.166961669921875
-9.158557891845703
-9.167661666870117
-9.169546127319336
-9.153458595275879
-9.217021942138672
-9.184730529785156
-9.2485990524292
-9.161294937133789
-9.209002494812012
-9.192974090576172
-9.16781234741211
-9.212477684020996
-9.213680267333984
-9.195113182067871
-9.222896575927734
-9.207280158996582
-9.188241958618164
-9.209820747375488
-9.224503517150879
-9.241689682006836
-9.189579010009766
-9.18765640258789
-9.182228088378906
-9.203729629516602
-9.226264953613281
-9.21401309967041
-9.226753234863281
-9.212869644165039
-9.203481674194336
-9.247057914733887
-9.250068664550781
-9.233956336975098
-9.20689582824707
-9.221013069152832
-9.238327026367188
-9.224176406860352
-9.260376930236816
-9.241745948791504
-9.237053871154785
-9.280017852783203
-9.260063171386719
-9.252156257629395
-9.25943374633789
-9.25619125366211
-9.22586727142334
-9.267036437988281
-9.28647518157959
-9.278358459472656
-9.253838539123535
-9.26229476928711
-9.292573928833008
-9.288355827331543
-9.257184028625488
-9.265708923339844
-9.311501502990723
-9.296106338500977
-9.270895004272461
-9.258481979370117
-9.277506828308105
-9.256816864013672
-9.325572967529297
-9.2664794921875
-9.237869262695312
-9.353845596313477
-9.295635223388672
-9.302565574645996
-9.308186531066895
-9.294661521911621
-9.310219764709473
-9.317078590393066
-9.314141273498535
-9.316296577453613
-9.32668685913086
-9.309714317321777
-9.320350646972656
-9.288106918334961
-9.287152290344238
-9.286165237426758
-9.303624153137207
-9.332507133483887
-9.333560943603516
-9.334105491638184
-9.324172973632812
-9.330092430114746
-9.335681915283203
-9.37319564819336
-9.350186347961426
-9.339095115661621
-9.335753440856934
-9.359611511230469
-9.363335609436035
-9.380497932434082
-9.3519868850708
-9.345438957214355
-9.342222213745117
-9.358451843261719
-9.354384422302246
-9.337621688842773
-9.393158912658691
-9.368854522705078
-9.388101577758789
-9.399616241455078
-9.352917671203613
-9.416421890258789
-9.388113021850586
-9.383138656616211
-9.408761024475098
-9.362065315246582
-9.416621208190918
-9.386088371276855
-9.433889389038086
-9.373506546020508
-9.374423027038574
-9.42064094543457
-9.400460243225098
-9.379456520080566
-9.411136627197266
-9.373093605041504
-9.394137382507324
-9.436798095703125
-9.435154914855957
-9.418965339660645
-9.415227890014648
-9.437387466430664
-9.46672534942627
-9.445310592651367
-9.403127670288086
-9.423927307128906
-9.417865753173828
-9.43062973022461
-9.413481712341309
-9.409567832946777
-9.425146102905273
-9.46985912322998
-9.44725513458252
-9.412947654724121
-9.449381828308105
-9.431061744689941
-9.440942764282227
-9.455632209777832
-9.40585994720459
-9.442216873168945
-9.440462112426758
-9.401923179626465
-9.442273139953613
-9.47240161895752
-9.484054565429688
-9.479912757873535
-9.452653884887695
-9.490412712097168
-9.40907096862793
-9.458281517028809
-9.45643424987793
-9.46784782409668
-9.490991592407227
-9.477119445800781
-9.46086597442627
-9.498393058776855
-9.478337287902832
-9.506850242614746
-9.502001762390137
-9.447890281677246
-9.4778470993042
-9.473373413085938
-9.492584228515625
-9.452902793884277
-9.502697944641113
-9.484724044799805
-9.538653373718262
-9.48185920715332
-9.51791763305664
-9.499195098876953
-9.532241821289062
-9.501726150512695
-9.479360580444336
-9.533020973205566
-9.530052185058594
-9.526043891906738
-9.53405475616455
-9.548535346984863
-9.541780471801758
-9.570404052734375
-9.534245491027832
-9.558005332946777
-9.53249454498291
-9.515044212341309
-9.539101600646973
-9.561795234680176
-9.528260231018066
-9.540233612060547
-9.588292121887207
-9.564873695373535
-9.581669807434082
-9.551237106323242
-9.535097122192383
-9.55051326751709
-9.555253982543945
-9.583783149719238
-9.525885581970215
-9.61697769165039
-9.593175888061523
-9.562690734863281
-9.570357322692871
-9.614334106445312
-9.56142520904541
-9.609963417053223
-9.570791244506836
-9.604683876037598
-9.620079040527344
-9.598742485046387
-9.606602668762207
-9.556293487548828
-9.611289978027344
-9.615859031677246
-9.66204833984375
-9.586934089660645
-9.605118751525879
-9.650602340698242
-9.594392776489258
-9.60252571105957
-9.658010482788086
-9.626567840576172
-9.633925437927246
-9.580724716186523
-9.660041809082031
-9.606059074401855
-9.643383026123047
-9.612828254699707
-9.641483306884766
-9.658588409423828
-9.620061874389648
-9.642377853393555
-9.692829132080078
-9.607147216796875
-9.631715774536133
-9.651784896850586
-9.638662338256836
-9.686911582946777
-9.645706176757812
-9.677656173706055
-9.677849769592285
-9.672978401184082
-9.688091278076172
-9.667116165161133
-9.717082977294922
-9.674111366271973
-9.70125961303711
-9.703758239746094
-9.717259407043457
-9.670608520507812
-9.712638854980469
-9.689447402954102
-9.683808326721191
-9.668465614318848
-9.66469955444336
-9.705697059631348
-9.711114883422852
-9.71333122253418
-9.721634864807129
-9.71811580657959
-9.738168716430664
-9.69689655303955
-9.741430282592773
-9.688809394836426
-9.739058494567871
-9.689032554626465
-9.734698295593262
-9.760448455810547
-9.731130599975586
-9.708398818969727
-9.728153228759766
-9.721595764160156
-9.784392356872559
-9.707545280456543
-9.742470741271973
-9.772636413574219
-9.738004684448242
-9.750802993774414
-9.737090110778809
-9.735107421875
-9.787142753601074
-9.771129608154297
-9.768265724182129
-9.76778507232666
-9.73912239074707
-9.792363166809082
-9.825019836425781
-9.768836975097656
-9.839301109313965
-9.80538272857666
-9.821404457092285
-9.808188438415527
-9.805901527404785
-9.82580852508545
-9.779837608337402
-9.81362247467041
-9.853999137878418
-9.81452465057373
-9.839132308959961
-9.825695991516113
-9.805392265319824
-9.83044719696045
-9.821389198303223
-9.824372291564941
-9.83105182647705
-9.836580276489258
-9.793612480163574
-9.825623512268066
-9.881675720214844
-9.827735900878906
-9.876167297363281
-9.831106185913086
-9.853048324584961
-9.823720932006836
-9.866416931152344
-9.885717391967773
-9.83787727355957
-9.83608627319336
-9.850327491760254
-9.865655899047852
-9.834869384765625
-9.85310173034668
-9.859613418579102
-9.871469497680664
-9.860677719116211
-9.846528053283691
-9.867932319641113
-9.871697425842285
-9.872186660766602
-9.87165355682373
-9.891366004943848
-9.88347053527832
-9.91003704071045
-9.884868621826172
-9.89235782623291
-9.877893447875977
-9.889081001281738
-9.914115905761719
-9.904810905456543
-9.856426239013672
-9.893481254577637
-9.888960838317871
-9.88279914855957
-9.916349411010742
-9.911381721496582
-9.932482719421387
-9.936091423034668
-9.88573932647705
-9.966885566711426
-9.927474021911621
-9.95183277130127
-9.906421661376953
-9.915135383605957
-9.89789867401123
-9.888501167297363
-9.941404342651367
-9.93075180053711
-9.936774253845215
-9.953009605407715
-9.960474014282227
-9.983965873718262
-9.96672534942627
-9.959546089172363
-9.972139358520508
-9.969341278076172
-9.954669952392578
-9.924736976623535
-9.962784767150879
-9.945263862609863
-9.965490341186523
-9.962921142578125
-9.9520263671875
-9.981767654418945
-9.971036911010742
-9.960405349731445
-9.997740745544434
-9.966172218322754
-9.961037635803223
-9.972497940063477
-9.983095169067383
-9.997247695922852
-9.965761184692383
-9.960861206054688
-10.006353378295898
-9.981425285339355
-10.021353721618652
-9.977571487426758
-9.992536544799805
-10.021505355834961
-9.990453720092773
-10.018091201782227
-10.009610176086426
-9.998106956481934
-10.012611389160156
-9.995386123657227
-9.99689769744873
-10.010907173156738
-10.017824172973633
-10.033266067504883
-10.030390739440918
-9.97734260559082
-9.989001274108887
-10.011774063110352
-10.009549140930176
-9.989304542541504
-10.002114295959473
-10.016860961914062
-10.028602600097656
-9.972655296325684
-10.031288146972656
-10.06035327911377
-10.029657363891602
-10.016616821289062
-10.01992416381836
-9.997254371643066
-10.060422897338867
-10.000199317932129
-10.074146270751953
-10.018217086791992
-10.012221336364746
-9.993534088134766
-10.011991500854492
-10.039817810058594
-10.030738830566406
-10.020492553710938
-9.99211597442627
-10.057450294494629
-9.99067211151123
-10.031715393066406
-10.022882461547852
-10.041300773620605
-10.036768913269043
-10.011114120483398
-9.98377513885498
-10.036748886108398
-10.041927337646484
-10.04309368133545
-10.073012351989746
-9.955850601196289
-10.029328346252441
-10.028690338134766
-10.018315315246582
-10.071901321411133
-10.037812232971191
-10.043805122375488
-10.055779457092285
-10.047967910766602
-10.030252456665039
-10.006937980651855
-10.066102027893066
-10.038886070251465
-10.01015567779541
-10.048646926879883
-10.04372787475586
-10.031743049621582
-10.073719024658203
-10.02418041229248
-10.001282691955566
-10.050718307495117
-10.04700756072998
-10.05483627319336
-10.050972938537598
-10.050527572631836
-10.064848899841309
-10.075711250305176
-10.045446395874023
-10.096017837524414
-10.058688163757324
-10.060750007629395
-10.040619850158691
-10.042028427124023
-10.074851036071777
-10.0482177734375
-10.055856704711914
-10.072904586791992
-10.060320854187012
-10.055865287780762
-10.073062896728516
-10.100472450256348
-10.077863693237305
-10.072052955627441
-10.074667930603027
-10.089692115783691
-10.053797721862793
-10.059906005859375
-10.10425853729248
-10.060287475585938
-10.074019432067871
-10.07605266571045
-10.076926231384277
-10.05940055847168
-10.07818603515625
-10.101361274719238
-10.096114158630371
-10.080280303955078
-10.072489738464355
-10.077240943908691
-10.054733276367188
-10.058489799499512
-10.05336856842041
-10.103911399841309
-10.101666450500488
-10.103743553161621
-10.099797248840332
-10.102190971374512
-10.07638931274414
-10.09290885925293
-10.093076705932617
-10.107622146606445
-10.097177505493164
-10.113694190979004
-10.102189064025879
-10.099339485168457
-10.087738990783691
-10.108674049377441
-10.088582992553711
-10.06909465789795
-10.10515308380127
-10.102579116821289
-10.10016918182373
-10.103174209594727
-10.112038612365723
-10.113386154174805
-10.107818603515625
-10.093266487121582
-10.121143341064453
-10.10550594329834
-10.106195449829102
-10.102287292480469
-10.10898494720459
-10.091981887817383
-10.091217994689941
-10.125025749206543
-10.107813835144043
-10.104484558105469
-10.083751678466797
-10.101357460021973
-10.082765579223633
-10.099555015563965
-10.105738639831543
-10.128983497619629
-10.110146522521973
-10.113129615783691
-10.141386985778809
-10.12575912475586
-10.11197566986084
-10.112760543823242
-10.09780502319336
-10.118745803833008
-10.127821922302246
-10.122583389282227
-10.11752986907959
-10.122109413146973
-10.104721069335938
-10.116082191467285
-10.131708145141602
-10.12533950805664
-10.117238998413086
-10.098676681518555
-10.106123924255371
-10.109231948852539
-10.114445686340332
-10.124421119689941
-10.138278007507324
-10.122285842895508
-10.098062515258789
-10.121188163757324
-10.135625839233398
-10.107439041137695
-10.112678527832031
-10.115279197692871
-10.117243766784668
-10.133989334106445
-10.116510391235352
-10.139447212219238
-10.08966064453125
-10.132553100585938
-10.133837699890137
-10.111331939697266
-10.136146545410156
-10.13241195678711
-10.124005317687988
-10.13298225402832
-10.126811027526855
-10.103373527526855
-10.131312370300293
-10.157185554504395
-10.115715980529785
-10.104626655578613
-10.143075942993164
-10.118042945861816
-10.107945442199707
-10.153858184814453
-10.133893013000488
-10.150260925292969
-10.169894218444824
-10.153738975524902
-10.148618698120117
-10.135260581970215
-10.149794578552246
-10.141430854797363
-10.164606094360352
-10.125246047973633
-10.149983406066895
-10.14834976196289
-10.11064338684082
-10.14033317565918
-10.138618469238281
-10.118667602539062
-10.143542289733887
-10.151358604431152
-10.153586387634277
-10.132781982421875
-10.138763427734375
-10.130375862121582
-10.137211799621582
-10.149877548217773
-10.134756088256836
-10.124853134155273
-10.144160270690918
-10.140986442565918
-10.149728775024414
-10.15324878692627
-10.153848648071289
-10.153489112854004
-10.142603874206543
-10.155110359191895
-10.14585018157959
-10.137722969055176
-10.152026176452637
-10.172219276428223
-10.144107818603516
-10.161652565002441
-10.151792526245117
-10.168452262878418
-10.162145614624023
-10.171764373779297
-10.166540145874023
-10.147661209106445
-10.140700340270996
-10.137653350830078
-10.135415077209473
-10.143143653869629
-10.146249771118164
-10.154855728149414
-10.166372299194336
-10.174760818481445
-10.163034439086914
-10.16899585723877
-10.160011291503906
-10.171794891357422
-10.169050216674805
-10.170493125915527
-10.165894508361816
-10.167794227600098
-10.13436222076416
-10.165199279785156
-10.144737243652344
-10.14854621887207
-10.162116050720215
-10.148170471191406
-10.164223670959473
-10.14362621307373
-10.170969009399414
-10.166704177856445
-10.139037132263184
-10.152669906616211
-10.172934532165527
-10.167683601379395
-10.167867660522461
-10.17105770111084
-10.195158958435059
-10.175142288208008
-10.181593894958496
-10.146617889404297
-10.17359733581543
-10.181864738464355
-10.166110038757324
-10.170543670654297
-10.166301727294922
-10.167245864868164
-10.16215705871582
-10.17320728302002
-10.17658805847168
-10.177420616149902
-10.149818420410156
-10.186131477355957
-10.192761421203613
-10.176663398742676
-10.167451858520508
-10.161372184753418
-10.19294548034668
-10.17174243927002
-10.170184135437012
-10.171524047851562
-10.159467697143555
-10.201801300048828
-10.165299415588379
-10.180170059204102
-10.184070587158203
-10.17390251159668
-10.185322761535645
-10.187472343444824
-10.15523910522461
-10.194572448730469
-10.175590515136719
-10.17105770111084
-10.178447723388672
-10.192822456359863
-10.180902481079102
-10.178084373474121
-10.175711631774902
-10.189620971679688
-10.197742462158203
-10.177129745483398
-10.1813325881958
-10.187878608703613
-10.192033767700195
-10.193028450012207
-10.202467918395996
-10.167040824890137
-10.209233283996582
-10.189787864685059
-10.16167163848877
-10.187883377075195
-10.183024406433105
-10.196837425231934
-10.182388305664062
-10.174137115478516
-10.189775466918945
-10.201691627502441
-10.187339782714844
-10.173531532287598
-10.199861526489258
-10.201528549194336
-10.19225788116455
-10.181556701660156
-10.188291549682617
-10.190444946289062
-10.17062759399414
-10.20029354095459
-10.200652122497559
-10.220678329467773
-10.180408477783203
-10.202245712280273
-10.190496444702148
-10.17852783203125
-10.195416450500488
-10.181644439697266
-10.209437370300293
-10.181302070617676
-10.201592445373535
-10.184601783752441
-10.203505516052246
-10.185193061828613
-10.193881034851074
-10.186238288879395
-10.1934814453125
-10.201640129089355
-10.19339370727539
-10.187613487243652
-10.19652271270752
-10.176040649414062
-10.179359436035156
-10.185121536254883
-10.17933464050293
-10.203301429748535
-10.199610710144043
-10.21555233001709
-10.197102546691895
-10.191237449645996
-10.205392837524414
-10.19699478149414
-10.202284812927246
-10.197990417480469
-10.193679809570312
-10.202835083007812
-10.21246337890625
-10.210938453674316
-10.190500259399414
-10.196431159973145
-10.20378303527832
-10.197718620300293
-10.201732635498047
-10.206135749816895
-10.188956260681152
-10.197178840637207
-10.218171119689941
-10.21750545501709
-10.20271110534668
-10.198055267333984
-10.187872886657715
-10.215365409851074
-10.211237907409668
-10.22120189666748
-10.221096992492676
-10.186399459838867
-10.188055038452148
-10.208087921142578
-10.22709846496582
-10.200053215026855
-10.214417457580566
-10.220259666442871
-10.223382949829102
-10.205485343933105
-10.213128089904785
-10.201976776123047
-10.219328880310059
-10.198259353637695
-10.203036308288574
-10.223727226257324
-10.209844589233398
-10.183324813842773
-10.210883140563965
-10.20038890838623
-10.212198257446289
-10.220267295837402
-10.2181396484375
-10.216971397399902
-10.225419998168945
-10.227234840393066
-10.206352233886719
-10.224472999572754
-10.202218055725098
-10.231730461120605
-10.227086067199707
-10.224943161010742
-10.214579582214355
-10.22028636932373
-10.222180366516113
-10.225848197937012
-10.209504127502441
-10.240202903747559
-10.215880393981934
-10.242066383361816
-10.207845687866211
-10.232946395874023
-10.221335411071777
-10.211421012878418
-10.22167682647705
-10.237961769104004
-10.232269287109375
-10.227621078491211
-10.227893829345703
-10.208057403564453
-10.23939323425293
-10.222352027893066
-10.20095157623291
-10.216992378234863
-10.210224151611328
-10.216171264648438
-10.220745086669922
-10.23599910736084
-10.215603828430176
-10.230846405029297
-10.22512435913086
-10.22148323059082
-10.234058380126953
-10.198793411254883
-10.19759464263916
-10.232425689697266
-10.20345687866211
-10.184050559997559
-10.209850311279297
-10.235920906066895
-10.224830627441406
-10.239066123962402
-10.217413902282715
-10.235320091247559
-10.205516815185547
-10.227758407592773
-10.237737655639648
-10.250608444213867
-10.202380180358887
-10.225050926208496
-10.218416213989258
-10.19235897064209
-10.220538139343262
-10.234984397888184
-10.22066593170166
-10.198641777038574
-10.22697639465332
-10.246394157409668
-10.212469100952148
-10.23239803314209
-10.224569320678711
-10.226799964904785
-10.209686279296875
-10.228785514831543
-10.228402137756348
-10.236366271972656
-10.222065925598145
-10.224197387695312
-10.250359535217285
-10.260798454284668
-10.214083671569824
-10.23836612701416
-10.217019081115723
-10.226247787475586
-10.233606338500977
-10.219489097595215
-10.239015579223633
-10.220276832580566
-10.230830192565918
-10.234400749206543
-10.229096412658691
-10.228577613830566
-10.233200073242188
-10.244036674499512
-10.247645378112793
-10.237655639648438
-10.246112823486328
-10.242615699768066
-10.261394500732422
-10.24039077758789
-10.242742538452148
-10.231950759887695
-10.244287490844727
-10.239242553710938
-10.225895881652832
-10.23755931854248
-10.22701358795166
-10.249547958374023
-10.234089851379395
-10.244565963745117
-10.231289863586426
-10.246803283691406
-10.246569633483887
-10.25830364227295
-10.220757484436035
-10.245777130126953
-10.240163803100586
-10.256608963012695
-10.230056762695312
-10.228902816772461
-10.231034278869629
-10.253939628601074
-10.222649574279785
-10.229132652282715
-10.235979080200195
-10.218396186828613
-10.243412017822266
-10.233201026916504
-10.231375694274902
-10.25491714477539
-10.226537704467773
-10.239812850952148
-10.226042747497559
-10.254013061523438
-10.247387886047363
-10.23104190826416
-10.241313934326172
-10.259669303894043
-10.240063667297363
-10.248069763183594
-10.273094177246094
-10.244417190551758
-10.254955291748047
-10.25879955291748
-10.265352249145508
-10.23654556274414
-10.254399299621582
-10.249781608581543
-10.25078296661377
-10.241971015930176
-10.244744300842285
-10.252254486083984
-10.255756378173828
-10.255712509155273
-10.2484712600708
-10.249466896057129
-10.249260902404785
-10.247407913208008
-10.25378704071045
-10.243459701538086
-10.248072624206543
-10.25239372253418
-10.256769180297852
-10.24474048614502
-10.249542236328125
-10.264076232910156
-10.249090194702148
-10.216452598571777
-10.264204025268555
-10.247889518737793
-10.221202850341797
-10.240005493164062
-10.258862495422363
-10.245088577270508
-10.259639739990234
-10.241131782531738
-10.237068176269531
-10.248825073242188
-10.26230239868164
-10.257903099060059
-10.255040168762207
-10.269708633422852
-10.255866050720215
-10.248369216918945
-10.253637313842773
-10.25475788116455
-10.279680252075195
-10.231817245483398
-10.237091064453125
-10.256270408630371
-10.237496376037598
-10.248600006103516
-10.27072811126709
-10.256503105163574
-10.264243125915527
-10.261347770690918
-10.256855964660645
-10.252671241760254
-10.26089096069336
-10.26158332824707
-10.270011901855469
-10.234051704406738
-10.249545097351074
-10.255898475646973
-10.224298477172852
-10.25614070892334
-10.244505882263184
-10.236648559570312
-10.273407936096191
-10.257732391357422
-10.24658203125
-10.253429412841797
-10.260655403137207
-10.26551342010498
-10.263677597045898
-10.239164352416992
-10.259613037109375
-10.265995025634766
-10.253294944763184
-10.257282257080078
-10.267660140991211
-10.27241039276123
-10.269190788269043
-10.27456283569336
-10.274593353271484
-10.248863220214844
-10.259234428405762
-10.251205444335938
-10.268291473388672
-10.246184349060059
-10.267843246459961
-10.262255668640137
-10.263994216918945
-10.254278182983398
-10.256552696228027
-10.273518562316895
-10.251703262329102
-10.256360054016113
-10.2631196975708
-10.270832061767578
-10.263233184814453
-10.244874954223633
-10.27079963684082
-10.271324157714844
-10.274493217468262
-10.259961128234863
-10.243436813354492
-10.268295288085938
-10.252050399780273
-10.261463165283203
-10.2599458694458
-10.247197151184082
-10.29025650024414
-10.262882232666016
-10.275717735290527
-10.27646541595459
-10.269895553588867
-10.298197746276855
-10.277639389038086
-10.275428771972656
-10.270331382751465
-10.279017448425293
-10.275240898132324
-10.257155418395996
-10.280037879943848
-10.269951820373535
-10.275660514831543
-10.278120040893555
-10.273444175720215
-10.277610778808594
-10.277594566345215
-10.270371437072754
-10.264086723327637
-10.263143539428711
-10.26970386505127
-10.2864990234375
-10.259913444519043
-10.278923034667969
-10.269593238830566
-10.277445793151855
-10.279000282287598
-10.263647079467773
-10.264497756958008
-10.259336471557617
-10.257340431213379
-10.266860008239746
-10.253128051757812
-10.280828475952148
-10.255621910095215
-10.270807266235352
-10.277620315551758
-10.263692855834961
-10.280190467834473
-10.289713859558105
-10.253460884094238
-10.272686958312988
-10.281073570251465
-10.267701148986816
-10.265230178833008
-10.263616561889648
-10.275758743286133
-10.284940719604492
-10.287137985229492
-10.271027565002441
-10.280779838562012
-10.27375316619873
-10.283408164978027
-10.254983901977539
-10.267647743225098
-10.270577430725098
-10.270780563354492
-10.266090393066406
-10.273858070373535
-10.272974967956543
-10.273405075073242
-10.288477897644043
-10.275625228881836
-10.257911682128906
-10.286165237426758
-10.257611274719238
-10.268486976623535
-10.256495475769043
-10.281767845153809
-10.283218383789062
-10.28477668762207
-10.289633750915527
-10.276638984680176
-10.271651268005371
-10.274559020996094
-10.283391952514648
-10.297471046447754
-10.262016296386719
-10.263861656188965
-10.284997940063477
-10.265287399291992
-10.273811340332031
-10.284883499145508
-10.262088775634766
-10.278088569641113
-10.308736801147461
-10.285257339477539
-10.274323463439941
-10.28400707244873
-10.276350975036621
-10.2841796875
-10.279288291931152
-10.304152488708496
-10.294257164001465
-10.268152236938477
-10.282186508178711
-10.274465560913086
-10.277388572692871
-10.279276847839355
-10.282968521118164
-10.271636962890625
-10.27284049987793
-10.295351028442383
-10.287334442138672
-10.280596733093262
-10.25833511352539
-10.276939392089844
-10.287474632263184
-10.263100624084473
-10.279742240905762
-10.292924880981445
-10.285407066345215
-10.28460693359375
-10.282818794250488
-10.280012130737305
-10.28540325164795
-10.292052268981934
-10.302206993103027
-10.288019180297852
-10.28679084777832
-10.277918815612793
-10.289616584777832
-10.279894828796387
-10.287931442260742
-10.281390190124512
-10.288026809692383
-10.299208641052246
-10.27851390838623
-10.281573295593262
-10.295126914978027
-10.281193733215332
-10.284090995788574
-10.289925575256348
-10.287602424621582
-10.25834846496582
-10.285013198852539
-10.282904624938965
-10.301614761352539
-10.28304386138916
-10.278087615966797
-10.302102088928223
-10.272686004638672
-10.283477783203125
-10.298683166503906
-10.29149341583252
-10.299029350280762
-10.30088996887207
-10.284090995788574
-10.291199684143066
-10.303461074829102
-10.279133796691895
-10.29253101348877
-10.287857055664062
-10.29377269744873
-10.313698768615723
-10.26956558227539
-10.297842025756836
-10.305368423461914
-10.274491310119629
-10.277627944946289
-10.28617000579834
-10.286093711853027
-10.290420532226562
-10.279773712158203
-10.286006927490234
-10.286470413208008
-10.279717445373535
-10.30373764038086
-10.252426147460938
-10.289592742919922
-10.30180549621582
-10.300930976867676
-10.295350074768066
-10.302658081054688
-10.286871910095215
-10.296085357666016
-10.315550804138184
-10.297261238098145
-10.296449661254883
-10.29401683807373
-10.284464836120605
-10.294713020324707
-10.295279502868652
-10.301335334777832
-10.285916328430176
-10.28856086730957
-10.293170928955078
-10.300958633422852
-10.299311637878418
-10.286096572875977
-10.304292678833008
-10.296345710754395
-10.296846389770508
-10.296894073486328
-10.311095237731934
-10.304861068725586
-10.29633903503418
-10.301468849182129
-10.302844047546387
-10.250882148742676
-10.303833961486816
-10.27364730834961
-10.264983177185059
-10.293376922607422
-10.297741889953613
-10.263069152832031
-10.289778709411621
-10.300375938415527
-10.29718017578125
-10.290314674377441
-10.309460639953613
-10.28901481628418
-10.296018600463867
-10.299552917480469
-10.283024787902832
-10.300138473510742
-10.292351722717285
-10.270031929016113
-10.29705810546875
-10.289642333984375
-10.278194427490234
-10.308581352233887
-10.284845352172852
-10.307445526123047
-10.29218864440918
-10.30848217010498
-10.300433158874512
-10.307559967041016
-10.278831481933594
-10.308709144592285
-10.297154426574707
-10.29165267944336
-10.272566795349121
-10.306580543518066
-10.307047843933105
-10.310076713562012
-10.31130599975586
-10.293862342834473
-10.302268028259277
-10.304362297058105
-10.314068794250488
-10.293633460998535
-10.303552627563477
-10.305243492126465
-10.317146301269531
-10.30937671661377
-10.300437927246094
-10.302927017211914
-10.312862396240234
-10.285515785217285
-10.299144744873047
-10.297690391540527
-10.320135116577148
-10.294124603271484
-10.300311088562012
-10.288447380065918
-10.28739070892334
-10.305569648742676
-10.287459373474121
-10.310253143310547
-10.271142959594727
-10.293463706970215
-10.308274269104004
-10.286091804504395
-10.278045654296875
-10.311692237854004
-10.236296653747559
-10.325316429138184
-10.32088851928711
-10.303894996643066
-10.301567077636719
-10.307150840759277
-10.301491737365723
-10.311908721923828
-10.32970905303955
-10.308137893676758
-10.305561065673828
-10.295190811157227
-10.291872024536133
-10.297869682312012
-10.310075759887695
-10.309296607971191
-10.265057563781738
-10.305994033813477
-10.293612480163574
-10.267916679382324
-10.302494049072266
-10.314604759216309
-10.296971321105957
-10.255215644836426
-10.308505058288574
-10.29829216003418
-10.264385223388672
-10.318158149719238
-10.294371604919434
-10.2977294921875
-10.309478759765625
-10.30804443359375
-10.32347297668457
-10.30504322052002
-10.288171768188477
-10.2965087890625
-10.30385684967041
-10.29787540435791
-10.287485122680664
-10.306427001953125
-10.272072792053223
-10.280299186706543
-10.311330795288086
-10.328119277954102
-10.281451225280762
-10.309521675109863
-10.312993049621582
-10.307483673095703
-10.285174369812012
-10.302790641784668
-10.315688133239746
-10.286826133728027
-10.272490501403809
-10.307684898376465
-10.309637069702148
-10.292547225952148
-10.2960786819458
-10.327345848083496
-10.267940521240234
-10.29403018951416
-10.302116394042969
-10.315042495727539
-10.27822494506836
-10.301135063171387
-10.322269439697266
-10.296496391296387
-10.297367095947266
-10.298211097717285
-10.297746658325195
-10.296978950500488
-10.299169540405273
-10.312841415405273
-10.29598617553711
-10.29213809967041
-10.298861503601074
-10.310050964355469
-10.313642501831055
-10.287169456481934
-10.310650825500488
-10.319038391113281
-10.301983833312988
-10.282254219055176
-10.306070327758789
-10.30837631225586
-10.295538902282715
-10.291753768920898
-10.320281028747559
-10.255558013916016
-10.287886619567871
-10.311976432800293
-10.284399032592773
-10.290328025817871
-10.326684951782227
-10.328288078308105
-10.290996551513672
-10.305387496948242
-10.316083908081055
-10.307873725891113
-10.283707618713379
-10.321651458740234
-10.316553115844727
-10.28329849243164
-10.314846992492676
-10.314505577087402
-10.323114395141602
-10.300642013549805
-10.308448791503906
-10.317676544189453
-10.319073677062988
-10.327217102050781
-10.309685707092285
-10.333639144897461
-10.316776275634766
-10.316204071044922
-10.307107925415039
-10.309859275817871
-10.321823120117188
-10.33135986328125
-10.31212043762207
-10.324620246887207
-10.318634033203125
-10.318849563598633
-10.318880081176758
-10.323169708251953
-10.317310333251953
-10.34805679321289
-10.306683540344238
-10.319570541381836
-10.30902099609375
-10.315778732299805
-10.311418533325195
-10.31316089630127
-10.32636547088623
-10.328439712524414
-10.298831939697266
-10.32029914855957
-10.322425842285156
-10.310530662536621
-10.322844505310059
-10.322615623474121
-10.323270797729492
-10.287331581115723
-10.330126762390137
-10.334440231323242
-10.314908981323242
-10.300960540771484
-10.299769401550293
-10.329085350036621
-10.287032127380371
-10.296182632446289
-10.333269119262695
-10.317474365234375
-10.321980476379395
-10.314184188842773
-10.32009220123291
-10.324407577514648
-10.326713562011719
-10.31750202178955
-10.32593059539795
-10.322648048400879
-10.293663024902344
-10.32612419128418
-10.332740783691406
-10.313178062438965
-10.31716537475586
-10.330792427062988
-10.32027530670166
-10.30229377746582
-10.3147554397583
-10.33179759979248
-10.301722526550293
-10.330491065979004
-10.345155715942383
-10.318102836608887
-10.319194793701172
-10.326916694641113
-10.309998512268066
-10.32596206665039
-10.332732200622559
-10.319211959838867
-10.331615447998047
-10.33206558227539
-10.32026481628418
-10.326309204101562
-10.30493450164795
-10.318819046020508
-10.333889961242676
-10.32554817199707
-10.306255340576172
-10.318037033081055
-10.324885368347168
-10.322657585144043
-10.334879875183105
-10.32365608215332
-10.316373825073242
-10.326740264892578
-10.34355354309082
-10.331738471984863
-10.313535690307617
-10.32486629486084
-10.31992244720459
-10.3256254196167
-10.333548545837402
-10.339112281799316
-10.329874038696289
-10.330114364624023
-10.334074020385742
-10.33017349243164
-10.319766998291016
-10.325923919677734
-10.3283052444458
-10.338489532470703
-10.317545890808105
-10.336331367492676
-10.325374603271484
-10.342453002929688
-10.327953338623047
-10.334628105163574
-10.340688705444336
-10.332721710205078
-10.317692756652832
-10.318870544433594
-10.319368362426758
-10.324806213378906
-10.334278106689453
-10.320711135864258
-10.324813842773438
-10.33997631072998
-10.331645965576172
-10.32813549041748
-10.338574409484863
-10.32502555847168
-10.320881843566895
-10.332839965820312
-10.313671112060547
-10.32409381866455
-10.327363967895508
-10.340149879455566
-10.333398818969727
-10.32094955444336
-10.337103843688965
-10.338817596435547
-10.328073501586914
-10.32017993927002
-10.336240768432617
-10.325051307678223
-10.311822891235352
-10.341758728027344
-10.338178634643555
-10.325785636901855
-10.33769702911377
-10.329882621765137
-10.303924560546875
-10.317391395568848
-10.32455062866211
-10.319169044494629
-10.300609588623047
-10.334153175354004
-10.314972877502441
-10.297746658325195
-10.318028450012207
-10.326601028442383
-10.334325790405273
-10.286059379577637
-10.319382667541504
-10.338960647583008
-10.303504943847656
-10.315068244934082
-10.296186447143555
-10.328987121582031
-10.31888484954834
-10.314702033996582
-10.33039379119873
-10.335755348205566
-10.330138206481934
-10.325386047363281
-10.342806816101074
-10.324094772338867
-10.3155517578125
-10.328028678894043
-10.330667495727539
-10.330904960632324
-10.323322296142578
-10.33535385131836
-10.332365989685059
-10.342916488647461
-10.344343185424805
-10.358583450317383
-10.32376766204834
-10.324990272521973
-10.366860389709473
-10.317543983459473
-10.337618827819824
-10.340971946716309
-10.339232444763184
-10.346661567687988
-10.305116653442383
-10.350631713867188
-10.332963943481445
-10.333035469055176
-10.338173866271973
-10.334526062011719
-10.34081745147705
-10.350279808044434
-10.323224067687988
-10.33957290649414
-10.347207069396973
-10.339560508728027
-10.343835830688477
-10.340206146240234
-10.307888984680176
-10.350118637084961
-10.343894958496094
-10.334808349609375
-10.335434913635254
-10.346192359924316
-10.33521556854248
-10.34302806854248
-10.336956977844238
-10.34819507598877
-10.340380668640137
-10.347460746765137
-10.339154243469238
-10.33747386932373
-10.341336250305176
-10.329242706298828
-10.335092544555664
-10.335121154785156
-10.326019287109375
-10.354217529296875
-10.331917762756348
-10.349467277526855
-10.344669342041016
-10.34211540222168
-10.348848342895508
-10.348155975341797
-10.332191467285156
-10.336969375610352
-10.336739540100098
-10.344011306762695
-10.342208862304688
-10.352312088012695
-10.35026741027832
-10.351044654846191
-10.347546577453613
-10.346963882446289
-10.34437084197998
-10.346922874450684
-10.334700584411621
-10.339323997497559
-10.34868049621582
-10.347070693969727
-10.346996307373047
-10.335639953613281
-10.328277587890625
-10.339544296264648
-10.348201751708984
-10.343707084655762
-10.341560363769531
-10.334992408752441
-10.340303421020508
-10.342503547668457
-10.345466613769531
-10.342923164367676
-10.33845043182373
-10.352880477905273
-10.33435344696045
-10.33217716217041
-10.330032348632812
-10.341713905334473
-10.336573600769043
-10.349297523498535
-10.339376449584961
-10.345121383666992
-10.345939636230469
-10.340410232543945
-10.347338676452637
-10.337849617004395
-10.343697547912598
-10.341028213500977
-10.344761848449707
-10.342094421386719
-10.345195770263672
-10.337489128112793
-10.349709510803223
-10.344616889953613
-10.354276657104492
-10.342714309692383
-10.347074508666992
-10.34805965423584
-10.347712516784668
-10.3356351852417
-10.350690841674805
-10.347197532653809
-10.33563232421875
-10.333586692810059
-10.339576721191406
-10.349824905395508
-10.34850025177002
-10.345918655395508
-10.347845077514648
-10.344579696655273
-10.340578079223633
-10.325987815856934
-10.325672149658203
-10.340466499328613
-10.332018852233887
-10.348687171936035
-10.35272216796875
-10.330781936645508
-10.335144996643066
-10.363049507141113
-10.328910827636719
-10.337437629699707
-10.351789474487305
-10.353463172912598
-10.350147247314453
-10.335424423217773
-10.348801612854004
-10.33256721496582
-10.348381042480469
-10.335311889648438
-10.33559513092041
-10.346946716308594
-10.337738990783691
-10.344266891479492
-10.31857681274414
-10.352481842041016
-10.342073440551758
-10.35653018951416
-10.352599143981934
-10.347497940063477
-10.34689712524414
-10.339558601379395
-10.351970672607422
-10.328985214233398
-10.3483304977417
-10.349369049072266
-10.337360382080078
-10.354941368103027
-10.34249210357666
-10.342520713806152
-10.34575080871582
-10.35816478729248
-10.359530448913574
-10.344426155090332
-10.365157127380371
-10.3467435836792
-10.361017227172852
-10.352348327636719
-10.34473705291748
-10.350762367248535
-10.365164756774902
-10.324567794799805
-10.344837188720703
-10.351958274841309
-10.35281753540039
-10.346193313598633
-10.330349922180176
-10.357084274291992
-10.348875045776367
-10.347437858581543
-10.350163459777832
-10.35019588470459
-10.355953216552734
-10.355262756347656
-10.376360893249512
-10.323724746704102
-10.349475860595703
-10.351929664611816
-10.337068557739258
-10.338336944580078
-10.341230392456055
-10.36056137084961
-10.358814239501953
-10.343713760375977
-10.351518630981445
-10.35299015045166
-10.359405517578125
-10.341996192932129
-10.354775428771973
-10.353919982910156
-10.335033416748047
-10.34144401550293
-10.339488983154297
-10.346238136291504
-10.359349250793457
-10.337815284729004
-10.356659889221191
-10.338502883911133
-10.350399017333984
-10.366595268249512
-10.351752281188965
-10.371283531188965
-10.346766471862793
-10.346260070800781
-10.3475341796875
-10.367411613464355
-10.383343696594238
-10.296358108520508
-10.3441162109375
-10.35928726196289
-10.340203285217285
-10.353357315063477
-10.346708297729492
-10.351966857910156
-10.356913566589355
-10.35609245300293
-10.354511260986328
-10.36165714263916
-10.35622787475586
-10.34592342376709
-10.348835945129395
-10.357345581054688
-10.34223461151123
-10.363739967346191
-10.334573745727539
-10.313760757446289
-10.316581726074219
-10.352785110473633
-10.332784652709961
-10.346088409423828
-10.34943675994873
-10.343700408935547
-10.330134391784668
-10.355362892150879
-10.352360725402832
-10.353840827941895
-10.347057342529297
-10.362983703613281
-10.357770919799805
-10.348587036132812
-10.347556114196777
-10.361237525939941
-10.35919189453125
-10.3270845413208
-10.351552963256836
-10.363064765930176
-10.35940933227539
-10.335941314697266
-10.349300384521484
-10.366374015808105
-10.35183334350586
-10.343412399291992
-10.357419967651367
-10.347354888916016
-10.359002113342285
-10.342348098754883
-10.357284545898438
-10.366214752197266
-10.352518081665039
-10.35739517211914
-10.356764793395996
-10.355899810791016
-10.363777160644531
-10.366171836853027
-10.353254318237305
-10.354280471801758
-10.346684455871582
-10.356325149536133
-10.358625411987305
-10.364237785339355
-10.360828399658203
-10.334305763244629
-10.363017082214355
-10.362038612365723
-10.352421760559082
-10.365303993225098
-10.380812644958496
-10.371108055114746
-10.334083557128906
-10.381461143493652
-10.351551055908203
-10.354257583618164
-10.357010841369629
-10.365108489990234
-10.361053466796875
-10.369112014770508
-10.339250564575195
-10.345706939697266
-10.369961738586426
-10.361595153808594
-10.359505653381348
-10.36058521270752
-10.344596862792969
-10.363627433776855
-10.370292663574219
-10.366024017333984
-10.361708641052246
-10.377594947814941
-10.358165740966797
-10.34255313873291
-10.356475830078125
-10.353318214416504
-10.36025619506836
-10.368631362915039
-10.345207214355469
-10.357028007507324
-10.361934661865234
-10.353828430175781
-10.36436939239502
-10.357789993286133
-10.356542587280273
-10.36559009552002
-10.33752727508545
-10.307761192321777
-10.374174118041992
-10.36731243133545
-10.349865913391113
-10.33189868927002
-10.366427421569824
-10.364715576171875
-10.36250114440918
-10.324085235595703
-10.390240669250488
-10.35225772857666
-10.367232322692871
-10.319123268127441
-10.355751991271973
-10.367965698242188
-10.287604331970215
-10.365114212036133
-10.366828918457031
-10.378016471862793
-10.366687774658203
-10.371706008911133
-10.35861587524414
-10.36532211303711
-10.341227531433105
-10.3600435256958
-10.356649398803711
-10.358832359313965
-10.350923538208008
-10.370957374572754
-10.374686241149902
-10.349913597106934
-10.324329376220703
-10.361429214477539
-10.356115341186523
-10.3621187210083
-10.3432035446167
-10.371162414550781
-10.35854434967041
-10.346170425415039
-10.36038589477539
-10.361495971679688
-10.368295669555664
-10.362617492675781
-10.350234985351562
-10.367639541625977
-10.367234230041504
-10.373141288757324
-10.380420684814453
-10.331570625305176
-10.35282039642334
-10.35786247253418
-10.344261169433594
-10.37610149383545
-10.32011890411377
-10.342034339904785
-10.373878479003906
-10.357962608337402
-10.355962753295898
-10.360712051391602
-10.373680114746094
-10.350960731506348
-10.355040550231934
-10.376553535461426
-10.364243507385254
-10.363531112670898
-10.36469554901123
-10.37033748626709
-10.361955642700195
-10.365480422973633
-10.356450080871582
-10.394689559936523
-10.366592407226562
-10.370379447937012
-10.32882022857666
-10.375068664550781
-10.346638679504395
-10.344642639160156
-10.363716125488281
-10.370414733886719
-10.358698844909668
-10.365898132324219
-10.365372657775879
-10.364995002746582
-10.375603675842285
-10.3501558303833
-10.366963386535645
-10.358283996582031
-10.370450019836426
-10.34289264678955
-10.328690528869629
-10.350713729858398
-10.374137878417969
-10.346778869628906
-10.331622123718262
-10.34320068359375
-10.379045486450195
-10.329734802246094
-10.301579475402832
-10.389766693115234
-10.364924430847168
-10.362089157104492
-10.342813491821289
-10.346065521240234
-10.346067428588867
-10.371369361877441
-10.356627464294434
-10.33226203918457
-10.358068466186523
-10.380766868591309
-10.36922550201416
-10.352082252502441
-10.359701156616211
-10.362826347351074
-10.380937576293945
-10.375603675842285
-10.375579833984375
-10.317416191101074
-10.356497764587402
-10.367241859436035
-10.35433578491211
-10.347042083740234
-10.366500854492188
-10.370256423950195
-10.3576021194458
-10.334977149963379
-10.377496719360352
-10.377482414245605
-10.36168098449707
-10.350358963012695
-10.361401557922363
-10.372672080993652
-10.330096244812012
-10.370440483093262
-10.372114181518555
-10.378212928771973
-10.351323127746582
-10.368061065673828
-10.37623119354248
-10.369718551635742
-10.361677169799805
-10.37924575805664
-10.351463317871094
-10.368789672851562
-10.371384620666504
-10.371411323547363
-10.36575698852539
-10.367130279541016
-10.371017456054688
-10.355076789855957
-10.365371704101562
-10.356180191040039
-10.374119758605957
-10.363443374633789
-10.360383033752441
-10.365116119384766
-10.37370491027832
-10.365050315856934
-10.370705604553223
-10.36387825012207
-10.370330810546875
-10.365777015686035
-10.342585563659668
-10.353614807128906
-10.366329193115234
-10.383691787719727
-10.32855224609375
-10.36289119720459
-10.37382984161377
-10.375405311584473
-10.368572235107422
-10.362505912780762
-10.37415599822998
-10.362966537475586
-10.370612144470215
-10.343856811523438
-10.325423240661621
-10.345552444458008
-10.37962532043457
-10.366308212280273
-10.35421085357666
-10.357580184936523
-10.364425659179688
-10.411783218383789
-10.348816871643066
-10.380703926086426
-10.370328903198242
-10.363394737243652
-10.370288848876953
-10.378666877746582
-10.362947463989258
-10.362931251525879
-10.36607837677002
-10.352311134338379
-10.379671096801758
-10.363582611083984
-10.373717308044434
-10.362239837646484
-10.366294860839844
-10.378608703613281
-10.369287490844727
-10.376715660095215
-10.376570701599121
-10.370917320251465
-10.374076843261719
-10.371752738952637
-10.379364013671875
-10.37990665435791
-10.3751220703125
-10.372772216796875
-10.373653411865234
-10.38271427154541
-10.375231742858887
-10.376265525817871
-10.3648681640625
-10.3703031539917
-10.375837326049805
-10.372068405151367
-10.374214172363281
-10.383282661437988
-10.39283561706543
-10.336806297302246
-10.379793167114258
-10.386502265930176
-10.376395225524902
-10.378243446350098
-10.372239112854004
-10.383467674255371
-10.381083488464355
-10.371780395507812
-10.368927955627441
-10.366912841796875
-10.361876487731934
-10.366317749023438
-10.37759780883789
-10.368854522705078
-10.380814552307129
-10.364028930664062
-10.374092102050781
-10.372594833374023
-10.369032859802246
-10.3750638961792
-10.372716903686523
-10.387811660766602
-10.369077682495117
-10.369757652282715
-10.370795249938965
-10.365569114685059
-10.359354972839355
-10.370823860168457
-10.357098579406738
-10.358521461486816
-10.380352020263672
-10.379616737365723
-10.372174263000488
-10.352278709411621
-10.37822151184082
-10.367021560668945
-10.374969482421875
-10.375134468078613
-10.373172760009766
-10.383722305297852
-10.374302864074707
-10.380232810974121
-10.366140365600586
-10.36916446685791
-10.377708435058594
-10.377099990844727
-10.371179580688477
-10.367368698120117
-10.37808609008789
-10.369367599487305
-10.367317199707031
-10.382698059082031
-10.37749195098877
-10.373961448669434
-10.348531723022461
-10.379384994506836
-10.378987312316895
-10.374181747436523
-10.35397720336914
-10.37395191192627
-10.38248348236084
-10.366482734680176
-10.378490447998047
-10.39306640625
-10.3580322265625
-10.380507469177246
-10.37883472442627
-10.369124412536621
-10.379680633544922
-10.386242866516113
-10.373333930969238
-10.369670867919922
-10.37701416015625
-10.379534721374512
-10.370736122131348
-10.381464958190918
-10.37682819366455
-10.393182754516602
-10.367181777954102
-10.395370483398438
-10.373082160949707
-10.37625789642334
-10.378744125366211
-10.371463775634766
-10.368855476379395
-10.377172470092773
-10.380271911621094
-10.384969711303711
-10.382683753967285
-10.391838073730469
-10.364185333251953
-10.390074729919434
-10.38318920135498
-10.38205623626709
-10.38623046875
-10.38039779663086
-10.382744789123535
-10.393977165222168
-10.378640174865723
-10.397452354431152
-10.38072681427002
-10.37227725982666
-10.387419700622559
-10.374329566955566
-10.373065948486328
-10.377766609191895
-10.36935043334961
-10.387044906616211
-10.395318031311035
-10.374974250793457
-10.34471321105957
-10.38611888885498
-10.378402709960938
-10.365700721740723
-10.384745597839355
-10.381549835205078
-10.392560958862305
-10.364897727966309
-10.364102363586426
-10.393312454223633
-10.378164291381836
-10.378494262695312
-10.380447387695312
-10.37093448638916
-10.376280784606934
-10.386418342590332
-10.384805679321289
-10.383597373962402
-10.387321472167969
-10.3795804977417
-10.380080223083496
-10.387924194335938
-10.377483367919922
-10.384946823120117
-10.390448570251465
-10.377549171447754
-10.359729766845703
-10.389764785766602
-10.386512756347656
-10.371349334716797
-10.354843139648438
-10.39320182800293
-10.387497901916504
-10.380892753601074
-10.387141227722168
-10.37889289855957
-10.388463973999023
-10.383279800415039
-10.378232955932617
-10.366443634033203
-10.375892639160156
-10.363738059997559
-10.355245590209961
-10.386980056762695
-10.3796968460083
-10.356100082397461
-10.382065773010254
-10.388982772827148
-10.385591506958008
-10.374273300170898
-10.368562698364258
-10.372244834899902
-10.375926971435547
-10.371587753295898
-10.375320434570312
-10.39411735534668
-10.396648406982422
-10.386350631713867
-10.383512496948242
-10.381231307983398
-10.382715225219727
-10.37652587890625
-10.392735481262207
-10.378447532653809
-10.37711238861084
-10.39062786102295
-10.388960838317871
-10.383400917053223
-10.382879257202148
-10.373888969421387
-10.382614135742188
-10.389378547668457
-10.367325782775879
-10.377021789550781
-10.39102554321289
-10.365535736083984
-10.386561393737793
-10.397902488708496
-10.402904510498047
-10.369321823120117
-10.40292739868164
-10.39084243774414
-10.370062828063965
-10.376112937927246
-10.371508598327637
-10.371297836303711
-10.389385223388672
-10.372973442077637
-10.381957054138184
-10.384688377380371
-10.3828125
-10.375760078430176
-10.38008975982666
-10.3798189163208
-10.379166603088379
-10.390571594238281
-10.383735656738281
-10.388538360595703
-10.390081405639648
-10.393397331237793
-10.393510818481445
-10.383488655090332
-10.399091720581055
-10.378046035766602
-10.391762733459473
-10.393601417541504
-10.377039909362793
-10.379801750183105
-10.388371467590332
-10.384465217590332
-10.393162727355957
-10.373101234436035
-10.389181137084961
-10.378851890563965
-10.398293495178223
-10.392725944519043
-10.384209632873535
-10.384113311767578
-10.392958641052246
-10.388731956481934
-10.351784706115723
-10.369938850402832
-10.397931098937988
-10.38667106628418
-10.382813453674316
-10.385541915893555
-10.396634101867676
-10.377110481262207
-10.369441986083984
-10.381414413452148
-10.394554138183594
-10.389069557189941
-10.348306655883789
-10.393882751464844
-10.386198043823242
-10.382774353027344
-10.381235122680664
-10.37598705291748
-10.406622886657715
-10.400677680969238
-10.382585525512695
-10.38017463684082
-10.383929252624512
-10.387454986572266
-10.389754295349121
-10.388498306274414
-10.394330978393555
-10.399270057678223
-10.397514343261719
-10.380088806152344
-10.3812255859375
-10.39238166809082
-10.38851547241211
-10.381288528442383
-10.381516456604004
-10.397521018981934
-10.35661506652832
-10.398353576660156
-10.398306846618652
-10.391515731811523
-10.38577651977539
-10.370944023132324
-10.382584571838379
-10.391107559204102
-10.386082649230957
-10.380437850952148
-10.376591682434082
-10.394482612609863
-10.390603065490723
-10.3693265914917
-10.39442253112793
-10.399337768554688
-10.3754243850708
-10.388228416442871
-10.367207527160645
-10.38787841796875
-10.386970520019531
-10.386858940124512
-10.376073837280273
-10.385995864868164
-10.411009788513184
-10.370437622070312
-10.361763000488281
-10.392191886901855
-10.36870002746582
-10.390558242797852
-10.390613555908203
-10.378939628601074
-10.397269248962402
-10.392446517944336
-10.400121688842773
-10.394511222839355
-10.395276069641113
-10.396505355834961
-10.39355182647705
-10.392793655395508
-10.3888521194458
-10.378435134887695
-10.39838695526123
-10.390616416931152
-10.402910232543945
-10.379210472106934
-10.391934394836426
-10.405088424682617
-10.37419605255127
-10.377893447875977
-10.402688980102539
-10.3998441696167
-10.390642166137695
-10.38669204711914
-10.395137786865234
-10.401795387268066
-10.389299392700195
-10.387282371520996
-10.406516075134277
-10.391324996948242
-10.396636009216309
-10.417088508605957
-10.392854690551758
-10.401975631713867
-10.379234313964844
-10.39287281036377
-10.3880615234375
-10.385143280029297
-10.378617286682129
-10.397597312927246
-10.368746757507324
-10.386322021484375
-10.376151084899902
-10.38589096069336
-10.380865097045898
-10.365921974182129
-10.400510787963867
-10.392766952514648
-10.374234199523926
-10.390998840332031
-10.382336616516113
-10.385506629943848
-10.386719703674316
-10.38033390045166
-10.383987426757812
-10.414850234985352
-10.37791919708252
-10.353544235229492
-10.367751121520996
-10.399928092956543
-10.355661392211914
-10.386860847473145
-10.373845100402832
-10.403223037719727
-10.338805198669434
-10.397431373596191
-10.379271507263184
-10.393376350402832
-10.389335632324219
-10.368374824523926
-10.390748977661133
-10.417850494384766
-10.380731582641602
-10.379050254821777
-10.349952697753906
-10.38988971710205
-10.389890670776367
-10.375049591064453
-10.387968063354492
-10.389543533325195
-10.388419151306152
-10.40579605102539
-10.418116569519043
-10.38658618927002
-10.403648376464844
-10.39484977722168
-10.387979507446289
-10.38672924041748
-10.401873588562012
-10.394652366638184
-10.403616905212402
-10.394319534301758
-10.402125358581543
-10.377886772155762
-10.404427528381348
-10.39375114440918
-10.398809432983398
-10.372176170349121
-10.394678115844727
-10.389139175415039
-10.412955284118652
-10.370367050170898
-10.378113746643066
-10.399884223937988
-10.394611358642578
-10.383482933044434
-10.38482666015625
-10.393573760986328
-10.403502464294434
-10.383511543273926
-10.36345100402832
-10.400765419006348
-10.390783309936523
-10.388284683227539
-10.373462677001953
-10.393479347229004
-10.401268005371094
-10.382991790771484
-10.35307788848877
-10.394335746765137
-10.389788627624512
-10.383094787597656
-10.387503623962402
-10.395979881286621
-10.402321815490723
-10.383734703063965
-10.383905410766602
-10.362071990966797
-10.399062156677246
-10.380892753601074
-10.390477180480957
-10.393558502197266
-10.389239311218262
-10.410480499267578
-10.377400398254395
-10.39708423614502
-10.403230667114258
-10.402708053588867
-10.39825439453125
-10.38103199005127
-10.406417846679688
-10.402000427246094
-10.388084411621094
-10.410975456237793
-10.39989185333252
-10.414481163024902
-10.412919998168945
-10.405570983886719
-10.404745101928711
-10.378321647644043
-10.401878356933594
-10.386293411254883
-10.395899772644043
-10.386327743530273
-10.401209831237793
-10.389204978942871
-10.398194313049316
-10.404975891113281
-10.39432144165039
-10.397613525390625
-10.401261329650879
-10.400161743164062
-10.393328666687012
-10.401379585266113
-10.401026725769043
-10.408941268920898
-10.40079402923584
-10.388005256652832
-10.385095596313477
-10.404029846191406
-10.401273727416992
-10.395440101623535
-10.41254711151123
-10.409297943115234
-10.41662311553955
-10.38965892791748
-10.369895935058594
-10.40990161895752
-10.390093803405762
-10.381644248962402
-10.402545928955078
-10.41048812866211
-10.409947395324707
-10.346269607543945
-10.414385795593262
-10.401551246643066
-10.397285461425781
-10.3973970413208
-10.400413513183594
-10.402670860290527
-10.415594100952148
-10.377676963806152
-10.373886108398438
-10.380147933959961
-10.404372215270996
-10.38497257232666
-10.3919677734375
-10.40122127532959
-10.399510383605957
-10.374746322631836
-10.384343147277832
-10.40881061553955
-10.409780502319336
-10.40451431274414
-10.405939102172852
-10.413031578063965
-10.394868850708008
-10.416543960571289
-10.404437065124512
-10.384984970092773
-10.399556159973145
-10.387811660766602
-10.384181022644043
-10.402974128723145
-10.385683059692383
-10.406235694885254
-10.408513069152832
-10.391218185424805
-10.40476131439209
-10.39113998413086
-10.393952369689941
-10.405195236206055
-10.407255172729492
-10.395432472229004
-10.40556526184082
-10.400391578674316
-10.392803192138672
-10.389776229858398
-10.402728080749512
-10.385782241821289
-10.383350372314453
-10.417284965515137
-10.416196823120117
-10.403743743896484
-10.395959854125977
-10.42271900177002
-10.382941246032715
-10.382718086242676
-10.400732040405273
-10.399703979492188
-10.397249221801758
-10.397992134094238
-10.417078971862793
-10.400729179382324
-10.402069091796875
-10.423285484313965
-10.390081405639648
-10.399884223937988
-10.390589714050293
-10.389974594116211
-10.369203567504883
-10.399306297302246
-10.3915433883667
-10.400838851928711
-10.407313346862793
-10.383866310119629
-10.399765014648438
-10.363778114318848
-10.37049388885498
-10.394078254699707
-10.392842292785645
-10.381307601928711
-10.415017127990723
-10.405036926269531
-10.393930435180664
-10.397685050964355
-10.394247055053711
-10.402613639831543
-10.407243728637695
-10.391461372375488
-10.390496253967285
-10.42852783203125
-10.410521507263184
-10.416129112243652
-10.397148132324219
-10.400557518005371
-10.402288436889648
-10.400211334228516
-10.408326148986816
-10.405734062194824
-10.406350135803223
-10.413687705993652
-10.418379783630371
-10.422475814819336
-10.387544631958008
-10.385068893432617
-10.400130271911621
-10.400520324707031
-10.39399528503418
-10.396376609802246
-10.40988540649414
-10.411237716674805
-10.417411804199219
-10.371603012084961
-10.43690013885498
-10.402677536010742
-10.400847434997559
-10.401864051818848
-10.374516487121582
-10.398770332336426
-10.414058685302734
-10.39377498626709
-10.391562461853027
-10.380550384521484
-10.402194023132324
-10.408474922180176
-10.41149616241455
-10.393838882446289
-10.400978088378906
-10.408860206604004
-10.415701866149902
-10.391378402709961
-10.422812461853027
-10.412164688110352
-10.414556503295898
-10.417177200317383
-10.417778968811035
-10.40176773071289
-10.397589683532715
-10.415008544921875
-10.414525985717773
-10.41018009185791
-10.412306785583496
-10.397332191467285
-10.411446571350098
-10.429473876953125
-10.395833969116211
-10.384644508361816
-10.386039733886719
-10.417364120483398
-10.412474632263184
-10.379918098449707
-10.396387100219727
-10.403148651123047
-10.406255722045898
-10.382965087890625
-10.395608901977539
-10.406333923339844
-10.418317794799805
-10.406281471252441
-10.40542221069336
-10.404698371887207
-10.400982856750488
-10.412310600280762
-10.407136917114258
-10.403679847717285
-10.426284790039062
-10.402471542358398
-10.397353172302246
-10.407195091247559
-10.400070190429688
-10.404603004455566
-10.404998779296875
-10.40897274017334
-10.39253044128418
-10.412262916564941
-10.405708312988281
-10.402907371520996
-10.406144142150879
-10.403429985046387
-10.416444778442383
-10.394002914428711
-10.391606330871582
-10.395612716674805
-10.397253036499023
-10.410196304321289
-10.399113655090332
-10.393563270568848
-10.410990715026855
-10.411845207214355
-10.41361141204834
-10.399673461914062
-10.408451080322266
-10.428040504455566
-10.389444351196289
-10.418243408203125
-10.466251373291016
-10.373560905456543
-10.422791481018066
-10.409348487854004
-10.411870956420898
-10.402471542358398
-10.421575546264648
-10.428278923034668
-10.332865715026855
-10.392290115356445
-10.40185260772705
-10.388387680053711
-10.404507637023926
-10.4083833694458
-10.412923812866211
-10.406442642211914
-10.41103744506836
-10.4245023727417
-10.407820701599121
-10.402350425720215
-10.408600807189941
-10.400999069213867
-10.371053695678711
-10.407419204711914
-10.400309562683105
-10.411827087402344
-10.411946296691895
-10.393558502197266
-10.411358833312988
-10.402645111083984
-10.39376163482666
-10.410706520080566
-10.406435012817383
-10.396586418151855
-10.376583099365234
-10.402592658996582
-10.402088165283203
-10.407951354980469
-10.406521797180176
-10.404776573181152
-10.391396522521973
-10.401199340820312
-10.414981842041016
-10.4212064743042
-10.401708602905273
-10.413454055786133
-10.417285919189453
-10.406167984008789
-10.410359382629395
-10.424981117248535
-10.425661087036133
-10.412873268127441
-10.411966323852539
-10.419891357421875
-10.410706520080566
-10.412376403808594
-10.414693832397461
-10.418654441833496
-10.390732765197754
-10.414015769958496
-10.41476821899414
-10.415447235107422
-10.414189338684082
-10.418373107910156
-10.417378425598145
-10.414453506469727
-10.425261497497559
-10.410822868347168
-10.408795356750488
-10.40829086303711
-10.395118713378906
-10.406661987304688
-10.42212963104248
-10.390876770019531
-10.391849517822266
-10.42121696472168
-10.405557632446289
-10.402149200439453
-10.419039726257324
-10.405306816101074
-10.417021751403809
-10.39682388305664
-10.390143394470215
-10.417327880859375
-10.411985397338867
-10.401792526245117
-10.3941011428833
-10.412406921386719
-10.412379264831543
-10.420906066894531
-10.392780303955078
-10.396571159362793
-10.415674209594727
-10.40884017944336
-10.390149116516113
-10.420557022094727
-10.399310111999512
-10.405336380004883
-10.376591682434082
-10.4134521484375
-10.406996726989746
-10.412262916564941
-10.419453620910645
-10.419862747192383
-10.42831039428711
-10.385703086853027
-10.41391658782959
-10.415349960327148
-10.402836799621582
-10.396296501159668
-10.412322998046875
-10.400687217712402
-10.418715476989746
-10.41800308227539
-10.413351058959961
-10.416653633117676
-10.417835235595703
-10.414960861206055
-10.408955574035645
-10.424468040466309
-10.418923377990723
-10.413288116455078
-10.419022560119629
-10.41291618347168
-10.406126976013184
-10.420897483825684
-10.408720016479492
-10.40915298461914
-10.419015884399414
-10.412964820861816
-10.409375190734863
-10.420769691467285
-10.410643577575684
-10.41010856628418
-10.408900260925293
-10.405427932739258
-10.412280082702637
-10.413080215454102
-10.414739608764648
-10.412104606628418
-10.412910461425781
-10.412273406982422
-10.420323371887207
-10.412542343139648
-10.418499946594238
-10.409080505371094
-10.42026424407959
-10.418473243713379
-10.422483444213867
-10.42467212677002
-10.426753044128418
-10.434022903442383
-10.391799926757812
-10.41556453704834
-10.411130905151367
-10.395357131958008
-10.406923294067383
-10.414971351623535
-10.411458969116211
-10.397531509399414
-10.396554946899414
-10.409113883972168
-10.41762638092041
-10.416396141052246
-10.405008316040039
-10.426852226257324
-10.418472290039062
-10.40894603729248
-10.41291332244873
-10.395689964294434
-10.402802467346191
-10.412886619567871
-10.41681957244873
-10.419475555419922
-10.418802261352539
-10.416512489318848
-10.388860702514648
-10.412532806396484
-10.416142463684082
-10.406981468200684
-10.419318199157715
-10.416380882263184
-10.421080589294434
-10.415075302124023
-10.422860145568848
-10.397669792175293
-10.412467956542969
-10.41366958618164
-10.408292770385742
-10.402046203613281
-10.418045997619629
-10.399792671203613
-10.372819900512695
-10.39252758026123
-10.41425895690918
-10.365608215332031
-10.395946502685547
-10.414807319641113
-10.42116928100586
-10.353306770324707
-10.360633850097656
-10.419617652893066
-10.4041109085083
-10.387110710144043
-10.40891170501709
-10.413503646850586
-10.419855117797852
-10.39465618133545
-10.368391036987305
-10.414349555969238
-10.413044929504395
-10.403478622436523
-10.353859901428223
-10.418319702148438
-10.429399490356445
-10.39529037475586
-10.38762092590332
-10.3782377243042
-10.422760009765625
-10.41370677947998
-10.38302230834961
-10.390703201293945
-10.409160614013672
-10.413368225097656
-10.399439811706543
-10.391072273254395
-10.406818389892578
-10.415169715881348
-10.403359413146973
-10.383890151977539
-10.417059898376465
-10.417187690734863
-10.41744613647461
-10.382057189941406
-10.414215087890625
-10.416450500488281
-10.419157981872559
-10.407588005065918
-10.426660537719727
-10.42232608795166
-10.419065475463867
-10.409344673156738
-10.414238929748535
-10.423384666442871
-10.41246223449707
-10.418611526489258
-10.417162895202637
-10.420930862426758
-10.413787841796875
-10.40231990814209
-10.424485206604004
-10.412224769592285
-10.424695014953613
-10.421403884887695
-10.423773765563965
-10.408461570739746
-10.410393714904785
-10.442753791809082
-10.424409866333008
-10.340653419494629
-10.397198677062988
-10.42348861694336
-10.415788650512695
-10.407081604003906
-10.400294303894043
-10.418499946594238
-10.415701866149902
-10.437335968017578
-10.391356468200684
-10.409246444702148
-10.416698455810547
-10.427780151367188
-10.418392181396484
-10.398244857788086
-10.41245174407959
-10.416200637817383
-10.420783996582031
-10.410593032836914
-10.416930198669434
-10.43193531036377
-10.41713809967041
-10.420763969421387
-10.422375679016113
-10.423666000366211
-10.426166534423828
-10.431449890136719
-10.40302562713623
-10.395355224609375
-10.410154342651367
-10.4150390625
-10.405288696289062
-10.403799057006836
-10.412192344665527
-10.408073425292969
-10.422508239746094
-10.4086332321167
-10.43016242980957
-10.409889221191406
-10.420971870422363
-10.417433738708496
-10.408266067504883
-10.420074462890625
-10.434894561767578
-10.44399356842041
-10.36563777923584
-10.42475414276123
-10.399036407470703
-10.410167694091797
-10.37081241607666
-10.402331352233887
-10.423039436340332
-10.413590431213379
-10.404401779174805
-10.43848705291748
-10.377169609069824
-10.430855751037598
-10.408086776733398
-10.402379989624023
-10.372757911682129
-10.422183990478516
-10.388734817504883
-10.399799346923828
-10.423142433166504
-10.410089492797852
-10.423094749450684
-10.401185989379883
-10.398192405700684
-10.426408767700195
-10.43227481842041
-10.39821720123291
-10.401956558227539
-10.40034294128418
-10.42407512664795
-10.414389610290527
-10.394744873046875
-10.428728103637695
-10.4134521484375
-10.408220291137695
-10.425782203674316
-10.41797924041748
-10.413933753967285
-10.409177780151367
-10.41562557220459
-10.424633026123047
-10.423548698425293
-10.435972213745117
-10.413187980651855
-10.411441802978516
-10.420781135559082
-10.40664291381836
-10.430207252502441
-10.425200462341309
-10.40537166595459
-10.424149513244629
-10.406349182128906
-10.424615859985352
-10.42115306854248
-10.421673774719238
-10.420289993286133
-10.431386947631836
-10.42560863494873
-10.429403305053711
-10.418208122253418
-10.409551620483398
-10.420385360717773
-10.41026496887207
-10.421281814575195
-10.429170608520508
-10.406336784362793
-10.425268173217773
-10.436949729919434
-10.416757583618164
-10.429017066955566
-10.413296699523926
-10.42660140991211
-10.432186126708984
-10.421828269958496
-10.406323432922363
-10.434916496276855
-10.428975105285645
-10.43144702911377
-10.425625801086426
-10.421577453613281
-10.428948402404785
-10.423532485961914
-10.421469688415527
-10.415284156799316
-10.430096626281738
-10.428049087524414
-10.436270713806152
-10.427544593811035
-10.41549301147461
-10.431744575500488
-10.418277740478516
-10.423328399658203
-10.41871452331543
-10.442689895629883
-10.434359550476074
-10.427559852600098
-10.420244216918945
-10.429021835327148
-10.429051399230957
-10.427992820739746
-10.4368257522583
-10.41403865814209
-10.416102409362793
-10.416322708129883
-10.415989875793457
-10.411537170410156
-10.42903995513916
-10.42672061920166
-10.425142288208008
-10.4022855758667
-10.434444427490234
-10.41631031036377
-10.42870044708252
-10.429893493652344
-10.43677043914795
-10.427664756774902
-10.420534133911133
-10.428925514221191
-10.431729316711426
-10.406988143920898
-10.430402755737305
-10.42326545715332
-10.447043418884277
-10.450066566467285
-10.467909812927246
-10.401620864868164
-10.393664360046387
-10.425037384033203
-10.421106338500977
-10.392838478088379
-10.397299766540527
-10.42016315460205
-10.445816040039062
-10.362839698791504
-10.405128479003906
-10.429978370666504
-10.42546272277832
-10.403985977172852
-10.421276092529297
-10.419547080993652
-10.407784461975098
-10.440866470336914
-10.44383716583252
-10.44375991821289
-10.420368194580078
-10.432209968566895
-10.437568664550781
-10.423815727233887
-10.43848705291748
-10.413333892822266
-10.41722297668457
-10.431861877441406
-10.427996635437012
-10.42332935333252
-10.416997909545898
-10.4320707321167
-10.430553436279297
-10.423762321472168
-10.421736717224121
-10.422135353088379
-10.430100440979004
-10.432007789611816
-10.42531681060791
-10.431556701660156
-10.419914245605469
-10.390518188476562
-10.426137924194336
-10.419301986694336
-10.420557022094727
-10.429131507873535
-10.432342529296875
-10.4237699508667
-10.4265775680542
-10.449464797973633
-10.423832893371582
-10.423637390136719
-10.423086166381836
-10.431611061096191
-10.423588752746582
-10.429654121398926
-10.433948516845703
-10.412734985351562
-10.424257278442383
-10.425362586975098
-10.414545059204102
-10.426651954650879
-10.438613891601562
-10.411856651306152
-10.461590766906738
-10.40636920928955
-10.433808326721191
-10.422615051269531
-10.417768478393555
-10.42039680480957
-10.419788360595703
-10.430777549743652
-10.443353652954102
-10.443777084350586
-10.418285369873047
-10.416860580444336
-10.427976608276367
-10.424568176269531
-10.410958290100098
-10.42117977142334
-10.413617134094238
-10.412364959716797
-10.429224014282227
-10.43778133392334
-10.41805648803711
-10.420198440551758
-10.431835174560547
-10.428196907043457
-10.416375160217285
-10.413797378540039
-10.425222396850586
-10.424361228942871
-10.380396842956543
-10.406185150146484
-10.432074546813965
-10.41393756866455
-10.41655158996582
-10.430756568908691
-10.433762550354004
-10.438472747802734
-10.430268287658691
-10.419636726379395
-10.43799877166748
-10.425564765930176
-10.43087100982666
-10.42600154876709
-10.426997184753418
-10.428094863891602
-10.409379005432129
-10.430957794189453
-10.428250312805176
-10.428044319152832
-10.429718017578125
-10.439642906188965
-10.434401512145996
-10.402725219726562
-10.429376602172852
-10.433735847473145
-10.422625541687012
-10.431892395019531
-10.420306205749512
-10.427641868591309
-10.430991172790527
-10.435179710388184
-10.426855087280273
-10.423222541809082
-10.42846393585205
-10.406560897827148
-10.433854103088379
-10.424476623535156
-10.431248664855957
-10.443346977233887
-10.406559944152832
-10.414473533630371
-10.430627822875977
-10.42684268951416
-10.421527862548828
-10.424139976501465
-10.421063423156738
-10.430133819580078
-10.432507514953613
-10.426188468933105
-10.429513931274414
-10.425687789916992
-10.434182167053223
-10.431171417236328
-10.425026893615723
-10.43571662902832
-10.440075874328613
-10.404647827148438
-10.439377784729004
-10.409943580627441
-10.431918144226074
-10.427103996276855
-10.418976783752441
-10.433683395385742
-10.433076858520508
-10.404974937438965
-10.433150291442871
-10.452518463134766
-10.431459426879883
-10.427776336669922
-10.428887367248535
-10.428107261657715
-10.430473327636719
-10.438804626464844
-10.43547248840332
-10.445198059082031
-10.399186134338379
-10.419952392578125
-10.437801361083984
-10.419814109802246
-10.416999816894531
-10.418149948120117
-10.427803993225098
-10.423458099365234
-10.425052642822266
-10.43623161315918
-10.433165550231934
-10.429656028747559
-10.436561584472656
-10.442952156066895
-10.426112174987793
-10.433159828186035
-10.412847518920898
-10.432744026184082
-10.430551528930664
-10.439152717590332
-10.417552947998047
-10.446279525756836
-10.416346549987793
-10.413382530212402
-10.414206504821777
-10.440938949584961
-10.427167892456055
-10.426641464233398
-10.379827499389648
-10.429673194885254
-10.421171188354492
-10.430245399475098
-10.413198471069336
-10.436230659484863
-10.430315971374512
-10.435566902160645
-10.415584564208984
-10.434301376342773
-10.426981925964355
-10.432119369506836
-10.440789222717285
-10.431377410888672
-10.419135093688965
-10.432281494140625
-10.432528495788574
-10.433289527893066
-10.418898582458496
-10.415040016174316
-10.417428970336914
-10.424646377563477
-10.424248695373535
-10.440671920776367
-10.436665534973145
-10.424149513244629
-10.424047470092773
-10.423510551452637
-10.4249906539917
-10.427614212036133
-10.431832313537598
-10.425715446472168
-10.429099082946777
-10.436838150024414
-10.429715156555176
-10.434473037719727
-10.429062843322754
-10.42735481262207
-10.431572914123535
-10.42637825012207
-10.43004322052002
-10.43397045135498
-10.427833557128906
-10.432147026062012
-10.440903663635254
-10.426536560058594
-10.44403076171875
-10.430644989013672
-10.418612480163574
-10.433005332946777
-10.429984092712402
-10.43097972869873
-10.431952476501465
-10.434677124023438
-10.429162979125977
-10.431199073791504
-10.4351806640625
-10.432385444641113
-10.429224014282227
-10.433086395263672
-10.435519218444824
-10.425787925720215
-10.42983341217041
-10.437525749206543
-10.44999885559082
-10.425945281982422
-10.414664268493652
-10.43554973602295
-10.430758476257324
-10.41869068145752
-10.437567710876465
-10.432987213134766
-10.448543548583984
-10.432634353637695
-10.43492317199707
-10.424331665039062
-10.440848350524902
-10.430069923400879
-10.42544174194336
-10.438382148742676
-10.431441307067871
-10.439033508300781
-10.43026351928711
-10.434746742248535
-10.424264907836914
-10.445432662963867
-10.439801216125488
-10.434885025024414
-10.444926261901855
-10.42076301574707
-10.425064086914062
-10.449779510498047
-10.44327163696289
-10.419158935546875
-10.430584907531738
-10.437019348144531
-10.431092262268066
-10.431824684143066
-10.418784141540527
-10.420204162597656
-10.440895080566406
-10.422459602355957
-10.436378479003906
-10.431581497192383
-10.432865142822266
-10.434361457824707
-10.435722351074219
-10.438878059387207
-10.440256118774414
-10.4392671585083
-10.446988105773926
-10.44054126739502
-10.426576614379883
-10.432133674621582
-10.429673194885254
-10.430771827697754
-10.417613983154297
-10.436530113220215
-10.434367179870605
-10.420345306396484
-10.434380531311035
-10.433884620666504
-10.436849594116211
-10.425495147705078
-10.428366661071777
-10.43054485321045
-10.428764343261719
-10.435964584350586
-10.431819915771484
-10.422511100769043
-10.434654235839844
-10.437962532043457
-10.432350158691406
-10.432804107666016
-10.420001983642578
-10.430545806884766
-10.430501937866211
-10.439870834350586
-10.428643226623535
-10.46146011352539
-10.423418045043945
-10.410934448242188
-10.440000534057617
-10.427205085754395
-10.416728973388672
-10.427992820739746
-10.436101913452148
-10.420214653015137
-10.41443157196045
-10.446013450622559
-10.446608543395996
-10.431849479675293
-10.43478775024414
-10.42294979095459
-10.435846328735352
-10.436119079589844
-10.404768943786621
-10.431979179382324
-10.4420747756958
-10.428053855895996
-10.429938316345215
-10.430357933044434
-10.433341979980469
-10.446979522705078
-10.420827865600586
-10.435200691223145
-10.429616928100586
-10.438891410827637
-10.436413764953613
-10.443618774414062
-10.406949043273926
-10.403166770935059
-10.427392959594727
-10.454595565795898
-10.4015531539917
-10.405847549438477
-10.43671989440918
-10.427577018737793
-10.419617652893066
-10.403348922729492
-10.436821937561035
-10.440881729125977
-10.425227165222168
-10.435046195983887
-10.426759719848633
-10.435626029968262
-10.412304878234863
-10.42343521118164
-10.435558319091797
-10.427286148071289
-10.396769523620605
-10.443105697631836
-10.443373680114746
-10.441720962524414
-10.437261581420898
-10.436151504516602
-10.440808296203613
-10.433743476867676
-10.442169189453125
-10.430609703063965
-10.44593334197998
-10.449813842773438
-10.433777809143066
-10.43498420715332
-10.445698738098145
-10.436814308166504
-10.436575889587402
-10.435117721557617
-10.440086364746094
-10.434527397155762
-10.42784595489502
-10.429574966430664
-10.442090034484863
-10.43324089050293
-10.429699897766113
-10.445231437683105
-10.433711051940918
-10.43976879119873
-10.434556007385254
-10.430688858032227
-10.434423446655273
-10.442015647888184
-10.442978858947754
-10.443822860717773
-10.43094253540039
-10.443390846252441
-10.43175983428955
-10.425756454467773
-10.427254676818848
-10.443896293640137
-10.432008743286133
-10.447379112243652
-10.43873119354248
-10.434761047363281
-10.437962532043457
-10.440488815307617
-10.436161994934082
-10.425958633422852
-10.441370010375977
-10.438207626342773
-10.439440727233887
-10.434830665588379
-10.436105728149414
-10.444230079650879
-10.438490867614746
-10.43603801727295
-10.43663501739502
-10.430074691772461
-10.438141822814941
-10.426281929016113
-10.431439399719238
-10.445775032043457
-10.419147491455078
-10.43565845489502
-10.458584785461426
-10.415702819824219
-10.438497543334961
-10.440422058105469
-10.430782318115234
-10.431890487670898
-10.433100700378418
-10.450111389160156
-10.436844825744629
-10.425227165222168
-10.379940032958984
-10.438970565795898
-10.429491996765137
-10.386686325073242
-10.41445541381836
-10.437122344970703
-10.406521797180176
-10.409564971923828
-10.435498237609863
-10.434094429016113
-10.438678741455078
-10.430070877075195
-10.43215560913086
-10.435622215270996
-10.430978775024414
-10.439611434936523
-10.421537399291992
-10.426435470581055
-10.445249557495117
-10.436863899230957
-10.450394630432129
-10.473445892333984
-10.453417778015137
-10.375519752502441
-10.429600715637207
-10.45151138305664
-10.435120582580566
-10.437446594238281
-10.434989929199219
-10.438355445861816
-10.449914932250977
-10.4308443069458
-10.4395112991333
-10.45920181274414
-10.43426513671875
-10.44003963470459
-10.445064544677734
-10.447641372680664
-10.43763256072998
-10.442873001098633
-10.43881607055664
-10.444648742675781
-10.429290771484375
-10.445090293884277
-10.429862022399902
-10.445915222167969
-10.43596363067627
-10.434365272521973
-10.434446334838867
-10.446680068969727
-10.449953079223633
-10.403722763061523
-10.436915397644043
-10.433062553405762
-10.424688339233398
-10.41153335571289
-10.435626029968262
-10.443328857421875
-10.419538497924805
-10.43256950378418
-10.444411277770996
-10.44466781616211
-10.434844017028809
-10.440620422363281
-10.438697814941406
-10.445284843444824
-10.447352409362793
-10.425384521484375
-10.44755744934082
-10.44202995300293
-10.441805839538574
-10.44564151763916
-10.432268142700195
-10.440428733825684
-10.444286346435547
-10.443650245666504
-10.461191177368164
-10.424023628234863
-10.42181396484375
-10.453367233276367
-10.444801330566406
-10.445487022399902
-10.451690673828125
-10.429459571838379
-10.43347454071045
-10.424027442932129
-10.443960189819336
-10.427756309509277
-10.416897773742676
-10.41928482055664
-10.442234992980957
-10.443575859069824
-10.401323318481445
-10.420807838439941
-10.444361686706543
-10.442893981933594
-10.439165115356445
-10.423507690429688
-10.426246643066406
-10.434685707092285
-10.440523147583008
-10.44479751586914
-10.444336891174316
-10.44881534576416
-10.444676399230957
-10.44598388671875
-10.437272071838379
-10.436224937438965
-10.438394546508789
-10.438170433044434
-10.437509536743164
-10.446733474731445
-10.428903579711914
-10.441241264343262
-10.434911727905273
-10.441847801208496
-10.43871784210205
-10.437638282775879
-10.44487476348877
-10.450228691101074
-10.440458297729492
-10.44432258605957
-10.453729629516602
-10.454206466674805
-10.442347526550293
-10.415397644042969
-10.44039535522461
-10.429407119750977
-10.41926097869873
-10.442124366760254
-10.42242431640625
-10.416096687316895
-10.431876182556152
-10.429190635681152
-10.419296264648438
-10.4348726272583
-10.447877883911133
-10.441208839416504
-10.428030014038086
-10.409488677978516
-10.45154857635498
-10.448091506958008
-10.427932739257812
-10.434885025024414
-10.437912940979004
-10.447315216064453
-10.43194580078125
-10.431291580200195
-10.439325332641602
-10.447070121765137
-10.432378768920898
-10.43546199798584
-10.437467575073242
-10.43989372253418
-10.439552307128906
-10.445273399353027
-10.447714805603027
-10.44356918334961
-10.448198318481445
-10.444766998291016
-10.449058532714844
-10.447118759155273
-10.444604873657227
-10.43130111694336
-10.448101043701172
-10.44982624053955
-10.451682090759277
-10.447291374206543
-10.420459747314453
-10.438260078430176
-10.451395988464355
-10.437895774841309
-10.435054779052734
-10.449477195739746
-10.446066856384277
-10.447561264038086
-10.466375350952148
-10.452978134155273
-10.408092498779297
-10.45828914642334
-10.442595481872559
-10.433250427246094
-10.44201946258545
-10.439146041870117
-10.442001342773438
-10.448853492736816
-10.435739517211914
-10.44996452331543
-10.455902099609375
-10.450769424438477
-10.446001052856445
-10.450308799743652
-10.445005416870117
-10.450547218322754
-10.44551944732666
-10.453885078430176
-10.458929061889648
-10.439682006835938
-10.455703735351562
-10.443774223327637
-10.43812370300293
-10.428017616271973
-10.441844940185547
-10.436074256896973
-10.441120147705078
-10.455107688903809
-10.448508262634277
-10.451674461364746
-10.423417091369629
-10.440059661865234
-10.447639465332031
-10.440271377563477
-10.441810607910156
-10.4459810256958
-10.448687553405762
-10.457438468933105
-10.419785499572754
-10.446298599243164
-10.447792053222656
-10.449568748474121
-10.449718475341797
-10.438793182373047
-10.436701774597168
-10.449975967407227
-10.440984725952148
-10.438667297363281
-10.448787689208984
-10.437694549560547
-10.432496070861816
-10.437518119812012
-10.448431015014648
-10.443856239318848
-10.439187049865723
-10.4378662109375
-10.452031135559082
-10.44074535369873
-10.430152893066406
-10.418163299560547
-10.439430236816406
-10.436738014221191
-10.444986343383789
-10.444382667541504
-10.440882682800293
-10.435630798339844
-10.43846321105957
-10.436117172241211
-10.43962574005127
-10.439329147338867
-10.450725555419922
-10.438621520996094
-10.452681541442871
-10.443087577819824
-10.443685531616211
-10.438332557678223
-10.443408966064453
-10.45430850982666
-10.456055641174316
-10.422785758972168
-10.452147483825684
-10.449997901916504
-10.451081275939941
-10.458175659179688
-10.430594444274902
-10.446884155273438
-10.449053764343262
-10.457468032836914
-10.44123363494873
-10.43858814239502
-10.447015762329102
-10.441939353942871
-10.455445289611816
-10.43375301361084
-10.441643714904785
-10.454349517822266
-10.444494247436523
-10.4508695602417
-10.456598281860352
-10.444897651672363
-10.445337295532227
-10.425453186035156
-10.446636199951172
-10.444089889526367
-10.436495780944824
-10.456501007080078
-10.450712203979492
-10.43664264678955
-10.448413848876953
-10.450826644897461
-10.45046329498291
-10.451712608337402
-10.445466041564941
-10.444169998168945
-10.450331687927246
-10.444371223449707
-10.448469161987305
-10.45448112487793
-10.433526992797852
-10.452204704284668
-10.461026191711426
-10.45105266571045
-10.42319107055664
-10.453664779663086
-10.44800090789795
-10.443294525146484
-10.447601318359375
-10.442275047302246
-10.455448150634766
-10.453765869140625
-10.414480209350586
-10.434986114501953
-10.447689056396484
-10.42294979095459
-10.427863121032715
-10.45345687866211
-10.471211433410645
-10.438901901245117
-10.374704360961914
-10.43957805633545
-10.438963890075684
-10.413201332092285
-10.420955657958984
-10.444908142089844
-10.427251815795898
-10.43698787689209
-10.448945999145508
-10.443758010864258
-10.443175315856934
-10.41704273223877
-10.447080612182617
-10.439929008483887
-10.442893981933594
-10.426518440246582
-10.428728103637695
-10.448087692260742
-10.420502662658691
-10.434288024902344
-10.452908515930176
-10.446141242980957
-10.453042984008789
-10.40880298614502
-10.468440055847168
-10.444426536560059
-10.440845489501953
-10.435876846313477
-10.449856758117676
-10.443232536315918
-10.438763618469238
-10.427401542663574
-10.451555252075195
-10.438045501708984
-10.461276054382324
-10.449869155883789
-10.430732727050781
-10.44281005859375
-10.416498184204102
-10.451531410217285
-10.449784278869629
-10.445028305053711
-10.422950744628906
-10.440011978149414
-10.446001052856445
-10.439959526062012
-10.444914817810059
-10.452654838562012
-10.440109252929688
-10.450067520141602
-10.442996978759766
-10.447996139526367
-10.456042289733887
-10.453422546386719
-10.461020469665527
-10.449029922485352
-10.462482452392578
-10.437337875366211
-10.447985649108887
-10.447711944580078
-10.432234764099121
-10.438642501831055
-10.44918441772461
-10.455132484436035
-10.43513298034668
-10.437493324279785
-10.459755897521973
-10.449790000915527
-10.454416275024414
-10.433568000793457
-10.436239242553711
-10.455615043640137
-10.456357955932617
-10.444890022277832
-10.420522689819336
-10.459117889404297
-10.448394775390625
-10.425094604492188
-10.427510261535645
-10.442090034484863
-10.449265480041504
-10.454798698425293
-10.448647499084473
-10.465276718139648
-10.452672958374023
-10.450789451599121
-10.459833145141602
-10.451385498046875
-10.452723503112793
-10.457240104675293
-10.4409818649292
-10.463663101196289
-10.458640098571777
-10.464469909667969
-10.447247505187988
-10.449814796447754
-10.459880828857422
-10.455174446105957
-10.455571174621582
-10.453803062438965
-10.449914932250977
-10.46410083770752
-10.449975967407227
-10.461871147155762
-10.466690063476562
-10.443676948547363
-10.45536994934082
-10.454895973205566
-10.4542236328125
-10.453622817993164
-10.443763732910156
-10.454033851623535
-10.453240394592285
-10.44466781616211
-10.449542045593262
-10.449262619018555
-10.455672264099121
-10.447691917419434
-10.454882621765137
-10.45009708404541
-10.43182373046875
-10.445122718811035
-10.449995040893555
-10.4452543258667
-10.439234733581543
-10.45008373260498
-10.451238632202148
-10.45994758605957
-10.456522941589355
-10.459771156311035
-10.46895694732666
-10.468789100646973
-10.433462142944336
-10.425355911254883
-10.460021018981934
-10.44408893585205
-10.459457397460938
-10.449089050292969
-10.463258743286133
-10.43323040008545
-10.444853782653809
-10.440082550048828
-10.416350364685059
-10.447083473205566
-10.443798065185547
-10.45909309387207
-10.438239097595215
-10.472278594970703
-10.448881149291992
-10.445186614990234
-10.444284439086914
-10.436264038085938
-10.449518203735352
-10.454383850097656
-10.44182300567627
-10.41883659362793
-10.442505836486816
-10.466894149780273
-10.453245162963867
-10.444501876831055
-10.441268920898438
-10.458436012268066
-10.442188262939453
-10.43150806427002
-10.427783012390137
-10.448142051696777
-10.442584991455078
-10.440110206604004
-10.429252624511719
-10.451008796691895
-10.464116096496582
-10.417826652526855
-10.453639030456543
-10.455811500549316
-10.454164505004883
-10.449346542358398
-10.449535369873047
-10.44133186340332
-10.448067665100098
-10.458669662475586
-10.468749046325684
-10.443687438964844
-10.454861640930176
-10.453455924987793
-10.456060409545898
-10.449021339416504
-10.454615592956543
-10.447229385375977
-10.45186710357666
-10.450730323791504
-10.469038009643555
-10.407713890075684
-10.465201377868652
-10.432868003845215
-10.457582473754883
-10.44663143157959
-10.426321029663086
-10.439799308776855
-10.45720100402832
-10.446343421936035
-10.439964294433594
-10.447126388549805
-10.455811500549316
-10.456029891967773
-10.451685905456543
-10.441572189331055
-10.429616928100586
-10.457881927490234
-10.46406078338623
-10.41677474975586
-10.443910598754883
-10.443647384643555
-10.453052520751953
-10.437642097473145
-10.443857192993164
-10.456387519836426
-10.430460929870605
-10.457087516784668
-10.432801246643066
-10.45766544342041
-10.444097518920898
-10.444478034973145
-10.462271690368652
-10.453362464904785
-10.452463150024414
-10.462494850158691
-10.451362609863281
-10.458453178405762
-10.45350170135498
-10.456433296203613
-10.45623779296875
-10.448746681213379
-10.450118064880371
-10.452560424804688
-10.458730697631836
-10.457708358764648
-10.453408241271973
-10.44740104675293
-10.451244354248047
-10.465933799743652
-10.458479881286621
-10.439229965209961
-10.472650527954102
-10.447012901306152
-10.42482852935791
-10.427997589111328
-10.433836936950684
-10.428643226623535
-10.45162582397461
-10.410297393798828
-10.429086685180664
-10.449593544006348
-10.447304725646973
-10.438389778137207
-10.415428161621094
-10.453912734985352
-10.450383186340332
-10.461997032165527
-10.420943260192871
-10.46162223815918
-10.467753410339355
-10.466480255126953
-10.458189964294434
-10.448073387145996
-10.459202766418457
-10.444433212280273
-10.448598861694336
-10.465814590454102
-10.456958770751953
-10.47197437286377
-10.463431358337402
-10.449593544006348
-10.444215774536133
-10.457754135131836
-10.44670581817627
-10.441837310791016
-10.46151065826416
-10.447361946105957
-10.437533378601074
-10.448277473449707
-10.462617874145508
-10.464686393737793
-10.462562561035156
-10.462305068969727
-10.447014808654785
-10.4785737991333
-10.434239387512207
-10.463895797729492
-10.454194068908691
-10.451420783996582
-10.451870918273926
-10.455252647399902
-10.447898864746094
-10.4695463180542
-10.433272361755371
-10.466293334960938
-10.456308364868164
-10.451066970825195
-10.455556869506836
-10.456215858459473
-10.458738327026367
-10.467116355895996
-10.461681365966797
-10.43997573852539
-10.463189125061035
-10.457084655761719
-10.453508377075195
-10.45230484008789
-10.457871437072754
-10.451370239257812
-10.44313907623291
-10.466840744018555
-10.457069396972656
-10.469449996948242
-10.454364776611328
-10.438968658447266
-10.450608253479004
-10.460338592529297
-10.45339584350586
-10.44972038269043
-10.46030330657959
-10.452213287353516
-10.461228370666504
-10.443880081176758
-10.462404251098633
-10.455222129821777
-10.453471183776855
-10.454180717468262
-10.461634635925293
-10.454644203186035
-10.458382606506348
-10.45279598236084
-10.46399974822998
-10.441876411437988
-10.467568397521973
-10.464247703552246
-10.45667552947998
-10.452648162841797
-10.456554412841797
-10.458358764648438
-10.45409107208252
-10.458194732666016
-10.457122802734375
-10.459217071533203
-10.452746391296387
-10.45752239227295
-10.45806884765625
-10.448854446411133
-10.459501266479492
-10.45368480682373
-10.454774856567383
-10.461990356445312
-10.462533950805664
-10.45708179473877
-10.450899124145508
-10.444575309753418
-10.462568283081055
-10.4598388671875
-10.435999870300293
-10.459855079650879
-10.454609870910645
-10.441591262817383
-10.44789981842041
-10.459915161132812
-10.458141326904297
-10.410616874694824
-10.470768928527832
-10.460029602050781
-10.461182594299316
-10.455998420715332
-10.456287384033203
-10.450862884521484
-10.453216552734375
-10.473776817321777
-10.45956802368164
-10.452515602111816
-10.446858406066895
-10.458683013916016
-10.457109451293945
-10.45132827758789
-10.462335586547852
-10.45721435546875
-10.46890926361084
-10.4745512008667
-10.443550109863281
-10.451586723327637
-10.44839859008789
-10.451444625854492
-10.448466300964355
-10.45159912109375
-10.458715438842773
-10.44885540008545
-10.458250999450684
-10.4417085647583
-10.464452743530273
-10.45750904083252
-10.466973304748535
-10.472427368164062
-10.471741676330566
-10.459490776062012
-10.481103897094727
-10.443607330322266
-10.470816612243652
-10.446248054504395
-10.440659523010254
-10.454033851623535
-10.44675350189209
-10.473140716552734
-10.450407981872559
-10.455873489379883
-10.457661628723145
-10.455522537231445
-10.458547592163086
-10.457854270935059
-10.446881294250488
-10.460939407348633
-10.455036163330078
-10.456422805786133
-10.436903953552246
-10.452188491821289
-10.460843086242676
-10.462515830993652
-10.456921577453613
-10.4524564743042
-10.467050552368164
-10.46386432647705
-10.449514389038086
-10.424077033996582
-10.460935592651367
-10.4336519241333
-10.409215927124023
-10.439338684082031
-10.457273483276367
-10.45590877532959
-10.362957000732422
-10.430917739868164
-10.46332836151123
-10.410297393798828
-10.401810646057129
-10.419607162475586
-10.476461410522461
-10.392631530761719
-10.389617919921875
-10.392163276672363
-10.461493492126465
-10.440239906311035
-10.389365196228027
-10.432464599609375
-10.464329719543457
-10.404092788696289
-10.430076599121094
-10.420265197753906
-10.475300788879395
-10.459762573242188
-10.431351661682129
-10.424269676208496
-10.448381423950195
-10.456336975097656
-10.435856819152832
-10.4537353515625
-10.4489164352417
-10.450390815734863
-10.44945240020752
-10.450687408447266
-10.452978134155273
-10.462775230407715
-10.455089569091797
-10.457391738891602
-10.472034454345703
-10.439892768859863
-10.4767484664917
-10.452786445617676
-10.4511079788208
-10.461153984069824
-10.474519729614258
-10.436858177185059
-10.454913139343262
-10.474281311035156
-10.462980270385742
-10.471556663513184
-10.48491096496582
-10.439004898071289
-10.442517280578613
-10.451996803283691
-10.439460754394531
-10.450248718261719
-10.458558082580566
-10.447118759155273
-10.476289749145508
-10.456811904907227
-10.451335906982422
-10.464346885681152
-10.466638565063477
-10.444536209106445
-10.448779106140137
-10.45510482788086
-10.463545799255371
-10.461125373840332
-10.428024291992188
-10.458780288696289
-10.448728561401367
-10.456435203552246
-10.460643768310547
-10.467928886413574
-10.458560943603516
-10.463117599487305
-10.466925621032715
-10.459944725036621
-10.470000267028809
-10.454266548156738
-10.459881782531738
-10.455699920654297
-10.46603775024414
-10.476229667663574
-10.4345703125
-10.483070373535156
-10.442699432373047
-10.44405746459961
-10.45753002166748
-10.458081245422363
-10.4537992477417
-10.464415550231934
-10.457240104675293
-10.45871639251709
-10.463327407836914
-10.45890998840332
-10.460870742797852
-10.450695037841797
-10.455754280090332
-10.466611862182617
-10.453563690185547
-10.458709716796875
-10.457440376281738
-10.456756591796875
-10.471830368041992
-10.457125663757324
-10.469805717468262
-10.463299751281738
-10.464056968688965
-10.454127311706543
-10.465210914611816
-10.471755981445312
-10.463027954101562
-10.463693618774414
-10.455357551574707
-10.466472625732422
-10.45824909210205
-10.466174125671387
-10.463418960571289
-10.456523895263672
-10.47325325012207
-10.45633602142334
-10.464445114135742
-10.461469650268555
-10.460965156555176
-10.461103439331055
-10.458824157714844
-10.462894439697266
-10.469494819641113
-10.466140747070312
-10.46688175201416
-10.463241577148438
-10.459756851196289
-10.457229614257812
-10.458356857299805
-10.454087257385254
-10.461599349975586
-10.461219787597656
-10.45869255065918
-10.461666107177734
-10.462069511413574
-10.48326301574707
-10.467591285705566
-10.455060958862305
-10.459792137145996
-10.474739074707031
-10.464548110961914
-10.465744018554688
-10.459243774414062
-10.459497451782227
-10.464568138122559
-10.45365047454834
-10.469468116760254
-10.46622085571289
-10.46081256866455
-10.467996597290039
-10.47126293182373
-10.452425003051758
-10.450557708740234
-10.481162071228027
-10.456366539001465
-10.436674118041992
-10.431923866271973
-10.461515426635742
-10.476414680480957
-10.441028594970703
-10.451728820800781
-10.45333480834961
-10.459627151489258
-10.435937881469727
-10.440409660339355
-10.453672409057617
-10.479172706604004
-10.399903297424316
-10.493813514709473
-10.479558944702148
-10.493423461914062
-10.456843376159668
-10.473956108093262
-10.47411060333252
-10.46203327178955
-10.455307006835938
-10.46965503692627
-10.46126651763916
-10.43057632446289
-10.45857048034668
-10.428969383239746
-10.46300220489502
-10.459810256958008
-10.47250747680664
-10.434442520141602
-10.449628829956055
-10.45032787322998
-10.45712947845459
-10.43307113647461
-10.44139575958252
-10.462555885314941
-10.455700874328613
-10.46926498413086
-10.463398933410645
-10.459304809570312
-10.475788116455078
-10.466521263122559
-10.448013305664062
-10.467849731445312
-10.448810577392578
-10.456905364990234
-10.46060848236084
-10.470532417297363
-10.464211463928223
-10.44703483581543
-10.462005615234375
-10.456892013549805
-10.46407699584961
-10.451253890991211
-10.450992584228516
-10.461296081542969
-10.47361946105957
-10.4384183883667
-10.463301658630371
-10.481053352355957
-10.464834213256836
-10.472123146057129
-10.454601287841797
-10.451972007751465
-10.448338508605957
-10.460105895996094
-10.460338592529297
-10.459576606750488
-10.463878631591797
-10.460448265075684
-10.451650619506836
-10.461406707763672
-10.45907211303711
-10.45986270904541
-10.468698501586914
-10.466693878173828
-10.471302032470703
-10.461092948913574
-10.459695816040039
-10.465177536010742
-10.457221984863281
-10.463985443115234
-10.478371620178223
-10.466105461120605
-10.446218490600586
-10.4496431350708
-10.461437225341797
-10.450481414794922
-10.4595947265625
-10.459176063537598
-10.462576866149902
-10.46130084991455
-10.464544296264648
-10.454208374023438
-10.448604583740234
-10.456644058227539
-10.455214500427246
-10.459761619567871
-10.459918975830078
-10.46438980102539
-10.455451965332031
-10.47040843963623
-10.450699806213379
-10.457671165466309
-10.471597671508789
-10.459650993347168
-10.465328216552734
-10.462512969970703
-10.467214584350586
-10.459328651428223
-10.456995010375977
-10.460855484008789
-10.466032028198242
-10.47353744506836
-10.477396965026855
-10.45384407043457
-10.462871551513672
-10.470880508422852
-10.46418571472168
-10.457573890686035
-10.464750289916992
-10.474067687988281
-10.46673583984375
-10.459979057312012
-10.469182014465332
-10.476058959960938
-10.469727516174316
-10.470437049865723
-10.477147102355957
-10.467721939086914
-10.473429679870605
-10.467391967773438
-10.468521118164062
-10.471403121948242
-10.468144416809082
-10.468720436096191
-10.462270736694336
-10.473252296447754
-10.473339080810547
-10.467493057250977
-10.459487915039062
-10.486321449279785
-10.468911170959473
-10.464822769165039
-10.467645645141602
-10.45681095123291
-10.464103698730469
-10.452984809875488
-10.463067054748535
-10.479631423950195
-10.477882385253906
-10.444483757019043
-10.476932525634766
-10.447070121765137
-10.460338592529297
-10.462045669555664
-10.461540222167969
-10.467297554016113
-10.475126266479492
-10.45128059387207
-10.476076126098633
-10.443490028381348
-10.471733093261719
-10.464029312133789
-10.456398010253906
-10.480704307556152
-10.456625938415527
-10.46768856048584
-10.478167533874512
-10.461792945861816
-10.466628074645996
-10.466021537780762
-10.463481903076172
-10.462078094482422
-10.469639778137207
-10.47558307647705
-10.465251922607422
-10.458392143249512
-10.474247932434082
-10.4596529006958
-10.466414451599121
-10.464181900024414
-10.448976516723633
-10.464559555053711
-10.46745491027832
-10.458375930786133
-10.48447036743164
-10.46027946472168
-10.464164733886719
-10.473430633544922
-10.458992958068848
-10.461699485778809
-10.49364948272705
-10.42480182647705
-10.44633674621582
-10.473387718200684
-10.461431503295898
-10.461331367492676
-10.459120750427246
-10.450642585754395
-10.46743106842041
-10.456579208374023
-10.4717435836792
-10.479653358459473
-10.454123497009277
-10.474494934082031
-10.471221923828125
-10.467720985412598
-10.468964576721191
-10.46510124206543
-10.473894119262695
-10.470697402954102
-10.470184326171875
-10.467473030090332
-10.441018104553223
-10.467279434204102
-10.470985412597656
-10.463584899902344
-10.45691967010498
-10.46473503112793
-10.468073844909668
-10.498763084411621
-10.43398666381836
-10.490638732910156
-10.473751068115234
-10.476101875305176
-10.489140510559082
-10.48282241821289
-10.452840805053711
-10.445194244384766
-10.474339485168457
-10.477431297302246
-10.467926979064941
-10.473824501037598
-10.466513633728027
-10.456982612609863
-10.477005958557129
-10.472489356994629
-10.46549129486084
-10.459869384765625
-10.466373443603516
-10.469976425170898
-10.4669828414917
-10.46342658996582
-10.480497360229492
-10.470856666564941
-10.47580623626709
-10.470396041870117
-10.476590156555176
-10.462890625
-10.465350151062012
-10.467706680297852
-10.461945533752441
-10.455294609069824
-10.461288452148438
-10.465004920959473
-10.41865348815918
-10.468334197998047
-10.460902214050293
-10.463607788085938
-10.470009803771973
-10.481009483337402
-10.46604061126709
-10.449141502380371
-10.4666109085083
-10.474981307983398
-10.480161666870117
-10.472407341003418
-10.457158088684082
-10.4916410446167
-10.459558486938477
-10.466760635375977
-10.458638191223145
-10.454568862915039
-10.459928512573242
-10.457043647766113
-10.46586799621582
-10.46762466430664
-10.464444160461426
-10.463571548461914
-10.440495491027832
-10.466094970703125
-10.46292495727539
-10.447127342224121
-10.47513484954834
-10.464007377624512
-10.477903366088867
-10.451910972595215
-10.47684097290039
-10.445679664611816
-10.458881378173828
-10.459394454956055
-10.443953514099121
-10.459501266479492
-10.47128677368164
-10.447125434875488
-10.443325996398926
-10.47175121307373
-10.467973709106445
-10.469009399414062
-10.449816703796387
-10.453094482421875
-10.469460487365723
-10.473231315612793
-10.45582103729248
-10.47075366973877
-10.480297088623047
-10.477341651916504
-10.479613304138184
-10.476794242858887
-10.475171089172363
-10.480752944946289
-10.477147102355957
-10.456382751464844
-10.45934772491455
-10.46905517578125
-10.458721160888672
-10.463741302490234
-10.46574592590332
-10.473122596740723
-10.485440254211426
-10.476417541503906
-10.457488059997559
-10.472634315490723
-10.469368934631348
-10.452005386352539
-10.463385581970215
-10.46476936340332
-10.485157012939453
-10.479995727539062
-10.433813095092773
-10.469250679016113
-10.465567588806152
-10.446063995361328
-10.461852073669434
-10.461580276489258
-10.468255043029785
-10.455527305603027
-10.45610237121582
-10.485774040222168
-10.4732084274292
-10.475473403930664
-10.474763870239258
-10.475813865661621
-10.482041358947754
-10.453266143798828
-10.448047637939453
-10.474764823913574
-10.47016716003418
-10.461479187011719
-10.444727897644043
-10.46566390991211
-10.471174240112305
-10.454071044921875
-10.477150917053223
-10.465287208557129
-10.47099494934082
-10.458889961242676
-10.446905136108398
-10.469663619995117
-10.467126846313477
-10.473319053649902
-10.459850311279297
-10.473706245422363
-10.473533630371094
-10.46208381652832
-10.466339111328125
-10.459425926208496
-10.471060752868652
-10.4673490524292
-10.464424133300781
-10.47607421875
-10.463382720947266
-10.474976539611816
-10.481558799743652
-10.474390983581543
-10.458124160766602
-10.475640296936035
-10.465350151062012
-10.469058990478516
-10.460150718688965
-10.47472095489502
-10.468720436096191
-10.47641372680664
-10.477784156799316
-10.46514892578125
-10.468330383300781
-10.47031307220459
-10.467533111572266
-10.469820022583008
-10.467354774475098
-10.463350296020508
-10.46906852722168
-10.471558570861816
-10.480938911437988
-10.465005874633789
-10.468181610107422
-10.468799591064453
-10.470072746276855
-10.473624229431152
-10.474763870239258
-10.474316596984863
-10.48376178741455
-10.469006538391113
-10.484318733215332
-10.456571578979492
-10.461432456970215
-10.48095703125
-10.47121810913086
-10.463913917541504
-10.475000381469727
-10.466564178466797
-10.479199409484863
-10.474481582641602
-10.472070693969727
-10.469331741333008
-10.464611053466797
-10.47449016571045
-10.473041534423828
-10.469442367553711
-10.476984024047852
-10.471792221069336
-10.46308708190918
-10.478904724121094
-10.460119247436523
-10.453752517700195
-10.472015380859375
-10.452691078186035
-10.469461441040039
-10.4798002243042
-10.447710990905762
-10.477179527282715
-10.492581367492676
-10.477456092834473
-10.471924781799316
-10.466280937194824
-10.463994979858398
-10.464923858642578
-10.466044425964355
-10.477328300476074
-10.435384750366211
-10.472223281860352
-10.472447395324707
-10.47103500366211
-10.465060234069824
-10.463655471801758
-10.47291088104248
-10.477757453918457
-10.479485511779785
-10.475452423095703
-10.437846183776855
-10.471031188964844
-10.463727951049805
-10.466766357421875
-10.464790344238281
-10.47852897644043
-10.47628402709961
-10.47275447845459
-10.457023620605469
-10.466620445251465
-10.47396469116211
-10.461509704589844
-10.467056274414062
-10.471250534057617
-10.475041389465332
-10.470178604125977
-10.473347663879395
-10.468071937561035
-10.465543746948242
-10.456271171569824
-10.463946342468262
-10.475418090820312
-10.473796844482422
-10.46117115020752
-10.470906257629395
-10.46584415435791
-10.454537391662598
-10.442164421081543
-10.463430404663086
-10.45590877532959
-10.440454483032227
-10.472624778747559
-10.476608276367188
-10.475706100463867
-10.45914077758789
-10.468616485595703
-10.470100402832031
-10.470035552978516
-10.476682662963867
-10.475935935974121
-10.46242904663086
-10.475820541381836
-10.469432830810547
-10.45995044708252
-10.460545539855957
-10.471827507019043
-10.480548858642578
-10.460273742675781
-10.465330123901367
-10.48270320892334
-10.477622032165527
-10.46661376953125
-10.461187362670898
-10.466251373291016
-10.471214294433594
-10.477972030639648
-10.472968101501465
-10.474273681640625
-10.477885246276855
-10.468276023864746
-10.481919288635254
-10.48163890838623
-10.463701248168945
-10.472105026245117
-10.480149269104004
-10.46567153930664
-10.47380256652832
-10.470938682556152
-10.478212356567383
-10.466780662536621
-10.466397285461426
-10.479588508605957
-10.477237701416016
-10.475946426391602
-10.47578239440918
-10.462045669555664
-10.475765228271484
-10.482809066772461
-10.439568519592285
-10.469712257385254
-10.476959228515625
-10.468778610229492
-10.470297813415527
-10.48346996307373
-10.4645414352417
-10.47143840789795
-10.4656400680542
-10.467083930969238
-10.474584579467773
-10.460395812988281
-10.454737663269043
-10.469161987304688
-10.465812683105469
-10.448734283447266
-10.473628997802734
-10.482064247131348
-10.463385581970215
-10.472758293151855
-10.473512649536133
-10.468707084655762
-10.472354888916016
-10.474943161010742
-10.475069999694824
-10.472248077392578
-10.463277816772461
-10.470541954040527
-10.474923133850098
-10.467595100402832
-10.472455024719238
-10.480449676513672
-10.454306602478027
-10.466903686523438
-10.479777336120605
-10.470464706420898
-10.470946311950684
-10.471291542053223
-10.488533973693848
-10.477441787719727
-10.441926002502441
-10.484674453735352
-10.475869178771973
-10.447587966918945
-10.468976020812988
-10.473481178283691
-10.495957374572754
-10.46882438659668
-10.465238571166992
-10.47192668914795
-10.48422908782959
-10.461577415466309
-10.470808982849121
-10.469902038574219
-10.472023963928223
-10.465511322021484
-10.474580764770508
-10.46332836151123
-10.48529052734375
-10.458436965942383
-10.458319664001465
-10.463897705078125
-10.46754264831543
-10.466004371643066
-10.478995323181152
-10.470949172973633
-10.47657585144043
-10.47087574005127
-10.470593452453613
-10.473755836486816
-10.472824096679688
-10.469812393188477
-10.467236518859863
-10.486960411071777
-10.466270446777344
-10.477835655212402
-10.461602210998535
-10.4708890914917
-10.477884292602539
-10.480399131774902
-10.461400985717773
-10.480193138122559
-10.474231719970703
-10.480135917663574
-10.471170425415039
-10.480155944824219
-10.469314575195312
-10.491374015808105
-10.481878280639648
-10.480250358581543
-10.46998119354248
-10.487814903259277
-10.48570442199707
-10.464735984802246
-10.485010147094727
-10.473705291748047
-10.484434127807617
-10.479371070861816
-10.476330757141113
-10.467392921447754
-10.476101875305176
-10.479710578918457
-10.47775936126709
-10.476914405822754
-10.454376220703125
-10.467389106750488
-10.482122421264648
-10.479806900024414
-10.479491233825684
-10.492937088012695
-10.489317893981934
-10.473169326782227
-10.477624893188477
-10.484451293945312
-10.472270011901855
-10.459094047546387
-10.471501350402832
-10.472694396972656
-10.447042465209961
-10.474119186401367
-10.473361015319824
-10.482001304626465
-10.464873313903809
-10.47730827331543
-10.476964950561523
-10.46628475189209
-10.455507278442383
-10.481366157531738
-10.477283477783203
-10.47398567199707
-10.46834945678711
-10.471062660217285
-10.473560333251953
-10.473289489746094
-10.467508316040039
-10.476298332214355
-10.460675239562988
-10.481780052185059
-10.470137596130371
-10.476713180541992
-10.456806182861328
-10.463881492614746
-10.479369163513184
-10.46830940246582
-10.445178031921387
-10.480521202087402
-10.478117942810059
-10.468683242797852
-10.484292030334473
-10.478086471557617
-10.4659423828125
-10.470118522644043
-10.470417022705078
-10.475711822509766
-10.48202133178711
-10.475824356079102
-10.479764938354492
-10.473864555358887
-10.480583190917969
-10.486166954040527
-10.46735668182373
-10.47589111328125
-10.470440864562988
-10.46980094909668
-10.482427597045898
-10.484790802001953
-10.477910041809082
-10.501444816589355
-10.418539047241211
-10.465237617492676
-10.462714195251465
-10.41760540008545
-10.45965576171875
-10.47314167022705
-10.467606544494629
-10.448246955871582
-10.479307174682617
-10.472167015075684
-10.471096992492676
-10.456097602844238
-10.4541654586792
-10.476608276367188
-10.447592735290527
-10.483383178710938
-10.468236923217773
-10.481110572814941
-10.478999137878418
-10.474264144897461
-10.469072341918945
-10.486767768859863
-10.47257137298584
-10.483136177062988
-10.465394020080566
-10.464794158935547
-10.472200393676758
-10.47248363494873
-10.46351146697998
-10.479170799255371
-10.476129531860352
-10.472472190856934
-10.452817916870117
-10.472151756286621
-10.483122825622559
-10.463460922241211
-10.436066627502441
-10.479815483093262
-10.468526840209961
-10.455267906188965
-10.456840515136719
-10.477399826049805
-10.484281539916992
-10.476901054382324
-10.443453788757324
-10.467609405517578
-10.483718872070312
-10.501988410949707
-10.416226387023926
-10.41431713104248
-10.464140892028809
-10.472363471984863
-10.369824409484863
-10.382969856262207
-10.467671394348145
-10.459027290344238
-10.337594032287598
-10.399975776672363
-10.450221061706543
-10.477507591247559
-10.42265510559082
-10.398358345031738
-10.41662883758545
-10.46185302734375
-10.43806266784668
-10.42249584197998
-10.446834564208984
-10.462810516357422
-10.468234062194824
-10.436742782592773
-10.46099853515625
-10.481184005737305
-10.468340873718262
-10.483343124389648
-10.478407859802246
-10.482460975646973
-10.491524696350098
-10.484846115112305
-10.476152420043945
-10.470519065856934
-10.481585502624512
-10.477705955505371
-10.47377872467041
-10.469131469726562
-10.485008239746094
-10.471610069274902
-10.485323905944824
-10.477518081665039
-10.47895336151123
-10.475680351257324
-10.476411819458008
-10.473027229309082
-10.478466987609863
-10.478312492370605
-10.475919723510742
-10.4821195602417
-10.486742973327637
-10.465716361999512
-10.479001998901367
-10.483242988586426
-10.470942497253418
-10.468976974487305
-10.474472999572754
-10.476099967956543
-10.487746238708496
-10.474596977233887
-10.476384162902832
-10.477627754211426
-10.478687286376953
-10.463582038879395
-10.474977493286133
-10.478452682495117
-10.483877182006836
-10.484333992004395
-10.487616539001465
-10.487945556640625
-10.47760009765625
-10.485616683959961
-10.485417366027832
-10.470870018005371
-10.466779708862305
-10.475720405578613
-10.47818374633789
-10.48714542388916
-10.465351104736328
-10.457381248474121
-10.473797798156738
-10.485397338867188
-10.471071243286133
-10.474005699157715
-10.477499961853027
-10.462751388549805
-10.493121147155762
-10.469711303710938
-10.482686996459961
-10.47593879699707
-10.468025207519531
-10.4710054397583
-10.472977638244629
-10.474836349487305
-10.489657402038574
-10.481057167053223
-10.490212440490723
-10.474481582641602
-10.486544609069824
-10.48410415649414
-10.485215187072754
-10.483142852783203
-10.473857879638672
-10.47983169555664
-10.482904434204102
-10.473349571228027
-10.486879348754883
-10.479107856750488
-10.476815223693848
-10.479503631591797
-10.479846000671387
-10.47196102142334
-10.466951370239258
-10.474600791931152
-10.488152503967285
-10.468891143798828
-10.459035873413086
-10.49193000793457
-10.481485366821289
-10.471441268920898
-10.481836318969727
-10.475266456604004
-10.485122680664062
-10.471630096435547
-10.478845596313477
-10.479910850524902
-10.471426963806152
-10.479775428771973
-10.469018936157227
-10.483317375183105
-10.479427337646484
-10.466897964477539
-10.475496292114258
-10.480490684509277
-10.47114372253418
-10.4806547164917
-10.47730541229248
-10.473005294799805
-10.47368049621582
-10.487521171569824
-10.47376537322998
-10.458600044250488
-10.482131958007812
-10.4873685836792
-10.428435325622559
-10.504207611083984
-10.46977710723877
-10.47966480255127
-10.479894638061523
-10.474051475524902
-10.481754302978516
-10.490636825561523
-10.475014686584473
-10.447404861450195
-10.465354919433594
-10.472108840942383
-10.447440147399902
-10.466299057006836
-10.47439193725586
-10.490302085876465
-10.460332870483398
-10.464729309082031
-10.477069854736328
-10.464136123657227
-10.474055290222168
-10.47797679901123
-10.489946365356445
-10.479944229125977
-10.46936321258545
-10.493270874023438
-10.493770599365234
-10.480567932128906
-10.490198135375977
-10.477802276611328
-10.46871566772461
-10.485462188720703
-10.488704681396484
-10.482434272766113
-10.487430572509766
-10.469433784484863
-10.489298820495605
-10.474386215209961
-10.475138664245605
-10.478271484375
-10.478206634521484
-10.4772310256958
-10.4678373336792
-10.478684425354004
-10.482525825500488
-10.485560417175293
-10.469377517700195
-10.473577499389648
-10.474603652954102
-10.478116035461426
-10.483760833740234
-10.473298072814941
-10.471565246582031
-10.476547241210938
-10.485590934753418
-10.466270446777344
-10.465938568115234
-10.47573184967041
-10.492546081542969
-10.444437026977539
-10.47826099395752
-10.470477104187012
-10.49526309967041
-10.473738670349121
-10.481444358825684
-10.474220275878906
-10.486481666564941
-10.486544609069824
-10.495421409606934
-10.494752883911133
-10.443413734436035
-10.498330116271973
-10.495683670043945
-10.481709480285645
-10.475929260253906
-10.484718322753906
-10.507070541381836
-10.457976341247559
-10.468575477600098
-10.495919227600098
-10.48033618927002
-10.484277725219727
-10.472402572631836
-10.480376243591309
-10.487957000732422
-10.488037109375
-10.466680526733398
-10.466514587402344
-10.481889724731445
-10.483129501342773
-10.483342170715332
-10.485029220581055
-10.461971282958984
-10.479089736938477
-10.486163139343262
-10.471647262573242
-10.460952758789062
-10.477890014648438
-10.480443954467773
-10.471789360046387
-10.47806167602539
-10.48085880279541
-10.488475799560547
-10.457776069641113
-10.483092308044434
-10.496257781982422
-10.477084159851074
-10.484888076782227
-10.49055004119873
-10.479557037353516
-10.491878509521484
-10.486374855041504
-10.480825424194336
-10.483050346374512
-10.476262092590332
-10.479931831359863
-10.490071296691895
-10.484382629394531
-10.485003471374512
-10.494318962097168
-10.497631072998047
-10.4185209274292
-10.47701644897461
-10.479399681091309
-10.442341804504395
-10.475379943847656
-10.481650352478027
-10.484278678894043
-10.467759132385254
-10.461908340454102
-10.488580703735352
-10.479799270629883
-10.481860160827637
-10.47670841217041
-10.486786842346191
-10.487861633300781
-10.489999771118164
-10.48720932006836
-10.477884292602539
-10.471037864685059
-10.479153633117676
-10.480799674987793
-10.454798698425293
-10.469481468200684
-10.4865140914917
-10.469207763671875
-10.48907470703125
-10.483375549316406
-10.492981910705566
-10.480359077453613
-10.484272003173828
-10.498702049255371
-10.492912292480469
-10.491179466247559
-10.462167739868164
-10.486586570739746
-10.47372055053711
-10.47673511505127
-10.471076011657715
-10.478837966918945
-10.47564697265625
-10.489899635314941
-10.482556343078613
-10.474841117858887
-10.491338729858398
-10.48319149017334
-10.48336124420166
-10.480433464050293
-10.48486328125
-10.475218772888184
-10.476347923278809
-10.484786033630371
-10.475715637207031
-10.472830772399902
-10.488566398620605
-10.479910850524902
-10.483526229858398
-10.477624893188477
-10.476557731628418
-10.483320236206055
-10.477076530456543
-10.483726501464844
-10.480449676513672
-10.49753475189209
-10.506361961364746
-10.423126220703125
-10.483722686767578
-10.491229057312012
-10.4838285446167
-10.48996639251709
-10.463285446166992
-10.48914623260498
-10.475565910339355
-10.485069274902344
-10.485541343688965
-10.481833457946777
-10.489167213439941
-10.492851257324219
-10.47634220123291
-10.474677085876465
-10.461463928222656
-10.472272872924805
-10.446823120117188
-10.49538803100586
-10.478649139404297
-10.46985912322998
-10.468639373779297
-10.454374313354492
-10.483348846435547
-10.473905563354492
-10.43396282196045
-10.486473083496094
-10.47851276397705
-10.48646354675293
-10.467949867248535
-10.481732368469238
-10.488592147827148
-10.485925674438477
-10.484444618225098
-10.481807708740234
-10.489659309387207
-10.484947204589844
-10.487564086914062
-10.481599807739258
-10.489715576171875
-10.452242851257324
-10.481472969055176
-10.467706680297852
-10.470244407653809
-10.470514297485352
-10.476441383361816
-10.449664115905762
-10.4772367477417
-10.4845609664917
-10.463083267211914
-10.472265243530273
-10.466920852661133
-10.480769157409668
-10.477066993713379
-10.476643562316895
-10.472777366638184
-10.483792304992676
-10.482710838317871
-10.47499942779541
-10.474538803100586
-10.490684509277344
-10.456686019897461
-10.465548515319824
-10.451367378234863
-10.478541374206543
-10.453075408935547
-10.432744979858398
-10.470163345336914
-10.47774887084961
-10.496639251708984
-10.442121505737305
-10.47623348236084
-10.49417495727539
-10.492362976074219
-10.487200736999512
-10.470640182495117
-10.48281192779541
-10.487884521484375
-10.478070259094238
-10.49150562286377
-10.481142044067383
-10.480674743652344
-10.482854843139648
-10.472556114196777
-10.471319198608398
-10.493417739868164
-10.482836723327637
-10.48261833190918
-10.467665672302246
-10.479817390441895
-10.476129531860352
-10.491868019104004
-10.482518196105957
-10.470455169677734
-10.490008354187012
-10.491617202758789
-10.467555046081543
-10.472254753112793
-10.476529121398926
-10.484441757202148
-10.46786880493164
-10.476810455322266
-10.488205909729004
-10.460736274719238
-10.476297378540039
-10.481033325195312
-10.486858367919922
-10.48640251159668
-10.476520538330078
-10.479178428649902
-10.484617233276367
-10.464581489562988
-10.465970993041992
-10.494467735290527
-10.482416152954102
-10.490338325500488
-10.483033180236816
-10.477116584777832
-10.487692832946777
-10.470096588134766
-10.48317813873291
-10.493067741394043
-10.480310440063477
-10.484070777893066
-10.475096702575684
-10.492966651916504
-10.481456756591797
-10.490796089172363
-10.472139358520508
-10.487491607666016
-10.489363670349121
-10.483392715454102
-10.48406982421875
-10.4800443649292
-10.483992576599121
-10.49685001373291
-10.48806095123291
-10.48845100402832
-10.476627349853516
-10.48567008972168
-10.480440139770508
-10.485045433044434
-10.473417282104492
-10.480716705322266
-10.48625659942627
-10.494195938110352
-10.481136322021484
-10.486275672912598
-10.486838340759277
-10.48331069946289
-10.491771697998047
-10.482330322265625
-10.491243362426758
-10.491628646850586
-10.477643013000488
-10.495356559753418
-10.488607406616211
-10.474874496459961
-10.483383178710938
-10.478041648864746
-10.482419967651367
-10.492485046386719
-10.486113548278809
-10.453583717346191
-10.47158145904541
-10.49406909942627
-10.446200370788574
-10.453168869018555
-10.487409591674805
-10.497603416442871
-10.456025123596191
-10.459087371826172
-10.458953857421875
-10.490056991577148
-10.487546920776367
-10.42319393157959
-10.466948509216309
-10.482515335083008
-10.475695610046387
-10.465869903564453
-10.4760103225708
-10.481618881225586
-10.482436180114746
-10.479503631591797
-10.487428665161133
-10.490084648132324
-10.483972549438477
-10.487067222595215
-10.47938346862793
-10.50297737121582
-10.492217063903809
-10.493409156799316
-10.466777801513672
-10.493377685546875
-10.482328414916992
-10.476725578308105
-10.482722282409668
-10.481287956237793
-10.49862003326416
-10.49865436553955
-10.482654571533203
-10.481241226196289
-10.491125106811523
-10.488182067871094
-10.48591423034668
-10.489400863647461
-10.47524356842041
-10.483338356018066
-10.487483024597168
-10.480220794677734
-10.485455513000488
-10.489313125610352
-10.500127792358398
-10.474717140197754
-10.471177101135254
-10.48807144165039
-10.484731674194336
-10.466071128845215
-10.486885070800781
-10.480046272277832
-10.485044479370117
-10.47085189819336
-10.49045467376709
-10.486446380615234
-10.481584548950195
-10.447522163391113
-10.468117713928223
-10.482948303222656
-10.489276885986328
-10.428958892822266
-10.461051940917969
-10.47779655456543
-10.46387004852295
-10.456914901733398
-10.461176872253418
-10.486822128295898
-10.483405113220215
-10.465080261230469
-10.48070240020752
-10.491189956665039
-10.483338356018066
-10.482295036315918
-10.484906196594238
-10.487593650817871
-10.485733032226562
-10.485793113708496
-10.472816467285156
-10.49668025970459
-10.499273300170898
-10.498396873474121
-10.459946632385254
-10.503490447998047
-10.482461929321289
-10.483792304992676
-10.463397026062012
-10.488286972045898
-10.491669654846191
-10.491446495056152
-10.471796989440918
-10.494140625
-10.490302085876465
-10.493550300598145
-10.482932090759277
-10.470459938049316
-10.484973907470703
-10.493430137634277
-10.464922904968262
-10.447541236877441
-10.495290756225586
-10.483262062072754
-10.46337604522705
-10.48797607421875
-10.493287086486816
-10.494550704956055
-10.48306941986084
-10.482465744018555
-10.485339164733887
-10.49189567565918
-10.484402656555176
-10.485118865966797
-10.467198371887207
-10.485790252685547
-10.492859840393066
-10.465972900390625
-10.471817016601562
-10.47284984588623
-10.48745059967041
-10.470938682556152
-10.4833402633667
-10.49387264251709
-10.494309425354004
-10.482044219970703
-10.481992721557617
-10.430468559265137
-10.488890647888184
-10.444644927978516
-10.443097114562988
-10.48941421508789
-10.485602378845215
-10.449667930603027
-10.440654754638672
-10.486072540283203
-10.482304573059082
-10.465141296386719
-10.477806091308594
-10.48118782043457
-10.491632461547852
-10.490205764770508
-10.49637508392334
-10.473173141479492
-10.486617088317871
-10.483390808105469
-10.484973907470703
-10.47539234161377
-10.48964786529541
-10.485395431518555
-10.496109008789062
-10.493059158325195
-10.48975658416748
-10.48751163482666
-10.481232643127441
-10.489019393920898
-10.493412971496582
-10.489870071411133
-10.492837905883789
-10.488253593444824
-10.497169494628906
-10.484906196594238
-10.4857177734375
-10.49052619934082
-10.485015869140625
-10.48898696899414
-10.49116325378418
-10.479436874389648
-10.487130165100098
-10.493730545043945
-10.486798286437988
-10.492030143737793
-10.49799919128418
-10.482170104980469
-10.504876136779785
-10.466434478759766
-10.487482070922852
-10.488165855407715
-10.482844352722168
-10.483526229858398
-10.479744911193848
-10.486434936523438
-10.48248291015625
-10.490752220153809
-10.492819786071777
-10.481947898864746
-10.46954345703125
-10.488625526428223
-10.4879732131958
-10.500146865844727
-10.476663589477539
-10.488835334777832
-10.474957466125488
-10.48482608795166
-10.488526344299316
-10.490795135498047
-10.496304512023926
-10.488057136535645
-10.514825820922852
-10.495978355407715
-10.465520858764648
-10.489096641540527
-10.485441207885742
-10.467415809631348
-10.473388671875
-10.49148941040039
-10.48275375366211
-10.479046821594238
-10.470809936523438
-10.494894027709961
-10.490456581115723
-10.47537612915039
-10.492531776428223
-10.492376327514648
-10.477431297302246
-10.486932754516602
-10.474583625793457
-10.498501777648926
-10.50082778930664
-10.48592758178711
-10.487590789794922
-10.484467506408691
-10.490959167480469
-10.495410919189453
-10.492730140686035
-10.502337455749512
-10.471031188964844
-10.51030445098877
-10.510671615600586
-10.485488891601562
-10.505720138549805
-10.489829063415527
-10.495471000671387
-10.48826789855957
-10.488259315490723
-10.485153198242188
-10.481161117553711
-10.495657920837402
-10.484637260437012
-10.486550331115723
-10.480889320373535
-10.485126495361328
-10.485206604003906
-10.490717887878418
-10.487449645996094
-10.483383178710938
-10.483760833740234
-10.489476203918457
-10.488326072692871
-10.491079330444336
-10.486393928527832
-10.48831558227539
-10.48019027709961
-10.47205924987793
-10.495487213134766
-10.494464874267578
-10.497961044311523
-10.467389106750488
-10.486973762512207
-10.500518798828125
-10.4939546585083
-10.473113059997559
-10.489459037780762
-10.490171432495117
-10.49390983581543
-10.491260528564453
-10.499265670776367
-10.478265762329102
-10.500687599182129
-10.494341850280762
-10.483903884887695
-10.48675537109375
-10.490887641906738
-10.493291854858398
-10.503681182861328
-10.473913192749023
-10.469400405883789
-10.471805572509766
-10.48735523223877
-10.493112564086914
-10.457012176513672
-10.4891357421875
-10.49963092803955
-10.487553596496582
-10.498687744140625
-10.487446784973145
-10.482488632202148
-10.475621223449707
-10.492688179016113
-10.467513084411621
-10.498880386352539
-10.451214790344238
-10.488054275512695
-10.486574172973633
-10.472034454345703
-10.474081993103027
-10.492819786071777
-10.486332893371582
-10.47981071472168
-10.491369247436523
-10.490880012512207
-10.500325202941895
-10.487950325012207
-10.472955703735352
-10.489357948303223
-10.500823974609375
-10.486915588378906
-10.488205909729004
-10.485416412353516
-10.495138168334961
-10.48023796081543
-10.485892295837402
-10.506731033325195
-10.483122825622559
-10.489319801330566
-10.4939603805542
-10.488734245300293
-10.49258804321289
-10.492238998413086
-10.479695320129395
-10.455742835998535
-10.499364852905273
-10.485718727111816
-10.493290901184082
-10.491982460021973
-10.488286018371582
-10.485017776489258
-10.499249458312988
-10.473877906799316
-10.491405487060547
-10.485119819641113
-10.483963012695312
-10.498578071594238
-10.504076957702637
-10.446930885314941
-10.489275932312012
-10.500626564025879
-10.503355026245117
-10.485710144042969
-10.49280071258545
-10.495759010314941
-10.492335319519043
-10.491543769836426
-10.491497993469238
-10.485424995422363
-10.509257316589355
-10.480324745178223
-10.494311332702637
-10.493183135986328
-10.490496635437012
-10.486236572265625
-10.483572006225586
-10.495635032653809
-10.468282699584961
-10.489877700805664
-10.50092601776123
-10.45849609375
-10.453506469726562
-10.495712280273438
-10.492592811584473
-10.435006141662598
-10.482389450073242
-10.524251937866211
-10.489953994750977
-10.493261337280273
-10.485739707946777
-10.51063346862793
-10.498190879821777
-10.49189281463623
-10.45405387878418
-10.434590339660645
-10.486061096191406
-10.466341018676758
-10.45698356628418
-10.48656177520752
-10.49866008758545
-10.475635528564453
-10.474047660827637
-10.456453323364258
-10.498024940490723
-10.49982738494873
-10.481082916259766
-10.48066520690918
-10.466150283813477
-10.488410949707031
-10.471076965332031
-10.458678245544434
-10.487024307250977
-10.486673355102539
-10.477109909057617
-10.475290298461914
-10.48741340637207
-10.490164756774902
-10.480667114257812
-10.457350730895996
-10.469441413879395
-10.49814510345459
-10.472559928894043
-10.4520902633667
-10.487228393554688
-10.502814292907715
-10.465012550354004
-10.462574005126953
-10.476945877075195
-10.491177558898926
-10.483607292175293
-10.444786071777344
-10.467881202697754
-10.491666793823242
-10.47580337524414
-10.476807594299316
-10.474526405334473
-10.487629890441895
-10.489489555358887
-10.493106842041016
-10.490500450134277
-10.468820571899414
-10.494720458984375
-10.491405487060547
-10.484029769897461
-10.487957000732422
-10.471816062927246
-10.49375057220459
-10.492289543151855
-10.469029426574707
-10.500728607177734
-10.491273880004883
-10.47729206085205
-10.485125541687012
-10.48395824432373
-10.491640090942383
-10.417181015014648
-10.440993309020996
-10.492379188537598
-10.440208435058594
-10.464669227600098
-10.461394309997559
-10.487920761108398
-10.474577903747559
-10.474759101867676
-10.443204879760742
-10.496604919433594
-10.517884254455566
-10.42993450164795
-10.448698997497559
-10.478075981140137
-10.488338470458984
-10.445727348327637
-10.476203918457031
-10.492582321166992
-10.485095024108887
-10.49361515045166
-10.507048606872559
-10.476422309875488
-10.471830368041992
-10.486096382141113
-10.496105194091797
-10.463483810424805
-10.492015838623047
-10.493420600891113
-10.493690490722656
-10.487740516662598
-10.49025821685791
-10.48078441619873
-10.496076583862305
-10.493210792541504
-10.489294052124023
-10.498888969421387
-10.489885330200195
-10.482860565185547
-10.496203422546387
-10.497602462768555
-10.493529319763184
-10.486448287963867
-10.518131256103516
-10.476977348327637
-10.48629379272461
-10.497262954711914
-10.48452091217041
-10.491375923156738
-10.491584777832031
-10.510856628417969
-10.471247673034668
-10.503778457641602
-10.510380744934082
-10.494991302490234
-10.495796203613281
-10.494462966918945
-10.503173828125
-10.49317455291748
-10.493805885314941
-10.490553855895996
-10.496530532836914
-10.490349769592285
-10.493630409240723
-10.493444442749023
-10.500181198120117
-10.479640007019043
-10.490242958068848
-10.482527732849121
-10.488865852355957
-10.466628074645996
-10.489011764526367
-10.50100040435791
-10.446202278137207
-10.460794448852539
-10.47661304473877
-10.468587875366211
-10.489179611206055
-10.484149932861328
-10.494270324707031
-10.479487419128418
-10.486906051635742
-10.510419845581055
-10.491150856018066
-10.49429988861084
-10.490517616271973
-10.482902526855469
-10.48831844329834
-10.495683670043945
-10.484785079956055
-10.466212272644043
-10.512163162231445
-10.503044128417969
-10.49763298034668
-10.492318153381348
-10.495380401611328
-10.487298011779785
-10.48012924194336
-10.488030433654785
-10.483912467956543
-10.485276222229004
-10.499796867370605
-10.481719017028809
-10.490588188171387
-10.492840766906738
-10.498252868652344
-10.48857307434082
-10.491588592529297
-10.485946655273438
-10.494174003601074
-10.48668098449707
-10.4871826171875
-10.494375228881836
-10.49345588684082
-10.49082088470459
-10.490175247192383
-10.49816608428955
-10.487603187561035
-10.484419822692871
-10.510866165161133
-10.508905410766602
-10.486241340637207
-10.491678237915039
-10.496219635009766
-10.483699798583984
-10.492201805114746
-10.494440078735352
-10.487277030944824
-10.482339859008789
-10.492288589477539
-10.489404678344727
-10.486275672912598
-10.486322402954102
-10.487778663635254
-10.504169464111328
-10.468365669250488
-10.483325004577637
-10.487997055053711
-10.49768352508545
-10.489946365356445
-10.460433959960938
-10.489683151245117
-10.508218765258789
-10.446192741394043
-10.488141059875488
-10.487462043762207
-10.490900993347168
-10.48825740814209
-10.477828979492188
-10.480998992919922
-10.49434757232666
-10.492456436157227
-10.48022747039795
-10.478023529052734
-10.494762420654297
-10.488617897033691
-10.483716011047363
-10.496053695678711
-10.487344741821289
-10.49612045288086
-10.486492156982422
-10.501358032226562
-10.470264434814453
-10.499528884887695
-10.495720863342285
-10.489983558654785
-10.495176315307617
-10.491887092590332
-10.491827964782715
-10.488300323486328
-10.495841979980469
-10.485934257507324
-10.496162414550781
-10.503684997558594
-10.506050109863281
-10.478254318237305
-10.494410514831543
-10.490110397338867
-10.50054931640625
-10.496939659118652
-10.50340747833252
-10.504151344299316
-10.463431358337402
-10.501303672790527
-10.493298530578613
-10.501152992248535
-10.496761322021484
-10.493619918823242
-10.499616622924805
-10.503722190856934
-10.48347282409668
-10.503251075744629
-10.506916999816895
-10.483482360839844
-10.486677169799805
-10.493180274963379
-10.488478660583496
-10.492216110229492
-10.490489959716797
-10.492403030395508
-10.505694389343262
-10.49337387084961
-10.497310638427734
-10.462427139282227
-10.494674682617188
-10.488042831420898
-10.469708442687988
-10.458660125732422
-10.499602317810059
-10.4822998046875
-10.463894844055176
-10.477246284484863
-10.498316764831543
-10.49440860748291
-10.496514320373535
-10.469871520996094
-10.469695091247559
-10.495200157165527
-10.490550994873047
-10.433526992797852
-10.479741096496582
-10.503226280212402
-10.491344451904297
-10.492990493774414
-10.466041564941406
-10.494643211364746
-10.489171028137207
-10.497821807861328
-10.486359596252441
-10.500904083251953
-10.488252639770508
-10.50105094909668
-10.49809455871582
-10.498065948486328
-10.49682903289795
-10.498233795166016
-10.500288009643555
-10.504018783569336
-10.466268539428711
-10.487144470214844
-10.499496459960938
-10.496277809143066
-10.506983757019043
-10.506759643554688
-10.497723579406738
-10.513571739196777
-10.475296974182129
-10.505012512207031
-10.488800048828125
-10.501001358032227
-10.511251449584961
-10.49050521850586
-10.487565040588379
-10.492341041564941
-10.489459991455078
-10.49266242980957
-10.48971939086914
-10.505096435546875
-10.490769386291504
-10.49677848815918
-10.496651649475098
-10.5027437210083
-10.49009895324707
-10.496545791625977
-10.501547813415527
-10.493234634399414
-10.491902351379395
-10.473505973815918
-10.477132797241211
-10.500202178955078
-10.492341041564941
-10.49166488647461
-10.49289608001709
-10.49649715423584
-10.489338874816895
-10.482559204101562
-10.5010347366333
-10.500593185424805
-10.504072189331055
-10.498617172241211
-10.492724418640137
-10.525440216064453
-10.505023002624512
-10.506717681884766
-10.470931053161621
-10.493157386779785
-10.481823921203613
-10.47054386138916
-10.482953071594238
-10.496732711791992
-10.498993873596191
-10.485377311706543
-10.47488021850586
-10.479656219482422
-10.50584888458252
-10.493741989135742
-10.491745948791504
-10.495146751403809
-10.485533714294434
-10.48950481414795
-10.507044792175293
-10.500904083251953
-10.49717903137207
-10.50082015991211
-10.498104095458984
-10.520151138305664
-10.506750106811523
-10.510734558105469
-10.502962112426758
-10.502192497253418
-10.487018585205078
-10.497723579406738
-10.49267864227295
-10.494428634643555
-10.498252868652344
-10.509897232055664
-10.475829124450684
-10.499013900756836
-10.50309944152832
-10.49869441986084
-10.4816255569458
-10.503835678100586
-10.504667282104492
-10.473872184753418
-10.492504119873047
-10.496895790100098
-10.495914459228516
-10.495874404907227
-10.491230964660645
-10.50977611541748
-10.499796867370605
-10.482348442077637
-10.478230476379395
-10.516519546508789
-10.49949836730957
-10.500018119812012
-10.504427909851074
-10.496875762939453
-10.515961647033691
-10.487176895141602
-10.525433540344238
-10.486344337463379
-10.494193077087402
-10.498472213745117
-10.492213249206543
-10.482929229736328
-10.494477272033691
-10.50249195098877
-10.504961967468262
-10.501893997192383
-10.486309051513672
-10.483823776245117
-10.488585472106934
-10.488214492797852
-10.474172592163086
-10.494291305541992
-10.501089096069336
-10.485772132873535
-10.499683380126953
-10.497708320617676
-10.48929214477539
-10.501585006713867
-10.492755889892578
-10.510336875915527
-10.496918678283691
-10.51588249206543
-10.4457426071167
-10.506251335144043
-10.501176834106445
-10.484545707702637
-10.49060344696045
-10.491127967834473
-10.511089324951172
-10.469623565673828
-10.491013526916504
-10.50616455078125
-10.503170013427734
-10.498382568359375
-10.483336448669434
-10.496796607971191
-10.49675464630127
-10.502297401428223
-10.508130073547363
-10.504901885986328
-10.4833345413208
-10.48952865600586
-10.504358291625977
-10.492719650268555
-10.488680839538574
-10.483335494995117
-10.499238967895508
-10.487133026123047
-10.498993873596191
-10.472210884094238
-10.500152587890625
-10.498148918151855
-10.485406875610352
-10.494366645812988
-10.502265930175781
-10.505457878112793
-10.47607707977295
-10.498781204223633
-10.502427101135254
-10.493725776672363
-10.486876487731934
-10.492441177368164
-10.50422191619873
-10.492900848388672
-10.477049827575684
-10.506011009216309
-10.504319190979004
-10.486715316772461
-10.499995231628418
-10.508269309997559
-10.483397483825684
-10.501941680908203
-10.500754356384277
-10.488240242004395
-10.505633354187012
-10.490586280822754
-10.494080543518066
-10.506030082702637
-10.481588363647461
-10.519705772399902
-10.49030590057373
-10.491496086120605
-10.50025749206543
-10.490068435668945
-10.497410774230957
-10.495526313781738
-10.473169326782227
-10.488347053527832
-10.506064414978027
-10.505200386047363
-10.505335807800293
-10.495064735412598
-10.498710632324219
-10.494897842407227
-10.497634887695312
-10.495777130126953
-10.502058029174805
-10.487791061401367
-10.496773719787598
-10.489770889282227
-10.474868774414062
-10.489741325378418
-10.496721267700195
-10.452630043029785
-10.469539642333984
-10.502338409423828
-10.501228332519531
-10.451645851135254
-10.503342628479004
-10.499822616577148
-10.489842414855957
-10.49499797821045
-10.486719131469727
-10.490649223327637
-10.490878105163574
-10.497457504272461
-10.486144065856934
-10.48791217803955
-10.502459526062012
-10.500106811523438
-10.514888763427734
-10.508333206176758
-10.480209350585938
-10.484661102294922
-10.491802215576172
-10.490567207336426
-10.481512069702148
-10.490487098693848
-10.492944717407227
-10.471972465515137
-10.496663093566895
-10.515857696533203
-10.4967041015625
-10.505827903747559
-10.49254035949707
-10.49658203125
-10.495684623718262
-10.493549346923828
-10.505594253540039
-10.510347366333008
-10.50645923614502
-10.499887466430664
-10.494272232055664
-10.502334594726562
-10.502727508544922
-10.481030464172363
-10.484542846679688
-10.496427536010742
-10.491836547851562
-10.477191925048828
-10.48598575592041
-10.47735595703125
-10.496542930603027
-10.507076263427734
-10.493206977844238
-10.50460147857666
-10.495254516601562
-10.462894439697266
-10.497477531433105
-10.504083633422852
-10.479058265686035
-10.4542818069458
-10.507266998291016
-10.50217056274414
-10.500642776489258
-10.491256713867188
-10.497750282287598
-10.500638008117676
-10.472699165344238
-10.513323783874512
-10.508574485778809
-10.496816635131836
-10.499466896057129
-10.496243476867676
-10.500208854675293
-10.505249977111816
-10.511489868164062
-10.480633735656738
-10.495646476745605
-10.494386672973633
-10.493606567382812
-10.505922317504883
-10.497244834899902
-10.496687889099121
-10.488824844360352
-10.498984336853027
-10.500855445861816
-10.504847526550293
-10.497598648071289
-10.493073463439941
-10.500985145568848
-10.499401092529297
-10.498085021972656
-10.508488655090332
-10.504708290100098
-10.496782302856445
-10.504977226257324
-10.498075485229492
-10.483183860778809
-10.500051498413086
-10.502087593078613
-10.494993209838867
-10.487589836120605
-10.513470649719238
-10.499184608459473
-10.502853393554688
-10.509587287902832
-10.493809700012207
-10.51407527923584
-10.495826721191406
-10.507392883300781
-10.495261192321777
-10.506734848022461
-10.50173282623291
-10.498536109924316
-10.481297492980957
-10.515901565551758
-10.527749061584473
-10.458953857421875
-10.500364303588867
-10.497139930725098
-10.497111320495605
-10.496599197387695
-10.489496231079102
-10.4878511428833
-10.499385833740234
-10.482427597045898
-10.500000953674316
-10.472105026245117
-10.502523422241211
-10.504919052124023
-10.479142189025879
-10.464223861694336
-10.494783401489258
-10.48919677734375
-10.514939308166504
-10.504504203796387
-10.491534233093262
-10.504239082336426
-10.500176429748535
-10.496376037597656
-10.479840278625488
-10.479124069213867
-10.496052742004395
-10.490769386291504
-10.51309585571289
-10.50124454498291
-10.46847915649414
-10.512892723083496
-10.500665664672852
-10.496601104736328
-10.497879981994629
-10.4960355758667
-10.500333786010742
-10.500786781311035
-10.510161399841309
-10.510299682617188
-10.501824378967285
-10.478189468383789
-10.49378776550293
-10.494112968444824
-10.488235473632812
-10.497693061828613
-10.496386528015137
-10.493769645690918
-10.504915237426758
-10.505300521850586
-10.501675605773926
-10.502159118652344
-10.497236251831055
-10.49931526184082
-10.501364707946777
-10.501276016235352
-10.49634838104248
-10.505114555358887
-10.485137939453125
-10.464954376220703
-10.51134967803955
-10.499039649963379
-10.486709594726562
-10.49416732788086
-10.508456230163574
-10.503032684326172
-10.506731033325195
-10.496057510375977
-10.48644733428955
-10.51036548614502
-10.498546600341797
-10.498631477355957
-10.498929023742676
-10.502279281616211
-10.490559577941895
-10.504167556762695
-10.453750610351562
-10.500616073608398
-10.485150337219238
-10.493874549865723
-10.485481262207031
-10.483325004577637
-10.507692337036133
-10.501920700073242
-10.472027778625488
-10.486809730529785
-10.50245475769043
-10.486091613769531
-10.489156723022461
-10.497772216796875
-10.499747276306152
-10.50394058227539
-10.495686531066895
-10.495009422302246
-10.500713348388672
-10.508055686950684
-10.511625289916992
-10.444955825805664
-10.508522033691406
-10.49209976196289
-10.484940528869629
-10.484750747680664
-10.4941987991333
-10.51626205444336
-10.485977172851562
-10.486018180847168
-10.471856117248535
-10.503538131713867
-10.507646560668945
-10.502272605895996
-10.486068725585938
-10.504566192626953
-10.494437217712402
-10.505733489990234
-10.489824295043945
-10.500102996826172
-10.507767677307129
-10.497294425964355
-10.502873420715332
-10.511123657226562
-10.503341674804688
-10.493955612182617
-10.509915351867676
-10.49841594696045
-10.488621711730957
-10.490466117858887
-10.487754821777344
-10.494564056396484
-10.508161544799805
-10.496149063110352
-10.471485137939453
-10.502192497253418
-10.503313064575195
-10.500862121582031
-10.503273963928223
-10.497603416442871
-10.499503135681152
-10.497859954833984
-10.507098197937012
-10.495393753051758
-10.493335723876953
-10.491145133972168
-10.50251579284668
-10.496389389038086
-10.501481056213379
-10.501689910888672
-10.49812126159668
-10.51113224029541
-10.513895034790039
-10.497567176818848
-10.509967803955078
-10.495596885681152
-10.484594345092773
-10.494128227233887
-10.498144149780273
-10.503929138183594
-10.506991386413574
-10.499058723449707
-10.499879837036133
-10.504142761230469
-10.500251770019531
-10.50609302520752
-10.501046180725098
-10.5078763961792
-10.495292663574219
-10.507377624511719
-10.50909423828125
-10.521543502807617
-10.495712280273438
-10.496949195861816
-10.498859405517578
-10.515791893005371
-10.507509231567383
-10.482843399047852
-10.498495101928711
-10.507871627807617
-10.503475189208984
-10.498247146606445
-10.499850273132324
-10.49394416809082
-10.503483772277832
-10.499577522277832
-10.49670696258545
-10.494720458984375
-10.502054214477539
-10.497568130493164
-10.478286743164062
-10.512203216552734
-10.499614715576172
-10.49691390991211
-10.490062713623047
-10.506237983703613
-10.516744613647461
-10.521751403808594
-10.448040008544922
-10.488215446472168
-10.498690605163574
-10.488862991333008
-10.463252067565918
-10.47150993347168
-10.502081871032715
-10.503031730651855
-10.492137908935547
-10.469325065612793
-10.503443717956543
-10.499281883239746
-10.496108055114746
-10.501260757446289
-10.497843742370605
-10.499361038208008
-10.50547981262207
-10.489751815795898
-10.49807071685791
-10.497516632080078
-10.497049331665039
-10.51095199584961
-10.51794147491455
-10.494625091552734
-10.475467681884766
-10.503397941589355
-10.506994247436523
-10.5057954788208
-10.472634315490723
-10.442716598510742
-10.495199203491211
-10.473340034484863
-10.460545539855957
-10.474651336669922
-10.505998611450195
-10.474381446838379
-10.46491813659668
-10.405045509338379
-10.501206398010254
-10.475634574890137
-10.467577934265137
-10.4255952835083
-10.5007905960083
-10.49755573272705
-10.490432739257812
-10.45474624633789
-10.454957008361816
-10.502623558044434
-10.495160102844238
-10.496731758117676
-10.492147445678711
-10.477361679077148
-10.496460914611816
-10.504947662353516
-10.456607818603516
-10.480360984802246
-10.491128921508789
-10.504890441894531
-10.512771606445312
-10.462431907653809
-10.471210479736328
-10.463995933532715
-10.509753227233887
-10.470094680786133
-10.481986999511719
-10.504487037658691
-10.510664939880371
-10.530275344848633
-10.448439598083496
-10.466367721557617
-10.494684219360352
-10.489924430847168
-10.43852710723877
-10.489264488220215
-10.49772834777832
-10.464599609375
-10.476616859436035
-10.489822387695312
-10.507673263549805
-10.508756637573242
-10.467495918273926
-10.488762855529785
-10.50495719909668
-10.494662284851074
-10.501672744750977
-10.502935409545898
-10.511007308959961
-10.522564888000488
-10.499217987060547
-10.514409065246582
-10.50019359588623
-10.51589298248291
-10.50683879852295
-10.508913040161133
-10.49502944946289
-10.500272750854492
-10.505711555480957
-10.499768257141113
-10.505243301391602
-10.520750999450684
-10.470258712768555
-10.515361785888672
-10.50776481628418
-10.508135795593262
-10.501239776611328
-10.505941390991211
-10.50886058807373
-10.507671356201172
-10.510443687438965
-10.50283432006836
-10.503292083740234
-10.508702278137207
-10.496380805969238
-10.506739616394043
-10.509194374084473
-10.491040229797363
-10.51552963256836
-10.477987289428711
-10.503984451293945
-10.500143051147461
-10.490263938903809
-10.504558563232422
-10.485754013061523
-10.496672630310059
-10.473739624023438
-10.504449844360352
-10.506305694580078
-10.507740020751953
-10.50537109375
-10.508009910583496
-10.503592491149902
-10.512340545654297
-10.495802879333496
-10.505536079406738
-10.513300895690918
-10.52070426940918
-10.495951652526855
-10.48917293548584
-10.507901191711426
-10.504673957824707
-10.506684303283691
-10.507357597351074
-10.509905815124512
-10.508302688598633
-10.517982482910156
-10.466207504272461
-10.513508796691895
-10.498583793640137
-10.493996620178223
-10.464669227600098
-10.492199897766113
-10.493965148925781
-10.501903533935547
-10.501070022583008
-10.498764991760254
-10.508100509643555
-10.503758430480957
-10.507261276245117
-10.504067420959473
-10.4943265914917
-10.48945140838623
-10.50692367553711
-10.501370429992676
-10.504302978515625
-10.509963035583496
-10.504302978515625
-10.474048614501953
-10.513608932495117
-10.500972747802734
-10.503776550292969
-10.503334999084473
-10.502070426940918
-10.505757331848145
-10.510702133178711
-10.505724906921387
-10.488853454589844
-10.500244140625
-10.498543739318848
-10.484598159790039
-10.49787712097168
-10.512992858886719
-10.496883392333984
-10.499627113342285
-10.497920036315918
-10.511107444763184
-10.508758544921875
-10.504262924194336
-10.502859115600586
-10.50991153717041
-10.520374298095703
-10.479626655578613
-10.494477272033691
-10.501201629638672
-10.501782417297363
-10.478287696838379
-10.516472816467285
-10.50757122039795
-10.47413444519043
-10.459343910217285
-10.479973793029785
-10.50387954711914
-10.489538192749023
-10.493692398071289
-10.498469352722168
-10.500041007995605
-10.505181312561035
-10.502837181091309
-10.511237144470215
-10.499040603637695
-10.475208282470703
-10.504680633544922
-10.493767738342285
-10.4760160446167
-10.481305122375488
-10.507081985473633
-10.501774787902832
-10.446294784545898
-10.451969146728516
-10.51132583618164
-10.50087833404541
-10.494656562805176
-10.497692108154297
-10.507155418395996
-10.504283905029297
-10.502840995788574
-10.498709678649902
-10.508733749389648
-10.512492179870605
-10.499044418334961
-10.507938385009766
-10.494114875793457
-10.507554054260254
-10.480759620666504
-10.499805450439453
-10.49122428894043
-10.502833366394043
-10.493782043457031
-10.508137702941895
-10.469619750976562
-10.510610580444336
-10.505060195922852
-10.505008697509766
-10.512929916381836
-10.492457389831543
-10.51128101348877
-10.490543365478516
-10.501625061035156
-10.49091911315918
-10.498650550842285
-10.502654075622559
-10.49540901184082
-10.519145011901855
-10.477463722229004
-10.503973960876465
-10.505998611450195
-10.493340492248535
-10.503152847290039
-10.509538650512695
-10.508658409118652
-10.478025436401367
-10.49531078338623
-10.502553939819336
-10.494084358215332
-10.498455047607422
-10.501949310302734
-10.508026123046875
-10.488521575927734
-10.525897979736328
-10.51162338256836
-10.527952194213867
-10.474043846130371
-10.506359100341797
-10.485086441040039
-10.50012493133545
-10.502720832824707
-10.486506462097168
-10.491633415222168
-10.519697189331055
-10.505176544189453
-10.50446891784668
-10.50064468383789
-10.509861946105957
-10.502405166625977
-10.493880271911621
-10.503284454345703
-10.50308609008789
-10.506587028503418
-10.524435997009277
-10.515935897827148
-10.503442764282227
-10.513771057128906
-10.514998435974121
-10.501447677612305
-10.487106323242188
-10.50342845916748
-10.500782012939453
-10.498617172241211
-10.50856876373291
-10.489736557006836
-10.478720664978027
-10.49442195892334
-10.502786636352539
-10.499855995178223
-10.479999542236328
-10.507075309753418
-10.495179176330566
-10.455865859985352
-10.522313117980957
-10.507832527160645
-10.50097942352295
-10.50527286529541
-10.498826026916504
-10.498331069946289
-10.49672794342041
-10.502466201782227
-10.506958961486816
-10.5029296875
-10.507719039916992
-10.509430885314941
-10.500357627868652
-10.499235153198242
-10.509834289550781
-10.492345809936523
-10.515692710876465
-10.505431175231934
-10.512613296508789
-10.494316101074219
-10.506455421447754
-10.502997398376465
-10.510763168334961
-10.504020690917969
-10.475881576538086
-10.51118278503418
-10.519450187683105
-10.511422157287598
-10.511551856994629
-10.502612113952637
-10.523195266723633
-10.52393627166748
-10.516416549682617
-10.511640548706055
-10.50721549987793
-10.509678840637207
-10.483814239501953
-10.498190879821777
-10.498200416564941
-10.506580352783203
-10.509037971496582
-10.502238273620605
-10.501358032226562
-10.502252578735352
-10.497579574584961
-10.510409355163574
-10.48255729675293
-10.503955841064453
-10.500667572021484
-10.491249084472656
-10.473170280456543
-10.50168228149414
-10.50551986694336
-10.485655784606934
-10.484569549560547
-10.513321876525879
-10.5007963180542
-10.4981107711792
-10.471979141235352
-10.509782791137695
-10.50338363647461
-10.496881484985352
-10.474040031433105
-10.504981994628906
-10.496113777160645
-10.500259399414062
-10.480224609375
-10.496870040893555
-10.498398780822754
-10.487212181091309
-10.485920906066895
-10.471034049987793
-10.504197120666504
-10.494098663330078
-10.464408874511719
-10.483424186706543
-10.502348899841309
-10.495369911193848
-10.500343322753906
-10.506779670715332
-10.507177352905273
-10.500211715698242
-10.512786865234375
-10.515606880187988
-10.504342079162598
-10.496322631835938
-10.506866455078125
-10.484692573547363
-10.501957893371582
-10.505073547363281
-10.508475303649902
-10.506326675415039
-10.503668785095215
-10.504447937011719
-10.51334285736084
-10.492938995361328
-10.505181312561035
-10.509968757629395
-10.500630378723145
-10.491891860961914
-10.49371337890625
-10.511697769165039
-10.496574401855469
-10.508790016174316
-10.500969886779785
-10.50735855102539
-10.510968208312988
-10.508491516113281
-10.50666618347168
-10.516350746154785
-10.510740280151367
-10.501654624938965
-10.495656967163086
-10.500884056091309
-10.504971504211426
-10.509211540222168
-10.494278907775879
-10.485383987426758
-10.510563850402832
-10.510191917419434
-10.457765579223633
-10.482388496398926
-10.504597663879395
-10.504055976867676
-10.504851341247559
-10.475664138793945
-10.503520965576172
-10.501846313476562
-10.51926326751709
-10.492134094238281
-10.519756317138672
-10.485018730163574
-10.501916885375977
-10.500532150268555
-10.473406791687012
-10.502114295959473
-10.510785102844238
-10.489136695861816
-10.4904146194458
-10.472758293151855
-10.503946304321289
-10.497608184814453
-10.496615409851074
-10.515567779541016
-10.499892234802246
-10.51706314086914
-10.492974281311035
-10.489119529724121
-10.507526397705078
-10.508650779724121
-10.47900676727295
-10.486305236816406
-10.505098342895508
-10.49351978302002
-10.499712944030762
-10.493603706359863
-10.515145301818848
-10.500297546386719
-10.504758834838867
-10.501949310302734
-10.507396697998047
-10.518527030944824
-10.48363208770752
-10.466696739196777
-10.507157325744629
-10.517049789428711
-10.504046440124512
-10.505437850952148
-10.51328182220459
-10.498347282409668
-10.494024276733398
-10.517166137695312
-10.489410400390625
-10.507367134094238
-10.502901077270508
-10.503425598144531
-10.511884689331055
-10.52486801147461
-10.487070083618164
-10.518518447875977
-10.493990898132324
-10.489642143249512
-10.510231971740723
-10.488784790039062
-10.495392799377441
-10.495290756225586
-10.511377334594727
-10.513221740722656
-10.504095077514648
-10.524627685546875
-10.467979431152344
-10.49573802947998
-10.506081581115723
-10.470489501953125
-10.484103202819824
-10.511031150817871
-10.501220703125
-10.509673118591309
-10.4715576171875
-10.43940258026123
-10.506206512451172
-10.477036476135254
-10.436502456665039
-10.46940803527832
-10.509353637695312
-10.533936500549316
-10.48736572265625
-10.420684814453125
-10.486625671386719
-10.505960464477539
-10.488504409790039
-10.48392391204834
-10.493727684020996
-10.501679420471191
-10.515947341918945
-10.492980003356934
-10.44829273223877
-10.476858139038086
-10.521613121032715
-10.508715629577637
-10.477645874023438
-10.480304718017578
-10.496390342712402
-10.512614250183105
-10.505229949951172
-10.482723236083984
-10.50443172454834
-10.51038646697998
-10.509954452514648
-10.506490707397461
-10.499190330505371
-10.50815486907959
-10.502452850341797
-10.502229690551758
-10.503408432006836
-10.504755973815918
-10.526095390319824
-10.482719421386719
-10.516886711120605
-10.510347366333008
-10.507923126220703
-10.511964797973633
-10.513764381408691
-10.531000137329102
-10.46302604675293
-10.496983528137207
-10.498458862304688
-10.499687194824219
-10.47127628326416
-10.488664627075195
-10.508142471313477
-10.501286506652832
-10.512252807617188
-10.498373031616211
-10.5143404006958
-10.514427185058594
-10.488005638122559
-10.511960983276367
-10.50558853149414
-10.503473281860352
-10.51338005065918
-10.511695861816406
-10.531593322753906
-10.521073341369629
-10.457188606262207
-10.496511459350586
-10.505290985107422
-10.49880313873291
-10.496602058410645
-10.502915382385254
-10.517531394958496
-10.530256271362305
-10.444934844970703
-10.507213592529297
-10.532468795776367
-10.506328582763672
-10.509908676147461
-10.488511085510254
-10.491743087768555
-10.476208686828613
-10.516095161437988
-10.510951042175293
-10.463119506835938
-10.454914093017578
-10.480836868286133
-10.506709098815918
-10.482356071472168
-10.470508575439453
-10.497334480285645
-10.502054214477539
-10.507586479187012
-10.484725952148438
-10.474027633666992
-10.502163887023926
-10.495976448059082
-10.49234676361084
-10.490034103393555
-10.506290435791016
-10.502908706665039
-10.498580932617188
-10.496026992797852
-10.503859519958496
-10.502738952636719
-10.505428314208984
-10.5040922164917
-10.506895065307617
-10.503800392150879
-10.523653030395508
-10.503267288208008
-10.517606735229492
-10.497438430786133
-10.491399765014648
-10.515885353088379
-10.498613357543945
-10.508450508117676
-10.503097534179688
-10.512480735778809
-10.521821975708008
-10.51258373260498
-10.473788261413574
-10.516351699829102
-10.520516395568848
-10.50818920135498
-10.508950233459473
-10.505472183227539
-10.492256164550781
-10.500204086303711
-10.504988670349121
-10.50867748260498
-10.510841369628906
-10.518072128295898
-10.506911277770996
-10.514317512512207
-10.51130485534668
-10.512909889221191
-10.508675575256348
-10.507835388183594
-10.506149291992188
-10.514137268066406
-10.504082679748535
-10.498529434204102
-10.50904369354248
-10.507984161376953
-10.522428512573242
-10.503362655639648
-10.516913414001465
-10.507387161254883
-10.525785446166992
-10.488760948181152
-10.504416465759277
-10.497197151184082
-10.49024486541748
-10.491093635559082
-10.513818740844727
-10.527365684509277
-10.497563362121582
-10.489065170288086
-10.514724731445312
-10.50588321685791
-10.512048721313477
-10.491198539733887
-10.495020866394043
-10.505936622619629
-10.51347541809082
-10.506099700927734
-10.503372192382812
-10.517539978027344
-10.509749412536621
-10.511604309082031
-10.517218589782715
-10.500971794128418
-10.501367568969727
-10.515997886657715
-10.513323783874512
-10.517500877380371
-10.517165184020996
-10.484378814697266
-10.509866714477539
-10.505104064941406
-10.49954605102539
-10.512199401855469
-10.516310691833496
-10.516380310058594
-10.51525592803955
-10.516204833984375
-10.500534057617188
-10.51054859161377
-10.507593154907227
-10.503735542297363
-10.510300636291504
-10.505285263061523
-10.509230613708496
-10.512459754943848
-10.490583419799805
-10.531140327453613
-10.501334190368652
-10.505866050720215
-10.504565238952637
-10.50222110748291
-10.488574028015137
-10.510732650756836
-10.510629653930664
-10.49156665802002
-10.503532409667969
-10.506633758544922
-10.512094497680664
-10.506218910217285
-10.498363494873047
-10.507574081420898
-10.507102966308594
-10.503780364990234
-10.490750312805176
-10.516962051391602
-10.511918067932129
-10.497644424438477
-10.509626388549805
-10.513254165649414
-10.500896453857422
-10.50650691986084
-10.522964477539062
-10.507918357849121
-10.504315376281738
-10.497345924377441
-10.50919246673584
-10.504693984985352
-10.517702102661133
-10.506650924682617
-10.501533508300781
-10.514497756958008
-10.507588386535645
-10.520108222961426
-10.511262893676758
-10.52750015258789
-10.50033950805664
-10.50479793548584
-10.517985343933105
-10.509387016296387
-10.511617660522461
-10.50532341003418
-10.51047420501709
-10.509977340698242
-10.51374340057373
-10.496821403503418
-10.511289596557617
-10.513561248779297
-10.510973930358887
-10.509284973144531
-10.509032249450684
-10.540324211120605
-10.465559959411621
-10.459790229797363
-10.494292259216309
-10.507842063903809
-10.473570823669434
-10.495705604553223
-10.470754623413086
-10.507331848144531
-10.508329391479492
-10.450007438659668
-10.477385520935059
-10.499859809875488
-10.505352973937988
-10.498795509338379
-10.492732048034668
-10.484970092773438
-10.509532928466797
-10.500326156616211
-10.494255065917969
-10.500670433044434
-10.503071784973145
-10.511064529418945
-10.510826110839844
-10.496058464050293
-10.50244426727295
-10.508222579956055
-10.498485565185547
-10.478229522705078
-10.515289306640625
-10.507896423339844
-10.509753227233887
-10.504341125488281
-10.490699768066406
-10.508001327514648
-10.518988609313965
-10.506077766418457
-10.501900672912598
-10.489831924438477
-10.489835739135742
-10.5137357711792
-10.506783485412598
-10.490227699279785
-10.51463508605957
-10.50247573852539
-10.513261795043945
-10.497416496276855
-10.520842552185059
-10.477438926696777
-10.496100425720215
-10.512770652770996
-10.51464557647705
-10.513788223266602
-10.442020416259766
-10.500142097473145
-10.510499954223633
-10.524130821228027
-10.492377281188965
-10.487625122070312
-10.463519096374512
-10.504679679870605
-10.499820709228516
-10.450581550598145
-10.495275497436523
-10.511378288269043
-10.498254776000977
-10.5087890625
-10.540363311767578
-10.476458549499512
-10.506389617919922
-10.510201454162598
-10.509600639343262
-10.462502479553223
-10.505902290344238
-10.514541625976562
-10.503973960876465
-10.477787971496582
-10.494253158569336
-10.509561538696289
-10.511740684509277
-10.50549030303955
-10.506302833557129
-10.517542839050293
-10.5067138671875
-10.513669967651367
-10.506274223327637
-10.489313125610352
-10.515227317810059
-10.503582954406738
-10.506897926330566
-10.501594543457031
-10.511712074279785
-10.509966850280762
-10.503870010375977
-10.515337944030762
-10.501470565795898
-10.508720397949219
-10.50918960571289
-10.506779670715332
-10.508472442626953
-10.506888389587402
-10.512044906616211
-10.504179954528809
-10.51170825958252
-10.51142406463623
-10.5176420211792
-10.510283470153809
-10.52778148651123
-10.48994255065918
-10.514656066894531
-10.5166015625
-10.509653091430664
-10.517576217651367
-10.518623352050781
-10.51388168334961
-10.493243217468262
-10.510265350341797
-10.507081985473633
-10.49955940246582
-10.51255989074707
-10.514747619628906
-10.515860557556152
-10.517559051513672
-10.489211082458496
-10.505951881408691
-10.498927116394043
-10.459982872009277
-10.50161361694336
-10.509422302246094
-10.498924255371094
-10.491283416748047
-10.50705623626709
-10.513373374938965
-10.508452415466309
-10.506499290466309
-10.498188972473145
-10.499910354614258
-10.507535934448242
-10.519824028015137
-10.504682540893555
-10.500505447387695
-10.516640663146973
-10.518908500671387
-10.517924308776855
-10.515427589416504
-10.513428688049316
-10.509563446044922
-10.520461082458496
-10.515034675598145
-10.496700286865234
-10.49594783782959
-10.506523132324219
-10.508996963500977
-10.506766319274902
-10.512362480163574
-10.514044761657715
-10.504695892333984
-10.510323524475098
-10.522059440612793
-10.516733169555664
-10.506462097167969
-10.510671615600586
-10.505709648132324
-10.50243091583252
-10.511974334716797
-10.509167671203613
-10.510919570922852
-10.518085479736328
-10.515115737915039
-10.522832870483398
-10.499625205993652
-10.51130485534668
-10.504111289978027
-10.506621360778809
-10.505167007446289
-10.48875617980957
-10.50814151763916
-10.504547119140625
-10.505054473876953
-10.511012077331543
-10.52207088470459
-10.512091636657715
-10.517578125
-10.512261390686035
-10.49697494506836
-10.505309104919434
-10.522401809692383
-10.508722305297852
-10.503969192504883
-10.515212059020996
-10.50652027130127
-10.517492294311523
-10.507038116455078
-10.489956855773926
-10.514933586120605
-10.512360572814941
-10.514135360717773
-10.50421142578125
-10.517561912536621
-10.507772445678711
-10.501893043518066
-10.517977714538574
-10.498750686645508
-10.531347274780273
-10.491209983825684
-10.527950286865234
-10.513891220092773
-10.511954307556152
-10.512056350708008
-10.50810718536377
-10.513481140136719
-10.5267333984375
-10.498651504516602
-10.49000072479248
-10.505168914794922
-10.518375396728516
-10.512347221374512
-10.492488861083984
-10.501303672790527
-10.53615951538086
-10.50918197631836
-10.453103065490723
-10.459799766540527
-10.500030517578125
-10.499396324157715
-10.464644432067871
-10.476016998291016
-10.501436233520508
-10.514960289001465
-10.513466835021973
-10.487098693847656
-10.4950532913208
-10.51009464263916
-10.52542781829834
-10.519524574279785
-10.5143404006958
-10.502683639526367
-10.508451461791992
-10.516456604003906
-10.51973819732666
-10.519938468933105
-10.504619598388672
-10.509318351745605
-10.51497745513916
-10.484709739685059
-10.499459266662598
-10.512889862060547
-10.515554428100586
-10.510239601135254
-10.509308815002441
-10.509133338928223
-10.515891075134277
-10.514625549316406
-10.518378257751465
-10.513595581054688
-10.510251998901367
-10.510787963867188
-10.504220008850098
-10.512402534484863
-10.513354301452637
-10.517501831054688
-10.521504402160645
-10.510178565979004
-10.490880966186523
-10.510408401489258
-10.50595474243164
-10.513078689575195
-10.504901885986328
-10.508673667907715
-10.504955291748047
-10.497556686401367
-10.519895553588867
-10.50689697265625
-10.51468276977539
-10.490795135498047
-10.509263038635254
-10.497912406921387
-10.4972562789917
-10.533382415771484
-10.485076904296875
-10.513042449951172
-10.490713119506836
-10.506098747253418
-10.483868598937988
-10.504528045654297
-10.507207870483398
-10.527119636535645
-10.509364128112793
-10.489950180053711
-10.49533748626709
-10.490957260131836
-10.520401000976562
-10.49368953704834
-10.462423324584961
-10.482356071472168
-10.517596244812012
-10.469552993774414
-10.460752487182617
-10.52492904663086
-10.503185272216797
-10.523212432861328
-10.494812965393066
-10.442852973937988
-10.49365234375
-10.505145072937012
-10.487234115600586
-10.517038345336914
-10.501492500305176
-10.520191192626953
-10.514067649841309
-10.515016555786133
-10.507023811340332
-10.488195419311523
-10.487852096557617
-10.512024879455566
-10.519391059875488
-10.524670600891113
-10.464414596557617
-10.487957000732422
-10.5167236328125
-10.509471893310547
-10.513647079467773
-10.473078727722168
-10.515941619873047
-10.494357109069824
-10.507039070129395
-10.503593444824219
-10.493642807006836
-10.511552810668945
-10.509441375732422
-10.513617515563965
-10.509387969970703
-10.520183563232422
-10.502350807189941
-10.5127534866333
-10.512880325317383
-10.520803451538086
-10.51714038848877
-10.527200698852539
-10.526164054870605
-10.515334129333496
-10.525293350219727
-10.511940956115723
-10.509867668151855
-10.51296329498291
-10.504858016967773
-10.526983261108398
-10.535019874572754
-10.486920356750488
-10.500460624694824
-10.506778717041016
-10.513864517211914
-10.50533390045166
-10.5180082321167
-10.504288673400879
-10.514083862304688
-10.515466690063477
-10.508214950561523
-10.508255958557129
-10.52219009399414
-10.523978233337402
-10.502638816833496
-10.521528244018555
-10.514776229858398
-10.517378807067871
-10.514141082763672
-10.510272979736328
-10.505783081054688
-10.504681587219238
-10.516214370727539
-10.52630615234375
-10.493280410766602
-10.492420196533203
-10.510790824890137
-10.52831745147705
-10.512391090393066
-10.514912605285645
-10.51794147491455
-10.515295028686523
-10.513052940368652
-10.522844314575195
-10.512078285217285
-10.51356315612793
-10.504644393920898
-10.516185760498047
-10.514079093933105
-10.497427940368652
-10.514683723449707
-10.51978874206543
-10.516494750976562
-10.512218475341797
-10.511941909790039
-10.509428977966309
-10.522699356079102
-10.509008407592773
-10.523914337158203
-10.511923789978027
-10.50908088684082
-10.518275260925293
-10.51819133758545
-10.516369819641113
-10.5076265335083
-10.509637832641602
-10.515785217285156
-10.507709503173828
-10.502636909484863
-10.510053634643555
-10.517579078674316
-10.518938064575195
-10.504613876342773
-10.51950740814209
-10.510472297668457
-10.494997024536133
-10.542562484741211
-10.530141830444336
-10.480477333068848
-10.51880168914795
-10.508465766906738
-10.507974624633789
-10.503314971923828
-10.51308822631836
-10.511210441589355
-10.502596855163574
-10.525999069213867
-10.5003080368042
-10.51597785949707
-10.510404586791992
-10.501047134399414
-10.497719764709473
-10.513608932495117
-10.523180961608887
-10.477173805236816
-10.496129035949707
-10.499078750610352
-10.507426261901855
-10.496478080749512
-10.49988842010498
-10.514266014099121
-10.515356063842773
-10.491275787353516
-10.492879867553711
-10.512921333312988
-10.505995750427246
-10.516817092895508
-10.503189086914062
-10.512567520141602
-10.520252227783203
-10.516162872314453
-10.507383346557617
-10.49880313873291
-10.534116744995117
-10.523715019226074
-10.512120246887207
-10.514388084411621
-10.518431663513184
-10.490313529968262
-10.502766609191895
-10.51494312286377
-10.496617317199707
-10.523294448852539
-10.515518188476562
-10.510632514953613
-10.513311386108398
-10.512243270874023
-10.514702796936035
-10.5087308883667
-10.521623611450195
-10.518163681030273
-10.525303840637207
-10.52330493927002
-10.518610954284668
-10.504515647888184
-10.508943557739258
-10.507148742675781
-10.51440143585205
-10.506147384643555
-10.514139175415039
-10.531270027160645
-10.482383728027344
-10.488893508911133
-10.503238677978516
-10.508148193359375
-10.500955581665039
-10.4943208694458
-10.502408027648926
-10.51660442352295
-10.50942611694336
-10.518044471740723
-10.503767013549805
-10.510773658752441
-10.51758861541748
-10.496070861816406
-10.51919174194336
-10.508499145507812
-10.513140678405762
-10.515583038330078
-10.524813652038574
-10.504776954650879
-10.498340606689453
-10.514018058776855
-10.496646881103516
-10.514251708984375
-10.511317253112793
-10.521720886230469
-10.519329071044922
-10.525638580322266
-10.482290267944336
-10.501604080200195
-10.515636444091797
-10.500019073486328
-10.495748519897461
-10.517814636230469
-10.520402908325195
-10.49719524383545
-10.48660659790039
-10.51516342163086
-10.510871887207031
-10.488836288452148
-10.508588790893555
-10.512503623962402
-10.512931823730469
-10.502753257751465
-10.516660690307617
-10.515241622924805
-10.510801315307617
-10.504782676696777
-10.520159721374512
-10.527212142944336
-10.517026901245117
-10.540844917297363
-10.499337196350098
-10.489899635314941
-10.52447509765625
-10.510672569274902
-10.49333667755127
-10.508288383483887
-10.521489143371582
-10.510708808898926
-10.487690925598145
-10.517410278320312
-10.517016410827637
-10.510801315307617
-10.531723022460938
-10.519699096679688
-10.523977279663086
-10.510090827941895
-10.512774467468262
-10.512876510620117
-10.510360717773438
-10.496113777160645
-10.508752822875977
-10.507654190063477
-10.522092819213867
-10.51927375793457
-10.515787124633789
-10.532941818237305
-10.504495620727539
-10.514752388000488
-10.514547348022461
-10.508130073547363
-10.522705078125
-10.506810188293457
-10.510298728942871
-10.514063835144043
-10.512714385986328
-10.518113136291504
-10.509406089782715
-10.521256446838379
-10.515451431274414
-10.521184921264648
-10.518568992614746
-10.508917808532715
-10.514310836791992
-10.520095825195312
-10.505796432495117
-10.51591682434082
-10.50936508178711
-10.516434669494629
-10.529600143432617
-10.519919395446777
-10.524636268615723
-10.516498565673828
-10.508415222167969
-10.516250610351562
-10.503510475158691
-10.506406784057617
-10.513809204101562
-10.520832061767578
-10.521130561828613
-10.52612590789795
-10.527750968933105
-10.502020835876465
-10.509389877319336
-10.519905090332031
-10.505843162536621
-10.510627746582031
