loss_u
-5.953395843505859
-6.024627208709717
-5.994062423706055
-6.091034412384033
-6.108353614807129
-6.0672454833984375
-6.076888561248779
-6.011069297790527
-6.16204309463501
-6.201429843902588
-6.1732635498046875
-6.092625617980957
-6.179183483123779
-6.20657205581665
-6.176752090454102
-6.146868705749512
-6.156785011291504
-6.210757732391357
-6.22259521484375
-6.230539798736572
-6.2163214683532715
-6.208930492401123
-6.210218906402588
-6.1858954429626465
-6.191196918487549
-6.214943885803223
-6.286273956298828
-6.234577655792236
-6.20088005065918
-6.2411417961120605
-6.218753337860107
-6.268394470214844
-6.274132251739502
-6.292810440063477
-6.196112155914307
-6.252264976501465
-6.2506818771362305
-6.272188186645508
-6.24432373046875
-6.280354022979736
-6.2689409255981445
-6.222990036010742
-6.256531715393066
-6.2510986328125
-6.271370887756348
-6.2632222175598145
-6.268775939941406
-6.277914524078369
-6.277031421661377
-6.252443790435791
-6.257956027984619
-6.250873565673828
-6.263002395629883
-6.248965740203857
-6.284862995147705
-6.2719879150390625
-6.267072677612305
-6.259512901306152
-6.260013580322266
-6.266334533691406
-6.277858257293701
-6.265428066253662
-6.305235862731934
-6.277535915374756
-6.288346290588379
-6.32373571395874
-6.313272476196289
-6.299184799194336
-6.291715145111084
-6.303952217102051
-6.329097747802734
-6.329083442687988
-6.304676532745361
-6.284597873687744
-6.286438941955566
-6.2978315353393555
-6.250080108642578
-6.307870388031006
-6.257009029388428
-6.319944858551025
-6.3351593017578125
-6.320369720458984
-6.374393939971924
-6.351289749145508
-6.310019016265869
-6.336059093475342
-6.331636428833008
-6.3648200035095215
-6.372031211853027
-6.381439208984375
-6.409214973449707
-6.398521900177002
-6.416635990142822
-6.461665153503418
-6.486532211303711
-6.441756248474121
-6.50905179977417
-6.522103786468506
-6.505156993865967
-6.545645713806152
-6.517063140869141
-6.579566478729248
-6.562614440917969
-6.6123046875
-6.6067962646484375
-6.675962924957275
-6.750980377197266
-6.784121513366699
-6.800180435180664
-6.844933986663818
-6.840364456176758
-6.9556803703308105
-6.963710308074951
-7.056745529174805
-7.038902282714844
-7.191961288452148
-7.236915111541748
-7.352878570556641
-7.431641578674316
-7.406495094299316
-7.5702948570251465
-7.722319602966309
-7.816016674041748
-7.852808952331543
-7.907951354980469
-8.08281421661377
-8.108376502990723
-8.053897857666016
-8.187114715576172
-8.090702056884766
-7.846698760986328
-8.21306324005127
-8.09213638305664
-8.024515151977539
-8.263016700744629
-8.162846565246582
-8.128280639648438
-8.294175148010254
-8.334325790405273
-8.411407470703125
-8.426569938659668
-8.370926856994629
-8.478471755981445
-8.352038383483887
-8.39516830444336
-8.513141632080078
-8.374921798706055
-8.688570022583008
-8.531204223632812
-8.54034423828125
-8.54519271850586
-8.54511547088623
-8.460870742797852
-8.629225730895996
-8.561580657958984
-8.413912773132324
-8.842037200927734
-8.79770565032959
-8.710229873657227
-8.637894630432129
-8.721248626708984
-8.66497802734375
-8.822174072265625
-8.827581405639648
-8.739765167236328
-8.86742877960205
-8.912890434265137
-8.573603630065918
-8.956686019897461
-8.938940048217773
-8.837183952331543
-8.982693672180176
-8.82345199584961
-8.959870338439941
-8.987759590148926
-8.907493591308594
-8.916743278503418
-8.933565139770508
-8.961442947387695
-8.90872573852539
-9.026667594909668
-9.057137489318848
-9.030468940734863
-8.988680839538574
-9.022441864013672
-9.125114440917969
-8.825393676757812
-9.086008071899414
-9.057072639465332
-9.091203689575195
-9.203463554382324
-8.991772651672363
-9.02696704864502
-9.03467845916748
-9.020100593566895
-9.091946601867676
-8.970281600952148
-9.214370727539062
-9.235496520996094
-9.105456352233887
-9.163064002990723
-9.208624839782715
-9.112903594970703
-9.128024101257324
-9.160659790039062
-9.1267728805542
-9.22287368774414
-9.136773109436035
-9.226404190063477
-9.231240272521973
-9.253454208374023
-9.336881637573242
-9.196150779724121
-9.165422439575195
-9.112895965576172
-9.345725059509277
-9.247714042663574
-9.232124328613281
-9.343300819396973
-9.321968078613281
-9.230901718139648
-9.265959739685059
-9.299646377563477
-9.276324272155762
-9.274396896362305
-9.325576782226562
-9.38314151763916
-9.29725170135498
-9.339560508728027
-9.253737449645996
-9.324969291687012
-9.485777854919434
-9.220843315124512
-9.468493461608887
-9.150134086608887
-9.357041358947754
-9.179810523986816
-9.262202262878418
-9.41921615600586
-9.29822063446045
-9.20605754852295
-9.38907527923584
-9.26276969909668
-9.357172012329102
-9.308151245117188
-9.353260040283203
-9.441627502441406
-9.386547088623047
-9.36923885345459
-9.445022583007812
-9.522696495056152
-9.417469024658203
-9.347003936767578
-9.49841022491455
-9.444426536560059
-9.335132598876953
-9.472125053405762
-9.477426528930664
-9.355602264404297
-9.488726615905762
-9.42518138885498
-9.459659576416016
-9.46580982208252
-9.357953071594238
-9.511347770690918
-9.457083702087402
-9.413820266723633
-9.435779571533203
-9.545365333557129
-9.444433212280273
-9.598245620727539
-9.289203643798828
-9.528907775878906
-9.497808456420898
-9.305472373962402
-9.59634780883789
-9.465720176696777
-9.499619483947754
-9.578561782836914
-9.596078872680664
-9.552713394165039
-9.38114070892334
-9.622584342956543
-9.418517112731934
-9.53883171081543
-9.562719345092773
-9.458807945251465
-9.605269432067871
-9.52796745300293
-9.556158065795898
-9.666629791259766
-9.609110832214355
-9.56842041015625
-9.65515422821045
-9.507166862487793
-9.717060089111328
-9.527514457702637
-9.580172538757324
-9.647584915161133
-9.550309181213379
-9.413581848144531
-9.619953155517578
-9.730396270751953
-9.634944915771484
-9.737862586975098
-9.714155197143555
-9.575321197509766
-9.661812782287598
-9.667468070983887
-9.739042282104492
-9.742979049682617
-9.684148788452148
-9.790661811828613
-9.746606826782227
-9.823521614074707
-9.784069061279297
-9.754138946533203
-9.756300926208496
-9.709101676940918
-9.739607810974121
-9.683454513549805
-9.78882122039795
-9.801350593566895
-9.81583023071289
-9.757979393005371
-9.767622947692871
-9.667742729187012
-9.815512657165527
-9.809078216552734
-9.846970558166504
-9.699569702148438
-9.740806579589844
-9.895094871520996
-9.812106132507324
-9.810861587524414
-9.745161056518555
-9.839272499084473
-9.856364250183105
-9.709128379821777
-9.850956916809082
-9.958581924438477
-9.807384490966797
-9.923663139343262
-9.802423477172852
-9.881739616394043
-9.858386993408203
-9.846766471862793
-9.911599159240723
-9.852890968322754
-9.87564468383789
-9.836344718933105
-9.743227005004883
-9.923471450805664
-9.865206718444824
-9.8427095413208
-10.014537811279297
-9.979262351989746
-9.955612182617188
-9.987738609313965
-9.899740219116211
-9.896334648132324
-9.835562705993652
-9.92124080657959
-9.886344909667969
-9.969001770019531
-9.938325881958008
-9.911836624145508
-9.959335327148438
-10.118376731872559
-9.875663757324219
-9.995790481567383
-9.959789276123047
-10.098609924316406
-10.017889976501465
-10.024798393249512
-10.0037260055542
-9.995949745178223
-10.075098037719727
-9.911459922790527
-10.07062816619873
-10.055000305175781
-9.950151443481445
-10.030475616455078
-9.989052772521973
-10.151673316955566
-10.069165229797363
-10.101136207580566
-10.016034126281738
-10.111783027648926
-10.084474563598633
-10.129119873046875
-10.097005844116211
-10.075281143188477
-10.083773612976074
-10.095322608947754
-10.177003860473633
-9.97219467163086
-10.174952507019043
-10.14420223236084
-10.177787780761719
-10.181013107299805
-10.099198341369629
-10.125036239624023
-10.17361068725586
-10.087743759155273
-10.125789642333984
-10.022897720336914
-10.164905548095703
-10.145326614379883
-10.164190292358398
-10.151345252990723
-10.077842712402344
-10.199067115783691
-10.189970970153809
-10.093637466430664
-10.302276611328125
-10.19902229309082
-10.289713859558105
-10.036836624145508
-10.315635681152344
-10.068573951721191
-10.196584701538086
-10.04816722869873
-10.251051902770996
-10.150398254394531
-10.245953559875488
-10.322112083435059
-10.247632026672363
-10.269682884216309
-10.182513236999512
-10.328065872192383
-10.218277931213379
-10.225167274475098
-10.259827613830566
-10.215964317321777
-10.219880104064941
-10.232489585876465
-10.292778968811035
-10.285691261291504
-10.270133972167969
-10.288056373596191
-10.241236686706543
-10.264196395874023
-10.222275733947754
-10.368498802185059
-10.148580551147461
-10.387879371643066
-10.297200202941895
-10.360236167907715
-10.099873542785645
-10.284953117370605
-10.162014961242676
-10.296294212341309
-10.252041816711426
-10.335500717163086
-10.408583641052246
-10.219318389892578
-10.371166229248047
-10.29060173034668
-10.444448471069336
-10.294113159179688
-10.387340545654297
-10.215921401977539
-10.453285217285156
-10.235495567321777
-10.353900909423828
-10.143317222595215
-10.3345308303833
-10.335753440856934
-10.339468002319336
-10.354479789733887
-10.295406341552734
-10.434667587280273
-10.360231399536133
-10.418012619018555
-10.413400650024414
-10.277816772460938
-10.485828399658203
-10.323968887329102
-10.422104835510254
-10.490057945251465
-10.46492862701416
-10.525442123413086
-10.482398986816406
-10.478723526000977
-10.429654121398926
-10.488812446594238
-10.472055435180664
-10.498157501220703
-10.50323486328125
-10.514280319213867
-10.43526554107666
-10.47629451751709
-10.457481384277344
-10.50894832611084
-10.49096393585205
-10.433600425720215
-10.483407974243164
-10.50823974609375
-10.511384963989258
-10.48331069946289
-10.43819522857666
-10.521183967590332
-10.511978149414062
-10.505261421203613
-10.445943832397461
-10.50656509399414
-10.457479476928711
-10.54404067993164
-10.571670532226562
-10.494197845458984
-10.505866050720215
-10.501969337463379
-10.529397010803223
-10.520366668701172
-10.490320205688477
-10.458924293518066
-10.539039611816406
-10.552902221679688
-10.516141891479492
-10.471592903137207
-10.394744873046875
-10.588018417358398
-10.46235466003418
-10.539932250976562
-10.517622947692871
-10.489764213562012
-10.526605606079102
-10.587393760681152
-10.579158782958984
-10.52640151977539
-10.541727066040039
-10.525279998779297
-10.470996856689453
-10.585700988769531
-10.568860054016113
-10.381647109985352
-10.575472831726074
-10.461135864257812
-10.498428344726562
-10.48176097869873
-10.513907432556152
-10.381656646728516
-10.558140754699707
-10.351543426513672
-10.449467658996582
-10.383644104003906
-10.493173599243164
-10.523116111755371
-10.380489349365234
-10.598069190979004
-10.49356460571289
-10.574033737182617
-10.514348030090332
-10.553656578063965
-10.537557601928711
-10.564435958862305
-10.489572525024414
-10.592453956604004
-10.494345664978027
-10.59737777709961
-10.528339385986328
-10.528532981872559
-10.510198593139648
-10.599278450012207
-10.588133811950684
-10.506817817687988
-10.561101913452148
-10.543705940246582
-10.632430076599121
-10.456027030944824
-10.563447952270508
-10.468152046203613
-10.528462409973145
-10.477306365966797
-10.557799339294434
-10.53760051727295
-10.500621795654297
-10.612699508666992
-10.501002311706543
-10.653511047363281
-10.545970916748047
-10.635146141052246
-10.618206977844238
-10.64931583404541
-10.630609512329102
-10.532634735107422
-10.590179443359375
-10.6017427444458
-10.617386817932129
-10.627032279968262
-10.629256248474121
-10.637466430664062
-10.669088363647461
-10.640135765075684
-10.614099502563477
-10.638999938964844
-10.606083869934082
-10.615772247314453
-10.674031257629395
-10.610228538513184
-10.646912574768066
-10.592070579528809
-10.61185359954834
-10.564432144165039
-10.67761516571045
-10.647628784179688
-10.666268348693848
-10.602706909179688
-10.649658203125
-10.648630142211914
-10.687844276428223
-10.699636459350586
-10.659693717956543
-10.691855430603027
-10.648319244384766
-10.681796073913574
-10.653164863586426
-10.67913818359375
-10.701203346252441
-10.723423957824707
-10.628893852233887
-10.666446685791016
-10.654037475585938
-10.623247146606445
-10.693968772888184
-10.665739059448242
-10.659470558166504
-10.669445037841797
-10.68725299835205
-10.600750923156738
-10.685345649719238
-10.701620101928711
-10.685434341430664
-10.695296287536621
-10.668107032775879
-10.686553001403809
-10.6797456741333
-10.721687316894531
-10.680975914001465
-10.7386474609375
-10.712105751037598
-10.71596908569336
-10.704957008361816
-10.713934898376465
-10.71119499206543
-10.667951583862305
-10.729865074157715
-10.697752952575684
-10.704551696777344
-10.687541007995605
-10.71939754486084
-10.715330123901367
-10.70757007598877
-10.703822135925293
-10.719525337219238
-10.729923248291016
-10.70287036895752
-10.719922065734863
-10.72286319732666
-10.696388244628906
-10.72053050994873
-10.679954528808594
-10.708938598632812
-10.712926864624023
-10.702208518981934
-10.728527069091797
-10.729299545288086
-10.70741081237793
-10.724770545959473
-10.680099487304688
-10.707082748413086
-10.724864959716797
-10.685832977294922
-10.735240936279297
-10.713862419128418
-10.710590362548828
-10.731837272644043
-10.76712417602539
-10.749796867370605
-10.736699104309082
-10.768789291381836
-10.71429443359375
-10.729164123535156
-10.756396293640137
-10.775911331176758
-10.736000061035156
-10.743346214294434
-10.745176315307617
-10.720489501953125
-10.739873886108398
-10.72472095489502
-10.722674369812012
-10.7496976852417
-10.744585990905762
-10.73465347290039
-10.747262954711914
-10.741798400878906
-10.759765625
-10.75261402130127
-10.716995239257812
-10.766847610473633
-10.757340431213379
-10.73993968963623
-10.7689847946167
-10.769914627075195
-10.75169563293457
-10.777515411376953
-10.766185760498047
-10.776516914367676
-10.810774803161621
-10.772788047790527
-10.743997573852539
-10.780430793762207
-10.789681434631348
-10.811182022094727
-10.757173538208008
-10.757261276245117
-10.758642196655273
-10.771238327026367
-10.755358695983887
-10.727375030517578
-10.785640716552734
-10.758108139038086
-10.767136573791504
-10.761706352233887
-10.756296157836914
-10.73958683013916
-10.796993255615234
-10.73682689666748
-10.799836158752441
-10.763140678405762
-10.802783966064453
-10.767679214477539
-10.776859283447266
-10.74746322631836
-10.745916366577148
-10.787962913513184
-10.727946281433105
-10.78941822052002
-10.800087928771973
-10.79198169708252
-10.804783821105957
-10.79076862335205
-10.787235260009766
-10.797185897827148
-10.81384563446045
-10.824455261230469
-10.80636215209961
-10.79024887084961
-10.771592140197754
-10.778421401977539
-10.793705940246582
-10.779038429260254
-10.77267074584961
-10.792119979858398
-10.815828323364258
-10.793220520019531
-10.810649871826172
-10.77258014678955
-10.787225723266602
-10.795546531677246
-10.797691345214844
-10.819636344909668
-10.784666061401367
-10.830840110778809
-10.800633430480957
-10.839689254760742
-10.804054260253906
-10.797331809997559
-10.798648834228516
-10.81694221496582
-10.79456901550293
-10.810284614562988
-10.812053680419922
-10.809762954711914
-10.832342147827148
-10.809020042419434
-10.841217994689941
-10.78034496307373
-10.823326110839844
-10.790305137634277
-10.845403671264648
-10.816091537475586
-10.826827049255371
-10.832500457763672
-10.829742431640625
-10.8266019821167
-10.83195686340332
-10.818829536437988
-10.841869354248047
-10.792211532592773
-10.818803787231445
-10.8401460647583
-10.8228759765625
-10.838960647583008
-10.832101821899414
-10.844815254211426
-10.827319145202637
-10.82834243774414
-10.85435962677002
-10.853665351867676
-10.813735961914062
-10.833629608154297
-10.870098114013672
-10.823457717895508
-10.826800346374512
-10.827394485473633
-10.836446762084961
-10.849848747253418
-10.812734603881836
-10.828742980957031
-10.830023765563965
-10.848782539367676
-10.821179389953613
-10.81441593170166
-10.85011100769043
-10.839405059814453
-10.82848834991455
-10.853052139282227
-10.856806755065918
-10.868147850036621
-10.853177070617676
-10.844230651855469
-10.83060073852539
-10.836994171142578
-10.816031455993652
-10.82933235168457
-10.862335205078125
-10.841699600219727
-10.853151321411133
-10.837979316711426
-10.861371040344238
-10.844084739685059
-10.814237594604492
-10.861303329467773
-10.863624572753906
-10.853479385375977
-10.870351791381836
-10.820677757263184
-10.850180625915527
-10.834640502929688
-10.851771354675293
-10.855083465576172
-10.853853225708008
-10.852372169494629
-10.868618965148926
-10.85477066040039
-10.847281455993652
-10.855745315551758
-10.84871768951416
-10.890698432922363
-10.86292839050293
-10.846816062927246
-10.854475975036621
-10.834695816040039
-10.86226749420166
-10.852787017822266
-10.8472261428833
-10.882856369018555
-10.890985488891602
-10.858325004577637
-10.864639282226562
-10.862282752990723
-10.853652954101562
-10.871366500854492
-10.89498233795166
-10.88664722442627
-10.867208480834961
-10.859573364257812
-10.863929748535156
-10.867325782775879
-10.876102447509766
-10.88615608215332
-10.895133972167969
-10.841448783874512
-10.87308406829834
-10.868879318237305
-10.871145248413086
-10.896162986755371
-10.873631477355957
-10.8814697265625
-10.885621070861816
-10.892066955566406
-10.889701843261719
-10.897438049316406
-10.856791496276855
-10.855093002319336
-10.881759643554688
-10.88646411895752
-10.87378215789795
-10.904296875
-10.894170761108398
-10.872303009033203
-10.876646995544434
-10.878166198730469
-10.869715690612793
-10.890481948852539
-10.897322654724121
-10.88766098022461
-10.884602546691895
-10.903860092163086
-10.897340774536133
-10.87783145904541
-10.886531829833984
-10.890949249267578
-10.90129566192627
-10.914900779724121
-10.878746032714844
-10.927397727966309
-10.889998435974121
-10.903899192810059
-10.8906831741333
-10.888983726501465
-10.920787811279297
-10.879474639892578
-10.876644134521484
-10.869270324707031
-10.888971328735352
-10.90578556060791
-10.904977798461914
-10.895134925842285
-10.883441925048828
-10.893912315368652
-10.901383399963379
-10.901692390441895
-10.880468368530273
-10.893747329711914
-10.893301010131836
-10.904582023620605
-10.88155746459961
-10.885086059570312
-10.907339096069336
-10.904211044311523
-10.893353462219238
-10.921164512634277
-10.895119667053223
-10.901616096496582
-10.907814025878906
-10.9053373336792
-10.91822338104248
-10.897660255432129
-10.896781921386719
-10.901432991027832
-10.910765647888184
-10.889318466186523
-10.916622161865234
-10.912260055541992
-10.920005798339844
-10.910490036010742
-10.910505294799805
-10.909098625183105
-10.912745475769043
-10.913201332092285
-10.911722183227539
-10.913362503051758
-10.908684730529785
-10.904362678527832
-10.937122344970703
-10.913874626159668
-10.922074317932129
-10.935504913330078
-10.91246223449707
-10.919112205505371
-10.905885696411133
-10.908588409423828
-10.91844367980957
-10.944316864013672
-10.925503730773926
-10.926212310791016
-10.930749893188477
-10.922954559326172
-10.929890632629395
-10.931488037109375
-10.928297996520996
-10.935967445373535
-10.934622764587402
-10.91422176361084
-10.926905632019043
-10.946157455444336
-10.923311233520508
-10.913322448730469
-10.90299129486084
-10.92405891418457
-10.92069149017334
-10.923812866210938
-10.931680679321289
-10.932869911193848
-10.950199127197266
-10.936883926391602
-10.912078857421875
-10.928096771240234
-10.934659004211426
-10.940696716308594
-10.938770294189453
-10.941141128540039
-10.93234634399414
-10.938199996948242
-10.92924690246582
-10.945891380310059
-10.952573776245117
-10.930871963500977
-10.918033599853516
-10.93884563446045
-10.929901123046875
-10.952850341796875
-10.954251289367676
-10.947306632995605
-10.948437690734863
-10.923009872436523
-10.93700122833252
-10.934684753417969
-10.933484077453613
-10.940327644348145
-10.942021369934082
-10.940662384033203
-10.947107315063477
-10.943085670471191
-10.95106029510498
-10.937071800231934
-10.948593139648438
-10.964495658874512
-10.94254207611084
-10.958924293518066
-10.951647758483887
-10.96804428100586
-10.945637702941895
-10.960022926330566
-10.946208000183105
-10.963713645935059
-10.968196868896484
-10.934377670288086
-10.960649490356445
-10.951240539550781
-10.947394371032715
-10.961467742919922
-10.955438613891602
-10.969354629516602
-10.954292297363281
-10.950634002685547
-10.94691276550293
-10.953863143920898
-10.95418930053711
-10.940345764160156
-10.95088005065918
-10.942957878112793
-10.932263374328613
-10.923029899597168
-10.944674491882324
-10.957415580749512
-10.963736534118652
-10.962040901184082
-10.942042350769043
-10.96469783782959
-10.957084655761719
-10.954920768737793
-10.970866203308105
-10.976639747619629
-10.988529205322266
-10.957923889160156
-10.967767715454102
-10.987189292907715
-10.965399742126465
-10.967843055725098
-10.968690872192383
-10.979573249816895
-10.994232177734375
-10.971868515014648
-10.972577095031738
-10.95445728302002
-10.973665237426758
-10.981161117553711
-10.97199821472168
-10.957184791564941
-10.980816841125488
-10.964146614074707
-10.969602584838867
-10.954171180725098
-10.964415550231934
-10.959515571594238
-10.960674285888672
-10.962686538696289
-10.982926368713379
-10.970067024230957
-10.967740058898926
-10.952112197875977
-10.983874320983887
-10.972786903381348
-10.975319862365723
-10.983087539672852
-10.987454414367676
-10.963951110839844
-10.97817611694336
-10.968422889709473
-10.976588249206543
-10.975769996643066
-10.989557266235352
-10.978713035583496
-10.989514350891113
-10.97625732421875
-10.975719451904297
-10.973836898803711
-10.998703002929688
-10.952810287475586
-10.992176055908203
-10.972151756286621
-10.982126235961914
-10.97221565246582
-10.962133407592773
-10.989441871643066
-10.98239803314209
-10.977215766906738
-10.992362022399902
-10.998276710510254
-10.965980529785156
-10.973464012145996
-10.980969429016113
-10.992264747619629
-10.975844383239746
-10.977415084838867
-10.991551399230957
-10.985302925109863
-10.973777770996094
-11.001022338867188
-10.978343963623047
-11.00311279296875
-11.00738525390625
-11.011369705200195
-10.994216918945312
-10.98382568359375
-10.998763084411621
-11.002570152282715
-10.998058319091797
-10.987556457519531
-10.996498107910156
-10.984904289245605
-11.000154495239258
-10.988630294799805
-10.979727745056152
-10.965648651123047
-10.998550415039062
-10.968887329101562
-10.999674797058105
-10.99368667602539
-10.974056243896484
-10.980630874633789
-10.984031677246094
-11.002626419067383
-10.981926918029785
-10.999171257019043
-11.001279830932617
-11.014725685119629
-10.98755168914795
-10.975043296813965
-11.00894546508789
-10.993582725524902
-10.986750602722168
-10.998245239257812
-10.985969543457031
-10.995088577270508
-10.998534202575684
-10.978846549987793
-10.981914520263672
-10.995866775512695
-10.978212356567383
-10.997580528259277
-10.998238563537598
-10.99434757232666
-10.987072944641113
-11.022825241088867
-11.000267028808594
-10.981595993041992
-10.986931800842285
-10.996135711669922
-11.00627326965332
-10.995338439941406
-10.983264923095703
-10.984884262084961
-10.99072265625
-11.005488395690918
-11.011889457702637
-10.99336051940918
-11.011563301086426
-10.992809295654297
-11.016621589660645
-10.989015579223633
-11.024894714355469
-11.001819610595703
-11.002556800842285
-11.010689735412598
-10.994804382324219
-10.9891357421875
-11.002379417419434
-10.992188453674316
-11.00350570678711
-11.00141429901123
-10.995771408081055
-10.985718727111816
-10.984378814697266
-10.983733177185059
-11.003375053405762
-11.01201343536377
-11.011242866516113
-10.992315292358398
-11.020925521850586
-11.03860855102539
-11.014070510864258
-11.029213905334473
-10.998263359069824
-11.03044605255127
-11.017210006713867
-11.0
-10.995684623718262
-11.001493453979492
-11.010624885559082
-10.99709415435791
-11.014114379882812
-11.013015747070312
-10.994897842407227
-11.011799812316895
-11.011688232421875
-11.009058952331543
-11.026320457458496
-11.017276763916016
-11.02851676940918
-10.993886947631836
-11.003055572509766
-11.002713203430176
-11.001264572143555
-11.01087760925293
-11.028347969055176
-11.025492668151855
-11.010479927062988
-11.002909660339355
-10.994386672973633
-10.979025840759277
-10.968731880187988
-10.989656448364258
-11.017168045043945
-11.02372932434082
-10.999083518981934
-11.028912544250488
-11.010224342346191
-11.010612487792969
-11.019960403442383
-11.027129173278809
-11.032272338867188
-11.009035110473633
-11.005766868591309
-11.01465892791748
-11.003287315368652
-10.981523513793945
-11.00918197631836
-10.984556198120117
-10.98914623260498
-10.998303413391113
-11.01386833190918
-11.034614562988281
-11.016528129577637
-11.015262603759766
-10.994166374206543
-10.999531745910645
-11.020636558532715
-11.020879745483398
-11.016695022583008
-11.031052589416504
-11.020918846130371
-11.030430793762207
-11.036676406860352
-11.024614334106445
-11.031575202941895
-11.017119407653809
-11.021614074707031
-11.01613998413086
-11.030621528625488
-11.013618469238281
-11.029935836791992
-11.018856048583984
-11.02237319946289
-11.029865264892578
-11.01245403289795
-11.016794204711914
-11.008468627929688
-11.009819984436035
-10.996258735656738
-10.995992660522461
-11.02138900756836
-11.049007415771484
-11.008472442626953
-11.010631561279297
-10.996434211730957
-10.983715057373047
-10.996258735656738
-11.007603645324707
-11.025676727294922
-11.029023170471191
-11.024967193603516
-11.010416030883789
-10.973594665527344
-10.993965148925781
-11.010403633117676
-11.026529312133789
-11.025663375854492
-11.053333282470703
-11.037492752075195
-10.987322807312012
-11.026103019714355
-11.000163078308105
-11.003843307495117
-11.00289249420166
-11.041581153869629
-11.024402618408203
-11.00135326385498
-10.991755485534668
-11.006775856018066
-11.023691177368164
-11.031054496765137
-11.046290397644043
-11.031115531921387
-11.018780708312988
-11.02354907989502
-11.015406608581543
-11.03165340423584
-11.036004066467285
-11.039566993713379
-11.03294849395752
-11.033544540405273
-11.052517890930176
-11.036310195922852
-11.04056167602539
-11.043557167053223
-11.041373252868652
-11.041960716247559
-11.04494857788086
-11.027748107910156
-11.029664993286133
-11.054084777832031
-11.052282333374023
-11.039985656738281
-11.021834373474121
-11.049579620361328
-11.060751914978027
-11.042218208312988
-11.036931991577148
-11.05196475982666
-11.023228645324707
-11.042583465576172
-11.052294731140137
-11.039529800415039
-11.040938377380371
-11.05145263671875
-11.031204223632812
-11.052271842956543
-11.030488967895508
-11.04323959350586
-11.028427124023438
-11.029681205749512
-11.051817893981934
-11.043118476867676
-11.051034927368164
-11.037287712097168
-11.036897659301758
-11.036827087402344
-11.04296875
-11.053385734558105
-11.023356437683105
-11.03457260131836
-11.04419994354248
-11.028450012207031
-11.025346755981445
-11.036040306091309
-11.05872631072998
-11.031991958618164
-11.062350273132324
-11.034103393554688
-11.05580997467041
-11.044440269470215
-11.043131828308105
-11.036458969116211
-11.055100440979004
-11.047395706176758
-11.047465324401855
-11.0350923538208
-11.037225723266602
-11.04388427734375
-11.0335054397583
-11.021286964416504
-11.028387069702148
-11.030838012695312
-11.046316146850586
-11.051837921142578
-11.02645206451416
-11.06436538696289
-11.030462265014648
-11.041555404663086
-11.055330276489258
-11.046074867248535
-11.040910720825195
-11.053888320922852
-11.04653549194336
-11.034918785095215
-11.025259017944336
-11.024105072021484
-10.997725486755371
-11.009164810180664
-11.043208122253418
-11.032153129577637
-11.037806510925293
-11.031819343566895
-11.0493803024292
-11.053248405456543
-11.053799629211426
-11.037070274353027
-11.040346145629883
-11.044939994812012
-11.052799224853516
-11.034505844116211
-11.053960800170898
-11.058451652526855
-11.043091773986816
-11.045858383178711
-11.052141189575195
-11.054478645324707
-11.027559280395508
-11.01956558227539
-11.02448844909668
-11.03788948059082
-11.046441078186035
-11.048823356628418
-11.04818344116211
-11.050658226013184
-11.045900344848633
-11.041559219360352
-11.034295082092285
-11.043412208557129
-11.034371376037598
-11.04570198059082
-11.05937671661377
-11.064285278320312
-11.051960945129395
-11.052979469299316
-11.054594039916992
-11.068840980529785
-11.054861068725586
-11.0538330078125
-11.037413597106934
-11.043712615966797
-11.046411514282227
-11.043335914611816
-11.005267143249512
-11.030381202697754
-11.057165145874023
-11.043966293334961
-11.05288028717041
-11.062771797180176
-11.058737754821777
-11.053092956542969
-11.044187545776367
-11.059151649475098
-11.050312042236328
-11.02367115020752
-11.031606674194336
-11.05908489227295
-11.057119369506836
-11.070564270019531
-11.070862770080566
-11.065763473510742
-11.06670093536377
-11.054242134094238
-11.069757461547852
-11.052289009094238
-11.042252540588379
-11.050819396972656
-11.033790588378906
-11.053101539611816
-11.076939582824707
-11.069857597351074
-11.070207595825195
-11.071922302246094
-11.065449714660645
-11.057647705078125
-11.069467544555664
-11.06259536743164
-11.060934066772461
-11.056910514831543
-11.041704177856445
-11.059432029724121
-11.042004585266113
-11.054037094116211
-11.040932655334473
-11.078853607177734
-11.069900512695312
-11.061799049377441
-11.075723648071289
-11.042799949645996
-11.060456275939941
-11.069791793823242
-11.062162399291992
-11.06496810913086
-11.056588172912598
-11.056278228759766
-11.051474571228027
-11.055903434753418
-11.063150405883789
-11.06682014465332
-11.074454307556152
-11.060442924499512
-11.044086456298828
-11.05251407623291
-11.035249710083008
-11.039314270019531
-11.040969848632812
-11.053461074829102
-11.063962936401367
-11.063589096069336
-11.075963020324707
-11.058037757873535
-11.056906700134277
-11.067974090576172
-11.06473159790039
-11.05435848236084
-11.073461532592773
-11.056511878967285
-11.0482759475708
-11.065385818481445
-11.052472114562988
-11.054727554321289
-11.069128036499023
-11.0768404006958
-11.067710876464844
-11.063426971435547
-11.08399486541748
-11.086151123046875
-11.070510864257812
-11.060006141662598
-11.066802024841309
-11.078977584838867
-11.074101448059082
-11.052152633666992
-11.066967964172363
-11.062004089355469
-11.078145027160645
-11.053092956542969
-11.052621841430664
-11.06019401550293
-11.067972183227539
-11.07618522644043
-11.065993309020996
-11.056267738342285
-11.067203521728516
-11.061575889587402
-11.068611145019531
-11.06080436706543
-11.046783447265625
-11.049771308898926
-11.039661407470703
-11.04478645324707
-11.050111770629883
-11.085809707641602
-11.060247421264648
-11.074027061462402
-11.070220947265625
-11.07409381866455
-11.05644416809082
-11.073126792907715
-11.08375072479248
-11.041801452636719
-11.062941551208496
-11.046073913574219
-11.0693941116333
-11.065776824951172
-11.068094253540039
-11.060827255249023
-11.080732345581055
-11.077494621276855
-11.066290855407715
-11.07300090789795
-11.074262619018555
-11.078508377075195
-11.082080841064453
-11.065013885498047
-11.076754570007324
-11.070072174072266
-11.068251609802246
-11.078495979309082
-11.061840057373047
-11.04206657409668
-11.04516887664795
-11.067151069641113
-11.076726913452148
-11.074701309204102
-11.079214096069336
-11.079896926879883
-11.074394226074219
-11.07693099975586
-11.077783584594727
-11.07072639465332
-11.098865509033203
-11.080680847167969
-11.075786590576172
-11.082514762878418
-11.075357437133789
-11.067587852478027
-11.07179069519043
-11.056736946105957
-11.063576698303223
-11.065597534179688
-11.078407287597656
-11.073262214660645
-11.082804679870605
-11.075882911682129
-11.08467960357666
-11.077714920043945
-11.079421997070312
-11.078658103942871
-11.077442169189453
-11.068984985351562
-11.065539360046387
-11.065123558044434
-11.071922302246094
-11.066205024719238
-11.075989723205566
-11.083194732666016
-11.063753128051758
-11.06762409210205
-11.070928573608398
-11.045974731445312
-11.055547714233398
-11.076906204223633
-11.082805633544922
-11.07165813446045
-11.084126472473145
-11.081798553466797
-11.084762573242188
-11.060558319091797
-11.080853462219238
-11.071521759033203
-11.08227825164795
-11.094478607177734
-11.073707580566406
-11.080750465393066
-11.079323768615723
-11.073371887207031
-11.071953773498535
-11.069074630737305
-11.07911491394043
-11.089402198791504
-11.075164794921875
-11.079957962036133
-11.084246635437012
-11.090299606323242
-11.093100547790527
-11.079588890075684
-11.099184036254883
-11.07939624786377
-11.070755958557129
-11.086465835571289
-11.067252159118652
-11.092777252197266
-11.077699661254883
-11.06882381439209
-11.070820808410645
-11.076704978942871
-11.088293075561523
-11.085139274597168
-11.069934844970703
-11.052626609802246
-11.063714027404785
-11.054624557495117
-11.070539474487305
-11.094210624694824
-11.081128120422363
-11.085437774658203
-11.071611404418945
-11.086441040039062
-11.0787935256958
-11.088871002197266
-11.086925506591797
-11.089315414428711
-11.061745643615723
-11.085753440856934
-11.066105842590332
-11.079978942871094
-11.085234642028809
-11.091730117797852
-11.092385292053223
-11.085827827453613
-11.072455406188965
-11.077412605285645
-11.055843353271484
-11.06953239440918
-11.082263946533203
-11.082698822021484
-11.09072494506836
-11.098492622375488
-11.078822135925293
-11.097877502441406
-11.082162857055664
-11.071473121643066
-11.087831497192383
-11.07204532623291
-11.091740608215332
-11.080121994018555
-11.106978416442871
-11.098562240600586
-11.090660095214844
-11.084270477294922
-11.098734855651855
-11.0924654006958
-11.083654403686523
-11.086309432983398
-11.064966201782227
-11.059061050415039
-11.086334228515625
-11.087601661682129
-11.09859561920166
-11.106693267822266
-11.104973793029785
-11.090974807739258
-11.08876895904541
-11.066793441772461
-11.058542251586914
-11.057387351989746
-11.086918830871582
-11.092551231384277
-11.10110855102539
-11.105575561523438
-11.090418815612793
-11.074365615844727
-11.073917388916016
-11.078144073486328
-11.09408187866211
-11.099364280700684
-11.091253280639648
-11.099793434143066
-11.10007095336914
-11.098244667053223
-11.065715789794922
-11.080503463745117
-11.078956604003906
-11.101459503173828
-11.08542251586914
-11.103164672851562
-11.09650993347168
-11.09340763092041
-11.102935791015625
-11.101136207580566
-11.099170684814453
-11.08709716796875
-11.094188690185547
-11.09875774383545
-11.106133460998535
-11.102604866027832
-11.097881317138672
-11.104595184326172
-11.09101676940918
-11.105116844177246
-11.094708442687988
-11.110794067382812
-11.10263442993164
-11.101865768432617
-11.098188400268555
-11.09498405456543
-11.111543655395508
-11.106149673461914
-11.111519813537598
-11.092602729797363
-11.084344863891602
-11.075261116027832
-11.061418533325195
-11.074891090393066
-11.086862564086914
-11.095483779907227
-11.113266944885254
-11.12146282196045
-11.091443061828613
-11.070055961608887
-11.056100845336914
-11.075944900512695
-11.066880226135254
-11.093287467956543
-11.079150199890137
-11.101140975952148
-11.087113380432129
-11.113736152648926
-11.081363677978516
-11.09451675415039
-11.093748092651367
-11.094159126281738
-11.109630584716797
-11.091480255126953
-11.112605094909668
-11.113906860351562
-11.096589088439941
-11.107757568359375
-11.091302871704102
-11.088865280151367
-11.087042808532715
-11.057645797729492
-11.075420379638672
-11.087685585021973
-11.102166175842285
-11.104522705078125
-11.110248565673828
-11.097421646118164
-11.116633415222168
-11.118497848510742
-11.100455284118652
-11.086187362670898
-11.083736419677734
-11.093409538269043
-11.089205741882324
-11.094999313354492
-11.09859561920166
-11.101984977722168
-11.113201141357422
-11.112736701965332
-11.109498023986816
-11.089863777160645
-11.08348560333252
-11.091632843017578
-11.091991424560547
-11.107144355773926
-11.101387023925781
-11.120052337646484
-11.12034797668457
-11.12675952911377
-11.112862586975098
-11.094913482666016
-11.085033416748047
-11.087015151977539
-11.099250793457031
-11.097003936767578
-11.117132186889648
-11.126501083374023
-11.09758186340332
-11.09116268157959
-11.09923267364502
-11.109503746032715
-11.099743843078613
-11.12336540222168
-11.119142532348633
-11.110580444335938
-11.104135513305664
-11.094443321228027
-11.104886054992676
-11.106786727905273
-11.113927841186523
-11.113887786865234
-11.110774993896484
-11.10964584350586
-11.113182067871094
-11.1150484085083
-11.11115550994873
-11.094768524169922
-11.094666481018066
-11.090984344482422
-11.096360206604004
-11.116861343383789
-11.106821060180664
-11.117175102233887
-11.106879234313965
-11.11816692352295
-11.125828742980957
-11.10174560546875
-11.106752395629883
-11.122385025024414
-11.113751411437988
-11.117746353149414
-11.104405403137207
-11.10987377166748
-11.115281105041504
-11.115023612976074
-11.117203712463379
-11.098092079162598
-11.11902904510498
-11.107049942016602
-11.120617866516113
-11.11369800567627
-11.122687339782715
-11.09910774230957
-11.090953826904297
-11.096330642700195
-11.107126235961914
-11.089482307434082
-11.091806411743164
-11.093233108520508
-11.068550109863281
-11.084514617919922
-11.117377281188965
-11.112142562866211
-11.123225212097168
-11.106128692626953
-11.129606246948242
-11.108630180358887
-11.113788604736328
-11.120224952697754
-11.12350845336914
-11.115710258483887
-11.115532875061035
-11.113365173339844
-11.108819007873535
-11.134940147399902
-11.111039161682129
-11.131300926208496
-11.113913536071777
-11.092419624328613
-11.103813171386719
-11.112515449523926
-11.104036331176758
-11.105856895446777
-11.108254432678223
-11.107481956481934
-11.110310554504395
-11.131280899047852
-11.118132591247559
-11.09720230102539
-11.096858978271484
-11.098234176635742
-11.085338592529297
-11.069450378417969
-11.059541702270508
-11.091123580932617
-11.116332054138184
-11.113511085510254
-11.12317943572998
-11.114316940307617
-11.09022331237793
-11.077055931091309
-11.08521556854248
-11.09783935546875
-11.102093696594238
-11.110827445983887
-11.132783889770508
-11.13249397277832
-11.12744426727295
-11.116460800170898
-11.082443237304688
-11.078591346740723
-11.108118057250977
-11.114422798156738
-11.110889434814453
-11.13171100616455
-11.127001762390137
-11.134334564208984
-11.108927726745605
-11.11054801940918
-11.114755630493164
-11.117138862609863
-11.126593589782715
-11.129172325134277
-11.112183570861816
-11.134905815124512
-11.128276824951172
-11.137157440185547
-11.127510070800781
-11.138516426086426
-11.117530822753906
-11.132539749145508
-11.104503631591797
-11.124739646911621
-11.12237548828125
-11.123759269714355
-11.124771118164062
-11.118514060974121
-11.117973327636719
-11.122336387634277
-11.12777042388916
-11.118842124938965
-11.123530387878418
-11.107748985290527
-11.123527526855469
-11.105937957763672
-11.120299339294434
-11.126704216003418
-11.110383033752441
-11.133065223693848
-11.136805534362793
-11.136504173278809
-11.13495922088623
-11.116883277893066
-11.11841869354248
-11.116133689880371
-11.111902236938477
-11.110750198364258
-11.103007316589355
-11.108160972595215
-11.104729652404785
-11.114846229553223
-11.142080307006836
-11.129430770874023
-11.124916076660156
-11.10197925567627
-11.089938163757324
-11.079586029052734
-11.093045234680176
-11.10749626159668
-11.12497329711914
-11.112664222717285
-11.123332023620605
-11.121227264404297
-11.113164901733398
-11.133195877075195
-11.126097679138184
-11.110823631286621
-11.1217041015625
-11.107155799865723
-11.107690811157227
-11.122692108154297
-11.131054878234863
-11.11758041381836
-11.127403259277344
-11.126533508300781
-11.112812995910645
-11.145247459411621
-11.125897407531738
-11.135384559631348
-11.125959396362305
-11.135416030883789
-11.120444297790527
-11.116205215454102
-11.126215934753418
-11.10809326171875
-11.115419387817383
-11.11339282989502
-11.114434242248535
-11.125061988830566
-11.117219924926758
-11.135100364685059
-11.136425018310547
-11.129375457763672
-11.13254451751709
-11.127129554748535
-11.141562461853027
-11.127992630004883
-11.138423919677734
-11.148046493530273
-11.136151313781738
-11.121231079101562
-11.116872787475586
-11.135481834411621
-11.114680290222168
-11.121454238891602
-11.115081787109375
-11.103001594543457
-11.117383003234863
-11.136611938476562
-11.12875747680664
-11.134445190429688
-11.13338565826416
-11.131484031677246
-11.117128372192383
-11.125716209411621
-11.123038291931152
-11.137993812561035
-11.128390312194824
-11.134416580200195
-11.14599609375
-11.119832038879395
-11.118464469909668
-11.135671615600586
-11.125380516052246
-11.108329772949219
-11.113236427307129
-11.121012687683105
-11.12597942352295
-11.139970779418945
-11.134663581848145
-11.13720703125
-11.1399564743042
-11.133264541625977
-11.089583396911621
-11.103777885437012
-11.112676620483398
-11.116856575012207
-11.134967803955078
-11.124507904052734
-11.108600616455078
-11.092763900756836
-11.077269554138184
-11.106035232543945
-11.116833686828613
-11.112286567687988
-11.125846862792969
-11.152045249938965
-11.147069931030273
-11.124406814575195
-11.13782024383545
-11.108969688415527
-11.11611270904541
-11.116236686706543
-11.119979858398438
-11.113131523132324
-11.123184204101562
-11.13608455657959
-11.132040977478027
-11.145655632019043
-11.121561050415039
-11.114473342895508
-11.12433910369873
-11.132640838623047
-11.121840476989746
-11.113412857055664
-11.123688697814941
-11.12500286102295
-11.130614280700684
-11.12743854522705
-11.141519546508789
-11.124985694885254
-11.126737594604492
-11.120128631591797
-11.13941764831543
-11.142797470092773
-11.136669158935547
-11.140276908874512
-11.104538917541504
-11.1317777633667
-11.113378524780273
-11.12873363494873
-11.123775482177734
-11.11929988861084
-11.121614456176758
-11.14390754699707
-11.14949893951416
-11.12809944152832
-11.140655517578125
-11.142743110656738
-11.133878707885742
-11.122455596923828
-11.127704620361328
-11.136224746704102
-11.125320434570312
-11.12890338897705
-11.142975807189941
-11.152901649475098
-11.138154983520508
-11.137537002563477
-11.15151309967041
-11.13139533996582
-11.139050483703613
-11.134474754333496
-11.133816719055176
-11.137993812561035
-11.130901336669922
-11.129981994628906
-11.136567115783691
-11.125511169433594
-11.129745483398438
-11.141965866088867
-11.137231826782227
-11.133408546447754
-11.1290283203125
-11.135807037353516
-11.147525787353516
-11.142472267150879
-11.13062858581543
-11.137096405029297
-11.1237211227417
-11.123332023620605
-11.118364334106445
-11.136275291442871
-11.127276420593262
-11.13531494140625
-11.139541625976562
-11.137158393859863
-11.141037940979004
-11.146368980407715
-11.138261795043945
-11.135992050170898
-11.12673568725586
-11.124211311340332
-11.108835220336914
-11.10334587097168
-11.111043930053711
-11.131256103515625
-11.126720428466797
-11.141947746276855
-11.155804634094238
-11.146110534667969
-11.145545959472656
-11.133747100830078
-11.13194751739502
-11.140515327453613
-11.120288848876953
-11.119011878967285
-11.124361991882324
-11.130508422851562
-11.131284713745117
-11.124764442443848
-11.13935375213623
-11.141769409179688
-11.133325576782227
-11.105680465698242
-11.118450164794922
-11.130946159362793
-11.128515243530273
-11.137537956237793
-11.126303672790527
-11.1524076461792
-11.134425163269043
-11.140316009521484
-11.12939739227295
-11.133845329284668
-11.14224624633789
-11.134613990783691
-11.120828628540039
-11.145772933959961
-11.139312744140625
-11.124703407287598
-11.147079467773438
-11.147327423095703
-11.135441780090332
-11.146247863769531
-11.121550559997559
-11.128117561340332
-11.130477905273438
-11.137802124023438
-11.134674072265625
-11.14058780670166
-11.14017105102539
-11.145660400390625
-11.135065078735352
-11.14788818359375
-11.156656265258789
-11.132488250732422
-11.14553451538086
-11.15162181854248
-11.147650718688965
-11.133748054504395
-11.139317512512207
-11.135320663452148
-11.137078285217285
-11.153029441833496
-11.139634132385254
-11.150991439819336
-11.151463508605957
-11.144685745239258
-11.142817497253418
-11.128579139709473
-11.133170127868652
-11.124107360839844
-11.133564949035645
-11.128795623779297
-11.134164810180664
-11.149304389953613
-11.145121574401855
-11.149663925170898
-11.142455101013184
-11.137933731079102
-11.135222434997559
-11.133156776428223
-11.134230613708496
-11.14428997039795
-11.138227462768555
-11.147356986999512
-11.151467323303223
-11.148144721984863
-11.14311408996582
-11.139068603515625
-11.150020599365234
-11.138047218322754
-11.153092384338379
-11.141181945800781
-11.13858413696289
-11.15454387664795
-11.144336700439453
-11.144288063049316
-11.147750854492188
-11.156405448913574
-11.155526161193848
-11.160331726074219
-11.13801383972168
-11.143994331359863
-11.125526428222656
-11.121740341186523
-11.117410659790039
-11.130885124206543
-11.14766788482666
-11.139017105102539
-11.152798652648926
-11.152751922607422
-11.157078742980957
-11.144370079040527
-11.150646209716797
-11.134955406188965
-11.109434127807617
-11.108687400817871
-11.120930671691895
-11.134260177612305
-11.147130012512207
-11.145761489868164
-11.140290260314941
-11.149148941040039
-11.152841567993164
-11.141905784606934
-11.138197898864746
-11.133880615234375
-11.150188446044922
-11.139819145202637
-11.144035339355469
-11.156827926635742
-11.146946907043457
-11.156134605407715
-11.143587112426758
-11.155712127685547
-11.145944595336914
-11.155071258544922
-11.126988410949707
-11.124466896057129
-11.117274284362793
-11.125718116760254
-11.121578216552734
-11.144509315490723
-11.137899398803711
-11.15463638305664
-11.154956817626953
-11.148768424987793
-11.144217491149902
-11.13908863067627
-11.141378402709961
-11.125988960266113
-11.126347541809082
-11.144278526306152
-11.150744438171387
-11.155400276184082
-11.15215015411377
-11.151514053344727
-11.15192699432373
-11.161407470703125
-11.150463104248047
-11.160717010498047
-11.158477783203125
-11.134366989135742
-11.157259941101074
-11.155318260192871
-11.168791770935059
-11.143609046936035
-11.149883270263672
-11.151843070983887
-11.136960983276367
-11.134998321533203
-11.1212739944458
-11.1384916305542
-11.139930725097656
-11.144580841064453
-11.158088684082031
-11.144375801086426
-11.136931419372559
-11.12823486328125
-11.139899253845215
-11.147088050842285
-11.148335456848145
-11.160038948059082
-11.160911560058594
-11.146598815917969
-11.138824462890625
-11.123456001281738
-11.133349418640137
-11.143413543701172
-11.148406028747559
-11.151413917541504
-11.15615463256836
-11.152615547180176
-11.1345853805542
-11.106764793395996
-11.132851600646973
-11.144632339477539
-11.149480819702148
-11.14506721496582
-11.151762962341309
-11.127935409545898
-11.110006332397461
-11.120515823364258
-11.130943298339844
-11.147782325744629
-11.148332595825195
-11.136314392089844
-11.122841835021973
-11.12554931640625
-11.132857322692871
-11.146297454833984
-11.141301155090332
-11.156033515930176
-11.148584365844727
-11.1565580368042
-11.147316932678223
-11.120431900024414
-11.12721061706543
-11.144674301147461
-11.159549713134766
-11.149473190307617
-11.1671142578125
-11.146566390991211
-11.134664535522461
-11.138077735900879
-11.130678176879883
-11.153977394104004
-11.162870407104492
-11.15733814239502
-11.146700859069824
-11.140085220336914
-11.151979446411133
-11.14228630065918
-11.149360656738281
-11.15607738494873
-11.156700134277344
-11.159500122070312
-11.139180183410645
-11.156246185302734
-11.138642311096191
-11.1541109085083
-11.152851104736328
-11.152865409851074
-11.159201622009277
-11.148409843444824
-11.162233352661133
-11.15761661529541
-11.1555757522583
-11.155563354492188
-11.164525032043457
-11.162919998168945
-11.152244567871094
-11.142870903015137
-11.154667854309082
-11.153878211975098
-11.149988174438477
-11.16021728515625
-11.154444694519043
-11.164264678955078
-11.153800964355469
-11.16746711730957
-11.154581069946289
-11.151872634887695
-11.156371116638184
-11.157197952270508
-11.167776107788086
-11.165177345275879
-11.136472702026367
-11.152731895446777
-11.15793228149414
-11.151703834533691
-11.152083396911621
-11.16750717163086
-11.155319213867188
-11.151435852050781
-11.149067878723145
-11.14981746673584
-11.151006698608398
-11.142874717712402
-11.161478996276855
-11.156387329101562
-11.159513473510742
-11.16003131866455
-11.17526912689209
-11.156031608581543
-11.173028945922852
-11.156549453735352
-11.148284912109375
-11.159873962402344
-11.158648490905762
-11.150795936584473
-11.16058349609375
-11.16572093963623
-11.149877548217773
-11.156694412231445
-11.168551445007324
-11.1544189453125
-11.15722942352295
-11.169907569885254
-11.157008171081543
-11.144322395324707
-11.146828651428223
-11.165542602539062
-11.155842781066895
-11.165489196777344
-11.149338722229004
-11.169239044189453
-11.159286499023438
-11.151785850524902
-11.151626586914062
-11.160399436950684
-11.156044006347656
-11.144460678100586
-11.149518966674805
-11.15690803527832
-11.155670166015625
-11.157995223999023
-11.165872573852539
-11.159817695617676
-11.154417037963867
-11.163270950317383
-11.149043083190918
-11.178611755371094
-11.168930053710938
-11.15362548828125
-11.165233612060547
-11.159904479980469
-11.143588066101074
-11.153985977172852
-11.145665168762207
-11.135205268859863
-11.150039672851562
-11.158539772033691
-11.15880298614502
-11.156078338623047
-11.16601848602295
-11.158726692199707
-11.183202743530273
-11.161336898803711
-11.16053295135498
-11.148029327392578
-11.138922691345215
-11.136724472045898
-11.146416664123535
-11.14853286743164
-11.160165786743164
-11.155258178710938
-11.17076587677002
-11.152689933776855
-11.140048027038574
-11.136918067932129
-11.121149063110352
-11.150345802307129
-11.151325225830078
-11.150296211242676
-11.157593727111816
-11.154292106628418
-11.157942771911621
-11.157977104187012
-11.164931297302246
-11.136279106140137
-11.127873420715332
-11.103772163391113
-11.12377643585205
-11.155671119689941
-11.161397933959961
-11.148812294006348
-11.126713752746582
-11.102721214294434
-11.087881088256836
-11.136030197143555
-11.177017211914062
-11.146717071533203
-11.130498886108398
-11.127017974853516
-11.135968208312988
-11.153403282165527
-11.149605751037598
-11.166810989379883
-11.159316062927246
-11.157252311706543
-11.165046691894531
-11.166566848754883
-11.149951934814453
-11.161138534545898
-11.16937255859375
-11.168286323547363
-11.16019344329834
-11.149662971496582
-11.156326293945312
-11.170350074768066
-11.171391487121582
-11.166417121887207
-11.160993576049805
-11.167628288269043
-11.168108940124512
-11.160384178161621
-11.165680885314941
-11.15849781036377
-11.14726448059082
-11.162689208984375
-11.16181468963623
-11.157166481018066
-11.161258697509766
-11.16357707977295
-11.157831192016602
-11.164260864257812
-11.162278175354004
-11.165475845336914
-11.164280891418457
-11.179642677307129
-11.155893325805664
-11.152609825134277
-11.151836395263672
-11.159189224243164
-11.166365623474121
-11.15473461151123
-11.158979415893555
-11.172890663146973
-11.180066108703613
-11.17357063293457
-11.172545433044434
-11.171695709228516
-11.15548324584961
-11.13902759552002
-11.157208442687988
-11.159213066101074
-11.166990280151367
-11.182833671569824
-11.166951179504395
-11.168615341186523
-11.163207054138184
-11.160175323486328
-11.156330108642578
-11.157443046569824
-11.136709213256836
-11.145476341247559
-11.151156425476074
-11.153714179992676
-11.172501564025879
-11.17242431640625
-11.158773422241211
-11.1668119430542
-11.165079116821289
-11.159651756286621
-11.157548904418945
-11.172636032104492
-11.160629272460938
-11.16269588470459
-11.167546272277832
-11.149145126342773
-11.154031753540039
-11.152297019958496
-11.177526473999023
-11.16654109954834
-11.172914505004883
-11.179139137268066
-11.17064094543457
-11.161803245544434
-11.164837837219238
-11.172114372253418
-11.16671085357666
-11.157487869262695
-11.171762466430664
-11.167463302612305
-11.16253662109375
-11.165473937988281
-11.169275283813477
-11.178380966186523
-11.168135643005371
-11.169240951538086
-11.174904823303223
-11.164973258972168
-11.16562557220459
-11.167418479919434
-11.174551963806152
-11.170451164245605
-11.173309326171875
-11.174600601196289
-11.16993522644043
-11.177750587463379
-11.179936408996582
-11.175504684448242
-11.16550350189209
-11.168416976928711
-11.15930461883545
-11.172409057617188
-11.181818008422852
-11.184475898742676
-11.166207313537598
-11.168561935424805
-11.160082817077637
-11.1781644821167
-11.1648530960083
-11.16582202911377
-11.165593147277832
-11.169767379760742
-11.180506706237793
-11.161306381225586
-11.167362213134766
-11.15329647064209
-11.146868705749512
-11.148797035217285
-11.14615535736084
-11.152297973632812
-11.154603958129883
-11.148430824279785
-11.163609504699707
-11.172088623046875
-11.16406536102295
-11.1644868850708
-11.175708770751953
-11.17253589630127
-11.16645622253418
-11.168610572814941
-11.166160583496094
-11.159392356872559
-11.162211418151855
-11.146710395812988
-11.134623527526855
-11.151288986206055
-11.144554138183594
-11.148252487182617
-11.14897346496582
-11.16038703918457
-11.168183326721191
-11.168647766113281
-11.168418884277344
-11.175311088562012
-11.17623233795166
-11.167316436767578
-11.184391021728516
-11.188273429870605
-11.178513526916504
-11.172314643859863
-11.182535171508789
-11.174253463745117
-11.182982444763184
-11.176513671875
-11.170865058898926
-11.178236961364746
-11.175830841064453
-11.172820091247559
-11.183698654174805
-11.182047843933105
-11.169951438903809
-11.172289848327637
-11.163909912109375
-11.150884628295898
-11.141372680664062
-11.140426635742188
-11.155208587646484
-11.163000106811523
-11.165071487426758
-11.188324928283691
-11.17308235168457
-11.174442291259766
-11.17674732208252
-11.173240661621094
-11.179396629333496
-11.169145584106445
-11.139822959899902
-11.125313758850098
-11.128085136413574
-11.147547721862793
-11.162035942077637
-11.172564506530762
-11.186833381652832
-11.175836563110352
-11.183825492858887
-11.181192398071289
-11.189835548400879
-11.181035995483398
-11.181933403015137
-11.18460750579834
-11.180401802062988
-11.177742958068848
-11.173794746398926
-11.177412986755371
-11.175223350524902
-11.177515029907227
-11.175241470336914
-11.177847862243652
-11.168708801269531
-11.163519859313965
-11.168356895446777
-11.179469108581543
-11.187239646911621
-11.182600975036621
-11.18559455871582
-11.178545951843262
-11.172124862670898
-11.177936553955078
-11.182783126831055
-11.182491302490234
-11.17599105834961
-11.1703519821167
-11.177316665649414
-11.186554908752441
-11.175713539123535
-11.173869132995605
-11.180234909057617
-11.162376403808594
-11.16185188293457
-11.16462516784668
-11.167551040649414
-11.16275691986084
-11.1676664352417
-11.165655136108398
-11.167093276977539
-11.143721580505371
-11.169759750366211
-11.178483963012695
-11.184179306030273
-11.188568115234375
-11.173405647277832
-11.161187171936035
-11.129876136779785
-11.114809036254883
-11.138461112976074
-11.169825553894043
-11.183528900146484
-11.183624267578125
-11.148235321044922
-11.12621021270752
-11.13341999053955
-11.163634300231934
-11.184243202209473
-11.182409286499023
-11.164772033691406
-11.15612506866455
-11.152604103088379
-11.16144847869873
-11.179059028625488
-11.182158470153809
-11.17691707611084
-11.190187454223633
-11.169188499450684
-11.167967796325684
-11.164995193481445
-11.16986083984375
-11.169742584228516
-11.178605079650879
-11.188170433044434
-11.181737899780273
-11.17480754852295
-11.175814628601074
-11.160829544067383
-11.177919387817383
-11.170540809631348
-11.186746597290039
-11.185194969177246
-11.184783935546875
-11.18423080444336
-11.173432350158691
-11.173670768737793
-11.182293891906738
-11.175201416015625
-11.179098129272461
-11.191685676574707
-11.190569877624512
-11.187241554260254
-11.190034866333008
-11.182451248168945
-11.176966667175293
-11.180533409118652
-11.181026458740234
-11.181424140930176
-11.192219734191895
-11.185591697692871
-11.191807746887207
-11.180603981018066
-11.191636085510254
-11.193105697631836
-11.18972396850586
-11.192181587219238
-11.192380905151367
-11.17713451385498
-11.19431209564209
-11.184577941894531
-11.17984676361084
-11.191580772399902
-11.18553638458252
-11.182294845581055
-11.188481330871582
-11.182899475097656
-11.181710243225098
-11.184764862060547
-11.182426452636719
-11.185892105102539
-11.19593620300293
-11.193340301513672
-11.189342498779297
-11.182282447814941
-11.177495956420898
-11.181144714355469
-11.167241096496582
-11.173728942871094
-11.187705039978027
-11.184115409851074
-11.178997039794922
-11.187435150146484
-11.181652069091797
-11.173213005065918
-11.159074783325195
-11.152446746826172
-11.16932487487793
-11.180171966552734
-11.189249038696289
-11.188153266906738
-11.179195404052734
-11.189352989196777
-11.18575382232666
-11.189449310302734
-11.177861213684082
-11.1829252243042
-11.18431282043457
-11.172712326049805
-11.174875259399414
-11.165790557861328
-11.171699523925781
-11.1751708984375
-11.180882453918457
-11.183460235595703
-11.185765266418457
-11.186375617980957
-11.175692558288574
-11.176163673400879
-11.161834716796875
-11.170608520507812
-11.184319496154785
-11.185676574707031
-11.189098358154297
-11.196077346801758
-11.185295104980469
-11.173398971557617
-11.162121772766113
-11.163455963134766
-11.177091598510742
-11.180590629577637
-11.199705123901367
-11.19504451751709
-11.187807083129883
-11.169295310974121
-11.179584503173828
-11.167777061462402
-11.163337707519531
-11.176570892333984
-11.178114891052246
-11.186360359191895
-11.197001457214355
-11.19619369506836
-11.196688652038574
-11.189239501953125
-11.185810089111328
-11.188960075378418
-11.194063186645508
-11.189702033996582
-11.185809135437012
-11.187708854675293
-11.180822372436523
-11.192110061645508
-11.198334693908691
-11.19258975982666
-11.178637504577637
-11.178380966186523
-11.182228088378906
-11.177435874938965
-11.17053508758545
-11.196247100830078
-11.182585716247559
-11.192689895629883
-11.185271263122559
-11.186071395874023
-11.185746192932129
-11.177833557128906
-11.176541328430176
-11.180416107177734
-11.196253776550293
-11.192152976989746
-11.18642520904541
-11.187901496887207
-11.191017150878906
-11.18989086151123
-11.18715763092041
-11.187211036682129
-11.18227767944336
-11.18765926361084
-11.185782432556152
-11.19260311126709
-11.191886901855469
-11.186017036437988
-11.18829345703125
-11.183623313903809
-11.1760835647583
-11.176553726196289
-11.1726655960083
-11.181020736694336
-11.172924041748047
-11.195737838745117
-11.179351806640625
-11.199701309204102
-11.178265571594238
-11.200254440307617
-11.193723678588867
-11.190192222595215
-11.184488296508789
-11.182893753051758
-11.184258460998535
-11.18877124786377
-11.19292163848877
-11.188556671142578
-11.180400848388672
-11.19018840789795
-11.185864448547363
-11.193063735961914
-11.191583633422852
-11.188538551330566
-11.197834968566895
-11.18724250793457
-11.197996139526367
-11.189677238464355
-11.189814567565918
-11.193793296813965
-11.19702434539795
-11.19565486907959
-11.190580368041992
-11.198363304138184
-11.188302040100098
-11.201250076293945
-11.202001571655273
-11.19277286529541
-11.200065612792969
-11.203166961669922
-11.199908256530762
-11.190031051635742
-11.201340675354004
-11.194985389709473
-11.194799423217773
-11.186702728271484
-11.188905715942383
-11.182419776916504
-11.166695594787598
-11.173413276672363
-11.15918254852295
-11.183913230895996
-11.183181762695312
-11.19479751586914
-11.188797950744629
-11.192850112915039
-11.197564125061035
-11.19013786315918
-11.186867713928223
-11.191450119018555
-11.189003944396973
-11.188738822937012
-11.18355655670166
-11.17259693145752
-11.17040729522705
-11.16982364654541
-11.191110610961914
-11.181960105895996
-11.191275596618652
-11.195943832397461
-11.19491195678711
-11.193699836730957
-11.200045585632324
-11.197918891906738
-11.194053649902344
-11.186820983886719
-11.193397521972656
-11.18494701385498
-11.189629554748535
-11.197381973266602
-11.176916122436523
-11.181495666503906
-11.193609237670898
-11.1915283203125
-11.177903175354004
-11.158774375915527
-11.155813217163086
-11.169937133789062
-11.166421890258789
-11.198038101196289
-11.189117431640625
-11.19046401977539
-11.180608749389648
-11.15871810913086
-11.160449981689453
-11.16793155670166
-11.178170204162598
-11.187817573547363
-11.198541641235352
-11.195785522460938
-11.194214820861816
-11.17822265625
-11.186386108398438
-11.188637733459473
-11.181303024291992
-11.190488815307617
-11.187670707702637
-11.196887016296387
-11.20335578918457
-11.204789161682129
-11.196985244750977
-11.208086013793945
-11.195691108703613
-11.187169075012207
-11.183964729309082
-11.194296836853027
-11.202205657958984
-11.197766304016113
-11.194748878479004
-11.189020156860352
-11.185725212097168
-11.194257736206055
-11.18587875366211
-11.190146446228027
-11.202225685119629
-11.193638801574707
-11.199379920959473
-11.19497299194336
-11.19439697265625
-11.179105758666992
-11.183159828186035
-11.190160751342773
-11.197981834411621
-11.186164855957031
-11.189537048339844
-11.19025993347168
-11.19381046295166
-11.19586181640625
-11.201602935791016
-11.203660011291504
-11.201653480529785
-11.205352783203125
-11.202679634094238
-11.199952125549316
-11.188823699951172
-11.193145751953125
-11.18471622467041
-11.18628215789795
-11.188508033752441
-11.192373275756836
-11.190199851989746
-11.170821189880371
-11.180066108703613
-11.187543869018555
-11.192023277282715
-11.206103324890137
-11.198954582214355
-11.19963264465332
-11.200572967529297
-11.196041107177734
-11.188941955566406
-11.187176704406738
-11.186612129211426
-11.195211410522461
-11.182517051696777
-11.181739807128906
-11.186017036437988
-11.188908576965332
-11.18340015411377
-11.184480667114258
-11.186811447143555
-11.18113899230957
-11.187891960144043
-11.187561988830566
-11.185905456542969
-11.185430526733398
-11.184633255004883
-11.202917098999023
-11.20986557006836
-11.200584411621094
-11.197200775146484
-11.208171844482422
-11.205925941467285
-11.197286605834961
-11.200213432312012
-11.19923210144043
-11.204434394836426
-11.196614265441895
-11.192084312438965
-11.203519821166992
-11.199310302734375
-11.199872016906738
-11.202664375305176
-11.192357063293457
-11.201292037963867
-11.206021308898926
-11.19412899017334
-11.207968711853027
-11.207042694091797
-11.197779655456543
-11.195255279541016
-11.191652297973633
-11.181330680847168
-11.177763938903809
-11.186983108520508
-11.183173179626465
-11.190357208251953
-11.186531066894531
-11.190848350524902
-11.197436332702637
-11.199230194091797
-11.206032752990723
-11.200546264648438
-11.20626163482666
-11.183804512023926
-11.181940078735352
-11.158856391906738
-11.156676292419434
-11.179056167602539
-11.187782287597656
-11.202542304992676
-11.199271202087402
-11.200502395629883
-11.209782600402832
-11.202712059020996
-11.199971199035645
-11.20316219329834
-11.204883575439453
-11.215910911560059
-11.206647872924805
-11.196046829223633
-11.210099220275879
-11.196761131286621
-11.19681167602539
-11.207010269165039
-11.205016136169434
-11.206077575683594
-11.196565628051758
-11.204047203063965
-11.195825576782227
-11.200788497924805
-11.200977325439453
-11.205047607421875
-11.204561233520508
-11.193026542663574
-11.201875686645508
-11.20796012878418
-11.201741218566895
-11.204890251159668
-11.203600883483887
-11.196443557739258
-11.191299438476562
-11.183968544006348
-11.185149192810059
-11.187704086303711
-11.186380386352539
-11.189071655273438
-11.194540023803711
-11.193471908569336
-11.187385559082031
-11.197558403015137
-11.202829360961914
-11.195775032043457
-11.201746940612793
-11.192110061645508
-11.193845748901367
-11.18727970123291
-11.191831588745117
-11.199846267700195
-11.201088905334473
-11.2063627243042
-11.192643165588379
-11.209024429321289
-11.198038101196289
-11.19689655303955
-11.183981895446777
-11.19924545288086
-11.197546005249023
-11.193719863891602
-11.200963973999023
-11.187684059143066
-11.188688278198242
-11.183971405029297
-11.190563201904297
-11.20227336883545
-11.210320472717285
-11.2076416015625
-11.199159622192383
-11.205533027648926
-11.200451850891113
-11.197725296020508
-11.189692497253418
-11.185674667358398
-11.184725761413574
-11.195340156555176
-11.19238567352295
-11.202889442443848
-11.205862998962402
-11.201026916503906
-11.209153175354004
-11.198801040649414
-11.196516990661621
-11.199071884155273
-11.201767921447754
-11.194117546081543
-11.194153785705566
-11.20697021484375
-11.215330123901367
-11.212910652160645
-11.213410377502441
-11.200399398803711
-11.207131385803223
-11.208662986755371
-11.205699920654297
-11.202943801879883
-11.206690788269043
-11.210428237915039
-11.196805000305176
-11.199929237365723
-11.20656681060791
-11.207016944885254
-11.208747863769531
-11.200712203979492
-11.217077255249023
-11.222053527832031
-11.209884643554688
-11.211141586303711
-11.209149360656738
-11.198277473449707
-11.217708587646484
-11.208972930908203
-11.202423095703125
-11.204214096069336
-11.203302383422852
-11.210792541503906
-11.209638595581055
-11.2011079788208
-11.208253860473633
-11.19106388092041
-11.1925048828125
-11.192808151245117
-11.177967071533203
-11.175989151000977
-11.177631378173828
-11.195870399475098
-11.202548027038574
-11.215540885925293
-11.21200180053711
-11.206384658813477
-11.203554153442383
-11.205541610717773
-11.20016860961914
-11.205659866333008
-11.205388069152832
-11.201059341430664
-11.217616081237793
-11.210058212280273
-11.216181755065918
-11.204438209533691
-11.204122543334961
-11.2001314163208
-11.190263748168945
-11.190378189086914
-11.19402027130127
-11.196365356445312
-11.197474479675293
-11.199295997619629
-11.188307762145996
-11.195807456970215
-11.200671195983887
-11.191133499145508
-11.195383071899414
-11.19274616241455
-11.19983196258545
-11.205137252807617
-11.206463813781738
-11.203523635864258
-11.200580596923828
-11.195220947265625
-11.17259407043457
-11.183384895324707
-11.176727294921875
-11.185935020446777
-11.199034690856934
-11.20019245147705
-11.204331398010254
-11.203125
-11.212050437927246
-11.200934410095215
-11.206766128540039
-11.215493202209473
-11.20483112335205
-11.210058212280273
-11.192736625671387
-11.190535545349121
-11.195727348327637
-11.184830665588379
-11.194488525390625
-11.18513011932373
-11.198450088500977
-11.197198867797852
-11.21260929107666
-11.210661888122559
-11.199951171875
-11.186366081237793
-11.172561645507812
-11.1715726852417
-11.180289268493652
-11.200286865234375
-11.208855628967285
-11.20490550994873
-11.207616806030273
-11.199466705322266
-11.190321922302246
-11.17698860168457
-11.179789543151855
-11.178709030151367
-11.198761940002441
-11.200788497924805
-11.210519790649414
-11.193475723266602
-11.18254280090332
-11.176613807678223
-11.196659088134766
-11.206084251403809
-11.212111473083496
-11.210760116577148
-11.204119682312012
-11.211008071899414
-11.209110260009766
-11.209006309509277
-11.21153450012207
-11.211259841918945
-11.206964492797852
-11.213896751403809
-11.211978912353516
-11.205534934997559
-11.20539379119873
-11.2064208984375
-11.2091646194458
-11.204387664794922
-11.208657264709473
-11.209659576416016
-11.200742721557617
-11.223122596740723
-11.212449073791504
-11.195120811462402
-11.198385238647461
-11.206605911254883
-11.205564498901367
-11.206204414367676
-11.200725555419922
-11.205057144165039
-11.200602531433105
-11.206628799438477
-11.214133262634277
-11.218969345092773
-11.218511581420898
-11.20792293548584
-11.220621109008789
-11.207489967346191
-11.211421966552734
-11.216794967651367
-11.224166870117188
-11.218948364257812
-11.205720901489258
-11.2102632522583
-11.215583801269531
-11.214609146118164
-11.215001106262207
-11.221651077270508
-11.213069915771484
-11.195679664611816
-11.206940650939941
-11.20434856414795
-11.210662841796875
-11.217809677124023
-11.211628913879395
-11.208707809448242
-11.217357635498047
-11.222955703735352
-11.2124662399292
-11.223050117492676
-11.213190078735352
-11.211597442626953
-11.192861557006836
-11.190372467041016
-11.194334030151367
-11.186697006225586
-11.180193901062012
-11.196743965148926
-11.20578384399414
-11.203746795654297
-11.212813377380371
-11.218587875366211
-11.217150688171387
-11.215688705444336
-11.214875221252441
-11.214499473571777
-11.206197738647461
-11.212300300598145
-11.218964576721191
-11.205368995666504
-11.213932037353516
-11.219870567321777
-11.221368789672852
-11.213641166687012
-11.214223861694336
-11.202521324157715
-11.22261905670166
-11.22366714477539
-11.2092924118042
-11.218234062194824
-11.211822509765625
-11.223037719726562
-11.2183837890625
-11.212903022766113
-11.216316223144531
-11.224854469299316
-11.218679428100586
-11.219781875610352
-11.219074249267578
-11.219422340393066
-11.209261894226074
-11.216804504394531
-11.199172973632812
-11.209212303161621
-11.195595741271973
-11.189520835876465
-11.188693046569824
-11.173084259033203
-11.188223838806152
-11.196283340454102
-11.194661140441895
-11.202179908752441
-11.20350456237793
-11.208148956298828
-11.21271800994873
-11.206936836242676
-11.206942558288574
-11.205560684204102
-11.20793628692627
-11.207653045654297
-11.21912956237793
-11.212677955627441
-11.205693244934082
-11.21080207824707
-11.204926490783691
-11.18699836730957
-11.182424545288086
-11.1837739944458
-11.182976722717285
-11.178557395935059
-11.190756797790527
-11.198863983154297
-11.204479217529297
-11.215147018432617
-11.219048500061035
-11.210973739624023
-11.214962005615234
-11.218643188476562
-11.218378067016602
-11.222848892211914
-11.219134330749512
-11.218530654907227
-11.210916519165039
-11.219348907470703
-11.219627380371094
-11.220521926879883
-11.212660789489746
-11.218639373779297
-11.211843490600586
-11.202924728393555
-11.194706916809082
-11.197779655456543
-11.195116996765137
-11.198649406433105
-11.205604553222656
-11.21098518371582
-11.204447746276855
-11.210434913635254
-11.218476295471191
-11.210565567016602
-11.218746185302734
-11.212414741516113
-11.202048301696777
-11.198573112487793
-11.210938453674316
-11.216873168945312
-11.205743789672852
-11.217126846313477
-11.214287757873535
-11.210415840148926
-11.209102630615234
-11.203636169433594
-11.20692253112793
-11.20382308959961
-11.20724105834961
-11.20041561126709
-11.200407028198242
-11.21203327178955
-11.210663795471191
-11.209345817565918
-11.213833808898926
-11.214457511901855
-11.22533893585205
-11.217935562133789
-11.224590301513672
-11.221858978271484
-11.215394020080566
-11.216425895690918
-11.218844413757324
-11.229753494262695
-11.216717720031738
-11.21386432647705
-11.210326194763184
-11.209678649902344
-11.212020874023438
-11.208656311035156
-11.217753410339355
-11.213972091674805
-11.216910362243652
-11.222378730773926
-11.222331047058105
-11.227813720703125
-11.216069221496582
-11.219291687011719
-11.213083267211914
-11.215230941772461
-11.222787857055664
-11.22382640838623
-11.217608451843262
-11.22497844696045
-11.211593627929688
-11.211913108825684
-11.212944984436035
-11.212898254394531
-11.216370582580566
-11.209736824035645
-11.210296630859375
-11.216934204101562
-11.212952613830566
-11.21367073059082
-11.21269416809082
-11.217677116394043
-11.212624549865723
-11.220952033996582
-11.220476150512695
-11.203388214111328
-11.224316596984863
-11.197800636291504
-11.207813262939453
-11.200079917907715
-11.215636253356934
-11.199975967407227
-11.219921112060547
-11.21259880065918
-11.21666145324707
-11.207781791687012
-11.211187362670898
-11.21581745147705
-11.220799446105957
-11.209949493408203
-11.222294807434082
-11.219047546386719
-11.222880363464355
-11.221402168273926
-11.217881202697754
-11.200342178344727
-11.191176414489746
-11.166465759277344
-11.143668174743652
-11.15213394165039
-11.171236038208008
-11.197479248046875
-11.215188980102539
-11.21671199798584
-11.212699890136719
-11.191356658935547
-11.160490036010742
-11.145403861999512
-11.16634750366211
-11.190284729003906
-11.208431243896484
-11.215386390686035
-11.220077514648438
-11.195965766906738
-11.17218017578125
-11.177545547485352
-11.200743675231934
-11.219048500061035
-11.221916198730469
-11.223230361938477
-11.204824447631836
-11.211801528930664
-11.203590393066406
-11.201337814331055
-11.208280563354492
-11.224982261657715
-11.228334426879883
-11.221073150634766
-11.218291282653809
-11.212112426757812
-11.197253227233887
-11.204092025756836
-11.19880485534668
-11.203510284423828
-11.21753978729248
-11.221714973449707
-11.219221115112305
-11.2271728515625
-11.220218658447266
-11.22042465209961
-11.204377174377441
-11.193305015563965
-11.195552825927734
-11.20885181427002
-11.210553169250488
-11.212559700012207
-11.225616455078125
-11.209254264831543
-11.201248168945312
-11.205889701843262
-11.205537796020508
-11.211847305297852
-11.216485023498535
-11.22757339477539
-11.218988418579102
-11.216504096984863
-11.222149848937988
-11.208303451538086
-11.212646484375
-11.217907905578613
-11.22204303741455
-11.219813346862793
-11.22059440612793
-11.219316482543945
-11.215380668640137
-11.218250274658203
-11.210311889648438
-11.222211837768555
-11.221355438232422
-11.225051879882812
-11.224510192871094
-11.218201637268066
-11.220450401306152
-11.217595100402832
-11.219198226928711
-11.221940994262695
-11.21773624420166
-11.219645500183105
-11.218236923217773
-11.223791122436523
-11.223004341125488
-11.20932674407959
-11.218701362609863
-11.225584030151367
-11.218606948852539
-11.218278884887695
-11.224839210510254
-11.228660583496094
-11.217726707458496
-11.217048645019531
-11.21977424621582
-11.20903491973877
-11.216875076293945
-11.210785865783691
-11.215508460998535
-11.214568138122559
-11.223174095153809
-11.217890739440918
-11.218964576721191
-11.222875595092773
-11.224713325500488
-11.219230651855469
-11.228802680969238
-11.228426933288574
-11.222511291503906
-11.220181465148926
-11.216625213623047
-11.230510711669922
-11.226897239685059
-11.225281715393066
-11.222434043884277
-11.224286079406738
-11.222192764282227
-11.222052574157715
-11.218114852905273
-11.2161865234375
-11.217836380004883
-11.225930213928223
-11.209351539611816
-11.219929695129395
-11.207427024841309
-11.216463088989258
-11.211207389831543
-11.217913627624512
-11.213685035705566
-11.221155166625977
-11.228645324707031
-11.216680526733398
-11.213309288024902
-11.213835716247559
-11.21743392944336
-11.220661163330078
-11.215658187866211
-11.207615852355957
-11.210065841674805
-11.211045265197754
-11.221877098083496
-11.222649574279785
-11.219319343566895
-11.219305992126465
-11.224191665649414
-11.215729713439941
-11.217141151428223
-11.203917503356934
-11.21059513092041
-11.202669143676758
-11.213315963745117
-11.209504127502441
-11.206177711486816
-11.214995384216309
-11.210013389587402
-11.208418846130371
-11.201783180236816
-11.204051971435547
-11.213044166564941
-11.226128578186035
-11.219725608825684
-11.22378921508789
-11.231589317321777
-11.224130630493164
-11.217815399169922
-11.221636772155762
-11.213406562805176
-11.22403621673584
-11.214476585388184
-11.2118501663208
-11.208983421325684
-11.210512161254883
-11.206180572509766
-11.222274780273438
-11.225479125976562
-11.22537612915039
-11.22520923614502
-11.223937034606934
-11.223959922790527
-11.2196044921875
-11.219303131103516
-11.220024108886719
-11.211777687072754
-11.211821556091309
-11.2066011428833
-11.195472717285156
-11.19750690460205
-11.208105087280273
-11.2011137008667
-11.212967872619629
-11.207067489624023
-11.221546173095703
-11.221043586730957
-11.218404769897461
-11.225564956665039
-11.220974922180176
-11.225516319274902
-11.222308158874512
-11.225733757019043
-11.223432540893555
-11.222891807556152
-11.229696273803711
-11.214099884033203
-11.228721618652344
-11.21654987335205
-11.204984664916992
-11.212320327758789
-11.199989318847656
-11.202594757080078
-11.200335502624512
-11.214537620544434
-11.221851348876953
-11.206321716308594
-11.212757110595703
-11.220494270324707
-11.20241641998291
-11.195002555847168
-11.20490837097168
-11.202232360839844
-11.208632469177246
-11.226533889770508
-11.216415405273438
-11.225672721862793
-11.23458194732666
-11.220407485961914
-11.212443351745605
-11.211370468139648
-11.206276893615723
-11.207514762878418
-11.213410377502441
-11.215024948120117
-11.224442481994629
-11.223401069641113
-11.229097366333008
-11.226661682128906
-11.23155689239502
-11.218340873718262
-11.215989112854004
-11.206974029541016
-11.197230339050293
-11.196165084838867
-11.215063095092773
-11.211029052734375
-11.2219877243042
-11.229181289672852
-11.218987464904785
-11.219234466552734
-11.212013244628906
-11.216525077819824
-11.2139310836792
-11.198936462402344
-11.206536293029785
-11.208121299743652
-11.214279174804688
-11.216012001037598
-11.227293014526367
-11.221664428710938
-11.224621772766113
-11.217691421508789
-11.220876693725586
-11.21267318725586
-11.206392288208008
-11.18466854095459
-11.201427459716797
-11.22192096710205
-11.226287841796875
-11.230111122131348
-11.22041130065918
-11.219239234924316
-11.219876289367676
-11.218429565429688
-11.210808753967285
-11.210686683654785
-11.216920852661133
-11.220576286315918
-11.221792221069336
-11.221858024597168
-11.199426651000977
-11.189361572265625
-11.190159797668457
-11.199407577514648
-11.218095779418945
-11.228318214416504
-11.220335006713867
-11.223348617553711
-11.211673736572266
-11.201787948608398
-11.205902099609375
-11.214238166809082
-11.212620735168457
-11.23431396484375
-11.232354164123535
-11.227143287658691
-11.21303653717041
-11.210197448730469
-11.212738990783691
-11.21272087097168
-11.22300910949707
-11.230587005615234
-11.227032661437988
-11.222246170043945
-11.217219352722168
-11.212752342224121
-11.20241641998291
-11.19779109954834
-11.219441413879395
-11.226349830627441
-11.223909378051758
-11.224739074707031
-11.2135009765625
-11.203863143920898
-11.200424194335938
-11.218816757202148
-11.224098205566406
-11.224237442016602
-11.2368803024292
-11.232606887817383
-11.220148086547852
-11.217289924621582
-11.211099624633789
-11.219484329223633
-11.206546783447266
-11.230228424072266
-11.224156379699707
-11.221397399902344
-11.223210334777832
-11.223294258117676
-11.22939682006836
-11.226127624511719
-11.22593879699707
-11.236445426940918
-11.225805282592773
-11.225499153137207
-11.233497619628906
-11.222126960754395
-11.214529991149902
-11.215522766113281
-11.23052978515625
-11.220107078552246
-11.225531578063965
-11.218997955322266
-11.23392391204834
-11.22856330871582
-11.229957580566406
-11.227405548095703
-11.236656188964844
-11.22485637664795
-11.217551231384277
-11.224272727966309
-11.22122573852539
-11.228797912597656
-11.225536346435547
-11.221847534179688
-11.229238510131836
-11.233094215393066
-11.231088638305664
-11.236734390258789
-11.235294342041016
-11.219887733459473
-11.223581314086914
-11.223953247070312
-11.215097427368164
-11.22908878326416
-11.233077049255371
-11.223906517028809
-11.228497505187988
-11.22712516784668
-11.213067054748535
-11.224959373474121
-11.222330093383789
-11.219196319580078
-11.217334747314453
-11.226943969726562
-11.233346939086914
-11.232861518859863
-11.229534149169922
-11.228636741638184
-11.226374626159668
-11.23422908782959
-11.227766990661621
-11.239484786987305
-11.23094654083252
-11.222872734069824
-11.230646133422852
-11.226421356201172
-11.226858139038086
-11.2300443649292
-11.230413436889648
-11.23090934753418
-11.23754596710205
-11.22027587890625
-11.230551719665527
-11.227755546569824
-11.230600357055664
-11.228271484375
-11.231553077697754
-11.224141120910645
-11.238701820373535
-11.2305269241333
-11.2255277633667
-11.221707344055176
-11.211539268493652
-11.214954376220703
-11.223573684692383
-11.217529296875
-11.219285011291504
-11.229576110839844
-11.233531951904297
-11.22988224029541
-11.224275588989258
-11.238119125366211
-11.221250534057617
-11.220802307128906
-11.227716445922852
-11.22291374206543
-11.218816757202148
-11.206998825073242
-11.211603164672852
-11.201680183410645
-11.198393821716309
-11.199817657470703
-11.213101387023926
-11.205123901367188
-11.221577644348145
-11.22390079498291
-11.231072425842285
-11.2307710647583
-11.233654022216797
-11.222880363464355
-11.219521522521973
-11.202577590942383
-11.195462226867676
-11.206981658935547
-11.217155456542969
-11.216853141784668
-11.234170913696289
-11.230990409851074
-11.235613822937012
-11.2281494140625
-11.208243370056152
-11.21746826171875
-11.214715003967285
-11.209287643432617
-11.209749221801758
-11.217042922973633
-11.232247352600098
-11.231945991516113
-11.224905014038086
-11.227853775024414
-11.22800350189209
-11.234375953674316
-11.232054710388184
-11.230175018310547
-11.239026069641113
-11.22030258178711
-11.229171752929688
-11.237198829650879
-11.222428321838379
-11.222158432006836
-11.216168403625488
-11.215554237365723
-11.225837707519531
-11.217570304870605
-11.228343963623047
-11.226214408874512
-11.234332084655762
-11.22996711730957
-11.235466003417969
-11.226856231689453
-11.220402717590332
-11.218427658081055
-11.207761764526367
-11.211444854736328
-11.21315860748291
-11.224518775939941
-11.228802680969238
-11.232075691223145
-11.238040924072266
-11.225735664367676
-11.227128982543945
-11.23004150390625
-11.224138259887695
-11.216163635253906
-11.233917236328125
-11.227697372436523
-11.2276611328125
-11.222868919372559
-11.237882614135742
-11.234183311462402
-11.236835479736328
-11.232324600219727
-11.224756240844727
-11.230713844299316
-11.23665714263916
-11.225024223327637
-11.22482681274414
-11.22116756439209
-11.220051765441895
-11.216873168945312
-11.220592498779297
-11.225379943847656
-11.226999282836914
-11.230498313903809
-11.228527069091797
-11.22831916809082
-11.225168228149414
-11.225878715515137
-11.227482795715332
-11.2245454788208
-11.242053985595703
-11.229341506958008
-11.228489875793457
-11.227653503417969
-11.221588134765625
-11.224385261535645
-11.210966110229492
-11.22262191772461
-11.226944923400879
-11.223515510559082
-11.224935531616211
-11.231083869934082
-11.235760688781738
-11.235737800598145
-11.239814758300781
-11.229875564575195
-11.231950759887695
-11.230207443237305
-11.224692344665527
-11.23581314086914
-11.223262786865234
-11.2356595993042
-11.238097190856934
-11.240497589111328
-11.224649429321289
-11.217981338500977
-11.207905769348145
-11.212841987609863
-11.2039794921875
-11.18951416015625
-11.202338218688965
-11.201491355895996
-11.23343563079834
-11.240015029907227
-11.225995063781738
-11.230509757995605
-11.235921859741211
-11.239583969116211
-11.234947204589844
-11.234957695007324
-11.233699798583984
-11.234956741333008
-11.213996887207031
-11.193553924560547
-11.191023826599121
-11.206218719482422
-11.216519355773926
-11.222587585449219
-11.236875534057617
-11.231245040893555
-11.235865592956543
-11.222411155700684
-11.206523895263672
-11.212657928466797
-11.209674835205078
-11.218954086303711
-11.225907325744629
-11.23061752319336
-11.232463836669922
-11.239192962646484
-11.230299949645996
-11.235331535339355
-11.221617698669434
-11.221680641174316
-11.21296501159668
-11.22253131866455
-11.225351333618164
-11.228474617004395
-11.234445571899414
-11.232338905334473
-11.234883308410645
-11.235267639160156
-11.220789909362793
-11.224520683288574
-11.22548770904541
-11.224371910095215
-11.22646427154541
-11.226774215698242
-11.235557556152344
-11.2296142578125
-11.236577987670898
-11.23192310333252
-11.22569465637207
-11.235758781433105
-11.239091873168945
-11.229479789733887
-11.2357177734375
-11.241251945495605
-11.229533195495605
-11.232439041137695
-11.231111526489258
-11.243741989135742
-11.241414070129395
-11.242779731750488
-11.2402982711792
-11.236185073852539
-11.236838340759277
-11.230199813842773
-11.221468925476074
-11.232526779174805
-11.223023414611816
-11.22615909576416
-11.231926918029785
-11.231285095214844
-11.219949722290039
-11.232526779174805
-11.230610847473145
-11.240039825439453
-11.238009452819824
-11.23787784576416
-11.237373352050781
-11.240784645080566
-11.223753929138184
-11.225793838500977
-11.2239990234375
-11.224055290222168
-11.213661193847656
-11.206734657287598
-11.208197593688965
-11.228900909423828
-11.222441673278809
-11.23591423034668
-11.236011505126953
-11.238489151000977
-11.227986335754395
-11.230575561523438
-11.223584175109863
-11.21135425567627
-11.213932037353516
-11.218076705932617
-11.21778678894043
-11.227078437805176
-11.235735893249512
-11.222845077514648
-11.225637435913086
-11.224311828613281
-11.236764907836914
-11.235320091247559
-11.231025695800781
-11.235209465026855
-11.229608535766602
-11.223562240600586
-11.212919235229492
-11.225576400756836
-11.228532791137695
-11.233922958374023
-11.237854957580566
-11.244152069091797
-11.233201026916504
-11.233451843261719
-11.237773895263672
-11.235557556152344
-11.23444938659668
-11.232279777526855
-11.224605560302734
-11.217537879943848
-11.221567153930664
-11.215620040893555
-11.22205924987793
-11.227751731872559
-11.234672546386719
-11.236029624938965
-11.236678123474121
-11.24010181427002
-11.22325611114502
-11.2281494140625
-11.228758811950684
-11.219940185546875
-11.228621482849121
-11.232196807861328
-11.23157024383545
-11.231595993041992
-11.226724624633789
-11.225730895996094
-11.224251747131348
-11.229872703552246
-11.237078666687012
-11.23133659362793
-11.237932205200195
-11.232047080993652
-11.226755142211914
-11.209850311279297
-11.20284366607666
-11.198529243469238
-11.206252098083496
-11.220491409301758
-11.22490119934082
-11.229900360107422
-11.233969688415527
-11.242368698120117
-11.241206169128418
-11.2297945022583
-11.225030899047852
-11.208746910095215
-11.21476936340332
-11.218719482421875
-11.238129615783691
-11.233189582824707
-11.245234489440918
-11.227806091308594
-11.208610534667969
-11.19998836517334
-11.204830169677734
-11.219890594482422
-11.234811782836914
-11.234772682189941
-11.235061645507812
-11.224190711975098
-11.215860366821289
-11.21197509765625
-11.209846496582031
-11.226211547851562
-11.220220565795898
-11.214695930480957
-11.227656364440918
-11.243080139160156
-11.23471736907959
-11.244314193725586
-11.236740112304688
-11.218095779418945
-11.222493171691895
-11.210373878479004
-11.213116645812988
-11.228684425354004
-11.232621192932129
-11.236061096191406
-11.235038757324219
-11.225418090820312
-11.229079246520996
-11.231304168701172
-11.238536834716797
-11.24328899383545
-11.243953704833984
-11.241913795471191
-11.23770809173584
-11.241219520568848
-11.231659889221191
-11.235133171081543
-11.238197326660156
-11.23161506652832
-11.233274459838867
-11.244566917419434
-11.237690925598145
-11.242372512817383
-11.244044303894043
-11.238527297973633
-11.24427318572998
-11.236905097961426
-11.232537269592285
-11.239096641540527
-11.243061065673828
-11.245939254760742
-11.236299514770508
-11.24077033996582
-11.240257263183594
-11.233264923095703
-11.240777969360352
-11.239774703979492
-11.237994194030762
-11.237717628479004
-11.23798942565918
-11.23841667175293
-11.247626304626465
-11.233609199523926
-11.235295295715332
-11.23110294342041
-11.235754013061523
-11.228180885314941
-11.24062442779541
-11.241059303283691
-11.244084358215332
-11.24609661102295
-11.232697486877441
-11.229222297668457
-11.2371826171875
-11.243054389953613
-11.244608879089355
-11.236213684082031
-11.237394332885742
-11.24276351928711
-11.244296073913574
-11.241802215576172
-11.23195743560791
-11.240160942077637
-11.242020606994629
-11.240997314453125
-11.240044593811035
-11.241897583007812
-11.24057674407959
-11.238637924194336
-11.243596076965332
-11.236029624938965
-11.242555618286133
-11.240428924560547
-11.238142967224121
-11.226188659667969
-11.225555419921875
-11.220821380615234
-11.211134910583496
-11.2062406539917
-11.215800285339355
-11.218172073364258
-11.23599624633789
-11.231863021850586
-11.233209609985352
-11.236807823181152
-11.224616050720215
-11.237597465515137
-11.233306884765625
-11.236011505126953
-11.235356330871582
-11.233064651489258
-11.240477561950684
-11.247464179992676
-11.241440773010254
-11.233015060424805
-11.243368148803711
-11.232044219970703
-11.215944290161133
-11.206353187561035
-11.195035934448242
-11.211474418640137
-11.220837593078613
-11.234664916992188
-11.236263275146484
-11.240155220031738
-11.235525131225586
-11.244494438171387
-11.232110023498535
-11.210639953613281
-11.19782543182373
-11.195981979370117
-11.20224380493164
-11.226064682006836
-11.24031925201416
-11.236479759216309
-11.23317813873291
-11.229899406433105
-11.224959373474121
-11.216171264648438
-11.212469100952148
-11.216452598571777
-11.235113143920898
-11.23826789855957
-11.236294746398926
-11.223179817199707
-11.197339057922363
-11.178813934326172
-11.191329956054688
-11.229049682617188
-11.240859985351562
-11.231244087219238
-11.202535629272461
-11.18989372253418
-11.18574333190918
-11.214996337890625
-11.236141204833984
-11.2353515625
-11.211580276489258
-11.177756309509277
-11.174933433532715
-11.208433151245117
-11.232208251953125
-11.24287223815918
-11.230791091918945
-11.223116874694824
-11.23318862915039
-11.233731269836426
-11.24806022644043
-11.23691177368164
-11.219514846801758
-11.198668479919434
-11.199914932250977
-11.228684425354004
-11.242143630981445
-11.238993644714355
-11.21519947052002
-11.1981840133667
-11.21733570098877
-11.235074996948242
-11.240522384643555
-11.233771324157715
-11.234138488769531
-11.217695236206055
-11.222678184509277
-11.220355987548828
-11.223615646362305
-11.243450164794922
-11.24001407623291
-11.2291841506958
-11.21854019165039
-11.2161283493042
-11.234151840209961
-11.246036529541016
-11.244958877563477
-11.226926803588867
-11.226300239562988
-11.233613967895508
-11.223249435424805
-11.232466697692871
-11.24056625366211
-11.241665840148926
-11.238090515136719
-11.232949256896973
-11.236721992492676
-11.234277725219727
-11.242965698242188
-11.243734359741211
-11.237868309020996
-11.239262580871582
-11.235535621643066
-11.237604141235352
-11.246386528015137
-11.236581802368164
-11.234027862548828
-11.232672691345215
-11.238885879516602
-11.239335060119629
-11.232213020324707
-11.240850448608398
-11.238733291625977
-11.244538307189941
-11.242097854614258
-11.237934112548828
-11.244903564453125
-11.244007110595703
-11.242616653442383
-11.242307662963867
-11.247001647949219
-11.2467622756958
-11.246562957763672
-11.248357772827148
-11.241339683532715
-11.244020462036133
-11.243780136108398
-11.23983383178711
-11.246969223022461
-11.242964744567871
-11.250326156616211
-11.247852325439453
-11.234487533569336
-11.244714736938477
-11.240962982177734
-11.236961364746094
-11.24230670928955
-11.245160102844238
-11.241732597351074
-11.244129180908203
-11.24970531463623
-11.243104934692383
-11.240358352661133
-11.246964454650879
-11.246954917907715
-11.248677253723145
-11.24577808380127
-11.245279312133789
-11.236340522766113
-11.239995002746582
-11.24178409576416
-11.238842010498047
-11.238879203796387
-11.250255584716797
-11.243856430053711
-11.242925643920898
-11.241376876831055
-11.242541313171387
-11.242756843566895
-11.246209144592285
-11.246045112609863
-11.243860244750977
-11.233268737792969
-11.242273330688477
-11.235882759094238
-11.244295120239258
-11.246740341186523
-11.240499496459961
-11.24335765838623
-11.23962116241455
-11.230804443359375
-11.230600357055664
-11.23586368560791
-11.243064880371094
-11.241379737854004
-11.25027847290039
-11.24215316772461
-11.233867645263672
-11.245487213134766
-11.243621826171875
-11.239232063293457
-11.246752738952637
-11.245598793029785
-11.241578102111816
-11.247621536254883
-11.24515438079834
-11.23493766784668
-11.245203971862793
-11.24251937866211
-11.234580993652344
-11.250898361206055
-11.253521919250488
-11.238204956054688
-11.243946075439453
-11.246012687683105
-11.240765571594238
-11.23746395111084
-11.246238708496094
-11.240795135498047
-11.241426467895508
-11.243192672729492
-11.23500919342041
-11.232169151306152
-11.243877410888672
-11.241559028625488
-11.238112449645996
-11.236123085021973
-11.235271453857422
-11.240001678466797
-11.237103462219238
-11.247990608215332
-11.25097370147705
-11.245132446289062
-11.239484786987305
-11.240808486938477
-11.239537239074707
-11.241860389709473
-11.244318008422852
-11.245970726013184
-11.245268821716309
-11.243439674377441
-11.243148803710938
-11.239543914794922
-11.243200302124023
-11.23440933227539
-11.235494613647461
-11.240126609802246
-11.2504301071167
-11.236029624938965
-11.250487327575684
-11.234747886657715
-11.239696502685547
-11.253592491149902
-11.241561889648438
-11.239509582519531
-11.252032279968262
-11.244546890258789
-11.238293647766113
-11.241336822509766
-11.233351707458496
-11.221941947937012
-11.223654747009277
-11.22559928894043
-11.234394073486328
-11.231071472167969
-11.238853454589844
-11.245463371276855
-11.242491722106934
-11.243659973144531
-11.238374710083008
-11.24158763885498
-11.240315437316895
-11.246513366699219
-11.243608474731445
-11.244571685791016
-11.245441436767578
-11.242727279663086
-11.244369506835938
-11.236671447753906
-11.23840045928955
-11.232634544372559
-11.23910903930664
-11.237800598144531
-11.230424880981445
-11.22343921661377
-11.232963562011719
-11.227086067199707
-11.224475860595703
-11.235365867614746
-11.243263244628906
-11.243545532226562
-11.242499351501465
-11.242531776428223
-11.224268913269043
-11.215746879577637
-11.205162048339844
-11.205482482910156
-11.219208717346191
-11.242462158203125
-11.24363899230957
-11.24218463897705
-11.238204956054688
-11.225893020629883
-11.204977035522461
-11.203570365905762
-11.206297874450684
-11.23178482055664
-11.221823692321777
-11.232518196105957
-11.238633155822754
-11.240418434143066
-11.24364185333252
-11.24565315246582
-11.245792388916016
-11.244898796081543
-11.236710548400879
-11.238090515136719
-11.238592147827148
-11.232654571533203
-11.233039855957031
-11.225114822387695
-11.234556198120117
-11.23115062713623
-11.238480567932129
-11.23969554901123
-11.244329452514648
-11.247467994689941
-11.24312686920166
-11.250903129577637
-11.249271392822266
-11.239245414733887
-11.254671096801758
-11.255176544189453
-11.2427396774292
-11.246039390563965
-11.248367309570312
-11.246463775634766
-11.245721817016602
-11.244070053100586
-11.239831924438477
-11.239293098449707
-11.239580154418945
-11.238485336303711
-11.251495361328125
-11.250605583190918
-11.2451171875
-11.244512557983398
-11.241678237915039
-11.234210014343262
-11.226750373840332
-11.22707748413086
-11.231014251708984
-11.230968475341797
-11.22792911529541
-11.242256164550781
-11.243061065673828
-11.247062683105469
-11.244842529296875
-11.241315841674805
-11.245190620422363
-11.229864120483398
-11.232748985290527
-11.232742309570312
-11.218475341796875
-11.237871170043945
-11.24198055267334
-11.245075225830078
-11.247541427612305
-11.241798400878906
-11.236886978149414
-11.234930992126465
-11.228452682495117
-11.236913681030273
-11.245526313781738
-11.251188278198242
-11.247459411621094
-11.247929573059082
-11.252934455871582
-11.249273300170898
-11.245649337768555
-11.248420715332031
-11.24535083770752
-11.247444152832031
-11.238213539123535
-11.25231647491455
-11.250139236450195
-11.248397827148438
-11.248687744140625
-11.250617027282715
-11.25432300567627
-11.248237609863281
-11.253955841064453
-11.247525215148926
-11.234251976013184
-11.236396789550781
-11.242597579956055
-11.241539001464844
-11.238577842712402
-11.218746185302734
-11.236824035644531
-11.23547649383545
-11.241695404052734
-11.243626594543457
-11.246291160583496
-11.243471145629883
-11.243136405944824
-11.247773170471191
-11.237029075622559
-11.241108894348145
-11.24425983428955
-11.242916107177734
-11.242897987365723
-11.231281280517578
-11.238020896911621
-11.246459007263184
-11.248384475708008
-11.251651763916016
-11.251895904541016
-11.249225616455078
-11.250823974609375
-11.244976997375488
-11.251880645751953
-11.250945091247559
-11.245325088500977
-11.251933097839355
-11.24681282043457
-11.242056846618652
-11.242263793945312
-11.242554664611816
-11.233744621276855
-11.225043296813965
-11.241454124450684
-11.249907493591309
-11.247581481933594
-11.251768112182617
-11.24837875366211
-11.247588157653809
-11.238802909851074
-11.237432479858398
-11.233115196228027
-11.221487045288086
-11.219354629516602
-11.206262588500977
-11.211308479309082
-11.236871719360352
-11.251688957214355
-11.252739906311035
-11.248429298400879
-11.239967346191406
-11.231672286987305
-11.234052658081055
-11.23223876953125
-11.239476203918457
-11.223599433898926
-11.242298126220703
-11.240686416625977
-11.251523971557617
-11.244321823120117
-11.229289054870605
-11.22889232635498
-11.218613624572754
-11.23595142364502
-11.24715805053711
-11.242938995361328
-11.235882759094238
-11.232327461242676
-11.202333450317383
-11.197162628173828
-11.203657150268555
-11.230888366699219
-11.244088172912598
-11.246672630310059
-11.24045181274414
-11.227184295654297
-11.236483573913574
-11.241744041442871
-11.247612953186035
-11.250269889831543
-11.247968673706055
-11.250143051147461
-11.252471923828125
-11.23930549621582
-11.228137969970703
-11.23292064666748
-11.233297348022461
-11.2409086227417
-11.248758316040039
-11.253582000732422
-11.249180793762207
-11.231637001037598
-11.238066673278809
-11.221349716186523
-11.222167015075684
-11.231002807617188
-11.243746757507324
-11.252288818359375
-11.253913879394531
-11.25224494934082
-11.24494743347168
-11.252938270568848
-11.237150192260742
-11.239246368408203
-11.233041763305664
-11.236018180847168
-11.236602783203125
-11.248401641845703
-11.24970531463623
-11.242300987243652
-11.245546340942383
-11.244112014770508
-11.240805625915527
-11.242744445800781
-11.238186836242676
-11.249822616577148
-11.251026153564453
-11.24188232421875
-11.251578330993652
-11.258687973022461
-11.253807067871094
-11.25352954864502
-11.248075485229492
-11.252120971679688
-11.24809455871582
-11.250150680541992
-11.253133773803711
-11.26174259185791
-11.256377220153809
-11.250661849975586
-11.251422882080078
-11.25763988494873
-11.249028205871582
-11.256305694580078
-11.248373031616211
-11.25226879119873
-11.248567581176758
-11.243025779724121
-11.25086498260498
-11.249204635620117
-11.253975868225098
-11.245600700378418
-11.25225830078125
-11.24817180633545
-11.240893363952637
-11.24227237701416
-11.242298126220703
-11.239657402038574
-11.229803085327148
-11.23794937133789
-11.242603302001953
-11.24709415435791
-11.251460075378418
-11.236093521118164
-11.236207962036133
-11.221864700317383
-11.225193977355957
-11.237114906311035
-11.244091033935547
-11.251364707946777
-11.244760513305664
-11.239837646484375
-11.219185829162598
-11.213268280029297
-11.21949577331543
-11.241454124450684
-11.254324913024902
-11.244808197021484
-11.234188079833984
-11.217516899108887
-11.234663009643555
-11.235817909240723
-11.249755859375
-11.24820327758789
-11.253244400024414
-11.239848136901855
-11.249505996704102
-11.246143341064453
-11.253365516662598
-11.251384735107422
-11.251972198486328
-11.246498107910156
-11.2456693649292
-11.245109558105469
-11.240561485290527
-11.247047424316406
-11.2538480758667
-11.256757736206055
-11.256726264953613
-11.246054649353027
-11.23304271697998
-11.236711502075195
-11.230674743652344
-11.244877815246582
-11.243013381958008
-11.249256134033203
-11.244832038879395
-11.255322456359863
-11.243433952331543
-11.234761238098145
-11.233366966247559
-11.23647689819336
-11.24743366241455
-11.247934341430664
-11.252190589904785
-11.251582145690918
-11.245000839233398
-11.249699592590332
-11.241057395935059
-11.25107479095459
-11.250749588012695
-11.261261940002441
-11.259562492370605
-11.254070281982422
-11.253703117370605
-11.249201774597168
-11.261646270751953
-11.248335838317871
-11.249593734741211
-11.251143455505371
-11.248915672302246
-11.249903678894043
-11.250253677368164
-11.239411354064941
-11.259129524230957
-11.25388240814209
-11.2562837600708
-11.250565528869629
-11.260236740112305
-11.2560396194458
-11.25146770477295
-11.257214546203613
-11.265247344970703
-11.251445770263672
-11.251855850219727
-11.250041007995605
-11.245756149291992
-11.244048118591309
-11.242735862731934
-11.248476028442383
-11.253488540649414
-11.249565124511719
-11.252131462097168
-11.24772834777832
-11.257336616516113
-11.248533248901367
-11.245509147644043
-11.255995750427246
-11.255447387695312
-11.241119384765625
-11.260334014892578
-11.263961791992188
-11.24724292755127
-11.245847702026367
-11.25110149383545
-11.242109298706055
-11.246826171875
-11.25990104675293
-11.242999076843262
-11.244672775268555
-11.243098258972168
-11.25439167022705
-11.251328468322754
-11.249701499938965
-11.25511646270752
-11.253881454467773
-11.254790306091309
-11.258142471313477
-11.257060050964355
-11.24789047241211
-11.252459526062012
-11.251900672912598
-11.250247955322266
-11.260075569152832
-11.25822925567627
-11.245770454406738
-11.260448455810547
-11.258715629577637
-11.257710456848145
-11.255757331848145
-11.257552146911621
-11.252954483032227
-11.2596435546875
-11.258161544799805
-11.260682106018066
-11.257148742675781
-11.248154640197754
-11.251770973205566
-11.245162963867188
-11.23869514465332
-11.230466842651367
-11.24406909942627
-11.247556686401367
-11.243428230285645
-11.253254890441895
-11.249637603759766
-11.252096176147461
-11.250168800354004
-11.249719619750977
-11.251057624816895
-11.254321098327637
-11.253059387207031
-11.25637435913086
-11.251422882080078
-11.254121780395508
-11.244363784790039
-11.242770195007324
-11.227667808532715
-11.223919868469238
-11.218901634216309
-11.24098014831543
-11.251663208007812
-11.258278846740723
-11.254016876220703
-11.257883071899414
-11.25987720489502
-11.25650405883789
-11.256078720092773
-11.256817817687988
-11.254067420959473
-11.263875961303711
-11.255507469177246
-11.256575584411621
-11.253734588623047
-11.2627592086792
-11.253256797790527
-11.249704360961914
-11.245368957519531
-11.246562004089355
-11.24677562713623
-11.24398422241211
-11.243637084960938
-11.253011703491211
-11.257378578186035
-11.258172035217285
-11.256043434143066
-11.255087852478027
-11.256226539611816
-11.257122993469238
-11.255133628845215
-11.245125770568848
-11.237000465393066
-11.23995590209961
-11.234888076782227
-11.244352340698242
-11.248716354370117
-11.253772735595703
-11.258294105529785
-11.253927230834961
-11.248987197875977
-11.243489265441895
-11.240178108215332
-11.242711067199707
-11.252113342285156
-11.24767017364502
-11.247129440307617
-11.258691787719727
-11.258748054504395
-11.256263732910156
-11.262090682983398
-11.244441986083984
-11.24807357788086
-11.244258880615234
-11.237305641174316
-11.241926193237305
-11.238872528076172
-11.235320091247559
-11.239690780639648
-11.237170219421387
-11.249744415283203
-11.260083198547363
-11.260083198547363
-11.256587028503418
-11.2583646774292
-11.263160705566406
-11.251126289367676
-11.246376991271973
-11.252584457397461
-11.259817123413086
-11.255473136901855
-11.246124267578125
-11.251782417297363
-11.253676414489746
-11.253217697143555
-11.256341934204102
-11.254382133483887
-11.25410270690918
-11.26044750213623
-11.258566856384277
-11.264391899108887
-11.262743949890137
-11.257637023925781
-11.264822959899902
-11.259505271911621
-11.261670112609863
-11.26319408416748
-11.26251220703125
-11.260153770446777
-11.262654304504395
-11.25997257232666
-11.255796432495117
-11.264436721801758
-11.259381294250488
-11.252460479736328
-11.255339622497559
-11.25922966003418
-11.25303840637207
-11.250653266906738
-11.249898910522461
-11.246245384216309
-11.249922752380371
-11.242865562438965
-11.241591453552246
-11.237470626831055
-11.252462387084961
-11.255309104919434
-11.256093978881836
-11.256190299987793
-11.26244831085205
-11.260091781616211
-11.251588821411133
-11.254528999328613
-11.251108169555664
-11.256518363952637
-11.254968643188477
-11.252481460571289
-11.259584426879883
-11.258095741271973
-11.25528335571289
-11.25717544555664
-11.255736351013184
-11.257304191589355
-11.256409645080566
-11.25018310546875
-11.257990837097168
-11.249715805053711
-11.260730743408203
-11.247842788696289
-11.257793426513672
-11.255382537841797
-11.255670547485352
-11.251829147338867
-11.250121116638184
-11.252236366271973
-11.250982284545898
-11.257719039916992
-11.255895614624023
-11.256402015686035
-11.258809089660645
-11.261870384216309
-11.258432388305664
-11.257791519165039
-11.256135940551758
-11.256173133850098
-11.252233505249023
-11.254837989807129
-11.257969856262207
-11.253210067749023
-11.247623443603516
-11.228137016296387
-11.2362642288208
-11.240203857421875
-11.24483871459961
-11.25691032409668
-11.257065773010254
-11.257262229919434
-11.261787414550781
-11.259631156921387
-11.263575553894043
-11.26208782196045
-11.25076675415039
-11.250861167907715
-11.243707656860352
-11.23891830444336
-11.243407249450684
-11.233158111572266
-11.235583305358887
-11.231663703918457
-11.242176055908203
-11.25662899017334
-11.250245094299316
-11.258172988891602
-11.249838829040527
-11.242016792297363
-11.245590209960938
-11.237199783325195
-11.24136734008789
-11.236721992492676
-11.241373062133789
-11.233912467956543
-11.242566108703613
-11.246760368347168
-11.25182819366455
-11.255165100097656
-11.248950004577637
-11.253438949584961
-11.256305694580078
-11.2645902633667
-11.25498104095459
-11.258880615234375
-11.26213550567627
-11.26207447052002
-11.265190124511719
-11.261637687683105
-11.261716842651367
-11.26342487335205
-11.25779914855957
-11.260347366333008
-11.265963554382324
-11.260361671447754
-11.257296562194824
-11.264309883117676
-11.260038375854492
-11.248098373413086
-11.257243156433105
-11.239006042480469
-11.24639892578125
-11.249995231628418
-11.246167182922363
-11.254753112792969
-11.253364562988281
-11.257390975952148
-11.260458946228027
-11.262810707092285
-11.26262092590332
-11.260817527770996
-11.255910873413086
-11.248383522033691
-11.2356595993042
-11.216443061828613
-11.222208976745605
-11.234354972839355
-11.2564058303833
-11.257599830627441
-11.267471313476562
-11.261870384216309
-11.25855541229248
-11.2565336227417
-11.24732780456543
-11.242680549621582
-11.248429298400879
-11.24982738494873
-11.25998592376709
-11.269876480102539
-11.271138191223145
-11.263413429260254
-11.253670692443848
-11.24150562286377
-11.218257904052734
-11.218206405639648
-11.235199928283691
-11.25097370147705
-11.257951736450195
-11.266691207885742
-11.262076377868652
-11.262816429138184
-11.258648872375488
-11.249220848083496
-11.247030258178711
-11.253393173217773
-11.2652006149292
-11.264683723449707
-11.264020919799805
-11.265466690063477
-11.272443771362305
-11.271349906921387
-11.263038635253906
-11.269147872924805
-11.26926040649414
-11.26110553741455
-11.272311210632324
-11.263738632202148
-11.25987434387207
-11.26802921295166
-11.271801948547363
-11.266841888427734
-11.267974853515625
-11.266446113586426
-11.264248847961426
-11.268793106079102
-11.273636817932129
-11.271965980529785
-11.273909568786621
-11.269951820373535
-11.270103454589844
-11.266966819763184
-11.26949691772461
-11.270331382751465
-11.27583122253418
-11.264674186706543
-11.268562316894531
-11.255248069763184
-11.261968612670898
-11.254865646362305
-11.258337020874023
-11.256715774536133
-11.24715805053711
-11.25679874420166
-11.246391296386719
-11.25848388671875
-11.262239456176758
-11.261404991149902
-11.250382423400879
-11.248692512512207
-11.261137962341309
-11.258112907409668
-11.2572660446167
-11.257506370544434
-11.267314910888672
-11.263537406921387
-11.261817932128906
-11.267708778381348
-11.260089874267578
-11.266079902648926
-11.266286849975586
-11.273826599121094
-11.266888618469238
-11.259939193725586
-11.24553394317627
-11.22921371459961
-11.23617172241211
-11.24658489227295
-11.262598037719727
-11.2666654586792
-11.271743774414062
-11.276751518249512
-11.261455535888672
-11.25167465209961
-11.24106216430664
-11.248547554016113
-11.25914192199707
-11.264627456665039
-11.267952919006348
-11.273046493530273
-11.278274536132812
-11.265434265136719
-11.273083686828613
-11.27631950378418
-11.276276588439941
-11.27193546295166
-11.279382705688477
-11.26911449432373
-11.26515007019043
-11.262670516967773
-11.26348876953125
-11.268912315368652
-11.275341987609863
-11.272441864013672
-11.275677680969238
-11.270174026489258
-11.276578903198242
-11.270024299621582
-11.271781921386719
-11.261582374572754
-11.25933837890625
-11.257625579833984
-11.256343841552734
-11.254660606384277
-11.25979232788086
-11.26823902130127
-11.27237319946289
-11.277419090270996
-11.259867668151855
-11.24010181427002
-11.237496376037598
-11.242605209350586
-11.249533653259277
-11.255533218383789
-11.27053165435791
-11.269803047180176
-11.271278381347656
-11.269152641296387
-11.271025657653809
-11.267687797546387
-11.270402908325195
-11.26082706451416
-11.250558853149414
-11.243508338928223
-11.250348091125488
-11.264181137084961
-11.274859428405762
-11.258965492248535
-11.223631858825684
-11.209545135498047
-11.240988731384277
-11.259069442749023
-11.269948959350586
-11.247223854064941
-11.223217964172363
-11.227126121520996
-11.250831604003906
-11.27254581451416
-11.272040367126465
-11.26612663269043
-11.250741004943848
-11.23320198059082
-11.25383472442627
-11.263747215270996
-11.27278995513916
-11.278355598449707
-11.272123336791992
-11.254556655883789
-11.258990287780762
-11.25822639465332
-11.264134407043457
-11.27159309387207
-11.268689155578613
-11.26921558380127
-11.274521827697754
-11.2713041305542
-11.271854400634766
-11.275169372558594
-11.277907371520996
-11.279634475708008
-11.279507637023926
-11.277511596679688
-11.274815559387207
-11.277618408203125
-11.274724960327148
-11.273468017578125
-11.279241561889648
-11.27587604522705
-11.270866394042969
-11.273286819458008
-11.26274585723877
-11.261959075927734
-11.273575782775879
-11.26865005493164
-11.273282051086426
-11.27800178527832
-11.27323055267334
-11.276728630065918
-11.269973754882812
-11.271222114562988
-11.274117469787598
-11.270638465881348
-11.278862953186035
-11.276691436767578
-11.27839469909668
-11.27127456665039
-11.282292366027832
-11.276362419128418
-11.270009994506836
-11.255895614624023
-11.253840446472168
-11.259679794311523
-11.270920753479004
-11.271125793457031
-11.276243209838867
-11.276972770690918
-11.264657020568848
-11.26876449584961
-11.259748458862305
-11.263744354248047
-11.26085090637207
-11.269330978393555
-11.27082633972168
-11.273612976074219
-11.27766227722168
-11.27916145324707
-11.276053428649902
-11.278164863586426
-11.27603816986084
-11.27027702331543
-11.271856307983398
-11.27685260772705
-11.27902603149414
-11.270687103271484
-11.271188735961914
-11.281137466430664
-11.275716781616211
-11.273530006408691
-11.281890869140625
-11.273889541625977
-11.275801658630371
-11.278067588806152
-11.271857261657715
-11.274702072143555
-11.262622833251953
-11.264259338378906
-11.273845672607422
-11.262564659118652
-11.27107048034668
-11.27843189239502
-11.275163650512695
-11.279065132141113
-11.277029991149902
-11.278579711914062
-11.278815269470215
-11.272523880004883
-11.280708312988281
-11.276130676269531
-11.269129753112793
-11.26435661315918
-11.261122703552246
-11.272343635559082
-11.278902053833008
-11.278779029846191
-11.275891304016113
-11.275541305541992
-11.270663261413574
-11.275285720825195
-11.273796081542969
-11.27098560333252
-11.266081809997559
-11.26622200012207
-11.274947166442871
-11.272960662841797
-11.265765190124512
-11.274829864501953
-11.274627685546875
-11.278424263000488
-11.273551940917969
-11.27116870880127
-11.274184226989746
-11.269864082336426
-11.277298927307129
-11.276976585388184
-11.277585983276367
-11.281434059143066
-11.277852058410645
-11.282654762268066
-11.27562141418457
-11.28292465209961
-11.279452323913574
-11.27983283996582
-11.282750129699707
-11.275379180908203
-11.28515625
-11.27562427520752
-11.281354904174805
-11.273737907409668
-11.277759552001953
-11.276216506958008
-11.283102989196777
-11.279364585876465
-11.279545783996582
-11.273799896240234
-11.275341033935547
-11.275052070617676
-11.271138191223145
-11.270587921142578
-11.259493827819824
-11.262810707092285
-11.270349502563477
-11.276904106140137
-11.269756317138672
-11.279540061950684
-11.279219627380371
-11.280919075012207
-11.276432991027832
-11.2805757522583
-11.276206016540527
-11.276581764221191
-11.26772689819336
-11.264357566833496
-11.257943153381348
-11.25296401977539
-11.253762245178223
-11.262928009033203
-11.267377853393555
-11.272845268249512
-11.275826454162598
-11.276047706604004
-11.274911880493164
-11.270759582519531
-11.280621528625488
-11.286131858825684
-11.27649974822998
-11.278714179992676
-11.276374816894531
-11.271657943725586
-11.26570987701416
-11.26257038116455
-11.262920379638672
-11.264812469482422
-11.256482124328613
-11.26326847076416
-11.268412590026855
-11.280695915222168
-11.27818775177002
-11.276260375976562
-11.280984878540039
-11.283782958984375
-11.268495559692383
-11.27062702178955
-11.2664794921875
-11.266569137573242
-11.261441230773926
-11.252781867980957
-11.2565336227417
-11.252296447753906
-11.267271041870117
-11.269628524780273
-11.277628898620605
-11.274409294128418
-11.278359413146973
-11.284831047058105
-11.287810325622559
-11.27757453918457
-11.277918815612793
-11.273247718811035
-11.275215148925781
-11.27873420715332
-11.281408309936523
-11.281485557556152
-11.276666641235352
-11.272807121276855
-11.27769947052002
-11.277938842773438
-11.274750709533691
-11.277286529541016
-11.285895347595215
-11.275465965270996
-11.276257514953613
-11.271870613098145
-11.274881362915039
-11.275823593139648
-11.274629592895508
-11.281469345092773
-11.279382705688477
-11.282295227050781
-11.283225059509277
-11.275991439819336
-11.28550910949707
-11.287782669067383
-11.283101081848145
-11.279090881347656
-11.287199974060059
-11.280755996704102
-11.283984184265137
-11.285806655883789
-11.280950546264648
-11.276633262634277
-11.279730796813965
-11.274273872375488
-11.277714729309082
-11.265870094299316
-11.270674705505371
-11.264517784118652
-11.263558387756348
-11.264857292175293
-11.262004852294922
-11.266923904418945
-11.265974998474121
-11.271615982055664
-11.27920150756836
-11.283735275268555
-11.281365394592285
-11.282282829284668
-11.268257141113281
-11.260395050048828
-11.24006462097168
-11.243746757507324
-11.24793815612793
-11.257861137390137
-11.262441635131836
-11.276876449584961
-11.280097007751465
-11.276273727416992
-11.27891731262207
-11.272208213806152
-11.250346183776855
-11.24416446685791
-11.260208129882812
-11.272529602050781
-11.280016899108887
-11.27795696258545
-11.27969741821289
-11.260133743286133
-11.257744789123535
-11.254034042358398
-11.260773658752441
-11.271120071411133
-11.279788970947266
-11.280652046203613
-11.279330253601074
-11.275647163391113
-11.282933235168457
-11.281432151794434
-11.27957820892334
-11.269590377807617
-11.259918212890625
-11.256526947021484
-11.261550903320312
-11.268887519836426
-11.270302772521973
-11.281783103942871
-11.283312797546387
-11.284783363342285
-11.275053977966309
-11.277671813964844
-11.279816627502441
-11.287310600280762
-11.274531364440918
-11.276549339294434
-11.27196216583252
-11.261469841003418
-11.272955894470215
-11.270484924316406
-11.272329330444336
-11.284952163696289
-11.27881908416748
-11.280477523803711
-11.279577255249023
-11.285295486450195
-11.276785850524902
-11.284647941589355
-11.282999038696289
-11.286666870117188
-11.287130355834961
-11.28485107421875
-11.286994934082031
-11.283377647399902
-11.285368919372559
-11.289531707763672
-11.28292465209961
-11.282755851745605
-11.282203674316406
-11.284821510314941
-11.282092094421387
-11.283568382263184
-11.284019470214844
-11.286445617675781
-11.283072471618652
-11.284977912902832
-11.287923812866211
-11.287222862243652
-11.287750244140625
-11.285259246826172
-11.280668258666992
-11.288843154907227
-11.283042907714844
-11.275880813598633
-11.281600952148438
-11.275511741638184
-11.268512725830078
-11.272933959960938
-11.267938613891602
-11.26498031616211
-11.267600059509277
-11.266460418701172
-11.27109146118164
-11.274454116821289
-11.273309707641602
-11.281084060668945
-11.282514572143555
-11.284578323364258
-11.283717155456543
-11.280247688293457
-11.275945663452148
-11.272953033447266
-11.273321151733398
-11.269448280334473
-11.273476600646973
-11.274620056152344
-11.276570320129395
-11.277199745178223
-11.280655860900879
-11.28134822845459
-11.280996322631836
-11.286890029907227
-11.289865493774414
-11.286672592163086
-11.286900520324707
-11.280017852783203
-11.27949047088623
-11.28233814239502
-11.281659126281738
-11.278459548950195
-11.280770301818848
-11.280891418457031
-11.28220272064209
-11.276159286499023
-11.276687622070312
-11.280340194702148
-11.284117698669434
-11.281676292419434
-11.287800788879395
-11.286031723022461
-11.288169860839844
-11.282455444335938
-11.276500701904297
-11.274925231933594
-11.269575119018555
-11.268731117248535
-11.27069091796875
-11.27002239227295
-11.263639450073242
-11.278651237487793
-11.284845352172852
-11.27828598022461
-11.287540435791016
-11.282414436340332
-11.28255558013916
-11.281403541564941
-11.280128479003906
-11.27528190612793
-11.27371597290039
-11.274191856384277
-11.283208847045898
-11.284662246704102
-11.283352851867676
-11.2835111618042
-11.28568172454834
-11.291046142578125
-11.286453247070312
-11.28246021270752
-11.287651062011719
-11.28394889831543
-11.287078857421875
-11.290007591247559
-11.284080505371094
-11.289498329162598
-11.285642623901367
-11.283400535583496
-11.28190803527832
-11.274519920349121
-11.27833080291748
-11.27375602722168
-11.258913040161133
-11.258447647094727
-11.2598237991333
-11.27022933959961
-11.272237777709961
-11.268688201904297
-11.260725021362305
-11.24866771697998
-11.241438865661621
-11.254100799560547
-11.279772758483887
-11.282380104064941
-11.264969825744629
-11.247875213623047
-11.232599258422852
-11.239356994628906
-11.259964942932129
-11.274094581604004
-11.284025192260742
-11.27872085571289
-11.27885913848877
-11.280688285827637
-11.27328872680664
-11.276851654052734
-11.271527290344238
-11.266746520996094
-11.264962196350098
-11.246712684631348
-11.23715877532959
-11.249938011169434
-11.27070426940918
-11.286203384399414
-11.278534889221191
-11.259465217590332
-11.253477096557617
-11.237773895263672
-11.262187957763672
-11.273113250732422
-11.279555320739746
-11.284088134765625
-11.263052940368652
-11.253633499145508
-11.257424354553223
-11.260123252868652
-11.278643608093262
-11.28712272644043
-11.28514575958252
-11.278159141540527
-11.276798248291016
-11.275389671325684
-11.271590232849121
-11.281415939331055
-11.281550407409668
-11.288368225097656
-11.290238380432129
-11.288386344909668
-11.281082153320312
-11.28400993347168
-11.279152870178223
-11.28723430633545
-11.286014556884766
-11.289782524108887
-11.288990020751953
-11.288708686828613
-11.2900972366333
-11.286913871765137
-11.288692474365234
-11.290989875793457
-11.291382789611816
-11.28788948059082
-11.283060073852539
-11.281994819641113
-11.286080360412598
-11.281668663024902
-11.272068977355957
-11.281749725341797
-11.284019470214844
-11.284891128540039
-11.283354759216309
-11.284930229187012
-11.2927885055542
-11.288958549499512
-11.286869049072266
-11.284172058105469
-11.290791511535645
-11.289335250854492
-11.281187057495117
-11.28808307647705
-11.287612915039062
-11.290569305419922
-11.28419017791748
-11.281318664550781
-11.280989646911621
-11.288308143615723
-11.286714553833008
-11.28736686706543
-11.287160873413086
-11.287674903869629
-11.290950775146484
-11.293587684631348
-11.28393840789795
-11.285555839538574
-11.28396987915039
-11.290109634399414
-11.284067153930664
-11.281494140625
-11.284356117248535
-11.276507377624512
-11.285700798034668
-11.285033226013184
-11.282232284545898
-11.285726547241211
-11.288460731506348
-11.285280227661133
-11.285971641540527
-11.279031753540039
-11.28222942352295
-11.290523529052734
-11.285056114196777
-11.291532516479492
-11.287032127380371
-11.287910461425781
-11.285820960998535
-11.287726402282715
-11.289776802062988
-11.290934562683105
-11.28662109375
-11.288228034973145
-11.287020683288574
-11.287186622619629
-11.287802696228027
-11.283666610717773
-11.292984008789062
-11.277161598205566
-11.286453247070312
-11.283636093139648
-11.272205352783203
-11.26960563659668
-11.277653694152832
-11.274432182312012
-11.281651496887207
-11.290932655334473
-11.286991119384766
-11.28421401977539
-11.27982234954834
-11.286109924316406
-11.287826538085938
-11.286853790283203
-11.292532920837402
-11.290776252746582
-11.291984558105469
-11.286861419677734
-11.289260864257812
-11.292411804199219
-11.277231216430664
-11.28751277923584
-11.2926025390625
-11.286018371582031
-11.283839225769043
-11.287641525268555
-11.288084983825684
-11.285399436950684
-11.283778190612793
-11.281763076782227
-11.284588813781738
-11.285722732543945
-11.284345626831055
-11.28612232208252
-11.285955429077148
-11.292308807373047
-11.283719062805176
-11.288654327392578
-11.28439998626709
-11.288761138916016
-11.293402671813965
-11.287254333496094
-11.292476654052734
-11.285713195800781
-11.286125183105469
-11.289230346679688
-11.286493301391602
-11.292407989501953
-11.286591529846191
-11.29661750793457
-11.289750099182129
-11.28584098815918
-11.288593292236328
-11.291211128234863
-11.285158157348633
-11.27823257446289
-11.283994674682617
-11.281819343566895
-11.272905349731445
-11.268277168273926
-11.257591247558594
-11.250064849853516
-11.259173393249512
-11.266170501708984
-11.274577140808105
-11.287725448608398
-11.284341812133789
-11.290275573730469
-11.290560722351074
-11.28724193572998
-11.285299301147461
-11.281856536865234
-11.291116714477539
-11.285810470581055
-11.286945343017578
-11.291055679321289
-11.29249382019043
-11.282755851745605
-11.292252540588379
-11.291933059692383
-11.288474082946777
-11.286436080932617
-11.279047966003418
-11.285048484802246
-11.27885913848877
-11.280438423156738
-11.274312973022461
-11.26481819152832
-11.268318176269531
-11.274045944213867
-11.278484344482422
-11.280049324035645
-11.28453254699707
-11.279884338378906
-11.2843656539917
-11.280498504638672
-11.270750999450684
-11.264589309692383
-11.270310401916504
-11.25442886352539
-11.256930351257324
-11.268086433410645
-11.270207405090332
-11.27258014678955
-11.28792953491211
-11.288007736206055
-11.289342880249023
-11.292506217956543
-11.293435096740723
-11.284796714782715
-11.288082122802734
-11.293493270874023
-11.29166316986084
-11.280960083007812
-11.278742790222168
-11.259416580200195
-11.258737564086914
-11.268412590026855
-11.276533126831055
-11.291474342346191
-11.293893814086914
-11.283055305480957
-11.259991645812988
-11.246123313903809
-11.248579025268555
-11.262877464294434
-11.274175643920898
-11.290268898010254
-11.283188819885254
-11.272218704223633
-11.259757041931152
-11.254851341247559
-11.265067100524902
-11.276541709899902
-11.282014846801758
-11.29098129272461
-11.289871215820312
-11.286147117614746
-11.28045654296875
-11.271135330200195
-11.266816139221191
-11.278669357299805
-11.282111167907715
-11.288839340209961
-11.284610748291016
-11.286376953125
-11.274380683898926
-11.266500473022461
-11.271134376525879
-11.273567199707031
-11.274506568908691
-11.281383514404297
-11.282149314880371
-11.285601615905762
-11.285431861877441
-11.28408432006836
-11.28342056274414
-11.287663459777832
-11.286285400390625
-11.288215637207031
-11.289911270141602
-11.292469024658203
-11.291159629821777
-11.290329933166504
-11.291218757629395
-11.284406661987305
-11.28741455078125
-11.282806396484375
-11.294363975524902
-11.295706748962402
-11.291858673095703
-11.28956413269043
-11.293538093566895
-11.289783477783203
-11.290746688842773
-11.288802146911621
-11.281431198120117
-11.286171913146973
-11.280994415283203
-11.280142784118652
-11.281627655029297
-11.284208297729492
-11.284887313842773
-11.289766311645508
-11.29242992401123
-11.289040565490723
-11.295598030090332
-11.290685653686523
-11.295931816101074
-11.290555953979492
-11.290231704711914
-11.280055046081543
-11.274746894836426
-11.274011611938477
-11.282635688781738
-11.286930084228516
-11.29039478302002
-11.294066429138184
-11.297351837158203
-11.2966890335083
-11.285337448120117
-11.29337215423584
-11.286154747009277
-11.28773307800293
-11.29159927368164
-11.290623664855957
-11.295284271240234
-11.290356636047363
-11.284802436828613
-11.278696060180664
-11.277336120605469
-11.278146743774414
-11.286064147949219
-11.279786109924316
-11.285310745239258
-11.286033630371094
-11.289368629455566
-11.294806480407715
-11.290541648864746
-11.28970718383789
-11.28991413116455
-11.291529655456543
-11.28892707824707
-11.29431438446045
-11.290374755859375
-11.281644821166992
-11.280885696411133
-11.28511905670166
-11.284937858581543
-11.283931732177734
-11.281549453735352
-11.278861999511719
-11.281586647033691
-11.27523136138916
-11.272050857543945
-11.286947250366211
-11.285734176635742
-11.289902687072754
-11.290339469909668
-11.289862632751465
-11.295649528503418
-11.28852367401123
-11.284029960632324
-11.288719177246094
-11.291983604431152
-11.29122543334961
-11.295063972473145
-11.293992042541504
-11.289066314697266
-11.291357040405273
-11.293014526367188
-11.293498992919922
-11.28427505493164
-11.289630889892578
-11.286201477050781
-11.283132553100586
-11.289523124694824
-11.28528118133545
-11.27741527557373
-11.276076316833496
-11.287100791931152
-11.28288459777832
-11.28671932220459
-11.287528038024902
-11.29436206817627
-11.294601440429688
-11.291726112365723
-11.293405532836914
-11.294692039489746
-11.29392147064209
-11.290058135986328
-11.294556617736816
-11.298598289489746
-11.295619010925293
-11.29461669921875
-11.288410186767578
-11.283636093139648
-11.286581039428711
-11.27414608001709
-11.283834457397461
-11.279995918273926
-11.280649185180664
-11.287620544433594
-11.285429954528809
-11.290438652038574
-11.28303050994873
-11.278404235839844
-11.27380657196045
-11.269827842712402
-11.280536651611328
-11.281269073486328
-11.289657592773438
-11.288734436035156
-11.291499137878418
-11.295655250549316
-11.290167808532715
-11.290580749511719
-11.284318923950195
-11.281720161437988
-11.282197952270508
-11.272296905517578
-11.272793769836426
-11.27937126159668
-11.279251098632812
-11.279940605163574
-11.287871360778809
-11.293927192687988
-11.289450645446777
-11.291038513183594
-11.296080589294434
-11.292929649353027
-11.291053771972656
-11.288314819335938
-11.28952693939209
-11.28571605682373
-11.289508819580078
-11.280476570129395
-11.284801483154297
-11.291207313537598
-11.283714294433594
-11.28912353515625
-11.284540176391602
-11.293750762939453
-11.285765647888184
-11.289746284484863
-11.294469833374023
-11.288375854492188
-11.282307624816895
-11.289867401123047
-11.288500785827637
-11.287559509277344
-11.288050651550293
-11.272968292236328
-11.268584251403809
-11.274394035339355
-11.281064987182617
-11.28415298461914
-11.28872013092041
-11.288812637329102
-11.293237686157227
-11.284196853637695
-11.272095680236816
-11.251388549804688
-11.24581241607666
-11.25079345703125
-11.272989273071289
-11.296629905700684
-11.295025825500488
-11.294082641601562
-11.282307624816895
-11.261862754821777
-11.251108169555664
-11.253201484680176
-11.271886825561523
-11.27974796295166
-11.298345565795898
-11.294501304626465
-11.293612480163574
-11.290419578552246
-11.288168907165527
-11.294540405273438
-11.29777717590332
-11.300395965576172
-11.28647518157959
-11.288352012634277
-11.28315544128418
-11.28258991241455
-11.28584098815918
-11.280441284179688
-11.292919158935547
-11.295636177062988
-11.296823501586914
-11.291988372802734
-11.294559478759766
-11.283581733703613
-11.281490325927734
-11.269258499145508
-11.270855903625488
-11.280346870422363
-11.29029655456543
-11.292845726013184
-11.289907455444336
-11.286669731140137
-11.289572715759277
-11.289137840270996
-11.288469314575195
-11.281417846679688
-11.289824485778809
-11.290632247924805
-11.294693946838379
-11.298041343688965
-11.293484687805176
-11.289042472839355
-11.280129432678223
-11.289923667907715
-11.287613868713379
-11.292108535766602
-11.296649932861328
-11.298863410949707
-11.29411792755127
-11.294681549072266
-11.286551475524902
-11.291325569152832
-11.29215145111084
-11.292393684387207
-11.292374610900879
-11.298663139343262
-11.294599533081055
-11.29465103149414
-11.291630744934082
-11.292821884155273
-11.287848472595215
-11.294554710388184
-11.291670799255371
-11.292313575744629
-11.289288520812988
-11.287945747375488
-11.292003631591797
-11.289454460144043
-11.286989212036133
-11.28378677368164
-11.279678344726562
-11.280755996704102
-11.284814834594727
-11.284728050231934
-11.275843620300293
-11.277514457702637
-11.288606643676758
-11.288058280944824
-11.295734405517578
-11.294612884521484
-11.289590835571289
-11.285396575927734
-11.291218757629395
-11.269744873046875
-11.269270896911621
-11.263800621032715
-11.263900756835938
-11.268989562988281
-11.278889656066895
-11.290268898010254
-11.295863151550293
-11.292296409606934
-11.291671752929688
-11.285951614379883
-11.276820182800293
-11.27364730834961
-11.28277587890625
-11.27856731414795
-11.291463851928711
-11.29256820678711
-11.294766426086426
-11.29613208770752
-11.292180061340332
-11.297991752624512
-11.296257972717285
-11.295494079589844
-11.291504859924316
-11.297697067260742
-11.2943696975708
-11.295292854309082
-11.294861793518066
-11.296812057495117
-11.29495620727539
-11.2955961227417
-11.29290771484375
-11.294075965881348
-11.296394348144531
-11.30125904083252
-11.294512748718262
-11.294902801513672
-11.299811363220215
-11.298345565795898
-11.294532775878906
-11.296236038208008
-11.292452812194824
-11.296439170837402
-11.296015739440918
-11.285268783569336
-11.288782119750977
-11.28737735748291
-11.28520393371582
-11.28842544555664
-11.291643142700195
-11.289444923400879
-11.28930377960205
-11.292174339294434
-11.291855812072754
-11.298027038574219
-11.295464515686035
-11.293456077575684
-11.294840812683105
-11.298017501831055
-11.292862892150879
-11.299517631530762
-11.294901847839355
-11.292724609375
-11.302757263183594
-11.29561996459961
-11.296030044555664
-11.295771598815918
-11.297663688659668
-11.296984672546387
-11.289642333984375
-11.293695449829102
-11.2850923538208
-11.280818939208984
-11.272034645080566
-11.276575088500977
-11.274770736694336
-11.277233123779297
-11.286259651184082
-11.291351318359375
-11.289180755615234
-11.287612915039062
-11.291092872619629
-11.289498329162598
-11.28591251373291
-11.28313159942627
-11.280645370483398
-11.28248405456543
-11.283687591552734
-11.284015655517578
-11.287046432495117
-11.286373138427734
-11.293438911437988
-11.295472145080566
-11.29269027709961
-11.298378944396973
-11.28503131866455
-11.290619850158691
-11.286213874816895
-11.285432815551758
-11.288594245910645
-11.295058250427246
-11.278923034667969
-11.291998863220215
-11.29116439819336
-11.29141616821289
-11.28808879852295
-11.282529830932617
-11.276751518249512
-11.281107902526855
-11.2804594039917
-11.281512260437012
-11.281255722045898
-11.286898612976074
-11.281229972839355
-11.283315658569336
-11.286395072937012
-11.295353889465332
-11.294143676757812
-11.294443130493164
-11.297088623046875
-11.29272747039795
-11.293417930603027
-11.293048858642578
-11.29101848602295
-11.288226127624512
-11.277962684631348
-11.278897285461426
-11.275341987609863
-11.278329849243164
-11.288665771484375
-11.299418449401855
-11.298537254333496
-11.291792869567871
-11.294342041015625
-11.278434753417969
-11.273391723632812
-11.276261329650879
-11.28243350982666
-11.28291130065918
-11.290811538696289
-11.294229507446289
-11.302596092224121
-11.29368782043457
-11.277338981628418
-11.27238655090332
-11.265374183654785
-11.273735046386719
-11.286109924316406
-11.290304183959961
-11.295045852661133
-11.29702091217041
-11.298160552978516
-11.297327041625977
-11.293033599853516
-11.29697322845459
-11.289247512817383
-11.28416633605957
-11.281763076782227
-11.285306930541992
-11.287662506103516
-11.291311264038086
-11.297097206115723
-11.292529106140137
-11.304361343383789
-11.29763412475586
-11.293030738830566
-11.292503356933594
-11.296934127807617
-11.297284126281738
-11.29597282409668
-11.291415214538574
-11.29505729675293
-11.294203758239746
-11.29511833190918
-11.293550491333008
-11.28829574584961
-11.285871505737305
-11.290351867675781
-11.290942192077637
-11.288042068481445
-11.287882804870605
-11.288642883300781
-11.297253608703613
-11.292327880859375
-11.298477172851562
-11.296795845031738
-11.29954719543457
-11.294983863830566
-11.295745849609375
-11.290921211242676
-11.283077239990234
-11.280633926391602
-11.289445877075195
-11.293722152709961
-11.297908782958984
-11.298431396484375
-11.301287651062012
-11.301916122436523
-11.295327186584473
-11.295044898986816
-11.295424461364746
-11.296953201293945
-11.302852630615234
-11.297333717346191
-11.295101165771484
-11.29983139038086
-11.296031951904297
-11.295830726623535
-11.298376083374023
-11.298276901245117
-11.297772407531738
-11.29397201538086
-11.291193008422852
-11.295063972473145
-11.288613319396973
-11.285111427307129
-11.2781400680542
-11.281550407409668
-11.283421516418457
-11.288588523864746
-11.29475212097168
-11.29925537109375
-11.300010681152344
-11.299263954162598
-11.290027618408203
-11.30439281463623
-11.298053741455078
-11.287979125976562
-11.300959587097168
-11.297442436218262
-11.303604125976562
-11.300516128540039
-11.29432201385498
-11.295768737792969
-11.303624153137207
-11.301493644714355
-11.295103073120117
-11.295576095581055
-11.287763595581055
-11.296053886413574
-11.294421195983887
-11.29726505279541
-11.296414375305176
-11.299484252929688
-11.296555519104004
-11.298335075378418
-11.298333168029785
-11.290868759155273
-11.293248176574707
-11.299038887023926
-11.291824340820312
-11.291475296020508
-11.293654441833496
-11.283442497253418
-11.29207706451416
-11.28670883178711
-11.275909423828125
-11.276692390441895
-11.275918006896973
-11.27035140991211
-11.281455039978027
-11.293961524963379
-11.297417640686035
-11.299844741821289
-11.295154571533203
-11.281716346740723
-11.271585464477539
-11.250971794128418
-11.265843391418457
-11.268454551696777
-11.294416427612305
-11.297096252441406
-11.291221618652344
-11.293216705322266
-11.296791076660156
-11.296055793762207
-11.292282104492188
-11.287715911865234
-11.28856372833252
-11.29199504852295
-11.291132926940918
-11.282369613647461
-11.292101860046387
-11.293550491333008
-11.304217338562012
-11.298097610473633
-11.29783821105957
-11.297277450561523
-11.296116828918457
-11.301924705505371
-11.292877197265625
-11.294849395751953
-11.292969703674316
-11.286935806274414
-11.290803909301758
-11.299331665039062
-11.29543399810791
-11.29896068572998
-11.292308807373047
-11.286447525024414
-11.263986587524414
-11.2456636428833
-11.238622665405273
-11.2568941116333
-11.272493362426758
-11.291228294372559
-11.295814514160156
-11.30096435546875
-11.292012214660645
-11.279510498046875
-11.274362564086914
-11.26091480255127
-11.257782936096191
-11.2733793258667
-11.281793594360352
-11.289051055908203
-11.300159454345703
-11.298895835876465
-11.298239707946777
-11.297727584838867
-11.297111511230469
-11.290986061096191
-11.294052124023438
-11.294143676757812
-11.300227165222168
-11.295660018920898
-11.298492431640625
-11.298192977905273
-11.299519538879395
-11.302910804748535
-11.30066967010498
-11.294872283935547
-11.295668601989746
-11.293915748596191
-11.299324989318848
-11.301591873168945
-11.301899909973145
-11.296141624450684
-11.297860145568848
-11.290932655334473
-11.30024242401123
-11.297414779663086
-11.302480697631836
-11.305792808532715
-11.303563117980957
-11.304737091064453
-11.29511833190918
-11.296577453613281
-11.29494857788086
-11.302659034729004
-11.296602249145508
-11.294432640075684
-11.281970977783203
-11.289345741271973
-11.289523124694824
-11.282352447509766
-11.285322189331055
-11.289169311523438
-11.300444602966309
-11.300274848937988
-11.297012329101562
-11.289236068725586
-11.28870677947998
-11.293210983276367
-11.289795875549316
-11.301053047180176
-11.298489570617676
-11.284797668457031
-11.2869234085083
-11.27701187133789
-11.270148277282715
-11.272923469543457
-11.271210670471191
-11.28855037689209
-11.287558555603027
-11.289852142333984
-11.296631813049316
-11.302574157714844
-11.302462577819824
-11.297530174255371
-11.296757698059082
-11.293864250183105
-11.295239448547363
-11.295248031616211
-11.293832778930664
-11.292471885681152
-11.297178268432617
-11.300228118896484
-11.298055648803711
-11.279912948608398
-11.278724670410156
-11.268473625183105
-11.263667106628418
-11.26746940612793
-11.278688430786133
-11.29261302947998
-11.3013916015625
-11.297883987426758
-11.286486625671387
-11.287845611572266
-11.287784576416016
-11.288233757019043
-11.28662109375
-11.297090530395508
-11.296507835388184
-11.300537109375
-11.302664756774902
-11.297856330871582
-11.292966842651367
-11.291301727294922
-11.287394523620605
-11.296456336975098
-11.295836448669434
-11.302878379821777
-11.296791076660156
-11.27835464477539
-11.266046524047852
-11.269628524780273
-11.278679847717285
-11.29791259765625
-11.306111335754395
-11.303560256958008
-11.300360679626465
-11.297004699707031
-11.296008110046387
-11.287616729736328
-11.288106918334961
-11.280970573425293
-11.283785820007324
-11.297698974609375
-11.297536849975586
-11.305829048156738
-11.297077178955078
-11.286124229431152
-11.276605606079102
-11.275732040405273
-11.286949157714844
-11.293798446655273
-11.293970108032227
-11.296221733093262
-11.29499340057373
-11.29263687133789
-11.295475006103516
-11.299650192260742
-11.294768333435059
-11.292219161987305
-11.29181957244873
-11.292550086975098
-11.299912452697754
-11.302224159240723
-11.302688598632812
-11.29866886138916
-11.295744895935059
-11.289606094360352
-11.29023551940918
-11.294708251953125
-11.301146507263184
-11.291279792785645
-11.27548885345459
-11.262118339538574
-11.265318870544434
-11.272683143615723
-11.29151439666748
-11.29929256439209
-11.296183586120605
-11.282175064086914
-11.270010948181152
-11.26117992401123
-11.263802528381348
-11.280155181884766
-11.293645858764648
-11.299994468688965
-11.281146049499512
-11.2487154006958
-11.261642456054688
-11.28229808807373
-11.299039840698242
-11.29783821105957
-11.28071117401123
-11.270295143127441
-11.269834518432617
-11.28941535949707
-11.299944877624512
-11.303247451782227
-11.290596008300781
-11.290167808532715
-11.282910346984863
-11.282066345214844
-11.287273406982422
-11.303466796875
-11.30205249786377
-11.302099227905273
-11.30457878112793
-11.29392147064209
-11.300143241882324
-11.293403625488281
-11.29483413696289
-11.297802925109863
-11.298763275146484
-11.304909706115723
-11.301815032958984
-11.304450988769531
-11.301012992858887
-11.2962646484375
-11.29430103302002
-11.29824447631836
-11.291173934936523
-11.30173397064209
-11.308455467224121
-11.29759407043457
-11.302146911621094
-11.303803443908691
-11.295517921447754
-11.302796363830566
-11.301055908203125
-11.301701545715332
-11.300579071044922
-11.307190895080566
-11.297460556030273
-11.295027732849121
-11.298951148986816
-11.306876182556152
-11.298739433288574
-11.300163269042969
-11.297771453857422
-11.306053161621094
-11.29881763458252
-11.297924041748047
-11.306198120117188
-11.305615425109863
-11.298279762268066
-11.293598175048828
-11.302937507629395
-11.3004789352417
-11.29833984375
-11.293432235717773
-11.300247192382812
-11.299893379211426
-11.301313400268555
-11.301435470581055
-11.305841445922852
-11.30058765411377
-11.294392585754395
-11.295276641845703
-11.289688110351562
-11.293318748474121
-11.297444343566895
-11.299846649169922
-11.297590255737305
-11.305473327636719
-11.302630424499512
-11.301915168762207
-11.300708770751953
-11.297806739807129
-11.301634788513184
-11.298500061035156
-11.295594215393066
-11.293427467346191
-11.293481826782227
-11.293161392211914
-11.304217338562012
-11.301609992980957
-11.298544883728027
-11.302684783935547
-11.30077075958252
-11.305058479309082
-11.30176830291748
-11.303023338317871
-11.298504829406738
-11.306950569152832
-11.3072509765625
-11.302029609680176
-11.305499076843262
-11.304908752441406
-11.297395706176758
-11.304889678955078
-11.302241325378418
-11.301202774047852
-11.306665420532227
-11.306219100952148
-11.30245304107666
-11.303009033203125
-11.303542137145996
-11.298151016235352
-11.30459976196289
-11.303130149841309
-11.301579475402832
-11.298574447631836
-11.303778648376465
-11.299094200134277
-11.301254272460938
-11.300992012023926
-11.298003196716309
-11.299583435058594
-11.300363540649414
-11.299778938293457
-11.295465469360352
-11.295297622680664
-11.298255920410156
-11.286937713623047
-11.291400909423828
-11.28512191772461
-11.297057151794434
-11.293413162231445
-11.302565574645996
-11.303559303283691
-11.30174732208252
-11.304322242736816
-11.303970336914062
-11.298983573913574
-11.2981595993042
-11.285524368286133
-11.28561782836914
-11.283910751342773
-11.27607536315918
-11.277562141418457
-11.276388168334961
-11.28044319152832
-11.289816856384277
-11.299287796020508
-11.305148124694824
-11.29850959777832
-11.293559074401855
-11.286827087402344
-11.284255981445312
-11.285964965820312
-11.280953407287598
-11.272612571716309
-11.27413272857666
-11.28222942352295
-11.297992706298828
-11.29858684539795
-11.304691314697266
-11.306836128234863
-11.297294616699219
-11.290711402893066
-11.285136222839355
-11.283915519714355
-11.2832612991333
-11.291582107543945
-11.298375129699707
-11.30502986907959
-11.28929328918457
-11.276507377624512
-11.260326385498047
-11.264068603515625
-11.275972366333008
-11.295973777770996
-11.303549766540527
-11.295661926269531
-11.289387702941895
-11.292119979858398
-11.297625541687012
-11.304856300354004
-11.300969123840332
-11.295487403869629
-11.284760475158691
-11.264786720275879
-11.260659217834473
-11.278084754943848
-11.297858238220215
-11.303009033203125
-11.303730010986328
-11.291231155395508
-11.27660083770752
-11.273362159729004
-11.293328285217285
-11.297276496887207
-11.295315742492676
-11.298718452453613
-11.282367706298828
-11.276467323303223
-11.28077507019043
-11.295707702636719
-11.304180145263672
-11.293526649475098
-11.289597511291504
-11.288007736206055
-11.28996753692627
-11.28561782836914
-11.303786277770996
-11.303712844848633
-11.296810150146484
-11.292793273925781
-11.29348373413086
-11.302257537841797
-11.294118881225586
-11.297839164733887
-11.299263000488281
-11.289068222045898
-11.294669151306152
-11.299300193786621
-11.299989700317383
-11.304845809936523
-11.295999526977539
-11.293912887573242
-11.291536331176758
-11.28829288482666
-11.294018745422363
-11.294448852539062
-11.305129051208496
-11.304829597473145
-11.305875778198242
-11.30502986907959
-11.294739723205566
-11.29989242553711
-11.300602912902832
-11.303479194641113
-11.298483848571777
-11.297930717468262
-11.297944068908691
-11.30533218383789
-11.308551788330078
-11.297689437866211
-11.29177188873291
-11.295927047729492
-11.292744636535645
-11.298430442810059
-11.291157722473145
-11.307657241821289
-11.302054405212402
-11.297455787658691
-11.302835464477539
-11.302094459533691
-11.303420066833496
-11.30383586883545
-11.303971290588379
-11.302104949951172
-11.298724174499512
-11.299199104309082
-11.297971725463867
-11.301645278930664
-11.301587104797363
-11.298884391784668
-11.304774284362793
-11.302116394042969
-11.307157516479492
-11.308016777038574
-11.304956436157227
-11.305434226989746
-11.298312187194824
-11.292048454284668
-11.292428970336914
-11.298395156860352
-11.302976608276367
-11.30711841583252
-11.30580997467041
-11.304391860961914
-11.300341606140137
-11.295202255249023
-11.285712242126465
-11.289358139038086
-11.2912015914917
-11.2954683303833
-11.306931495666504
-11.301738739013672
-11.303987503051758
-11.301807403564453
-11.302578926086426
-11.298632621765137
-11.305290222167969
-11.304616928100586
-11.308388710021973
-11.306516647338867
-11.302268981933594
-11.30285358428955
-11.306995391845703
-11.302234649658203
-11.303362846374512
-11.299783706665039
-11.305075645446777
-11.304549217224121
-11.30929946899414
-11.298667907714844
-11.301918029785156
-11.302383422851562
-11.30565357208252
-11.305963516235352
-11.301959037780762
-11.301647186279297
-11.303011894226074
-11.30135440826416
-11.304683685302734
-11.306768417358398
-11.30610466003418
-11.305736541748047
-11.3034029006958
-11.299885749816895
-11.302916526794434
-11.301952362060547
-11.300919532775879
-11.301532745361328
-11.294821739196777
-11.301006317138672
-11.29788589477539
-11.297151565551758
-11.297096252441406
-11.305974960327148
-11.303183555603027
-11.302230834960938
-11.303889274597168
-11.311278343200684
-11.302525520324707
-11.312623023986816
-11.300068855285645
-11.29670238494873
-11.289130210876465
-11.287282943725586
-11.291723251342773
-11.292573928833008
-11.29495620727539
-11.296317100524902
-11.297410011291504
-11.30601978302002
-11.304366111755371
-11.304707527160645
-11.305910110473633
-11.299264907836914
-11.295753479003906
-11.289704322814941
-11.28754711151123
-11.28711223602295
-11.295306205749512
-11.296738624572754
-11.301860809326172
-11.304605484008789
-11.30608081817627
-11.307904243469238
-11.300922393798828
-11.304521560668945
-11.30773639678955
-11.308600425720215
-11.30564022064209
-11.304276466369629
-11.306679725646973
-11.302956581115723
-11.304861068725586
-11.299360275268555
-11.297490119934082
-11.29869556427002
-11.296338081359863
-11.305133819580078
-11.29870891571045
-11.299185752868652
-11.294763565063477
-11.297162055969238
-11.296967506408691
-11.299345016479492
-11.305299758911133
-11.305384635925293
-11.308067321777344
-11.304803848266602
-11.292802810668945
-11.296245574951172
-11.288503646850586
-11.290990829467773
-11.288700103759766
-11.289007186889648
-11.300451278686523
-11.295559883117676
-11.299406051635742
-11.302865028381348
-11.302192687988281
-11.311013221740723
-11.302714347839355
-11.300897598266602
-11.301299095153809
-11.308496475219727
-11.307765007019043
-11.304525375366211
-11.299921035766602
-11.303902626037598
-11.30322551727295
-11.301992416381836
-11.291712760925293
-11.285429000854492
-11.27469253540039
-11.277379035949707
-11.286762237548828
-11.299022674560547
-11.297734260559082
-11.302947044372559
-11.301614761352539
-11.301506042480469
-11.305913925170898
-11.30015754699707
-11.302212715148926
-11.303383827209473
-11.300622940063477
-11.305685043334961
-11.305070877075195
-11.306646347045898
-11.307354927062988
-11.305648803710938
-11.303356170654297
-11.301087379455566
-11.300695419311523
-11.30311107635498
-11.309233665466309
-11.30595588684082
-11.306081771850586
-11.30650520324707
-11.30440616607666
-11.302087783813477
-11.30075740814209
-11.30196762084961
-11.29574203491211
-11.29283618927002
-11.304584503173828
-11.301517486572266
-11.301740646362305
-11.303542137145996
-11.299448013305664
-11.29973316192627
-11.29167366027832
-11.287667274475098
-11.29391098022461
-11.295661926269531
-11.306346893310547
-11.302238464355469
-11.30773639678955
-11.306902885437012
-11.306065559387207
-11.305304527282715
-11.303741455078125
-11.298778533935547
-11.29902172088623
-11.309035301208496
-11.309521675109863
-11.309006690979004
-11.307291984558105
-11.310277938842773
-11.306638717651367
-11.306327819824219
-11.3102388381958
-11.30518913269043
-11.304088592529297
-11.30677604675293
-11.301009178161621
-11.300789833068848
-11.307734489440918
-11.30007553100586
-11.297932624816895
-11.2965726852417
-11.295380592346191
-11.285654067993164
-11.286606788635254
-11.286066055297852
-11.283428192138672
-11.281933784484863
-11.265714645385742
-11.268916130065918
-11.274686813354492
-11.279830932617188
-11.2888765335083
-11.292202949523926
-11.29051685333252
-11.301653861999512
-11.304186820983887
-11.303020477294922
-11.30821418762207
-11.30294418334961
-11.298596382141113
-11.297491073608398
-11.29394245147705
-11.293563842773438
-11.296890258789062
-11.294891357421875
-11.297759056091309
-11.30178165435791
-11.296303749084473
-11.298288345336914
-11.307378768920898
-11.302706718444824
-11.296914100646973
-11.305746078491211
-11.299135208129883
-11.307960510253906
-11.306358337402344
-11.308222770690918
-11.300740242004395
-11.298617362976074
-11.302210807800293
-11.308162689208984
-11.306281089782715
-11.30980396270752
-11.303646087646484
-11.307199478149414
-11.299635887145996
-11.309386253356934
-11.305241584777832
-11.306736946105957
-11.310407638549805
-11.305418014526367
-11.308378219604492
-11.306183815002441
-11.309429168701172
-11.304166793823242
-11.30322265625
-11.301959991455078
-11.298486709594727
-11.29493236541748
-11.28885555267334
-11.286211967468262
-11.2886323928833
-11.286887168884277
-11.297919273376465
-11.297572135925293
-11.304137229919434
-11.304141998291016
-11.300227165222168
-11.309063911437988
-11.304548263549805
-11.302767753601074
-11.29725456237793
-11.29269027709961
-11.297080993652344
-11.29249382019043
-11.29253101348877
-11.283804893493652
-11.283629417419434
-11.289267539978027
-11.291906356811523
-11.290582656860352
-11.293601036071777
-11.278223991394043
-11.269637107849121
-11.267412185668945
-11.284783363342285
-11.294919967651367
-11.304132461547852
-11.30672550201416
-11.310608863830566
-11.304864883422852
-11.304329872131348
-11.295219421386719
-11.298182487487793
-11.3009033203125
-11.2968168258667
-11.304037094116211
-11.300966262817383
-11.309419631958008
-11.307312965393066
-11.30325698852539
-11.310774803161621
-11.310283660888672
-11.311039924621582
-11.306366920471191
-11.30748176574707
-11.298466682434082
-11.29944896697998
-11.296541213989258
-11.302007675170898
-11.301279067993164
-11.302997589111328
-11.293476104736328
-11.290260314941406
-11.282665252685547
-11.292140007019043
-11.296902656555176
-11.306060791015625
-11.302231788635254
-11.297656059265137
-11.285666465759277
-11.282620429992676
-11.283809661865234
-11.293160438537598
-11.301660537719727
-11.309640884399414
-11.309012413024902
-11.30868911743164
-11.306662559509277
-11.303746223449707
-11.308728218078613
-11.30909538269043
-11.300721168518066
-11.310731887817383
-11.309017181396484
-11.305516242980957
-11.301167488098145
-11.30543041229248
-11.300918579101562
-11.296985626220703
-11.300422668457031
-11.290301322937012
-11.303481101989746
-11.307587623596191
-11.310525894165039
-11.307585716247559
-11.306050300598145
-11.304344177246094
-11.311963081359863
-11.307971954345703
-11.3112154006958
-11.303535461425781
-11.30385971069336
-11.302253723144531
-11.296242713928223
-11.292045593261719
-11.2876615524292
-11.287303924560547
-11.297127723693848
-11.296326637268066
-11.300358772277832
-11.307092666625977
-11.306955337524414
-11.307635307312012
-11.311758041381836
-11.310956954956055
-11.307358741760254
-11.305889129638672
-11.293741226196289
-11.2927827835083
-11.289889335632324
-11.281898498535156
-11.282441139221191
-11.290782928466797
-11.29552936553955
-11.303240776062012
-11.298199653625488
-11.293517112731934
-11.297341346740723
-11.301163673400879
-11.304194450378418
-11.30406665802002
-11.311185836791992
-11.309581756591797
-11.308025360107422
-11.314637184143066
-11.308141708374023
-11.30577564239502
-11.306967735290527
-11.308038711547852
-11.309473037719727
-11.3112154006958
-11.310476303100586
-11.307652473449707
-11.3140869140625
-11.308248519897461
-11.30852222442627
-11.308003425598145
-11.298685073852539
-11.301840782165527
-11.293630599975586
-11.299225807189941
-11.293347358703613
-11.295233726501465
-11.296862602233887
-11.298179626464844
-11.303459167480469
-11.303272247314453
-11.304948806762695
-11.305569648742676
-11.309654235839844
-11.310567855834961
-11.29531478881836
-11.299310684204102
-11.297983169555664
-11.29696273803711
-11.3024263381958
-11.305550575256348
-11.306379318237305
-11.308198928833008
-11.301558494567871
-11.29830551147461
-11.294790267944336
-11.2901611328125
-11.293607711791992
-11.289618492126465
-11.302427291870117
-11.302109718322754
-11.304262161254883
-11.301738739013672
-11.300171852111816
-11.295405387878418
-11.297635078430176
-11.293924331665039
-11.297286987304688
-11.30168342590332
-11.302967071533203
-11.304455757141113
-11.300586700439453
-11.308984756469727
-11.307461738586426
-11.309377670288086
-11.305635452270508
-11.31032943725586
-11.310001373291016
-11.304003715515137
-11.309744834899902
-11.307784080505371
-11.309761047363281
-11.306760787963867
-11.303356170654297
-11.30952262878418
-11.306480407714844
-11.30360221862793
-11.298251152038574
-11.307205200195312
-11.30232048034668
-11.303089141845703
-11.309342384338379
-11.306954383850098
-11.30539321899414
-11.30473518371582
-11.301734924316406
-11.302921295166016
-11.299994468688965
-11.292411804199219
-11.293050765991211
-11.287942886352539
-11.29305362701416
-11.290153503417969
-11.286072731018066
-11.293846130371094
-11.296728134155273
-11.300028800964355
-11.301959037780762
-11.307893753051758
-11.305133819580078
-11.311826705932617
-11.309585571289062
-11.309178352355957
-11.313264846801758
-11.310144424438477
-11.310661315917969
-11.301278114318848
-11.293411254882812
-11.29732894897461
-11.293931007385254
-11.292933464050293
-11.298171997070312
-11.290054321289062
-11.289180755615234
-11.281010627746582
-11.284794807434082
-11.289621353149414
-11.302961349487305
-11.306827545166016
-11.302276611328125
-11.291952133178711
-11.274452209472656
-11.27078914642334
-11.278711318969727
-11.294482231140137
-11.296853065490723
-11.31168270111084
-11.306650161743164
-11.307206153869629
-11.301258087158203
-11.288290977478027
-11.282626152038574
-11.285223960876465
-11.297479629516602
-11.305426597595215
-11.308307647705078
-11.296396255493164
-11.275382995605469
-11.267570495605469
-11.277414321899414
-11.29129409790039
-11.300871849060059
-11.303997993469238
-11.30623722076416
-11.311346054077148
-11.303872108459473
-11.31158447265625
-11.31147575378418
-11.301456451416016
-11.303326606750488
-11.298966407775879
-11.290669441223145
-11.293206214904785
-11.297843933105469
-11.29503345489502
-11.303720474243164
-11.308342933654785
-11.316388130187988
-11.31435775756836
-11.306859016418457
-11.303648948669434
-11.30033016204834
-11.298219680786133
-11.298808097839355
-11.306842803955078
-11.305170059204102
-11.310490608215332
-11.313477516174316
-11.306697845458984
-11.306373596191406
-11.30555248260498
-11.307738304138184
-11.30900764465332
-11.307677268981934
-11.312445640563965
-11.298519134521484
-11.306568145751953
-11.310286521911621
-11.31195068359375
-11.30855655670166
-11.310759544372559
-11.3043212890625
-11.31070613861084
-11.308835983276367
-11.307883262634277
-11.307549476623535
-11.303165435791016
-11.3070068359375
-11.30945110321045
-11.307984352111816
-11.30696964263916
-11.30439567565918
-11.297125816345215
-11.287199020385742
-11.302071571350098
-11.29609203338623
-11.30484676361084
-11.30373764038086
-11.307744026184082
-11.307250022888184
-11.30705451965332
-11.30634593963623
-11.310883522033691
-11.304739952087402
-11.299123764038086
-11.290799140930176
-11.28760051727295
-11.284820556640625
-11.294378280639648
-11.308917999267578
-11.312143325805664
-11.30509090423584
-11.295879364013672
-11.280495643615723
-11.277623176574707
-11.280238151550293
-11.285079002380371
-11.30017375946045
-11.307332038879395
-11.308555603027344
-11.298741340637207
-11.283003807067871
-11.266727447509766
-11.275277137756348
-11.290423393249512
-11.307421684265137
-11.311528205871582
-11.308067321777344
-11.307670593261719
-11.300898551940918
-11.286718368530273
-11.304304122924805
-11.306264877319336
-11.31180477142334
-11.306441307067871
-11.302702903747559
-11.290308952331543
-11.276886940002441
-11.27489185333252
-11.293197631835938
-11.304266929626465
-11.304008483886719
-11.308951377868652
-11.308181762695312
-11.300353050231934
-11.298917770385742
-11.29852294921875
-11.307242393493652
-11.302498817443848
-11.298524856567383
-11.281557083129883
-11.29219913482666
-11.301246643066406
-11.308416366577148
-11.309134483337402
-11.30617904663086
-11.299012184143066
-11.296809196472168
-11.294583320617676
-11.299718856811523
-11.30396556854248
-11.312854766845703
-11.31257152557373
-11.303986549377441
-11.286261558532715
-11.276688575744629
-11.290694236755371
-11.30295181274414
-11.300692558288574
-11.30966567993164
-11.31180191040039
-11.306574821472168
-11.311187744140625
-11.311294555664062
-11.315804481506348
-11.308148384094238
-11.307038307189941
-11.30937671661377
-11.30449104309082
-11.315812110900879
-11.312237739562988
-11.311037063598633
-11.311330795288086
-11.304818153381348
-11.30277156829834
-11.313438415527344
-11.308243751525879
-11.314682006835938
-11.305024147033691
-11.313068389892578
-11.310385704040527
-11.31397819519043
-11.307509422302246
-11.312749862670898
-11.314854621887207
-11.305895805358887
-11.310218811035156
-11.309454917907715
-11.308865547180176
-11.307670593261719
-11.3110933303833
-11.310033798217773
-11.310649871826172
-11.31446647644043
-11.310723304748535
-11.313536643981934
-11.314045906066895
-11.311266899108887
-11.308699607849121
-11.314359664916992
-11.310449600219727
-11.311147689819336
-11.311920166015625
-11.310891151428223
-11.306471824645996
-11.311448097229004
-11.30920696258545
-11.31016731262207
-11.302522659301758
-11.308961868286133
-11.311563491821289
-11.310722351074219
-11.308650970458984
-11.314757347106934
-11.313789367675781
-11.3123197555542
-11.310708045959473
-11.313611030578613
-11.3113431930542
-11.314677238464355
-11.309020042419434
-11.30823802947998
-11.311771392822266
-11.306560516357422
-11.309717178344727
-11.313644409179688
-11.309260368347168
-11.304512977600098
-11.310863494873047
-11.307159423828125
-11.30489730834961
-11.30710220336914
-11.307689666748047
-11.306351661682129
-11.316725730895996
-11.314737319946289
-11.309769630432129
-11.310373306274414
-11.31186294555664
-11.312922477722168
-11.313533782958984
-11.310203552246094
-11.30998706817627
-11.310844421386719
-11.30688190460205
-11.306153297424316
-11.304043769836426
-11.305307388305664
-11.302440643310547
-11.309606552124023
-11.300009727478027
-11.307613372802734
-11.299140930175781
-11.297307968139648
-11.300919532775879
-11.29532241821289
-11.296331405639648
-11.296391487121582
-11.296281814575195
-11.298290252685547
-11.303842544555664
-11.31029987335205
-11.311091423034668
-11.304041862487793
-11.289228439331055
-11.290935516357422
-11.289246559143066
-11.29483699798584
-11.297605514526367
-11.296672821044922
-11.298954010009766
-11.30131721496582
-11.302342414855957
-11.30781078338623
-11.306282997131348
-11.31089973449707
-11.310555458068848
-11.304878234863281
-11.310084342956543
-11.309649467468262
-11.305314064025879
-11.300222396850586
-11.293102264404297
-11.288636207580566
-11.286755561828613
-11.292795181274414
-11.296814918518066
-11.301325798034668
-11.307014465332031
-11.307207107543945
-11.307527542114258
-11.310643196105957
-11.31447982788086
-11.313457489013672
-11.308478355407715
-11.310869216918945
-11.310463905334473
-11.30931282043457
-11.306424140930176
-11.300557136535645
-11.295488357543945
-11.285703659057617
-11.291804313659668
-11.2882719039917
-11.309313774108887
-11.312393188476562
-11.306384086608887
-11.304162979125977
-11.286076545715332
-11.291062355041504
-11.29122543334961
-11.29709529876709
-11.298014640808105
-11.300376892089844
-11.303659439086914
-11.303230285644531
-11.30334186553955
-11.310097694396973
-11.30770206451416
-11.309755325317383
-11.312783241271973
-11.314990997314453
-11.304341316223145
-11.29833984375
-11.296517372131348
-11.303625106811523
-11.305816650390625
-11.307524681091309
-11.31259822845459
-11.311033248901367
-11.311384201049805
-11.314276695251465
-11.315041542053223
-11.314225196838379
-11.309182167053223
-11.309259414672852
-11.314257621765137
-11.310124397277832
-11.308553695678711
-11.301193237304688
-11.301742553710938
-11.297452926635742
-11.292980194091797
-11.296941757202148
-11.30013370513916
-11.299135208129883
-11.300847053527832
-11.303776741027832
-11.305055618286133
-11.310497283935547
-11.316634178161621
-11.310169219970703
-11.310844421386719
-11.309545516967773
-11.313325881958008
-11.300760269165039
-11.30687141418457
-11.307811737060547
-11.298633575439453
-11.300105094909668
-11.300240516662598
-11.300508499145508
-11.31190013885498
-11.313200950622559
-11.315686225891113
-11.312286376953125
-11.308504104614258
-11.303653717041016
-11.312750816345215
-11.31244945526123
-11.31555461883545
-11.309019088745117
-11.306089401245117
-11.310502052307129
-11.30984878540039
-11.3102388381958
-11.312775611877441
-11.316313743591309
-11.316729545593262
-11.312273979187012
-11.311603546142578
-11.315601348876953
-11.310737609863281
-11.306717872619629
-11.306778907775879
-11.312859535217285
-11.313237190246582
-11.31318473815918
-11.308956146240234
-11.311532020568848
-11.3062162399292
-11.31071949005127
-11.30853271484375
-11.308623313903809
-11.304512023925781
-11.299546241760254
-11.306451797485352
-11.304205894470215
-11.306516647338867
-11.309206008911133
-11.303142547607422
-11.306899070739746
-11.301895141601562
-11.30420970916748
-11.30402946472168
-11.304182052612305
-11.304207801818848
-11.302922248840332
-11.304910659790039
-11.305593490600586
-11.310148239135742
-11.306648254394531
-11.308381080627441
-11.308103561401367
-11.30819320678711
-11.311034202575684
-11.307241439819336
-11.300227165222168
-11.301126480102539
-11.29732894897461
-11.306059837341309
-11.301340103149414
-11.314360618591309
-11.309515953063965
-11.311765670776367
-11.308112144470215
-11.299614906311035
-11.285058975219727
-11.289100646972656
-11.287860870361328
-11.285355567932129
-11.292293548583984
-11.296258926391602
-11.306106567382812
-11.315738677978516
-11.310262680053711
-11.310343742370605
-11.306589126586914
-11.299863815307617
-11.299355506896973
-11.293811798095703
-11.298904418945312
-11.309295654296875
-11.306580543518066
-11.309042930603027
-11.292375564575195
-11.27251148223877
-11.256632804870605
-11.25835132598877
-11.275601387023926
-11.299549102783203
-11.309335708618164
-11.31218433380127
-11.310522079467773
-11.308485984802246
-11.302388191223145
-11.304303169250488
-11.305229187011719
-11.311763763427734
-11.313529968261719
-11.313020706176758
-11.309856414794922
-11.309826850891113
-11.30810546875
-11.303176879882812
-11.3016357421875
-11.306177139282227
-11.310892105102539
-11.311349868774414
-11.313837051391602
-11.315771102905273
-11.3145170211792
-11.314613342285156
-11.312284469604492
-11.312104225158691
-11.308070182800293
-11.304896354675293
-11.304378509521484
-11.303550720214844
-11.299378395080566
-11.299649238586426
-11.307450294494629
-11.303765296936035
-11.312843322753906
-11.309751510620117
-11.311328887939453
-11.313520431518555
-11.310465812683105
-11.314136505126953
-11.311736106872559
-11.309738159179688
-11.3139066696167
-11.312143325805664
-11.309538841247559
-11.308979034423828
-11.309003829956055
-11.313952445983887
-11.31698226928711
-11.31107234954834
-11.31375789642334
-11.315702438354492
-11.31799602508545
-11.3141450881958
-11.317172050476074
-11.311029434204102
-11.31408977508545
-11.314655303955078
-11.313535690307617
-11.311273574829102
-11.312493324279785
-11.317154884338379
-11.31548023223877
-11.314827919006348
-11.311622619628906
-11.314723014831543
-11.313905715942383
-11.309771537780762
-11.313560485839844
-11.31369686126709
-11.30960464477539
-11.305805206298828
-11.300495147705078
-11.30428409576416
-11.305550575256348
-11.302227020263672
-11.298138618469238
-11.30102825164795
-11.30113410949707
-11.301421165466309
-11.304208755493164
-11.311038970947266
-11.314297676086426
-11.307711601257324
-11.312318801879883
-11.314922332763672
-11.308647155761719
-11.313467025756836
-11.314990043640137
-11.310142517089844
-11.310502052307129
-11.305473327636719
-11.301679611206055
-11.305374145507812
-11.303291320800781
-11.302906036376953
-11.308379173278809
-11.308513641357422
-11.308534622192383
-11.303754806518555
-11.299875259399414
-11.305855751037598
-11.30893325805664
-11.31210994720459
-11.315743446350098
-11.31467342376709
-11.313051223754883
-11.308989524841309
-11.312317848205566
-11.306047439575195
-11.310704231262207
-11.311787605285645
-11.307503700256348
-11.308938980102539
-11.305439949035645
-11.308487892150879
-11.303033828735352
-11.298519134521484
-11.2899169921875
-11.291382789611816
-11.294632911682129
-11.297274589538574
-11.298576354980469
-11.30030632019043
-11.307424545288086
-11.312328338623047
-11.31515884399414
-11.312480926513672
-11.311761856079102
-11.310601234436035
-11.305291175842285
-11.298445701599121
-11.290360450744629
-11.284310340881348
-11.275339126586914
-11.28212833404541
-11.301183700561523
-11.307945251464844
-11.315645217895508
-11.310284614562988
-11.300342559814453
-11.276686668395996
-11.261350631713867
-11.265161514282227
-11.265420913696289
-11.28935432434082
-11.309174537658691
-11.312861442565918
-11.303943634033203
-11.29128360748291
-11.2889404296875
-11.290640830993652
-11.294605255126953
-11.299376487731934
-11.309282302856445
-11.31074047088623
-11.302785873413086
-11.285284042358398
-11.285791397094727
-11.283745765686035
-11.29710865020752
-11.306636810302734
-11.314078330993652
-11.311893463134766
-11.305670738220215
-11.305418968200684
-11.3069486618042
-11.312536239624023
-11.316088676452637
-11.312421798706055
-11.306777954101562
-11.302230834960938
-11.301164627075195
-11.306282997131348
-11.310937881469727
-11.31285572052002
-11.314879417419434
-11.313355445861816
-11.314616203308105
-11.31800365447998
-11.311328887939453
-11.31477165222168
-11.312532424926758
-11.312796592712402
-11.308152198791504
-11.309496879577637
-11.31341552734375
-11.319877624511719
-11.314878463745117
-11.314284324645996
-11.307480812072754
-11.305807113647461
-11.301045417785645
-11.305562973022461
-11.307280540466309
-11.314908981323242
-11.318280220031738
-11.312039375305176
-11.318939208984375
-11.311454772949219
-11.314456939697266
-11.314386367797852
-11.315752983093262
-11.30977725982666
-11.3172025680542
-11.31316089630127
-11.31212329864502
-11.315526008605957
-11.314584732055664
-11.314434051513672
-11.31657886505127
-11.312254905700684
-11.311800003051758
-11.31152057647705
-11.317726135253906
-11.310736656188965
-11.318208694458008
-11.312832832336426
-11.318849563598633
-11.316585540771484
-11.315939903259277
-11.311261177062988
-11.310402870178223
-11.314247131347656
-11.310774803161621
-11.318632125854492
-11.319452285766602
-11.31867504119873
-11.316252708435059
-11.312552452087402
-11.310928344726562
-11.31415843963623
-11.315927505493164
-11.313630104064941
-11.317130088806152
-11.315613746643066
-11.320245742797852
-11.320080757141113
-11.316072463989258
-11.308849334716797
-11.319131851196289
-11.315479278564453
-11.321212768554688
-11.316755294799805
-11.313103675842285
-11.317240715026855
-11.317429542541504
-11.320539474487305
-11.317618370056152
-11.312971115112305
-11.317667961120605
-11.309052467346191
-11.31001091003418
-11.314453125
-11.311930656433105
-11.311097145080566
-11.31516170501709
-11.314536094665527
-11.316315650939941
-11.30703353881836
-11.301630973815918
-11.304744720458984
-11.303240776062012
-11.302284240722656
-11.300756454467773
-11.304733276367188
-11.302515029907227
-11.309263229370117
-11.312446594238281
-11.31117057800293
-11.317831039428711
-11.312009811401367
-11.316217422485352
-11.314120292663574
-11.318717002868652
-11.301121711730957
-11.304776191711426
-11.291875839233398
-11.291640281677246
-11.294944763183594
-11.299461364746094
-11.295001983642578
-11.289241790771484
-11.290440559387207
-11.285136222839355
-11.299165725708008
-11.295544624328613
-11.29772663116455
-11.302061080932617
-11.307074546813965
-11.30652141571045
-11.30434799194336
-11.304397583007812
-11.302688598632812
-11.297368049621582
-11.312715530395508
-11.316314697265625
-11.311473846435547
-11.30457592010498
-11.300640106201172
-11.295876502990723
-11.290268898010254
-11.295894622802734
-11.310643196105957
-11.312370300292969
-11.314787864685059
-11.318849563598633
-11.314087867736816
-11.310970306396484
-11.305986404418945
-11.31567668914795
-11.316078186035156
-11.314435005187988
-11.31935977935791
-11.315401077270508
-11.31166934967041
-11.315752983093262
-11.31636905670166
-11.314722061157227
-11.313851356506348
-11.314188957214355
-11.315695762634277
-11.315604209899902
-11.318438529968262
-11.31490421295166
-11.313716888427734
-11.318642616271973
-11.317740440368652
-11.312183380126953
-11.313735961914062
-11.315412521362305
-11.31536865234375
-11.314228057861328
-11.320535659790039
-11.31605339050293
-11.312575340270996
-11.315531730651855
-11.314139366149902
-11.315032005310059
-11.313766479492188
-11.312089920043945
-11.312541007995605
-11.311758995056152
-11.312634468078613
-11.307828903198242
-11.305948257446289
-11.301210403442383
-11.308266639709473
-11.308236122131348
-11.30683422088623
-11.309045791625977
-11.311835289001465
-11.303138732910156
-11.303433418273926
-11.305048942565918
-11.310744285583496
-11.309418678283691
-11.313370704650879
-11.317743301391602
-11.310784339904785
-11.309216499328613
-11.3048095703125
-11.296926498413086
-11.302083969116211
-11.299044609069824
-11.300032615661621
-11.304120063781738
-11.302873611450195
-11.299363136291504
-11.292396545410156
-11.300909042358398
-11.294166564941406
-11.296792984008789
-11.295097351074219
-11.30440902709961
-11.315208435058594
-11.314386367797852
-11.313410758972168
-11.306354522705078
-11.303936004638672
-11.29206371307373
-11.290900230407715
-11.29665756225586
-11.306747436523438
-11.308897972106934
-11.315906524658203
-11.315240859985352
-11.310088157653809
-11.313511848449707
-11.310833930969238
-11.310750961303711
-11.310957908630371
-11.307043075561523
-11.310676574707031
-11.313910484313965
-11.311238288879395
-11.312202453613281
-11.31126880645752
-11.311681747436523
-11.31189250946045
-11.310023307800293
-11.307852745056152
-11.3074312210083
-11.312777519226074
-11.316513061523438
-11.317488670349121
-11.317481994628906
-11.3209867477417
-11.318304061889648
-11.309940338134766
-11.312219619750977
-11.310220718383789
-11.313355445861816
-11.317975044250488
-11.313478469848633
-11.30977725982666
-11.303215026855469
-11.303373336791992
-11.311332702636719
-11.307798385620117
-11.313139915466309
-11.31229305267334
-11.313532829284668
-11.32048225402832
-11.315092086791992
-11.312171936035156
-11.31251049041748
-11.31156063079834
-11.31182861328125
-11.302557945251465
-11.301141738891602
-11.305662155151367
-11.311279296875
-11.310676574707031
-11.314929962158203
-11.317069053649902
-11.319046020507812
-11.316761016845703
-11.316381454467773
-11.312955856323242
-11.31201457977295
-11.305249214172363
-11.3042573928833
-11.307594299316406
-11.309091567993164
-11.30792236328125
-11.310355186462402
-11.316126823425293
-11.314385414123535
-11.318081855773926
-11.321870803833008
-11.314188003540039
-11.31739330291748
-11.316193580627441
-11.317893028259277
-11.308511734008789
-11.308679580688477
-11.306230545043945
-11.307639122009277
-11.313750267028809
-11.30439281463623
-11.31201457977295
-11.314042091369629
-11.31232738494873
-11.31920337677002
-11.317986488342285
-11.31725025177002
-11.316629409790039
-11.314523696899414
-11.31454086303711
-11.314336776733398
-11.311928749084473
-11.314722061157227
-11.317766189575195
-11.316645622253418
-11.313603401184082
-11.317380905151367
-11.315592765808105
-11.316362380981445
-11.315442085266113
-11.313461303710938
-11.31828784942627
-11.317262649536133
-11.315254211425781
-11.317594528198242
-11.319586753845215
-11.3195219039917
-11.31816577911377
-11.319246292114258
-11.317227363586426
-11.321062088012695
-11.314990043640137
-11.317445755004883
-11.315445899963379
-11.321105003356934
-11.317976951599121
-11.315328598022461
-11.314476013183594
-11.320158004760742
-11.31678295135498
-11.320076942443848
-11.31928539276123
-11.316625595092773
-11.315359115600586
-11.31860637664795
-11.312339782714844
-11.313138008117676
-11.30508804321289
-11.304031372070312
-11.301162719726562
-11.287819862365723
-11.278508186340332
-11.285969734191895
-11.293169021606445
-11.290186882019043
-11.299246788024902
-11.306039810180664
-11.314828872680664
-11.31399917602539
-11.318808555603027
-11.320074081420898
-11.312762260437012
-11.3216552734375
-11.319482803344727
-11.316093444824219
-11.316731452941895
-11.312093734741211
-11.308369636535645
-11.293403625488281
-11.291901588439941
-11.289071083068848
-11.290417671203613
-11.294979095458984
-11.305468559265137
-11.311497688293457
-11.311509132385254
-11.312427520751953
-11.313170433044434
-11.318808555603027
-11.31789779663086
-11.31428337097168
-11.307499885559082
-11.30509090423584
-11.299124717712402
-11.296396255493164
-11.28573989868164
-11.285148620605469
-11.301434516906738
-11.306875228881836
-11.312332153320312
-11.315545082092285
-11.315410614013672
-11.312766075134277
-11.31930160522461
-11.314962387084961
-11.317280769348145
-11.316174507141113
-11.309149742126465
-11.312763214111328
-11.309682846069336
-11.313825607299805
-11.317482948303223
-11.31700325012207
-11.319830894470215
-11.314988136291504
-11.313971519470215
-11.312104225158691
-11.314005851745605
-11.312311172485352
-11.308629989624023
-11.311250686645508
-11.311979293823242
-11.3114013671875
-11.320125579833984
-11.318607330322266
-11.317259788513184
-11.318703651428223
-11.31667709350586
-11.306046485900879
-11.299071311950684
-11.302375793457031
-11.304837226867676
-11.306351661682129
-11.307003021240234
-11.309343338012695
-11.311797142028809
-11.316036224365234
-11.308355331420898
-11.31445598602295
-11.318563461303711
-11.304154396057129
-11.306266784667969
-11.313053131103516
-11.302675247192383
-11.301251411437988
-11.297952651977539
-11.297423362731934
-11.293006896972656
-11.297761917114258
-11.30012321472168
-11.312281608581543
-11.311566352844238
-11.318512916564941
-11.318681716918945
-11.316553115844727
-11.318596839904785
-11.319182395935059
-11.31259822845459
-11.3170166015625
-11.310246467590332
-11.312535285949707
-11.306245803833008
-11.303624153137207
-11.300185203552246
-11.311983108520508
-11.311073303222656
-11.319268226623535
-11.3208646774292
-11.316818237304688
-11.312897682189941
-11.307694435119629
-11.307655334472656
-11.304689407348633
-11.30293083190918
-11.306575775146484
-11.310081481933594
-11.314859390258789
-11.317193984985352
-11.32034969329834
-11.314207077026367
-11.317331314086914
-11.31885814666748
-11.32062816619873
-11.316933631896973
-11.315203666687012
-11.316619873046875
-11.305971145629883
-11.310542106628418
-11.305238723754883
-11.31131362915039
-11.313514709472656
-11.31521224975586
-11.31276798248291
-11.318334579467773
-11.315934181213379
-11.317667007446289
-11.316142082214355
-11.31733512878418
-11.320134162902832
-11.322163581848145
-11.314431190490723
-11.316824913024902
-11.316107749938965
-11.3089599609375
-11.308878898620605
-11.31850814819336
-11.319832801818848
-11.318154335021973
-11.317341804504395
-11.312243461608887
-11.31814193725586
-11.315384864807129
-11.321063995361328
-11.317682266235352
-11.317456245422363
-11.318244934082031
-11.316630363464355
-11.318628311157227
-11.310019493103027
-11.31594181060791
-11.312362670898438
-11.315951347351074
-11.311063766479492
-11.306140899658203
-11.298608779907227
-11.295536994934082
-11.29138469696045
-11.293034553527832
-11.304121017456055
-11.316019058227539
-11.313709259033203
-11.307015419006348
-11.303319931030273
-11.315199851989746
-11.318679809570312
-11.316697120666504
-11.316303253173828
-11.314554214477539
-11.309632301330566
-11.31295394897461
-11.311114311218262
-11.319640159606934
-11.316739082336426
-11.313247680664062
-11.30637264251709
-11.306280136108398
-11.311582565307617
-11.312013626098633
-11.316039085388184
-11.320261001586914
-11.317375183105469
-11.315445899963379
-11.31507682800293
-11.305648803710938
-11.302449226379395
-11.299186706542969
-11.306373596191406
-11.300317764282227
-11.313042640686035
-11.314513206481934
-11.317395210266113
-11.317721366882324
-11.313498497009277
-11.317863464355469
-11.321630477905273
-11.317098617553711
-11.307170867919922
-11.299219131469727
-11.294487953186035
-11.293688774108887
-11.308183670043945
-11.31804370880127
-11.317696571350098
-11.299964904785156
-11.269232749938965
-11.2609281539917
-11.26899242401123
-11.296377182006836
-11.3112154006958
-11.316683769226074
-11.312108993530273
-11.28597640991211
-11.254451751708984
-11.25144100189209
-11.282591819763184
-11.311413764953613
-11.316567420959473
-11.297889709472656
-11.281253814697266
-11.27145767211914
-11.282918930053711
-11.30710220336914
-11.315037727355957
-11.316187858581543
-11.3130521774292
-11.3160982131958
-11.315160751342773
-11.318095207214355
-11.320773124694824
-11.316642761230469
-11.32038688659668
-11.3165864944458
-11.311116218566895
-11.318623542785645
-11.31705379486084
-11.316573143005371
-11.32050895690918
-11.32122802734375
-11.316761016845703
-11.323782920837402
-11.319906234741211
-11.318191528320312
-11.321887016296387
-11.320737838745117
-11.320388793945312
-11.3184814453125
-11.319912910461426
-11.316339492797852
-11.317906379699707
-11.31450366973877
-11.318377494812012
-11.314165115356445
-11.313051223754883
