loss_u
-4.466950416564941
-4.4872331619262695
-4.566799640655518
-4.6414361000061035
-4.593393802642822
-4.600305080413818
-4.672994613647461
-4.604501247406006
-4.623567581176758
-4.636938571929932
-4.60203218460083
-4.706878662109375
-4.650629997253418
-4.605951309204102
-4.6541876792907715
-4.717367649078369
-4.730202674865723
-4.720576763153076
-4.761909484863281
-4.811914920806885
-4.783157825469971
-4.9072771072387695
-4.810939311981201
-4.878354549407959
-4.869109630584717
-4.931941032409668
-4.945728302001953
-4.960829257965088
-4.9004411697387695
-4.974494934082031
-4.997243404388428
-5.089848041534424
-5.063442707061768
-5.1259589195251465
-5.1224212646484375
-5.294775009155273
-5.299367427825928
-5.256338119506836
-5.30668830871582
-5.2855072021484375
-5.360592365264893
-5.375354766845703
-5.424715518951416
-5.450186252593994
-5.429563522338867
-5.5475287437438965
-5.4252166748046875
-5.4817633628845215
-5.463496685028076
-5.445826530456543
-5.481281757354736
-5.479126930236816
-5.5099616050720215
-5.5115966796875
-5.55147123336792
-5.508899688720703
-5.578548431396484
-5.542929172515869
-5.5912346839904785
-5.633670330047607
-5.601534366607666
-5.632050037384033
-5.639585018157959
-5.617900848388672
-5.591609954833984
-5.666880130767822
-5.650674343109131
-5.683731555938721
-5.7334675788879395
-5.7433576583862305
-5.631828784942627
-5.734487533569336
-5.724729537963867
-5.781420707702637
-5.724029541015625
-5.786843299865723
-5.699023246765137
-5.85175895690918
-5.788973331451416
-5.780004024505615
-5.813833236694336
-5.831031322479248
-5.931820392608643
-5.8452630043029785
-5.960312843322754
-5.959196090698242
-5.923111915588379
-5.977854251861572
-5.9975409507751465
-6.0578932762146
-6.160153388977051
-6.153650283813477
-6.095409393310547
-6.254006862640381
-6.269315242767334
-6.350834369659424
-6.415319919586182
-6.402566909790039
-6.400735378265381
-6.625018119812012
-6.636329650878906
-6.69091272354126
-6.714040756225586
-6.857351303100586
-6.793831825256348
-6.936945915222168
-7.091646671295166
-7.060194492340088
-7.182361125946045
-7.48290491104126
-7.392795562744141
-7.639182090759277
-7.540704250335693
-7.59425163269043
-7.488473415374756
-7.675027370452881
-7.58278226852417
-7.469532489776611
-7.597316265106201
-7.786142349243164
-7.699151992797852
-7.882378578186035
-7.849392890930176
-7.887911796569824
-8.083340644836426
-8.095474243164062
-8.188282012939453
-8.10496711730957
-8.138101577758789
-8.191546440124512
-8.191546440124512
-8.09549331665039
-8.294560432434082
-8.296370506286621
-8.244534492492676
-8.32721996307373
-8.525053977966309
-8.44788932800293
-8.435927391052246
-8.539420127868652
-8.651996612548828
-8.54151439666748
-8.586047172546387
-8.62939739227295
-8.740962982177734
-8.787696838378906
-8.800047874450684
-8.736061096191406
-8.758723258972168
-8.78542709350586
-8.793692588806152
-8.800969123840332
-8.676214218139648
-8.812039375305176
-8.988369941711426
-8.542974472045898
-8.824938774108887
-8.942523002624512
-8.715995788574219
-9.010184288024902
-9.048301696777344
-8.943097114562988
-8.929895401000977
-9.035847663879395
-8.869089126586914
-9.168844223022461
-9.167816162109375
-8.98306655883789
-9.117952346801758
-9.09143352508545
-9.080504417419434
-9.188904762268066
-9.111145973205566
-9.170660972595215
-9.216472625732422
-9.24156665802002
-9.335256576538086
-9.244620323181152
-9.276659965515137
-9.21109390258789
-9.27258586883545
-9.295601844787598
-9.35682487487793
-9.32588005065918
-9.381978988647461
-9.322620391845703
-9.389022827148438
-9.410493850708008
-9.39685344696045
-9.265315055847168
-9.453875541687012
-9.333856582641602
-9.323469161987305
-9.233529090881348
-9.364981651306152
-9.47262191772461
-9.415661811828613
-9.441469192504883
-9.412418365478516
-9.469502449035645
-9.47335433959961
-9.529191970825195
-9.47266674041748
-9.540746688842773
-9.461562156677246
-9.52214241027832
-9.560837745666504
-9.462030410766602
-9.560356140136719
-9.52045726776123
-9.471139907836914
-9.521178245544434
-9.57063102722168
-9.577460289001465
-9.469230651855469
-9.685647010803223
-9.596054077148438
-9.540083885192871
-9.668462753295898
-9.630878448486328
-9.527600288391113
-9.645482063293457
-9.595390319824219
-9.569745063781738
-9.703573226928711
-9.717577934265137
-9.772285461425781
-9.639457702636719
-9.674542427062988
-9.697623252868652
-9.63848876953125
-9.648045539855957
-9.743428230285645
-9.79434585571289
-9.735475540161133
-9.761741638183594
-9.768696784973145
-9.643173217773438
-9.611063003540039
-9.475489616394043
-9.756965637207031
-9.705235481262207
-9.71013355255127
-9.664694786071777
-9.6211519241333
-9.783830642700195
-9.745935440063477
-9.880804061889648
-9.569036483764648
-9.840072631835938
-9.83828353881836
-9.82154369354248
-9.856306076049805
-9.866153717041016
-9.78373908996582
-9.880924224853516
-9.770235061645508
-9.932836532592773
-9.83873176574707
-9.783592224121094
-9.839820861816406
-9.801675796508789
-9.826470375061035
-9.795106887817383
-9.92692756652832
-9.885904312133789
-9.875743865966797
-9.874611854553223
-10.001204490661621
-9.852469444274902
-9.998943328857422
-9.985207557678223
-9.978785514831543
-9.942022323608398
-9.851435661315918
-9.968671798706055
-9.777186393737793
-10.09650993347168
-9.86305046081543
-10.028396606445312
-9.980490684509277
-9.92036247253418
-10.016410827636719
-9.983365058898926
-9.993825912475586
-9.949747085571289
-9.988778114318848
-9.994928359985352
-9.966690063476562
-9.787199974060059
-10.08739948272705
-9.926678657531738
-10.100497245788574
-9.914326667785645
-10.099746704101562
-9.979960441589355
-9.994034767150879
-10.051461219787598
-10.116087913513184
-10.028311729431152
-10.058696746826172
-10.006958961486816
-10.076345443725586
-10.02930736541748
-10.072102546691895
-10.159683227539062
-10.008209228515625
-10.127030372619629
-9.991446495056152
-10.155637741088867
-9.949419975280762
-9.985368728637695
-9.827662467956543
-10.008255004882812
-10.058497428894043
-10.035674095153809
-10.111620903015137
-9.993799209594727
-10.1973876953125
-9.986889839172363
-10.202308654785156
-10.002685546875
-9.81539249420166
-10.233193397521973
-10.035459518432617
-10.170963287353516
-10.060689926147461
-10.11224365234375
-10.050647735595703
-10.123550415039062
-10.158136367797852
-10.125226020812988
-10.300853729248047
-10.14377498626709
-10.23965072631836
-10.30339527130127
-10.217823028564453
-10.25769329071045
-10.051782608032227
-10.290131568908691
-10.228158950805664
-10.166424751281738
-10.301156997680664
-10.226466178894043
-10.279946327209473
-10.218045234680176
-10.157804489135742
-10.238344192504883
-10.27786636352539
-10.277962684631348
-10.257518768310547
-10.206509590148926
-10.30478286743164
-10.222607612609863
-10.254979133605957
-10.341862678527832
-10.232634544372559
-10.265015602111816
-10.299155235290527
-10.27125358581543
-10.301103591918945
-10.248844146728516
-10.306086540222168
-10.408589363098145
-10.347404479980469
-10.334418296813965
-10.239617347717285
-10.333375930786133
-10.333532333374023
-10.292055130004883
-10.38248062133789
-10.323044776916504
-10.283072471618652
-10.352052688598633
-10.338598251342773
-10.307914733886719
-10.327600479125977
-10.337321281433105
-10.338282585144043
-10.196324348449707
-10.390557289123535
-10.386234283447266
-10.421387672424316
-10.311717987060547
-10.424882888793945
-10.301566123962402
-10.39333724975586
-10.31972599029541
-10.391193389892578
-10.239361763000488
-10.422109603881836
-10.418919563293457
-10.361553192138672
-10.201577186584473
-10.423587799072266
-10.216946601867676
-10.363598823547363
-10.268425941467285
-10.355422973632812
-10.15757942199707
-10.287266731262207
-10.368598937988281
-10.094663619995117
-10.437363624572754
-10.267515182495117
-10.465880393981934
-10.3134126663208
-10.351920127868652
-10.435970306396484
-10.250752449035645
-10.418292045593262
-10.389897346496582
-10.464322090148926
-10.361605644226074
-10.395031929016113
-10.370536804199219
-10.587879180908203
-10.425521850585938
-10.597906112670898
-10.4097261428833
-10.459603309631348
-10.420639038085938
-10.483912467956543
-10.472844123840332
-10.493693351745605
-10.474797248840332
-10.53018569946289
-10.414054870605469
-10.478047370910645
-10.482460975646973
-10.447921752929688
-10.573046684265137
-10.467839241027832
-10.503399848937988
-10.504507064819336
-10.436578750610352
-10.497447967529297
-10.442512512207031
-10.539050102233887
-10.45177936553955
-10.547765731811523
-10.521493911743164
-10.483068466186523
-10.553546905517578
-10.511690139770508
-10.530797004699707
-10.472384452819824
-10.52419662475586
-10.52783203125
-10.570876121520996
-10.571916580200195
-10.483055114746094
-10.528181076049805
-10.56757926940918
-10.597241401672363
-10.521384239196777
-10.577706336975098
-10.627386093139648
-10.508517265319824
-10.592657089233398
-10.622906684875488
-10.58102035522461
-10.585460662841797
-10.590106964111328
-10.59141731262207
-10.631937980651855
-10.612319946289062
-10.591631889343262
-10.604032516479492
-10.614333152770996
-10.597667694091797
-10.584580421447754
-10.605679512023926
-10.641579627990723
-10.604331970214844
-10.586531639099121
-10.522635459899902
-10.571967124938965
-10.567564964294434
-10.609549522399902
-10.625624656677246
-10.618026733398438
-10.562469482421875
-10.638042449951172
-10.543683052062988
-10.532885551452637
-10.556975364685059
-10.57180118560791
-10.66569995880127
-10.663531303405762
-10.66990852355957
-10.609148979187012
-10.669797897338867
-10.65636920928955
-10.695516586303711
-10.603330612182617
-10.658502578735352
-10.674362182617188
-10.635101318359375
-10.654265403747559
-10.628883361816406
-10.605538368225098
-10.683318138122559
-10.63537311553955
-10.679607391357422
-10.595086097717285
-10.691556930541992
-10.568472862243652
-10.61136531829834
-10.585359573364258
-10.635381698608398
-10.663336753845215
-10.659488677978516
-10.604222297668457
-10.708145141601562
-10.622769355773926
-10.621285438537598
-10.741412162780762
-10.627819061279297
-10.676478385925293
-10.582763671875
-10.597840309143066
-10.641372680664062
-10.617671012878418
-10.596412658691406
-10.705606460571289
-10.734118461608887
-10.656497955322266
-10.72370433807373
-10.58165168762207
-10.701889991760254
-10.60545825958252
-10.726852416992188
-10.684067726135254
-10.648201942443848
-10.722931861877441
-10.70414924621582
-10.684454917907715
-10.666556358337402
-10.695019721984863
-10.702421188354492
-10.758942604064941
-10.663678169250488
-10.74245834350586
-10.725814819335938
-10.65320110321045
-10.738922119140625
-10.759636878967285
-10.668821334838867
-10.704635620117188
-10.748559951782227
-10.681157112121582
-10.660805702209473
-10.676068305969238
-10.65189266204834
-10.785888671875
-10.753758430480957
-10.735149383544922
-10.771343231201172
-10.692035675048828
-10.702313423156738
-10.65912914276123
-10.74199390411377
-10.742208480834961
-10.743833541870117
-10.822501182556152
-10.768025398254395
-10.75805950164795
-10.753145217895508
-10.746987342834473
-10.756182670593262
-10.744559288024902
-10.786884307861328
-10.773468971252441
-10.7882080078125
-10.775915145874023
-10.807153701782227
-10.748457908630371
-10.779783248901367
-10.758197784423828
-10.708551406860352
-10.840147972106934
-10.800189971923828
-10.829042434692383
-10.849899291992188
-10.718365669250488
-10.782169342041016
-10.797285079956055
-10.757370948791504
-10.826854705810547
-10.779805183410645
-10.869492530822754
-10.734031677246094
-10.773273468017578
-10.76048755645752
-10.740084648132324
-10.788703918457031
-10.792145729064941
-10.771489143371582
-10.842267036437988
-10.754870414733887
-10.838835716247559
-10.755934715270996
-10.798699378967285
-10.880714416503906
-10.801042556762695
-10.791526794433594
-10.824518203735352
-10.776299476623535
-10.79246711730957
-10.874677658081055
-10.817731857299805
-10.789286613464355
-10.781341552734375
-10.818354606628418
-10.834403038024902
-10.810142517089844
-10.843552589416504
-10.839899063110352
-10.79881477355957
-10.798864364624023
-10.852967262268066
-10.802753448486328
-10.827655792236328
-10.812277793884277
-10.772478103637695
-10.792454719543457
-10.812474250793457
-10.845734596252441
-10.80686092376709
-10.850977897644043
-10.867977142333984
-10.809081077575684
-10.827804565429688
-10.871938705444336
-10.835636138916016
-10.778675079345703
-10.879390716552734
-10.88476276397705
-10.804323196411133
-10.778145790100098
-10.819332122802734
-10.819647789001465
-10.800799369812012
-10.862215042114258
-10.834636688232422
-10.814476013183594
-10.85506820678711
-10.7800874710083
-10.847750663757324
-10.878594398498535
-10.795333862304688
-10.855292320251465
-10.875015258789062
-10.86490535736084
-10.910175323486328
-10.892934799194336
-10.89934253692627
-10.819561958312988
-10.833052635192871
-10.865492820739746
-10.850139617919922
-10.872828483581543
-10.871816635131836
-10.875652313232422
-10.837575912475586
-10.933247566223145
-10.855813980102539
-10.86181354522705
-10.906607627868652
-10.885025978088379
-10.91342544555664
-10.869075775146484
-10.868392944335938
-10.864660263061523
-10.855144500732422
-10.864500045776367
-10.843194007873535
-10.89179801940918
-10.934517860412598
-10.882765769958496
-10.882827758789062
-10.913503646850586
-10.884214401245117
-10.884530067443848
-10.90266227722168
-10.886072158813477
-10.889729499816895
-10.932123184204102
-10.896528244018555
-10.84205436706543
-10.892132759094238
-10.948784828186035
-10.853107452392578
-10.866341590881348
-10.934337615966797
-10.943819999694824
-10.888052940368652
-10.913983345031738
-10.916341781616211
-10.883491516113281
-10.893331527709961
-10.870551109313965
-10.930681228637695
-10.900830268859863
-10.968119621276855
-10.939413070678711
-10.898221015930176
-10.94168472290039
-10.900664329528809
-10.896711349487305
-10.902734756469727
-10.927593231201172
-10.986879348754883
-10.937627792358398
-10.898298263549805
-10.939567565917969
-10.929649353027344
-10.901270866394043
-10.956083297729492
-10.932417869567871
-10.927632331848145
-10.965580940246582
-10.969139099121094
-10.939181327819824
-10.881246566772461
-10.90549087524414
-10.920130729675293
-10.937365531921387
-10.943305969238281
-10.925383567810059
-10.91929817199707
-10.939105987548828
-10.93887710571289
-10.964203834533691
-10.938894271850586
-10.91508674621582
-10.954501152038574
-10.952795028686523
-10.958358764648438
-10.973895072937012
-10.895162582397461
-10.909664154052734
-10.97633171081543
-10.940082550048828
-10.896018028259277
-10.947747230529785
-10.90442943572998
-10.951404571533203
-10.950801849365234
-10.961381912231445
-10.934974670410156
-10.996370315551758
-10.935396194458008
-10.989092826843262
-10.904370307922363
-10.932458877563477
-10.97777271270752
-10.946917533874512
-11.007960319519043
-10.945676803588867
-10.947976112365723
-10.943479537963867
-10.967979431152344
-10.947845458984375
-10.973316192626953
-10.908672332763672
-10.97105884552002
-10.966720581054688
-10.962106704711914
-10.963277816772461
-10.96660327911377
-10.965208053588867
-11.035745620727539
-10.9464693069458
-10.950823783874512
-10.98643684387207
-10.980539321899414
-10.983407974243164
-10.959662437438965
-10.944969177246094
-10.995614051818848
-11.033015251159668
-11.004598617553711
-10.989777565002441
-11.006231307983398
-10.998221397399902
-10.964597702026367
-10.957780838012695
-10.913609504699707
-10.970085144042969
-10.964665412902832
-10.969295501708984
-11.01673698425293
-11.00887680053711
-11.002681732177734
-10.967832565307617
-11.009099006652832
-11.011899948120117
-10.983953475952148
-10.997698783874512
-11.017380714416504
-11.006678581237793
-10.960461616516113
-10.99141788482666
-11.013011932373047
-11.007780075073242
-11.024846076965332
-10.988122940063477
-10.987621307373047
-11.017110824584961
-10.968546867370605
-10.928791999816895
-11.006733894348145
-11.014045715332031
-10.999723434448242
-11.007447242736816
-10.96597671508789
-11.005199432373047
-11.002019882202148
-11.002533912658691
-11.003847122192383
-10.995506286621094
-10.969240188598633
-11.01988697052002
-10.977294921875
-10.981990814208984
-11.046966552734375
-10.980287551879883
-11.003365516662598
-10.990942001342773
-10.98764705657959
-11.007277488708496
-10.981664657592773
-11.017485618591309
-10.988981246948242
-11.011634826660156
-11.014135360717773
-11.007917404174805
-10.969430923461914
-10.955774307250977
-10.944738388061523
-11.000823974609375
-10.971269607543945
-10.978721618652344
-11.006174087524414
-10.967389106750488
-10.987998008728027
-10.990452766418457
-11.025530815124512
-11.005830764770508
-11.025250434875488
-11.049439430236816
-10.985804557800293
-11.002635955810547
-11.00816535949707
-11.052225112915039
-11.031826972961426
-10.996685981750488
-11.002978324890137
-11.012072563171387
-11.028426170349121
-10.973050117492676
-11.042359352111816
-11.025585174560547
-11.050690650939941
-11.002945899963379
-11.006057739257812
-11.028543472290039
-11.048640251159668
-10.960891723632812
-11.031083106994629
-11.004059791564941
-11.02560043334961
-11.033233642578125
-10.985074996948242
-10.99730110168457
-11.01810359954834
-11.04546070098877
-11.024027824401855
-11.023399353027344
-11.000310897827148
-11.042326927185059
-11.05199909210205
-11.020220756530762
-11.036591529846191
-10.99724292755127
-11.001591682434082
-11.034214973449707
-11.054319381713867
-11.047630310058594
-11.051546096801758
-11.02021598815918
-10.992599487304688
-11.019309043884277
-11.047124862670898
-11.074909210205078
-11.093047142028809
-11.064041137695312
-11.027851104736328
-11.03388500213623
-11.054437637329102
-11.051583290100098
-11.059884071350098
-11.038177490234375
-11.085554122924805
-11.028708457946777
-11.042400360107422
-11.095610618591309
-11.039252281188965
-11.054647445678711
-11.069091796875
-11.027443885803223
-10.993343353271484
-11.079045295715332
-11.06191635131836
-11.043155670166016
-11.055276870727539
-11.03567123413086
-11.027372360229492
-11.056721687316895
-11.070069313049316
-11.03769302368164
-11.000895500183105
-11.061610221862793
-11.105642318725586
-11.104034423828125
-11.060237884521484
-11.0299654006958
-11.055255889892578
-11.050307273864746
-11.053973197937012
-11.04162883758545
-11.031109809875488
-11.07205867767334
-11.010819435119629
-11.051589012145996
-11.055952072143555
-11.040085792541504
-11.061345100402832
-11.035688400268555
-11.064987182617188
-11.08089542388916
-11.073036193847656
-11.042634963989258
-11.038311958312988
-11.08670425415039
-11.107237815856934
-11.035290718078613
-11.072277069091797
-11.079007148742676
-11.066401481628418
-11.082289695739746
-11.088017463684082
-11.108723640441895
-11.08517074584961
-11.091766357421875
-11.05716323852539
-11.06381607055664
-11.11323356628418
-11.103620529174805
-11.097524642944336
-11.102498054504395
-11.123619079589844
-11.09064769744873
-11.108604431152344
-11.110437393188477
-11.051780700683594
-11.109745025634766
-11.09189510345459
-11.116755485534668
-11.095083236694336
-11.066985130310059
-11.028082847595215
-11.009404182434082
-11.075345993041992
-11.058682441711426
-11.085247039794922
-11.026406288146973
-11.081507682800293
-11.076461791992188
-11.066372871398926
-11.107150077819824
-11.07203197479248
-10.948026657104492
-11.022038459777832
-11.088539123535156
-11.087096214294434
-11.048666000366211
-11.00162124633789
-11.030535697937012
-11.08288860321045
-11.066682815551758
-11.032143592834473
-11.027504920959473
-11.044856071472168
-11.066145896911621
-11.116082191467285
-11.048361778259277
-11.063264846801758
-11.04379940032959
-11.038508415222168
-11.103188514709473
-11.105186462402344
-11.073077201843262
-11.092888832092285
-11.089410781860352
-11.069451332092285
-11.116172790527344
-11.08631420135498
-11.125640869140625
-11.120651245117188
-11.09268569946289
-11.12351131439209
-11.113323211669922
-11.077972412109375
-11.087858200073242
-11.078476905822754
-11.103273391723633
-11.092747688293457
-11.105640411376953
-11.104653358459473
-11.075196266174316
-11.101312637329102
-11.11581802368164
-11.131321907043457
-11.096378326416016
-11.100598335266113
-11.1043062210083
-11.114426612854004
-11.08560848236084
-11.127367973327637
-11.117712020874023
-11.102952003479004
-11.136186599731445
-11.136974334716797
-11.138727188110352
-11.113454818725586
-11.125670433044434
-11.143478393554688
-11.098837852478027
-11.13253116607666
-11.118439674377441
-11.079987525939941
-11.112685203552246
-11.117249488830566
-11.131104469299316
-11.126627922058105
-11.131209373474121
-11.105061531066895
-11.10865306854248
-11.13590145111084
-11.124092102050781
-11.073110580444336
-11.097655296325684
-11.113525390625
-11.094426155090332
-11.124427795410156
-11.104758262634277
-11.134139060974121
-11.1297607421875
-11.174140930175781
-11.132843971252441
-11.105064392089844
-11.095924377441406
-11.153022766113281
-11.129101753234863
-11.121809959411621
-11.122221946716309
-11.134480476379395
-11.116392135620117
-11.078808784484863
-11.091887474060059
-11.058663368225098
-11.082784652709961
-11.12951946258545
-11.108981132507324
-11.134215354919434
-11.153780937194824
-11.082441329956055
-11.118505477905273
-11.0748872756958
-11.095118522644043
-11.112730026245117
-11.135936737060547
-11.136996269226074
-11.113602638244629
-11.160717964172363
-11.161500930786133
-11.175236701965332
-11.130818367004395
-11.13757038116455
-11.145018577575684
-11.15691089630127
-11.160115242004395
-11.155442237854004
-11.116291046142578
-11.152779579162598
-11.146062850952148
-11.144335746765137
-11.154936790466309
-11.134552955627441
-11.137491226196289
-11.102421760559082
-11.154122352600098
-11.121224403381348
-11.135384559631348
-11.140650749206543
-11.122302055358887
-11.123034477233887
-11.081618309020996
-11.09743595123291
-11.12022590637207
-11.118877410888672
-11.15814208984375
-11.140961647033691
-11.14764404296875
-11.153264999389648
-11.139737129211426
-11.139249801635742
-11.144679069519043
-11.136164665222168
-11.145112037658691
-11.094306945800781
-11.071779251098633
-11.115848541259766
-11.154589653015137
-11.161759376525879
-11.116179466247559
-11.15676212310791
-11.152020454406738
-11.124347686767578
-11.155426979064941
-11.151509284973145
-11.139872550964355
-11.14953899383545
-11.13573932647705
-11.138725280761719
-11.101800918579102
-11.100571632385254
-11.142248153686523
-11.165501594543457
-11.181851387023926
-11.171090126037598
-11.157183647155762
-11.189380645751953
-11.152865409851074
-11.159371376037598
-11.131414413452148
-11.156137466430664
-11.163089752197266
-11.13158130645752
-11.129005432128906
-11.13994026184082
-11.123869895935059
-11.152403831481934
-11.161466598510742
-11.177623748779297
-11.11999797821045
-11.090194702148438
-11.08951187133789
-11.124817848205566
-11.150774955749512
-11.172926902770996
-11.153085708618164
-11.18939208984375
-11.200797080993652
-11.149687767028809
-11.146322250366211
-11.198710441589355
-11.189361572265625
-11.175457000732422
-11.174945831298828
-11.180960655212402
-11.153005599975586
-11.162211418151855
-11.171089172363281
-11.177221298217773
-11.154601097106934
-11.169851303100586
-11.17127513885498
-11.188163757324219
-11.153116226196289
-11.112616539001465
-11.121460914611816
-11.125948905944824
-11.142187118530273
-11.186501502990723
-11.190333366394043
-11.17645263671875
-11.161946296691895
-11.159496307373047
-11.175793647766113
-11.147185325622559
-11.118902206420898
-11.120978355407715
-11.155080795288086
-11.151826858520508
-11.16224479675293
-11.178646087646484
-11.189652442932129
-11.186124801635742
-11.172845840454102
-11.149893760681152
-11.149466514587402
-11.129070281982422
-11.11646556854248
-11.194673538208008
-11.17907428741455
-11.179758071899414
-11.180578231811523
-11.150236129760742
-11.122821807861328
-11.121125221252441
-11.141639709472656
-11.149850845336914
-11.158760070800781
-11.193800926208496
-11.165721893310547
-11.130753517150879
-11.08148193359375
-11.144436836242676
-11.184224128723145
-11.200084686279297
-11.195977210998535
-11.200981140136719
-11.200933456420898
-11.17061710357666
-11.17098331451416
-11.172218322753906
-11.16529655456543
-11.142454147338867
-11.155250549316406
-11.1788911819458
-11.186005592346191
-11.16933822631836
-11.19303035736084
-11.160402297973633
-11.134248733520508
-11.156895637512207
-11.1756591796875
-11.182400703430176
-11.192384719848633
-11.180830001831055
-11.200319290161133
-11.177314758300781
-11.167627334594727
-11.183487892150879
-11.193133354187012
-11.179169654846191
-11.203742980957031
-11.217782020568848
-11.194945335388184
-11.176494598388672
-11.173012733459473
-11.147727012634277
-11.18892765045166
-11.218422889709473
-11.187314987182617
-11.194018363952637
-11.182807922363281
-11.193524360656738
-11.164514541625977
-11.16032886505127
-11.194819450378418
-11.21877670288086
-11.190232276916504
-11.192745208740234
-11.205904006958008
-11.189696311950684
-11.195770263671875
-11.208747863769531
-11.229401588439941
-11.192998886108398
-11.193329811096191
-11.174954414367676
-11.216248512268066
-11.197525024414062
-11.201883316040039
-11.196475982666016
-11.20962905883789
-11.186644554138184
-11.190232276916504
-11.194022178649902
-11.183640480041504
-11.218474388122559
-11.180323600769043
-11.216249465942383
-11.217560768127441
-11.200066566467285
-11.1742525100708
-11.198186874389648
-11.197182655334473
-11.1791410446167
-11.155132293701172
-11.154093742370605
-11.170866966247559
-11.232476234436035
-11.212696075439453
-11.240074157714844
-11.199148178100586
-11.197548866271973
-11.155075073242188
-11.150577545166016
-11.161077499389648
-11.21233081817627
-11.196707725524902
-11.185501098632812
-11.108054161071777
-11.123559951782227
-11.186078071594238
-11.18783950805664
-11.162915229797363
-11.120133399963379
-11.101229667663574
-11.201018333435059
-11.181147575378418
-11.115219116210938
-11.118831634521484
-11.175789833068848
-11.212485313415527
-11.190628051757812
-11.138919830322266
-11.148106575012207
-11.15906810760498
-11.200879096984863
-11.218658447265625
-11.188040733337402
-11.169232368469238
-11.141382217407227
-11.213664054870605
-11.214900016784668
-11.21248722076416
-11.162542343139648
-11.186005592346191
-11.201294898986816
-11.220536231994629
-11.235335350036621
-11.23392105102539
-11.240887641906738
-11.221449851989746
-11.181235313415527
-11.219913482666016
-11.20118522644043
-11.202276229858398
-11.23342514038086
-11.237784385681152
-11.204877853393555
-11.190088272094727
-11.194954872131348
-11.224534034729004
-11.228022575378418
-11.237554550170898
-11.211775779724121
-11.219371795654297
-11.242851257324219
-11.19864273071289
-11.235311508178711
-11.235279083251953
-11.217490196228027
-11.198309898376465
-11.186692237854004
-11.203096389770508
-11.246198654174805
-11.199649810791016
-11.234843254089355
-11.221799850463867
-11.198904991149902
-11.195563316345215
-11.1939115524292
-11.253546714782715
-11.209344863891602
-11.196943283081055
-11.193486213684082
-11.190444946289062
-11.20096206665039
-11.247576713562012
-11.245341300964355
-11.230181694030762
-11.203828811645508
-11.189058303833008
-11.210105895996094
-11.210693359375
-11.22779369354248
-11.238204956054688
-11.240557670593262
-11.228653907775879
-11.244391441345215
-11.211962699890137
-11.245389938354492
-11.23514461517334
-11.237664222717285
-11.2312650680542
-11.212430953979492
-11.198875427246094
-11.261370658874512
-11.230774879455566
-11.264669418334961
-11.246906280517578
-11.199148178100586
-11.205154418945312
-11.214349746704102
-11.233752250671387
-11.234107971191406
-11.240915298461914
-11.220802307128906
-11.231823921203613
-11.229650497436523
-11.224745750427246
-11.230562210083008
-11.22417163848877
-11.234478950500488
-11.250508308410645
-11.229029655456543
-11.238031387329102
-11.260513305664062
-11.261126518249512
-11.247300148010254
-11.219015121459961
-11.253880500793457
-11.264179229736328
-11.248414039611816
-11.242667198181152
-11.264890670776367
-11.242937088012695
-11.258580207824707
-11.25944995880127
-11.224200248718262
-11.244542121887207
-11.234312057495117
-11.26037311553955
-11.236498832702637
-11.230252265930176
-11.247659683227539
-11.226824760437012
-11.239079475402832
-11.243535995483398
-11.233864784240723
-11.223458290100098
-11.212186813354492
-11.25092887878418
-11.243997573852539
-11.243817329406738
-11.225788116455078
-11.241377830505371
-11.236005783081055
-11.239623069763184
-11.236966133117676
-11.235879898071289
-11.239578247070312
-11.249778747558594
-11.215991973876953
-11.229264259338379
-11.231926918029785
-11.233734130859375
-11.235989570617676
-11.243307113647461
-11.244834899902344
-11.222737312316895
-11.197456359863281
-11.240128517150879
-11.247237205505371
-11.25794792175293
-11.246429443359375
-11.21304702758789
-11.177587509155273
-11.212061882019043
-11.221561431884766
-11.241398811340332
-11.251397132873535
-11.254796028137207
-11.239167213439941
-11.182730674743652
-11.201349258422852
-11.218770027160645
-11.239981651306152
-11.25534725189209
-11.241926193237305
-11.21548843383789
-11.212160110473633
-11.213037490844727
-11.247176170349121
-11.26323413848877
-11.238046646118164
-11.243053436279297
-11.248739242553711
-11.226675987243652
-11.23459529876709
-11.207036018371582
-11.206290245056152
-11.238163948059082
-11.231047630310059
-11.279169082641602
-11.257672309875488
-11.271247863769531
-11.258843421936035
-11.259726524353027
-11.257333755493164
-11.229785919189453
-11.220290184020996
-11.232837677001953
-11.249068260192871
-11.267606735229492
-11.260668754577637
-11.244317054748535
-11.275036811828613
-11.265973091125488
-11.264608383178711
-11.261557579040527
-11.258673667907715
-11.25922679901123
-11.249588966369629
-11.21501350402832
-11.232237815856934
-11.232550621032715
-11.253804206848145
-11.248879432678223
-11.255062103271484
-11.248881340026855
-11.278441429138184
-11.243734359741211
-11.26583480834961
-11.252224922180176
-11.253694534301758
-11.240534782409668
-11.22831916809082
-11.217955589294434
-11.230060577392578
-11.257590293884277
-11.258068084716797
-11.264124870300293
-11.23433780670166
-11.241157531738281
-11.22072696685791
-11.256877899169922
-11.259773254394531
-11.243024826049805
-11.244234085083008
-11.225893020629883
-11.225873947143555
-11.229304313659668
-11.267670631408691
-11.269704818725586
-11.235264778137207
-11.165849685668945
-11.192123413085938
-11.227910041809082
-11.274703979492188
-11.267203330993652
-11.22390079498291
-11.183958053588867
-11.208630561828613
-11.267045974731445
-11.248431205749512
-11.200898170471191
-11.153708457946777
-11.18925666809082
-11.25135326385498
-11.259708404541016
-11.263479232788086
-11.252280235290527
-11.244263648986816
-11.25097942352295
-11.2650146484375
-11.258532524108887
-11.274633407592773
-11.291666030883789
-11.261945724487305
-11.256349563598633
-11.275227546691895
-11.263459205627441
-11.286738395690918
-11.262395858764648
-11.261816024780273
-11.280793190002441
-11.273731231689453
-11.25987720489502
-11.247990608215332
-11.272266387939453
-11.280519485473633
-11.274752616882324
-11.283364295959473
-11.27133560180664
-11.279582023620605
-11.270864486694336
-11.264054298400879
-11.265462875366211
-11.25015640258789
-11.237778663635254
-11.255687713623047
-11.249996185302734
-11.267992973327637
-11.28213882446289
-11.28350830078125
-11.298412322998047
-11.28557300567627
-11.286360740661621
-11.27320384979248
-11.266441345214844
-11.265316009521484
-11.26001262664795
-11.254734992980957
-11.271060943603516
-11.250967979431152
-11.264481544494629
-11.287070274353027
-11.286337852478027
-11.265144348144531
-11.269889831542969
-11.276861190795898
-11.292102813720703
-11.28244400024414
-11.290984153747559
-11.274243354797363
-11.27256965637207
-11.280592918395996
-11.291884422302246
-11.289690971374512
-11.265912055969238
-11.267085075378418
-11.268606185913086
-11.282721519470215
-11.28769302368164
-11.295560836791992
-11.26786994934082
-11.278249740600586
-11.285694122314453
-11.258622169494629
-11.258620262145996
-11.271439552307129
-11.246283531188965
-11.264098167419434
-11.263785362243652
-11.283432960510254
-11.30303955078125
-11.294088363647461
-11.290912628173828
-11.28836727142334
-11.259321212768555
-11.249591827392578
-11.248372077941895
-11.252728462219238
-11.26863956451416
-11.278936386108398
-11.2928466796875
-11.297101020812988
-11.276538848876953
-11.296907424926758
-11.29002571105957
-11.260777473449707
-11.274991035461426
-11.278402328491211
-11.27280330657959
-11.245943069458008
-11.25288200378418
-11.24930477142334
-11.279833793640137
-11.286524772644043
-11.274847984313965
-11.284440994262695
-11.275093078613281
-11.266838073730469
-11.240938186645508
-11.261946678161621
-11.271166801452637
-11.265315055847168
-11.278326988220215
-11.277472496032715
-11.281189918518066
-11.287132263183594
-11.276853561401367
-11.298126220703125
-11.27755069732666
-11.29067325592041
-11.283897399902344
-11.26952838897705
-11.285371780395508
-11.272059440612793
-11.277291297912598
-11.277397155761719
-11.28138542175293
-11.266161918640137
-11.297062873840332
-11.258077621459961
-11.281901359558105
-11.258492469787598
-11.265308380126953
-11.263749122619629
-11.270041465759277
-11.275748252868652
-11.287975311279297
-11.261171340942383
-11.245129585266113
-11.225822448730469
-11.241246223449707
-11.263154983520508
-11.279439926147461
-11.289619445800781
-11.290445327758789
-11.314430236816406
-11.29372501373291
-11.294866561889648
-11.298351287841797
-11.272348403930664
-11.276079177856445
-11.295647621154785
-11.298402786254883
-11.284235954284668
-11.28897762298584
-11.290323257446289
-11.292343139648438
-11.29451847076416
-11.292060852050781
-11.292656898498535
-11.303048133850098
-11.297062873840332
-11.295616149902344
-11.2921142578125
-11.310029029846191
-11.296371459960938
-11.280141830444336
-11.29426383972168
-11.287522315979004
-11.282299041748047
-11.27619457244873
-11.268128395080566
-11.234766960144043
-11.231771469116211
-11.253662109375
-11.260129928588867
-11.267606735229492
-11.273798942565918
-11.291874885559082
-11.280137062072754
-11.264492988586426
-11.289154052734375
-11.274974822998047
-11.269198417663574
-11.279397010803223
-11.277751922607422
-11.268441200256348
-11.267577171325684
-11.277265548706055
-11.27392864227295
-11.277451515197754
-11.298893928527832
-11.285881042480469
-11.294156074523926
-11.282353401184082
-11.278385162353516
-11.284982681274414
-11.277743339538574
-11.279306411743164
-11.300522804260254
-11.315733909606934
-11.29752254486084
-11.306357383728027
-11.296799659729004
-11.284652709960938
-11.282209396362305
-11.2857084274292
-11.271987915039062
-11.291665077209473
-11.261014938354492
-11.236927032470703
-11.253861427307129
-11.265718460083008
-11.275643348693848
-11.28218936920166
-11.286462783813477
-11.306211471557617
-11.319917678833008
-11.306836128234863
-11.291596412658691
-11.313366889953613
-11.288501739501953
-11.302261352539062
-11.297922134399414
-11.289970397949219
-11.298447608947754
-11.287714004516602
-11.281196594238281
-11.276979446411133
-11.283336639404297
-11.285950660705566
-11.275379180908203
-11.283647537231445
-11.291136741638184
-11.301827430725098
-11.285933494567871
-11.304323196411133
-11.305798530578613
-11.302995681762695
-11.297754287719727
-11.295425415039062
-11.281810760498047
-11.268698692321777
-11.295228004455566
-11.293710708618164
-11.28794002532959
-11.311454772949219
-11.305802345275879
-11.306436538696289
-11.284930229187012
-11.285127639770508
-11.273740768432617
-11.2576904296875
-11.257984161376953
-11.261388778686523
-11.252242088317871
-11.263111114501953
-11.279407501220703
-11.29918384552002
-11.291022300720215
-11.304984092712402
-11.295124053955078
-11.308146476745605
-11.261442184448242
-11.240694999694824
-11.228020668029785
-11.266141891479492
-11.296050071716309
-11.302054405212402
-11.309157371520996
-11.289278984069824
-11.306678771972656
-11.301907539367676
-11.315165519714355
-11.308462142944336
-11.312753677368164
-11.307785034179688
-11.307035446166992
-11.310709953308105
-11.299406051635742
-11.299484252929688
-11.312810897827148
-11.303230285644531
-11.311176300048828
-11.307897567749023
-11.309660911560059
-11.317728042602539
-11.31458568572998
-11.32133960723877
-11.30831527709961
-11.314071655273438
-11.315135955810547
-11.308557510375977
-11.311227798461914
-11.30652904510498
-11.313252449035645
-11.319942474365234
-11.299644470214844
-11.307204246520996
-11.304155349731445
-11.302977561950684
-11.3069429397583
-11.307945251464844
-11.314140319824219
-11.315673828125
-11.304384231567383
-11.294620513916016
-11.290176391601562
-11.288501739501953
-11.280306816101074
-11.291733741760254
-11.290971755981445
-11.295074462890625
-11.308207511901855
-11.298047065734863
-11.300756454467773
-11.316373825073242
-11.296095848083496
-11.268157005310059
-11.230332374572754
-11.246563911437988
-11.269584655761719
-11.295637130737305
-11.315566062927246
-11.321269035339355
-11.284886360168457
-11.257492065429688
-11.256767272949219
-11.281514167785645
-11.283364295959473
-11.310221672058105
-11.300543785095215
-11.3206205368042
-11.29031753540039
-11.25670051574707
-11.229711532592773
-11.244003295898438
-11.251481056213379
-11.291839599609375
-11.29576587677002
-11.291719436645508
-11.297844886779785
-11.31127643585205
-11.314730644226074
-11.318682670593262
-11.313468933105469
-11.301775932312012
-11.313088417053223
-11.317021369934082
-11.310277938842773
-11.295110702514648
-11.316372871398926
-11.314338684082031
-11.305292129516602
-11.30955982208252
-11.296188354492188
-11.277966499328613
-11.271657943725586
-11.28353500366211
-11.2932767868042
-11.307754516601562
-11.300552368164062
-11.318163871765137
-11.307044982910156
-11.315207481384277
-11.291743278503418
-11.295766830444336
-11.290607452392578
-11.308019638061523
-11.310099601745605
-11.323010444641113
-11.309401512145996
-11.300932884216309
-11.287120819091797
-11.277997970581055
-11.281105041503906
-11.278059959411621
-11.297102928161621
-11.29825496673584
-11.319157600402832
-11.318984031677246
-11.314193725585938
-11.319934844970703
-11.305479049682617
-11.318615913391113
-11.31554126739502
-11.289981842041016
-11.297656059265137
-11.281661987304688
-11.261202812194824
-11.27315902709961
-11.303797721862793
-11.303689956665039
-11.31191635131836
-11.322871208190918
-11.312347412109375
-11.289286613464355
-11.273531913757324
-11.259008407592773
-11.279452323913574
-11.303406715393066
-11.314420700073242
-11.31537914276123
-11.323185920715332
-11.323185920715332
-11.331365585327148
-11.315370559692383
-11.323735237121582
-11.299755096435547
-11.287591934204102
-11.275673866271973
-11.296652793884277
-11.30375862121582
-11.292000770568848
-11.311409950256348
-11.314733505249023
-11.322022438049316
-11.329798698425293
-11.316420555114746
-11.3020658493042
-11.29926872253418
-11.301127433776855
-11.305038452148438
-11.299549102783203
-11.28761100769043
-11.286287307739258
-11.274507522583008
-11.300491333007812
-11.305192947387695
-11.32265567779541
-11.32643985748291
-11.33105754852295
-11.318097114562988
-11.316489219665527
-11.331369400024414
-11.33159065246582
-11.32664966583252
-11.320575714111328
-11.317789077758789
-11.324254989624023
-11.295842170715332
-11.283744812011719
-11.291790008544922
-11.285905838012695
-11.29858684539795
-11.30502700805664
-11.307272911071777
-11.32974624633789
-11.318582534790039
-11.321842193603516
-11.305458068847656
-11.299198150634766
-11.279065132141113
-11.295174598693848
-11.320849418640137
-11.325201988220215
-11.319869995117188
-11.338760375976562
-11.325311660766602
-11.32853889465332
-11.325508117675781
-11.323243141174316
-11.306084632873535
-11.313685417175293
-11.29975700378418
-11.319989204406738
-11.32149887084961
-11.31572151184082
-11.316985130310059
-11.307275772094727
-11.307449340820312
-11.302382469177246
-11.305278778076172
-11.306056022644043
-11.31161880493164
-11.320634841918945
-11.302186012268066
-11.316814422607422
-11.321924209594727
-11.31887435913086
-11.328526496887207
-11.323596954345703
-11.32179069519043
-11.314900398254395
-11.303811073303223
-11.302127838134766
-11.305821418762207
-11.31651782989502
-11.319014549255371
-11.315143585205078
-11.312019348144531
-11.333653450012207
-11.31675910949707
-11.322303771972656
-11.324337005615234
-11.336892127990723
-11.33268928527832
-11.336058616638184
-11.33141803741455
-11.320879936218262
-11.329992294311523
-11.323490142822266
-11.320537567138672
-11.329973220825195
-11.320819854736328
-11.314933776855469
-11.313851356506348
-11.288743019104004
-11.271458625793457
-11.276952743530273
-11.289183616638184
-11.312966346740723
-11.328754425048828
-11.330524444580078
-11.311498641967773
-11.293627738952637
-11.29728889465332
-11.29050350189209
-11.30449390411377
-11.308395385742188
-11.323511123657227
-11.326558113098145
-11.336748123168945
-11.329827308654785
-11.328264236450195
-11.330650329589844
-11.324044227600098
-11.318774223327637
-11.316174507141113
-11.32750415802002
-11.324710845947266
-11.340497016906738
-11.33678913116455
-11.32646369934082
-11.310739517211914
-11.306343078613281
-11.323392868041992
-11.323508262634277
-11.331108093261719
-11.332382202148438
-11.330596923828125
-11.327695846557617
-11.318777084350586
-11.296183586120605
-11.28935718536377
-11.29349422454834
-11.309575080871582
-11.312180519104004
-11.330643653869629
-11.330181121826172
-11.330890655517578
-11.333422660827637
-11.329532623291016
-11.329352378845215
-11.332849502563477
-11.321284294128418
-11.312344551086426
-11.30964183807373
-11.301482200622559
-11.297808647155762
-11.30494213104248
-11.300069808959961
-11.30800724029541
-11.321683883666992
-11.329963684082031
-11.331872940063477
-11.335931777954102
-11.32766342163086
-11.336243629455566
-11.327910423278809
-11.339489936828613
-11.335908889770508
-11.341017723083496
-11.327666282653809
-11.33254337310791
-11.334680557250977
-11.338583946228027
-11.322626113891602
-11.305567741394043
-11.307382583618164
-11.31753158569336
-11.322620391845703
-11.319147109985352
-11.321937561035156
-11.336472511291504
-11.338558197021484
-11.336461067199707
-11.33956241607666
-11.342187881469727
-11.338723182678223
-11.334990501403809
-11.342251777648926
-11.341034889221191
-11.343032836914062
-11.328312873840332
-11.319639205932617
-11.312714576721191
-11.309803009033203
-11.301743507385254
-11.316985130310059
-11.325018882751465
-11.33830451965332
-11.340710639953613
-11.3355073928833
-11.341757774353027
-11.3349609375
-11.329761505126953
-11.317481994628906
-11.304557800292969
-11.291783332824707
-11.297403335571289
-11.302936553955078
-11.325347900390625
-11.329977989196777
-11.338199615478516
-11.339444160461426
-11.347841262817383
-11.332498550415039
-11.319321632385254
-11.325140953063965
-11.32510757446289
-11.325116157531738
-11.3262357711792
-11.339462280273438
-11.344615936279297
-11.344856262207031
-11.345168113708496
-11.336350440979004
-11.340055465698242
-11.341279983520508
-11.34284496307373
-11.347043991088867
-11.329243659973145
-11.344902038574219
-11.342001914978027
-11.345232009887695
-11.348925590515137
-11.34593391418457
-11.35141372680664
-11.336487770080566
-11.336809158325195
-11.337333679199219
-11.319572448730469
-11.312994956970215
-11.31618595123291
-11.313867568969727
-11.307293891906738
-11.318735122680664
-11.324233055114746
-11.33941650390625
-11.344563484191895
-11.34632396697998
-11.337812423706055
-11.294951438903809
-11.30299186706543
-11.31477165222168
-11.326325416564941
-11.343215942382812
-11.34345531463623
-11.34327220916748
-11.337821960449219
-11.335722923278809
-11.33227825164795
-11.323148727416992
-11.310647964477539
-11.315339088439941
-11.318952560424805
-11.334202766418457
-11.339347839355469
-11.326163291931152
-11.344121932983398
-11.344541549682617
-11.35156536102295
-11.348326683044434
-11.34156322479248
-11.341095924377441
-11.343579292297363
-11.34419059753418
-11.344005584716797
-11.341843605041504
-11.337313652038574
-11.321465492248535
-11.309114456176758
-11.316329002380371
-11.319690704345703
-11.322832107543945
-11.333383560180664
-11.337376594543457
-11.336051940917969
-11.337894439697266
-11.350211143493652
-11.350563049316406
-11.341014862060547
-11.347752571105957
-11.343868255615234
-11.311406135559082
-11.307994842529297
-11.305784225463867
-11.324955940246582
-11.33908462524414
-11.349844932556152
-11.34521198272705
-11.320125579833984
-11.3057222366333
-11.2878999710083
-11.301936149597168
-11.312260627746582
-11.315499305725098
-11.33671760559082
-11.338282585144043
-11.343387603759766
-11.350507736206055
-11.34408187866211
-11.346732139587402
-11.342530250549316
-11.343217849731445
-11.347281455993652
-11.346013069152832
-11.33572006225586
-11.34635066986084
-11.344521522521973
-11.339510917663574
-11.340737342834473
-11.317846298217773
-11.320464134216309
-11.328064918518066
-11.332714080810547
-11.32542896270752
-11.329166412353516
-11.31922721862793
-11.314895629882812
-11.320534706115723
-11.3174467086792
-11.325376510620117
-11.339805603027344
-11.339149475097656
-11.332475662231445
-11.344900131225586
-11.355304718017578
-11.34538745880127
-11.345073699951172
-11.348830223083496
-11.344315528869629
-11.35132884979248
-11.353617668151855
-11.350419998168945
-11.351771354675293
-11.341192245483398
-11.35566520690918
-11.353328704833984
-11.345682144165039
-11.338311195373535
-11.3463773727417
-11.349288940429688
-11.33862018585205
-11.331459999084473
-11.309532165527344
-11.306360244750977
-11.30581283569336
-11.33144760131836
-11.352245330810547
-11.348871231079102
-11.348002433776855
-11.333966255187988
-11.346439361572266
-11.32971477508545
-11.336098670959473
-11.312885284423828
-11.316184997558594
-11.326349258422852
-11.32460880279541
-11.341825485229492
-11.337836265563965
-11.35486125946045
-11.346923828125
-11.344531059265137
-11.345356941223145
-11.334887504577637
-11.341917991638184
-11.346303939819336
-11.345075607299805
-11.341012001037598
-11.338383674621582
-11.318305969238281
-11.298539161682129
-11.307644844055176
-11.315223693847656
-11.344871520996094
-11.340335845947266
-11.32559871673584
-11.304560661315918
-11.290817260742188
-11.29135799407959
-11.315284729003906
-11.331873893737793
-11.33669376373291
-11.327289581298828
-11.301912307739258
-11.289948463439941
-11.307914733886719
-11.319931030273438
-11.333444595336914
-11.33669662475586
-11.343353271484375
-11.34418773651123
-11.348176956176758
-11.330297470092773
-11.314204216003418
-11.302767753601074
-11.311299324035645
-11.328521728515625
-11.34521484375
-11.343977928161621
-11.352355003356934
-11.349332809448242
-11.358358383178711
-11.336724281311035
-11.33169937133789
-11.315053939819336
-11.319687843322754
-11.326258659362793
-11.345481872558594
-11.336905479431152
-11.351303100585938
-11.360906600952148
-11.339153289794922
-11.318977355957031
-11.289953231811523
-11.260689735412598
-11.280038833618164
-11.320221900939941
-11.34364128112793
-11.349125862121582
-11.340407371520996
-11.335564613342285
-11.333181381225586
-11.318514823913574
-11.313461303710938
-11.323928833007812
-11.339417457580566
-11.345087051391602
-11.34666633605957
-11.35737419128418
-11.353344917297363
-11.352689743041992
-11.341270446777344
-11.346831321716309
-11.347166061401367
-11.356844902038574
-11.346756935119629
-11.355491638183594
-11.3478422164917
-11.35495662689209
-11.35006332397461
-11.357154846191406
-11.348918914794922
-11.353889465332031
-11.352326393127441
-11.361187934875488
-11.359651565551758
-11.353647232055664
-11.348831176757812
-11.34826374053955
-11.353901863098145
-11.3475341796875
-11.355029106140137
-11.348487854003906
-11.353374481201172
-11.355387687683105
-11.359127044677734
-11.358068466186523
-11.357877731323242
-11.361579895019531
-11.356945991516113
-11.355988502502441
-11.347614288330078
-11.354023933410645
-11.342741966247559
-11.338998794555664
-11.343624114990234
-11.338988304138184
-11.337483406066895
-11.345483779907227
-11.341249465942383
-11.349350929260254
-11.358139991760254
-11.346955299377441
-11.367390632629395
-11.353768348693848
-11.349482536315918
-11.329782485961914
-11.30710220336914
-11.312932968139648
-11.32634162902832
-11.34257984161377
-11.3585205078125
-11.354942321777344
-11.354850769042969
-11.341949462890625
-11.341827392578125
-11.342242240905762
-11.33863353729248
-11.33867073059082
-11.337146759033203
-11.35615062713623
-11.36076545715332
-11.35728931427002
-11.360445022583008
-11.359268188476562
-11.353202819824219
-11.350751876831055
-11.325506210327148
-11.320266723632812
-11.306727409362793
-11.310080528259277
-11.323214530944824
-11.331209182739258
-11.348223686218262
-11.362564086914062
-11.359147071838379
-11.35594367980957
-11.346656799316406
-11.33836555480957
-11.322736740112305
-11.328186988830566
-11.325209617614746
-11.34949016571045
-11.354235649108887
-11.35774040222168
-11.356771469116211
-11.364121437072754
-11.337791442871094
-11.335394859313965
-11.288228034973145
-11.285250663757324
-11.309581756591797
-11.330081939697266
-11.360380172729492
-11.349949836730957
-11.342862129211426
-11.318819999694824
-11.317899703979492
-11.320385932922363
-11.34554672241211
-11.362983703613281
-11.361079216003418
-11.355413436889648
-11.350456237792969
-11.356867790222168
-11.345983505249023
-11.345367431640625
-11.349095344543457
-11.355339050292969
-11.361933708190918
-11.360091209411621
-11.359810829162598
-11.359950065612793
-11.371354103088379
-11.355757713317871
-11.35944652557373
-11.348908424377441
-11.337931632995605
-11.338495254516602
-11.340150833129883
-11.340052604675293
-11.345975875854492
-11.348562240600586
-11.36419677734375
-11.367136001586914
-11.360697746276855
-11.369322776794434
-11.362164497375488
-11.36469554901123
-11.357070922851562
-11.363502502441406
-11.358835220336914
-11.360517501831055
-11.352205276489258
-11.350868225097656
-11.344778060913086
-11.34466552734375
-11.349760055541992
-11.345684051513672
-11.345897674560547
-11.354220390319824
-11.358428001403809
-11.347851753234863
-11.341416358947754
-11.342806816101074
-11.340714454650879
-11.334819793701172
-11.329707145690918
-11.3424711227417
-11.352861404418945
-11.351911544799805
-11.365073204040527
-11.356498718261719
-11.36209487915039
-11.355364799499512
-11.350781440734863
-11.344246864318848
-11.347084045410156
-11.343770980834961
-11.344766616821289
-11.344382286071777
-11.350024223327637
-11.343990325927734
-11.365633964538574
-11.371991157531738
-11.36147403717041
-11.355382919311523
-11.358256340026855
-11.364811897277832
-11.359659194946289
-11.366031646728516
-11.36817741394043
-11.358741760253906
-11.35574722290039
-11.355395317077637
-11.341543197631836
-11.337508201599121
-11.335844993591309
-11.327703475952148
-11.331095695495605
-11.342914581298828
-11.342288970947266
-11.355067253112793
-11.363253593444824
-11.366031646728516
-11.36679744720459
-11.366021156311035
-11.365416526794434
-11.363363265991211
-11.352875709533691
-11.355478286743164
-11.353554725646973
-11.348260879516602
-11.338966369628906
-11.336410522460938
-11.332547187805176
-11.339601516723633
-11.353267669677734
-11.358613014221191
-11.365801811218262
-11.36337661743164
-11.365691184997559
-11.366035461425781
-11.358502388000488
-11.354528427124023
-11.349754333496094
-11.348819732666016
-11.351320266723633
-11.35624885559082
-11.34955883026123
-11.366799354553223
-11.364341735839844
-11.370732307434082
-11.367881774902344
-11.372177124023438
-11.371891021728516
-11.367779731750488
-11.37035083770752
-11.366392135620117
-11.365270614624023
-11.362068176269531
-11.360626220703125
-11.352757453918457
-11.36371898651123
-11.358694076538086
-11.36350154876709
-11.366229057312012
-11.358564376831055
-11.365119934082031
-11.36718463897705
-11.357389450073242
-11.355744361877441
-11.35543441772461
-11.341672897338867
-11.33146858215332
-11.325935363769531
-11.3363676071167
-11.337214469909668
-11.343276023864746
-11.364540100097656
-11.359457015991211
-11.371788024902344
-11.357539176940918
-11.341255187988281
-11.312983512878418
-11.313690185546875
-11.318387031555176
-11.338613510131836
-11.361282348632812
-11.365571975708008
-11.362677574157715
-11.346394538879395
-11.349241256713867
-11.33686637878418
-11.33094596862793
-11.327947616577148
-11.350373268127441
-11.351290702819824
-11.370192527770996
-11.369514465332031
-11.367722511291504
-11.361153602600098
-11.339737892150879
-11.3237886428833
-11.323018074035645
-11.34425163269043
-11.355155944824219
-11.358067512512207
-11.362388610839844
-11.367055892944336
-11.368203163146973
-11.356789588928223
-11.360824584960938
-11.353742599487305
-11.36034870147705
-11.364818572998047
-11.35884952545166
-11.353153228759766
-11.36586856842041
-11.362316131591797
-11.368398666381836
-11.359853744506836
-11.360234260559082
-11.362837791442871
-11.357248306274414
-11.339337348937988
-11.33366584777832
-11.33031177520752
-11.333983421325684
-11.34627628326416
-11.357355117797852
-11.364283561706543
-11.362473487854004
-11.363414764404297
-11.335670471191406
-11.310117721557617
-11.300310134887695
-11.331292152404785
-11.356951713562012
-11.370634078979492
-11.364168167114258
-11.341569900512695
-11.29450798034668
-11.284708023071289
-11.325338363647461
-11.355762481689453
-11.36081314086914
-11.369961738586426
-11.363520622253418
-11.349799156188965
-11.346146583557129
-11.335003852844238
-11.345232009887695
-11.350079536437988
-11.359301567077637
-11.364455223083496
-11.375856399536133
-11.364453315734863
-11.355015754699707
-11.362201690673828
-11.366199493408203
-11.36724853515625
-11.368741989135742
-11.346139907836914
-11.330544471740723
-11.318636894226074
-11.349654197692871
-11.367944717407227
-11.372652053833008
-11.370718002319336
-11.356882095336914
-11.350817680358887
-11.33410930633545
-11.342752456665039
-11.340455055236816
-11.346561431884766
-11.354612350463867
-11.369802474975586
-11.371851921081543
-11.374691009521484
-11.365025520324707
-11.359787940979004
-11.343223571777344
-11.328723907470703
-11.339688301086426
-11.346112251281738
-11.35446834564209
-11.360815048217773
-11.369379043579102
-11.369361877441406
-11.372326850891113
-11.369468688964844
-11.36854362487793
-11.372066497802734
-11.374544143676758
-11.365727424621582
-11.3734769821167
-11.35223388671875
-11.334959983825684
-11.324461936950684
-11.342456817626953
-11.35466480255127
-11.367206573486328
-11.368027687072754
-11.373430252075195
-11.365594863891602
-11.37148380279541
-11.372756004333496
-11.37423324584961
-11.36397647857666
-11.370955467224121
-11.371114730834961
-11.370942115783691
-11.367307662963867
-11.370077133178711
-11.370543479919434
-11.372355461120605
-11.37841510772705
-11.37343692779541
-11.384383201599121
-11.379648208618164
-11.373221397399902
-11.371493339538574
-11.376995086669922
-11.376435279846191
-11.371771812438965
-11.371932983398438
-11.369293212890625
-11.368940353393555
-11.357511520385742
-11.362607955932617
-11.35338306427002
-11.35010814666748
-11.363892555236816
-11.371099472045898
-11.369938850402832
-11.376851081848145
-11.37529182434082
-11.374131202697754
-11.376293182373047
-11.373408317565918
-11.3706693649292
-11.367364883422852
-11.364434242248535
-11.357799530029297
-11.34909439086914
-11.352950096130371
-11.350276947021484
-11.364347457885742
-11.377928733825684
-11.374013900756836
-11.3801851272583
-11.377753257751465
-11.380797386169434
-11.380372047424316
-11.380759239196777
-11.369865417480469
-11.370548248291016
-11.355058670043945
-11.359231948852539
-11.36104965209961
-11.371870040893555
-11.382568359375
-11.38634967803955
-11.37015438079834
-11.370195388793945
-11.35111141204834
-11.338547706604004
-11.32419204711914
-11.318927764892578
-11.318672180175781
-11.327802658081055
-11.347992897033691
-11.363661766052246
-11.374588012695312
-11.381132125854492
-11.382570266723633
-11.377519607543945
-11.377586364746094
-11.377236366271973
-11.375535011291504
-11.36892318725586
-11.37507438659668
-11.373339653015137
-11.373537063598633
-11.367989540100098
-11.356236457824707
-11.352411270141602
-11.348406791687012
-11.341809272766113
-11.358118057250977
-11.371195793151855
-11.384398460388184
-11.37296199798584
-11.376398086547852
-11.382097244262695
-11.38078784942627
-11.377202987670898
-11.38386058807373
-11.381265640258789
-11.386533737182617
-11.381351470947266
-11.370043754577637
-11.354164123535156
-11.35067081451416
-11.35022258758545
-11.358636856079102
-11.363398551940918
-11.37118148803711
-11.370807647705078
-11.3740234375
-11.377579689025879
-11.380517959594727
-11.388818740844727
-11.37889575958252
-11.372796058654785
-11.362688064575195
-11.338970184326172
-11.323633193969727
-11.327593803405762
-11.347463607788086
-11.364056587219238
-11.367965698242188
-11.37926197052002
-11.381756782531738
-11.374423027038574
-11.354227066040039
-11.335010528564453
-11.321756362915039
-11.332566261291504
-11.374458312988281
-11.384275436401367
-11.380858421325684
-11.374495506286621
-11.349665641784668
-11.344478607177734
-11.34040355682373
-11.341754913330078
-11.353507995605469
-11.368637084960938
-11.385293960571289
-11.38342571258545
-11.382234573364258
-11.383003234863281
-11.376005172729492
-11.364822387695312
-11.336304664611816
-11.318275451660156
-11.320416450500488
-11.354974746704102
-11.373809814453125
-11.377921104431152
-11.360848426818848
-11.34850788116455
-11.329615592956543
-11.34321117401123
-11.351147651672363
-11.364265441894531
-11.374324798583984
-11.376161575317383
-11.385330200195312
-11.38475227355957
-11.380728721618652
-11.375144958496094
-11.364286422729492
-11.350869178771973
-11.340536117553711
-11.33843994140625
-11.362746238708496
-11.375723838806152
-11.386072158813477
-11.385181427001953
-11.386835098266602
-11.372108459472656
-11.37224292755127
-11.37335205078125
-11.380575180053711
-11.387504577636719
-11.384033203125
-11.390600204467773
-11.386160850524902
-11.38511848449707
-11.38137435913086
-11.380317687988281
-11.36933422088623
-11.362298011779785
-11.358915328979492
-11.362422943115234
-11.372926712036133
-11.389785766601562
-11.383204460144043
-11.39103889465332
-11.380141258239746
-11.384344100952148
-11.380195617675781
-11.378841400146484
-11.380184173583984
-11.382109642028809
-11.38853931427002
-11.387083053588867
-11.386933326721191
-11.3848237991333
-11.374275207519531
-11.365981101989746
-11.366538047790527
-11.374878883361816
-11.383131980895996
-11.387608528137207
-11.380497932434082
-11.391338348388672
-11.385680198669434
-11.37491512298584
-11.377351760864258
-11.377764701843262
-11.38465690612793
-11.387227058410645
-11.386253356933594
-11.390655517578125
-11.3823881149292
-11.389698028564453
-11.389074325561523
-11.388611793518066
-11.385405540466309
-11.386585235595703
-11.381938934326172
-11.368552207946777
-11.366036415100098
-11.362188339233398
-11.362953186035156
-11.371236801147461
-11.382237434387207
-11.395456314086914
-11.390928268432617
-11.387935638427734
-11.376030921936035
-11.37253189086914
-11.369930267333984
-11.372627258300781
-11.367959976196289
-11.380304336547852
-11.379610061645508
-11.392838478088379
-11.390447616577148
-11.389174461364746
-11.376996040344238
-11.36343765258789
-11.356475830078125
-11.356260299682617
-11.351771354675293
-11.350068092346191
-11.372098922729492
-11.373963356018066
-11.380921363830566
-11.387428283691406
-11.386836051940918
-11.388376235961914
-11.384663581848145
-11.3816556930542
-11.37859058380127
-11.380573272705078
-11.38492202758789
-11.375825881958008
-11.366830825805664
-11.37366008758545
-11.374542236328125
-11.37714958190918
-11.391803741455078
-11.394121170043945
-11.394115447998047
-11.385185241699219
-11.393706321716309
-11.389652252197266
-11.393867492675781
-11.393569946289062
-11.396116256713867
-11.390694618225098
-11.388147354125977
-11.390229225158691
-11.391992568969727
-11.388752937316895
-11.390076637268066
-11.395188331604004
-11.382911682128906
-11.3782958984375
-11.37444019317627
-11.375783920288086
-11.377504348754883
-11.374194145202637
-11.36353588104248
-11.354108810424805
-11.36259651184082
-11.365020751953125
-11.375509262084961
-11.380485534667969
-11.383172988891602
-11.3864164352417
-11.391921043395996
-11.386194229125977
-11.383075714111328
-11.390334129333496
-11.387181282043457
-11.393007278442383
-11.387715339660645
-11.39212417602539
-11.395648002624512
-11.391990661621094
-11.390755653381348
-11.395671844482422
-11.389354705810547
-11.38359260559082
-11.379048347473145
-11.3596773147583
-11.365378379821777
-11.358650207519531
-11.367875099182129
-11.370838165283203
-11.379108428955078
-11.383218765258789
-11.386682510375977
-11.391379356384277
-11.398918151855469
-11.38325309753418
-11.38951587677002
-11.371390342712402
-11.349126815795898
-11.338854789733887
-11.334945678710938
-11.346477508544922
-11.368342399597168
-11.378084182739258
-11.394862174987793
-11.395726203918457
-11.379473686218262
-11.374686241149902
-11.36738395690918
-11.359833717346191
-11.358111381530762
-11.363146781921387
-11.363518714904785
-11.365789413452148
-11.374131202697754
-11.380423545837402
-11.388436317443848
-11.395349502563477
-11.388349533081055
-11.375133514404297
-11.356437683105469
-11.372074127197266
-11.367778778076172
-11.373719215393066
-11.382404327392578
-11.393035888671875
-11.386103630065918
-11.364972114562988
-11.331986427307129
-11.316211700439453
-11.333525657653809
-11.358793258666992
-11.38227367401123
-11.393394470214844
-11.385568618774414
-11.352846145629883
-11.330509185791016
-11.330009460449219
-11.353279113769531
-11.372048377990723
-11.38709831237793
-11.388514518737793
-11.396450996398926
-11.399847984313965
-11.392433166503906
-11.388519287109375
-11.385955810546875
-11.39090347290039
-11.379093170166016
-11.383454322814941
-11.376038551330566
-11.383035659790039
-11.386760711669922
-11.3931245803833
-11.383722305297852
-11.398133277893066
-11.379373550415039
-11.355388641357422
-11.351715087890625
-11.357547760009766
-11.374911308288574
-11.383722305297852
-11.395074844360352
-11.388710021972656
-11.385498046875
-11.361620903015137
-11.362133026123047
-11.371973037719727
-11.38388442993164
-11.387954711914062
-11.394011497497559
-11.394941329956055
-11.390863418579102
-11.39910888671875
-11.392544746398926
-11.38919448852539
-11.393601417541504
-11.386473655700684
-11.389225959777832
-11.387304306030273
-11.398035049438477
-11.385209083557129
-11.390473365783691
-11.389098167419434
-11.391672134399414
-11.39543342590332
-11.390049934387207
-11.394742012023926
-11.390127182006836
-11.39590072631836
-11.39995002746582
-11.394790649414062
-11.392414093017578
-11.395442008972168
-11.385412216186523
-11.38418960571289
-11.387073516845703
-11.384328842163086
-11.396095275878906
-11.395285606384277
-11.400031089782715
-11.390247344970703
-11.394515991210938
-11.391637802124023
-11.382991790771484
-11.383525848388672
-11.383872032165527
-11.382275581359863
-11.389599800109863
-11.391687393188477
-11.38935661315918
-11.392011642456055
-11.389963150024414
-11.391549110412598
-11.397314071655273
-11.39681339263916
-11.397144317626953
-11.403034210205078
-11.396807670593262
-11.398926734924316
-11.404684066772461
-11.399664878845215
-11.395535469055176
-11.390684127807617
-11.396611213684082
-11.392013549804688
-11.381240844726562
-11.3805513381958
-11.378030776977539
-11.372293472290039
-11.373631477355957
-11.361502647399902
-11.371557235717773
-11.371282577514648
-11.38101863861084
-11.382856369018555
-11.388962745666504
-11.38855266571045
-11.394173622131348
-11.39016342163086
-11.382759094238281
-11.379508972167969
-11.363042831420898
-11.34073543548584
-11.361336708068848
-11.381030082702637
-11.388105392456055
-11.396234512329102
-11.397130012512207
-11.374711990356445
-11.361239433288574
-11.343655586242676
-11.332503318786621
-11.342900276184082
-11.365532875061035
-11.38650894165039
-11.398050308227539
-11.377029418945312
-11.350327491760254
-11.319746017456055
-11.341452598571777
-11.372225761413574
-11.395227432250977
-11.393592834472656
-11.396913528442383
-11.39702033996582
-11.387504577636719
-11.376069068908691
-11.371760368347168
-11.37058162689209
-11.371648788452148
-11.375625610351562
-11.38078784942627
-11.389533042907715
-11.401957511901855
-11.40031623840332
-11.393189430236816
-11.378686904907227
-11.35239315032959
-11.357429504394531
-11.366060256958008
-11.379317283630371
-11.391350746154785
-11.399601936340332
-11.39670181274414
-11.394072532653809
-11.39970588684082
-11.392444610595703
-11.401702880859375
-11.399641990661621
-11.400423049926758
-11.396947860717773
-11.39899730682373
-11.395303726196289
-11.391942024230957
-11.392553329467773
-11.39348030090332
-11.397862434387207
-11.40005111694336
-11.40038013458252
-11.40194320678711
-11.393061637878418
-11.391332626342773
-11.381691932678223
-11.363722801208496
-11.365909576416016
-11.374979019165039
-11.382217407226562
-11.396133422851562
-11.401758193969727
-11.393172264099121
-11.386033058166504
-11.381804466247559
-11.366584777832031
-11.369909286499023
-11.378851890563965
-11.393566131591797
-11.403303146362305
-11.403422355651855
-11.400328636169434
-11.388046264648438
-11.385520935058594
-11.374332427978516
-11.382356643676758
-11.387619018554688
-11.390205383300781
-11.39365291595459
-11.393749237060547
-11.403020858764648
-11.389528274536133
-11.392677307128906
-11.385180473327637
-11.38115119934082
-11.37332820892334
-11.381950378417969
-11.386007308959961
-11.398473739624023
-11.40152359008789
-11.398504257202148
-11.400650024414062
-11.39925765991211
-11.408534049987793
-11.401424407958984
-11.402397155761719
-11.401333808898926
-11.405662536621094
-11.389272689819336
-11.393932342529297
-11.392802238464355
-11.395317077636719
-11.400186538696289
-11.39706802368164
-11.393401145935059
-11.395025253295898
-11.385574340820312
-11.384927749633789
-11.384055137634277
-11.384864807128906
-11.388351440429688
-11.388890266418457
-11.398927688598633
-11.39883804321289
-11.400575637817383
-11.396829605102539
-11.399700164794922
-11.40480899810791
-11.400108337402344
-11.401262283325195
-11.390419960021973
-11.392794609069824
-11.377114295959473
-11.357604026794434
-11.344167709350586
-11.354877471923828
-11.365607261657715
-11.37809944152832
-11.38587760925293
-11.402214050292969
-11.40096664428711
-11.387375831604004
-11.354843139648438
-11.325783729553223
-11.331131935119629
-11.372862815856934
-11.393121719360352
-11.402052879333496
-11.399115562438965
-11.393661499023438
-11.382217407226562
-11.366632461547852
-11.37350082397461
-11.381792068481445
-11.39303207397461
-11.402347564697266
-11.403230667114258
-11.39471435546875
-11.391915321350098
-11.375982284545898
-11.3695650100708
-11.369645118713379
-11.390748023986816
-11.395869255065918
-11.401906967163086
-11.403436660766602
-11.405119895935059
-11.402430534362793
-11.3972749710083
-11.39459228515625
-11.392108917236328
-11.391273498535156
-11.390579223632812
-11.393930435180664
-11.399330139160156
-11.397789001464844
-11.400093078613281
-11.4016752243042
-11.401474952697754
-11.386876106262207
-11.382784843444824
-11.37331485748291
-11.363138198852539
-11.371464729309082
-11.378506660461426
-11.399452209472656
-11.397927284240723
-11.396778106689453
-11.39920425415039
-11.401206016540527
-11.398743629455566
-11.39439868927002
-11.391274452209473
-11.39370346069336
-11.4024658203125
-11.39997673034668
-11.396370887756348
-11.398289680480957
-11.399141311645508
-11.398164749145508
-11.4045991897583
-11.397372245788574
-11.402120590209961
-11.403470993041992
-11.400689125061035
-11.411031723022461
-11.406773567199707
-11.40003490447998
-11.405513763427734
-11.406847953796387
-11.400879859924316
-11.400581359863281
-11.393260955810547
-11.388663291931152
-11.378385543823242
-11.375322341918945
-11.374635696411133
-11.383391380310059
-11.385891914367676
-11.390934944152832
-11.401324272155762
-11.39769458770752
-11.402356147766113
-11.398693084716797
-11.388703346252441
-11.389223098754883
-11.393692016601562
-11.398687362670898
-11.400432586669922
-11.40089225769043
-11.400808334350586
-11.40007209777832
-11.400500297546387
-11.39743709564209
-11.402181625366211
-11.405214309692383
-11.404509544372559
-11.404047012329102
-11.401869773864746
-11.403873443603516
-11.408759117126465
-11.400922775268555
-11.40042781829834
-11.398956298828125
-11.385146141052246
-11.384944915771484
-11.381111145019531
-11.38283920288086
-11.38204288482666
-11.380993843078613
-11.384537696838379
-11.392057418823242
-11.399636268615723
-11.401241302490234
-11.40588092803955
-11.41131591796875
-11.399490356445312
-11.390889167785645
-11.371105194091797
-11.367446899414062
-11.357231140136719
-11.359574317932129
-11.374716758728027
-11.39048957824707
-11.407402992248535
-11.407499313354492
-11.404924392700195
-11.396817207336426
-11.384577751159668
-11.382272720336914
-11.362581253051758
-11.366464614868164
-11.373806953430176
-11.392542839050293
-11.404208183288574
-11.403525352478027
-11.404339790344238
-11.403194427490234
-11.406888008117676
-11.399564743041992
-11.382827758789062
-11.369420051574707
-11.360298156738281
-11.367959976196289
-11.383350372314453
-11.397220611572266
-11.407018661499023
-11.407402992248535
-11.403671264648438
-11.389944076538086
-11.366069793701172
-11.349311828613281
-11.346516609191895
-11.360394477844238
-11.387581825256348
-11.403023719787598
-11.404281616210938
-11.39468765258789
-11.386247634887695
-11.378217697143555
-11.381048202514648
-11.387506484985352
-11.404491424560547
-11.403382301330566
-11.410691261291504
-11.40640926361084
-11.39752197265625
-11.385893821716309
-11.387475967407227
-11.385628700256348
-11.395711898803711
-11.407763481140137
-11.4060697555542
-11.398594856262207
-11.388593673706055
-11.371119499206543
-11.366859436035156
-11.377108573913574
-11.391763687133789
-11.40322208404541
-11.40518569946289
-11.407509803771973
-11.408108711242676
-11.405349731445312
-11.400425910949707
-11.391229629516602
-11.37356185913086
-11.36413860321045
-11.366674423217773
-11.374096870422363
-11.374955177307129
-11.380623817443848
-11.373491287231445
-11.373393058776855
-11.37999153137207
-11.390085220336914
-11.399961471557617
-11.403026580810547
-11.401323318481445
-11.40549087524414
-11.401247024536133
-11.394359588623047
-11.372194290161133
-11.357565879821777
-11.366387367248535
-11.390361785888672
-11.407453536987305
-11.401782989501953
-11.391202926635742
-11.368385314941406
-11.33578109741211
-11.35214614868164
-11.38127613067627
-11.400622367858887
-11.400518417358398
-11.388957023620605
-11.363563537597656
-11.345808982849121
-11.357159614562988
-11.385597229003906
-11.404221534729004
-11.410948753356934
-11.397144317626953
-11.382307052612305
-11.37432861328125
-11.379801750183105
-11.387662887573242
-11.398272514343262
-11.40505313873291
-11.402746200561523
-11.406109809875488
-11.391387939453125
-11.381845474243164
-11.371427536010742
-11.376228332519531
-11.381086349487305
-11.397334098815918
-11.395450592041016
-11.40503215789795
-11.401761054992676
-11.404374122619629
-11.406481742858887
-11.40079402923584
-11.402978897094727
-11.390822410583496
-11.38713264465332
-11.382841110229492
-11.396095275878906
-11.391545295715332
-11.395208358764648
-11.395596504211426
-11.39886474609375
-11.406872749328613
-11.407493591308594
-11.4083251953125
-11.404810905456543
-11.4052152633667
-11.41257381439209
-11.404797554016113
-11.404158592224121
-11.396020889282227
-11.387818336486816
-11.388463020324707
-11.390575408935547
-11.389599800109863
-11.402770042419434
-11.408961296081543
-11.410881996154785
-11.405817031860352
-11.40753173828125
-11.404755592346191
-11.404226303100586
-11.406314849853516
-11.406904220581055
-11.399478912353516
-11.402810096740723
-11.394754409790039
-11.396040916442871
-11.403902053833008
-11.400915145874023
-11.403067588806152
-11.414170265197754
-11.410992622375488
-11.40532398223877
-11.410477638244629
-11.409025192260742
-11.407902717590332
-11.410955429077148
-11.40849494934082
-11.410724639892578
-11.413862228393555
-11.408326148986816
-11.404645919799805
-11.39854907989502
-11.395025253295898
-11.397133827209473
-11.40428638458252
-11.406622886657715
-11.410597801208496
-11.416524887084961
-11.401058197021484
-11.396688461303711
-11.396629333496094
-11.393016815185547
-11.382007598876953
-11.381562232971191
-11.385733604431152
-11.395610809326172
-11.410511016845703
-11.409079551696777
-11.405743598937988
-11.411683082580566
-11.410011291503906
-11.407402038574219
-11.401567459106445
-11.391229629516602
-11.387518882751465
-11.37940502166748
-11.386693000793457
-11.392939567565918
-11.400980949401855
-11.408551216125488
-11.402092933654785
-11.410968780517578
-11.410917282104492
-11.412182807922363
-11.41107177734375
-11.402711868286133
-11.391136169433594
-11.383923530578613
-11.378312110900879
-11.38048267364502
-11.38539981842041
-11.383492469787598
-11.39046859741211
-11.398039817810059
-11.40592098236084
-11.410837173461914
-11.40920352935791
-11.407272338867188
-11.404349327087402
-11.407109260559082
-11.401969909667969
-11.408760070800781
-11.407552719116211
-11.410005569458008
-11.40786361694336
-11.40921401977539
-11.405611991882324
-11.41669750213623
-11.41532039642334
-11.411039352416992
-11.410523414611816
-11.406671524047852
-11.41236400604248
-11.413028717041016
-11.404251098632812
-11.406227111816406
-11.394238471984863
-11.394326210021973
-11.378680229187012
-11.378067016601562
-11.379154205322266
-11.398512840270996
-11.410709381103516
-11.408944129943848
-11.40962028503418
-11.411205291748047
-11.412452697753906
-11.407601356506348
-11.406807899475098
-11.407610893249512
-11.402412414550781
-11.3946533203125
-11.399435043334961
-11.394366264343262
-11.39250659942627
-11.394798278808594
-11.398974418640137
-11.400364875793457
-11.402122497558594
-11.400578498840332
-11.408246994018555
-11.399717330932617
-11.371350288391113
-11.342994689941406
-11.332601547241211
-11.36037540435791
-11.391769409179688
-11.39731216430664
-11.400647163391113
-11.381513595581055
-11.375580787658691
-11.375946044921875
-11.372060775756836
-11.379179954528809
-11.385763168334961
-11.389577865600586
-11.395020484924316
-11.394075393676758
-11.387734413146973
-11.390641212463379
-11.38839340209961
-11.39443588256836
-11.40407943725586
-11.41123104095459
-11.408966064453125
-11.415215492248535
-11.418964385986328
-11.409640312194824
-11.40978717803955
-11.412031173706055
-11.410300254821777
-11.409451484680176
-11.408098220825195
-11.404485702514648
-11.404414176940918
-11.405643463134766
-11.40560531616211
-11.404934883117676
-11.40057373046875
-11.404952049255371
-11.402630805969238
-11.401768684387207
-11.387563705444336
-11.38286304473877
-11.37924861907959
-11.38826847076416
-11.388265609741211
-11.394319534301758
-11.400036811828613
-11.408112525939941
-11.41565990447998
-11.406789779663086
-11.385289192199707
-11.366096496582031
-11.369707107543945
-11.386152267456055
-11.410261154174805
-11.412007331848145
-11.40693473815918
-11.400982856750488
-11.390539169311523
-11.392170906066895
-11.39739990234375
-11.403009414672852
-11.411269187927246
-11.407812118530273
-11.39873218536377
-11.399100303649902
-11.3823823928833
-11.373098373413086
-11.376264572143555
-11.392309188842773
-11.40611457824707
-11.412410736083984
-11.399433135986328
-11.37311840057373
-11.342804908752441
-11.342206001281738
-11.37632942199707
-11.406408309936523
-11.411931037902832
-11.392383575439453
-11.354777336120605
-11.310033798217773
-11.334317207336426
-11.382792472839355
-11.403159141540527
-11.397017478942871
-11.395094871520996
-11.389001846313477
-11.386263847351074
-11.393880844116211
-11.397523880004883
-11.396785736083984
-11.405379295349121
-11.408292770385742
-11.40019416809082
-11.388237953186035
-11.37868881225586
-11.383337020874023
-11.389775276184082
-11.392057418823242
-11.397462844848633
-11.406998634338379
-11.411467552185059
-11.41077709197998
-11.396422386169434
-11.384819984436035
-11.383601188659668
-11.384764671325684
-11.397041320800781
-11.399309158325195
-11.403791427612305
-11.401449203491211
-11.394673347473145
-11.388009071350098
-11.370018005371094
-11.369093894958496
-11.386868476867676
-11.39797592163086
-11.384350776672363
-11.347827911376953
-11.338775634765625
-11.366521835327148
-11.39097785949707
-11.40234375
-11.409481048583984
-11.409276962280273
-11.405020713806152
-11.412681579589844
-11.408945083618164
-11.412281036376953
-11.409421920776367
-11.415605545043945
-11.411212921142578
-11.39798355102539
-11.385188102722168
-11.377243041992188
-11.379743576049805
-11.396113395690918
-11.403313636779785
-11.412195205688477
-11.412202835083008
-11.415091514587402
-11.417877197265625
-11.41128158569336
-11.412564277648926
-11.402481079101562
-11.412549018859863
-11.410828590393066
-11.40688705444336
-11.401740074157715
-11.392288208007812
-11.392396926879883
-11.39574146270752
-11.406218528747559
-11.413397789001465
-11.412564277648926
-11.397138595581055
-11.390766143798828
-11.396159172058105
-11.395161628723145
-11.403853416442871
-11.405008316040039
-11.40327262878418
-11.396374702453613
-11.396295547485352
-11.395355224609375
-11.404407501220703
-11.413631439208984
-11.409464836120605
-11.403867721557617
-11.39876651763916
-11.396513938903809
-11.405388832092285
-11.407261848449707
-11.410402297973633
-11.413141250610352
-11.41530704498291
-11.413054466247559
-11.411927223205566
-11.409442901611328
-11.408106803894043
-11.399816513061523
-11.390929222106934
-11.386689186096191
-11.396499633789062
-11.410018920898438
-11.405069351196289
-11.415590286254883
-11.410415649414062
-11.406353950500488
-11.410606384277344
-11.405515670776367
-11.412370681762695
-11.408658027648926
-11.40496826171875
-11.401269912719727
-11.396864891052246
-11.39714527130127
-11.400411605834961
-11.40385913848877
-11.396434783935547
-11.393457412719727
-11.394815444946289
-11.400463104248047
-11.40481948852539
-11.4087553024292
-11.411420822143555
-11.413114547729492
-11.411184310913086
-11.41746711730957
-11.409132957458496
-11.409321784973145
-11.399383544921875
-11.404021263122559
-11.389806747436523
-11.392793655395508
-11.399312019348145
-11.405280113220215
-11.40594482421875
-11.411221504211426
-11.409368515014648
-11.416963577270508
-11.41122817993164
-11.416305541992188
-11.405070304870605
-11.402298927307129
-11.403511047363281
-11.397100448608398
-11.397555351257324
-11.40821361541748
-11.4142484664917
-11.411336898803711
-11.41872501373291
-11.415547370910645
-11.417305946350098
-11.409941673278809
-11.4042329788208
-11.409297943115234
-11.411191940307617
-11.414741516113281
-11.415135383605957
-11.41607666015625
-11.415468215942383
-11.41238021850586
-11.415678024291992
-11.413361549377441
-11.414786338806152
-11.412665367126465
-11.403029441833496
-11.39577865600586
-11.400620460510254
-11.402831077575684
-11.404670715332031
-11.403631210327148
-11.399274826049805
-11.39421272277832
-11.38688850402832
-11.381590843200684
-11.37291145324707
-11.37675666809082
-11.383382797241211
-11.380489349365234
-11.39642333984375
-11.403031349182129
-11.408079147338867
-11.413023948669434
-11.41341495513916
-11.413799285888672
-11.40427303314209
-11.402372360229492
-11.397987365722656
-11.389167785644531
-11.391980171203613
-11.392013549804688
-11.397361755371094
-11.403987884521484
-11.4094820022583
-11.41340446472168
-11.412117004394531
-11.40760612487793
-11.400153160095215
-11.391777992248535
-11.380085945129395
-11.380743026733398
-11.383286476135254
-11.395730972290039
-11.402923583984375
-11.412139892578125
-11.413520812988281
-11.409153938293457
-11.38943862915039
-11.36739730834961
-11.353487014770508
-11.36276626586914
-11.39183521270752
-11.4025297164917
-11.413837432861328
-11.414811134338379
-11.399580001831055
-11.376379013061523
-11.370824813842773
-11.374650955200195
-11.387200355529785
-11.409150123596191
-11.412939071655273
-11.404796600341797
-11.381813049316406
-11.351655006408691
-11.366969108581543
-11.385642051696777
-11.407914161682129
-11.407970428466797
-11.415238380432129
-11.412504196166992
-11.409879684448242
-11.388640403747559
-11.3822603225708
-11.388189315795898
-11.40237045288086
-11.406885147094727
-11.410579681396484
-11.410399436950684
-11.412699699401855
-11.409452438354492
-11.411482810974121
-11.404250144958496
-11.40414810180664
-11.40931510925293
-11.404092788696289
-11.411635398864746
-11.416027069091797
-11.415204048156738
-11.415871620178223
-11.414352416992188
-11.418524742126465
-11.416467666625977
-11.414716720581055
-11.414737701416016
-11.413172721862793
-11.411311149597168
-11.407194137573242
-11.415807723999023
-11.41540241241455
-11.416727066040039
-11.412513732910156
-11.415839195251465
-11.418027877807617
-11.412897109985352
-11.411593437194824
-11.410670280456543
-11.407536506652832
-11.400745391845703
-11.402006149291992
-11.3956880569458
-11.396081924438477
-11.389278411865234
-11.394532203674316
-11.399023056030273
-11.396416664123535
-11.39618968963623
-11.40407943725586
-11.413158416748047
-11.411239624023438
-11.412816047668457
-11.414437294006348
-11.405364990234375
-11.402849197387695
-11.402207374572754
-11.40639591217041
-11.416412353515625
-11.414687156677246
-11.40853214263916
-11.409720420837402
-11.401403427124023
-11.395610809326172
-11.399853706359863
-11.402535438537598
-11.396976470947266
-11.403829574584961
-11.405391693115234
-11.412039756774902
-11.419898986816406
-11.415604591369629
-11.415668487548828
-11.415030479431152
-11.424068450927734
-11.421698570251465
-11.420625686645508
-11.412529945373535
-11.410364151000977
-11.409268379211426
-11.396485328674316
-11.38866901397705
-11.382936477661133
-11.385702133178711
-11.385809898376465
-11.393030166625977
-11.39633846282959
-11.405033111572266
-11.415064811706543
-11.414759635925293
-11.409290313720703
-11.403672218322754
-11.40490436553955
-11.405041694641113
-11.4091215133667
-11.41307544708252
-11.410541534423828
-11.422167778015137
-11.414629936218262
-11.415871620178223
-11.4162015914917
-11.408504486083984
-11.402604103088379
-11.40406608581543
-11.397359848022461
-11.396897315979004
-11.386744499206543
-11.384414672851562
-11.390893936157227
-11.397647857666016
-11.407051086425781
-11.411439895629883
-11.412677764892578
-11.418181419372559
-11.417576789855957
-11.411916732788086
-11.407495498657227
-11.3967924118042
-11.387575149536133
-11.387877464294434
-11.393677711486816
-11.395097732543945
-11.402944564819336
-11.408616065979004
-11.407648086547852
-11.400958061218262
-11.39600944519043
-11.390937805175781
-11.37502384185791
-11.378169059753418
-11.386210441589355
-11.409687042236328
-11.415925025939941
-11.417559623718262
-11.404784202575684
-11.379829406738281
-11.352167129516602
-11.352252960205078
-11.38810920715332
-11.412507057189941
-11.417159080505371
-11.408470153808594
-11.395700454711914
-11.397082328796387
-11.411652565002441
-11.412798881530762
-11.39190673828125
-11.350614547729492
-11.349380493164062
-11.368823051452637
-11.392059326171875
-11.40557861328125
-11.417590141296387
-11.416464805603027
-11.413498878479004
-11.42020320892334
-11.414312362670898
-11.418878555297852
-11.415512084960938
-11.415522575378418
-11.414069175720215
-11.418012619018555
-11.415860176086426
-11.415529251098633
-11.41925048828125
-11.4166841506958
-11.420418739318848
-11.417061805725098
-11.413241386413574
-11.408440589904785
-11.412862777709961
-11.413216590881348
-11.412667274475098
-11.413705825805664
-11.41602611541748
-11.415446281433105
-11.419084548950195
-11.418434143066406
-11.417691230773926
-11.419351577758789
-11.415781021118164
-11.414507865905762
-11.409297943115234
-11.40009880065918
-11.401622772216797
-11.396134376525879
-11.402210235595703
-11.406691551208496
-11.411629676818848
-11.418158531188965
-11.41938591003418
-11.417617797851562
-11.417505264282227
-11.42026138305664
-11.418195724487305
-11.418296813964844
-11.416717529296875
-11.416932106018066
-11.418072700500488
-11.415358543395996
-11.416747093200684
-11.414529800415039
-11.409186363220215
-11.40983772277832
-11.410521507263184
-11.410131454467773
-11.41140079498291
-11.409795761108398
-11.412443161010742
-11.40632152557373
-11.40127182006836
-11.398801803588867
-11.401326179504395
-11.399627685546875
-11.39625358581543
-11.392278671264648
-11.385297775268555
-11.380070686340332
-11.388150215148926
-11.396015167236328
-11.4054594039917
-11.41103458404541
-11.408576011657715
-11.408028602600098
-11.40618896484375
-11.399365425109863
-11.400781631469727
-11.392877578735352
-11.386946678161621
-11.39115047454834
-11.391397476196289
-11.396316528320312
-11.398029327392578
-11.410475730895996
-11.413300514221191
-11.411943435668945
-11.406124114990234
-11.406634330749512
-11.41032886505127
-11.410886764526367
-11.414490699768066
-11.41422176361084
-11.413979530334473
-11.4052152633667
-11.409036636352539
-11.407195091247559
-11.406111717224121
-11.409053802490234
-11.41352367401123
-11.419569969177246
-11.420408248901367
-11.420072555541992
-11.41843032836914
-11.4085111618042
-11.404797554016113
-11.403810501098633
-11.408090591430664
-11.40498161315918
-11.407793045043945
-11.411269187927246
-11.416579246520996
-11.415932655334473
-11.41125774383545
-11.393659591674805
-11.38056468963623
-11.380498886108398
-11.394691467285156
-11.406998634338379
-11.4174222946167
-11.423603057861328
-11.4157075881958
-11.410823822021484
-11.40514850616455
-11.401951789855957
-11.391607284545898
-11.392060279846191
-11.3880615234375
-11.39549446105957
-11.402341842651367
-11.411166191101074
-11.414559364318848
-11.422478675842285
-11.419761657714844
-11.409261703491211
-11.406275749206543
-11.400524139404297
-11.403312683105469
-11.40721607208252
-11.413986206054688
-11.420533180236816
-11.418652534484863
-11.396651268005371
-11.38899040222168
-11.380084991455078
-11.375576972961426
-11.391390800476074
-11.406454086303711
-11.419501304626465
-11.416901588439941
-11.385052680969238
-11.35035514831543
-11.352110862731934
-11.385896682739258
-11.412631034851074
-11.415413856506348
-11.412222862243652
-11.390129089355469
-11.360847473144531
-11.353453636169434
-11.383400917053223
-11.413183212280273
-11.415760040283203
-11.412168502807617
-11.379587173461914
-11.352866172790527
-11.366684913635254
-11.39345645904541
-11.41419792175293
-11.418375968933105
-11.397603034973145
-11.360464096069336
-11.338062286376953
-11.361796379089355
-11.402569770812988
-11.418106079101562
-11.413132667541504
-11.404464721679688
-11.402481079101562
-11.404874801635742
-11.411515235900879
-11.418495178222656
-11.420892715454102
-11.415578842163086
-11.408472061157227
-11.404654502868652
-11.401803970336914
-11.411898612976074
-11.417892456054688
-11.425653457641602
-11.418115615844727
-11.421314239501953
-11.423274993896484
-11.410441398620605
-11.407452583312988
-11.394083023071289
-11.397859573364258
-11.400311470031738
-11.412013053894043
-11.41906452178955
-11.42203426361084
-11.42292308807373
-11.422382354736328
-11.41552734375
-11.406373977661133
-11.404288291931152
-11.405755043029785
-11.409902572631836
-11.420565605163574
-11.416653633117676
-11.418231010437012
-11.420466423034668
-11.417811393737793
-11.407383918762207
-11.397022247314453
-11.393891334533691
-11.4024076461792
-11.411733627319336
-11.415916442871094
-11.416099548339844
-11.408587455749512
-11.386493682861328
-11.368646621704102
-11.375937461853027
-11.395941734313965
-11.410787582397461
-11.418291091918945
-11.417926788330078
-11.417648315429688
-11.425433158874512
-11.421534538269043
-11.416299819946289
-11.419848442077637
-11.417570114135742
-11.423134803771973
-11.42429256439209
-11.418941497802734
-11.422261238098145
-11.42125129699707
-11.422674179077148
-11.422988891601562
-11.420498847961426
-11.421857833862305
-11.421146392822266
-11.422651290893555
-11.421014785766602
-11.422850608825684
-11.422155380249023
-11.421871185302734
-11.421036720275879
-11.4205904006958
-11.422754287719727
-11.42271900177002
-11.423187255859375
-11.423792839050293
-11.423844337463379
-11.41933536529541
-11.412558555603027
-11.405648231506348
-11.405484199523926
-11.400016784667969
-11.39502239227295
-11.39932632446289
-11.395844459533691
-11.39240837097168
-11.395013809204102
-11.403630256652832
-11.399136543273926
-11.413347244262695
-11.422808647155762
-11.426290512084961
-11.414437294006348
-11.412578582763672
-11.40242862701416
-11.393450736999512
-11.391083717346191
-11.397491455078125
-11.412321090698242
-11.42135238647461
-11.421792984008789
-11.411401748657227
-11.40243148803711
-11.398124694824219
-11.390445709228516
-11.389958381652832
-11.39689826965332
-11.399412155151367
-11.396615028381348
-11.404509544372559
-11.418160438537598
-11.420793533325195
-11.415643692016602
-11.407288551330566
-11.383708953857422
-11.376620292663574
-11.386831283569336
-11.39684772491455
-11.398991584777832
-11.412312507629395
-11.420013427734375
-11.421833992004395
-11.421768188476562
-11.41501522064209
-11.402828216552734
-11.40101432800293
-11.404805183410645
-11.414324760437012
-11.415375709533691
-11.41777229309082
-11.424178123474121
-11.421664237976074
-11.418549537658691
-11.418200492858887
-11.414538383483887
-11.411707878112793
-11.409375190734863
-11.417346000671387
-11.410731315612793
-11.418234825134277
-11.416182518005371
-11.421407699584961
-11.418922424316406
-11.423365592956543
-11.418956756591797
-11.417974472045898
-11.397420883178711
-11.393227577209473
-11.388870239257812
-11.398496627807617
-11.406587600708008
-11.416913986206055
-11.421557426452637
-11.419181823730469
-11.416753768920898
-11.411163330078125
-11.413293838500977
-11.413970947265625
-11.404088020324707
-11.399027824401855
-11.391603469848633
-11.397140502929688
-11.400521278381348
-11.404173851013184
-11.412188529968262
-11.419660568237305
-11.424347877502441
-11.4232177734375
-11.421916961669922
-11.422111511230469
-11.421280860900879
-11.414233207702637
-11.418115615844727
-11.423674583435059
-11.418712615966797
-11.419341087341309
-11.420767784118652
-11.425763130187988
-11.421927452087402
-11.421964645385742
-11.419472694396973
-11.421468734741211
-11.421120643615723
-11.415070533752441
-11.417057991027832
-11.42177963256836
-11.420313835144043
-11.419565200805664
-11.4203462600708
-11.41813850402832
-11.423266410827637
-11.425483703613281
-11.425116539001465
-11.423189163208008
-11.418060302734375
-11.4115629196167
-11.400115966796875
-11.392194747924805
-11.392192840576172
-11.398842811584473
-11.388338088989258
-11.390725135803223
-11.393438339233398
-11.400084495544434
-11.412561416625977
-11.425990104675293
-11.427389144897461
-11.4234037399292
-11.41545581817627
-11.415045738220215
-11.409979820251465
-11.411940574645996
-11.414512634277344
-11.415743827819824
-11.420870780944824
-11.42010498046875
-11.41746997833252
-11.423250198364258
-11.425853729248047
-11.424492835998535
-11.425882339477539
-11.424870491027832
-11.420565605163574
-11.411214828491211
-11.40689754486084
-11.39736270904541
-11.396913528442383
-11.40052604675293
-11.406915664672852
-11.413172721862793
-11.418296813964844
-11.42019271850586
-11.424721717834473
-11.426365852355957
-11.414238929748535
-11.418943405151367
-11.408623695373535
-11.405939102172852
-11.40196418762207
-11.390215873718262
-11.38760757446289
-11.402897834777832
-11.412456512451172
-11.423185348510742
-11.422056198120117
-11.413308143615723
-11.391427040100098
-11.363788604736328
-11.364492416381836
-11.393791198730469
-11.40383529663086
-11.417389869689941
-11.412489891052246
-11.414203643798828
-11.41547966003418
-11.416999816894531
-11.413620948791504
-11.406500816345215
-11.396315574645996
-11.396587371826172
-11.39936637878418
-11.40239429473877
-11.406515121459961
-11.409354209899902
-11.410050392150879
-11.418905258178711
-11.4155855178833
-11.425318717956543
-11.41702651977539
-11.401464462280273
-11.391975402832031
-11.393924713134766
-11.395054817199707
-11.400229454040527
-11.408361434936523
-11.412644386291504
-11.413450241088867
-11.416071891784668
-11.414064407348633
-11.416296005249023
-11.417567253112793
-11.42281723022461
-11.424572944641113
-11.422687530517578
-11.419527053833008
-11.417588233947754
-11.412467002868652
-11.404082298278809
-11.40526294708252
-11.414311408996582
-11.422130584716797
-11.41922378540039
-11.426385879516602
-11.425453186035156
-11.420004844665527
-11.4254150390625
-11.425756454467773
-11.41685676574707
-11.409713745117188
-11.410538673400879
-11.40742015838623
-11.410528182983398
-11.41716194152832
-11.42004680633545
-11.424737930297852
-11.428365707397461
-11.424327850341797
-11.424327850341797
-11.425949096679688
-11.419600486755371
-11.41547679901123
-11.411441802978516
-11.408519744873047
-11.405537605285645
-11.408424377441406
-11.41197395324707
-11.411526679992676
-11.416372299194336
-11.41708755493164
-11.426353454589844
-11.429750442504883
-11.425674438476562
-11.42031478881836
-11.423385620117188
-11.415374755859375
-11.415140151977539
-11.412680625915527
-11.420333862304688
-11.424013137817383
-11.426708221435547
-11.425835609436035
-11.423857688903809
-11.423294067382812
-11.421061515808105
-11.423372268676758
-11.426694869995117
-11.428328514099121
-11.428112983703613
-11.429169654846191
-11.428138732910156
-11.4261474609375
-11.42844295501709
-11.420305252075195
-11.419930458068848
-11.421469688415527
-11.415497779846191
-11.416839599609375
-11.420916557312012
-11.421884536743164
-11.419899940490723
-11.42343521118164
-11.418171882629395
-11.42250919342041
-11.422698020935059
-11.422558784484863
-11.425521850585938
-11.423384666442871
-11.42660140991211
-11.424417495727539
-11.423262596130371
-11.428452491760254
-11.429593086242676
-11.4246826171875
-11.422072410583496
-11.42233657836914
-11.418206214904785
-11.411922454833984
-11.398406982421875
-11.394943237304688
-11.389361381530762
-11.393647193908691
-11.399446487426758
-11.411856651306152
-11.42198657989502
-11.424528121948242
-11.427590370178223
-11.421573638916016
-11.424800872802734
-11.424201965332031
-11.420634269714355
-11.40891170501709
-11.411844253540039
-11.409261703491211
-11.412378311157227
-11.415548324584961
-11.416606903076172
-11.417211532592773
-11.403630256652832
-11.395594596862793
-11.37606143951416
-11.371294021606445
-11.377704620361328
-11.387090682983398
-11.403196334838867
-11.41247272491455
-11.414666175842285
-11.40804386138916
-11.412615776062012
-11.411368370056152
-11.412515640258789
-11.410455703735352
-11.412038803100586
-11.410768508911133
-11.411614418029785
-11.405399322509766
-11.408355712890625
-11.412276268005371
-11.40831470489502
-11.405207633972168
-11.403042793273926
-11.403133392333984
-11.401618003845215
-11.403934478759766
-11.405780792236328
-11.412221908569336
-11.41309642791748
-11.412405967712402
-11.400174140930176
-11.399558067321777
-11.402873039245605
-11.410093307495117
-11.413739204406738
-11.424283981323242
-11.425957679748535
-11.426432609558105
-11.42622184753418
-11.423957824707031
-11.424431800842285
-11.42566204071045
-11.422274589538574
-11.427115440368652
-11.42124080657959
-11.417532920837402
-11.400154113769531
-11.394026756286621
-11.380162239074707
-11.37756061553955
-11.393536567687988
-11.408467292785645
-11.422013282775879
-11.42333698272705
-11.423259735107422
-11.419635772705078
-11.412932395935059
-11.405913352966309
-11.394270896911621
-11.386650085449219
-11.380949974060059
-11.384966850280762
-11.401350975036621
-11.417045593261719
-11.425797462463379
-11.429269790649414
-11.427458763122559
-11.418354034423828
-11.410799026489258
-11.400074005126953
-11.395953178405762
-11.396889686584473
-11.405223846435547
-11.410120010375977
-11.423410415649414
-11.420964241027832
-11.426126480102539
-11.428056716918945
-11.427328109741211
-11.421041488647461
-11.419987678527832
-11.419856071472168
-11.425225257873535
-11.421887397766113
-11.426387786865234
-11.430903434753418
-11.424968719482422
-11.426555633544922
-11.42195987701416
-11.427009582519531
-11.425825119018555
-11.423776626586914
-11.423822402954102
-11.427002906799316
-11.424236297607422
-11.426239013671875
-11.42233943939209
-11.414236068725586
-11.40583610534668
-11.399741172790527
-11.395162582397461
-11.38886547088623
-11.39814281463623
-11.412452697753906
-11.41750431060791
-11.428744316101074
-11.430048942565918
-11.4290189743042
-11.421486854553223
-11.412217140197754
-11.399845123291016
-11.39295768737793
-11.39317798614502
-11.401021957397461
-11.406583786010742
-11.410320281982422
-11.421055793762207
-11.428385734558105
-11.427042961120605
-11.423995018005371
-11.417858123779297
-11.401015281677246
-11.385762214660645
-11.390716552734375
-11.392132759094238
-11.406529426574707
-11.414780616760254
-11.427702903747559
-11.426053047180176
-11.426307678222656
-11.421917915344238
-11.41631031036377
-11.392969131469727
-11.374641418457031
-11.380426406860352
-11.389973640441895
-11.40988826751709
-11.415780067443848
-11.422223091125488
-11.421391487121582
-11.42838191986084
-11.421724319458008
-11.421892166137695
-11.415067672729492
-11.415708541870117
-11.421855926513672
-11.424654006958008
-11.423779487609863
-11.429533004760742
-11.423331260681152
-11.426477432250977
-11.425110816955566
-11.424027442932129
-11.431167602539062
-11.426939010620117
-11.421590805053711
-11.417939186096191
-11.411273956298828
-11.40494155883789
-11.39658260345459
-11.393173217773438
-11.397771835327148
-11.401785850524902
-11.414472579956055
-11.41750431060791
-11.417146682739258
-11.424086570739746
-11.425211906433105
-11.427924156188965
-11.426867485046387
-11.421704292297363
-11.423616409301758
-11.416196823120117
-11.427542686462402
-11.424968719482422
-11.431353569030762
-11.42606258392334
-11.420352935791016
-11.411842346191406
-11.404598236083984
-11.405710220336914
-11.4131498336792
-11.417939186096191
-11.423830032348633
-11.424325942993164
-11.425929069519043
-11.426251411437988
-11.43055534362793
-11.428866386413574
-11.429018020629883
-11.42982006072998
-11.426708221435547
-11.42231273651123
-11.421184539794922
-11.417936325073242
-11.409551620483398
-11.408926010131836
-11.39838695526123
-11.396515846252441
-11.40597152709961
-11.416670799255371
-11.423527717590332
-11.426133155822754
-11.430994987487793
-11.417251586914062
-11.404677391052246
-11.389787673950195
-11.370140075683594
-11.373334884643555
-11.388456344604492
-11.403444290161133
-11.420966148376465
-11.426997184753418
-11.42261791229248
-11.410480499267578
-11.390157699584961
-11.38992691040039
-11.398950576782227
-11.409046173095703
-11.41926097869873
-11.422843933105469
-11.425602912902832
-11.427328109741211
-11.415580749511719
-11.397869110107422
-11.383049011230469
-11.380995750427246
-11.395528793334961
-11.411051750183105
-11.415844917297363
-11.42315673828125
-11.430643081665039
-11.42530345916748
-11.413980484008789
-11.399004936218262
-11.38761043548584
-11.392836570739746
-11.414487838745117
-11.422182083129883
-11.42573356628418
-11.41867446899414
-11.409297943115234
-11.409988403320312
-11.414041519165039
-11.414874076843262
-11.423382759094238
-11.427373886108398
-11.424162864685059
-11.42466926574707
-11.418521881103516
-11.412030220031738
-11.404382705688477
-11.393896102905273
-11.40697956085205
-11.419057846069336
-11.415547370910645
-11.420053482055664
-11.417987823486328
-11.41816520690918
-11.419280052185059
-11.423771858215332
-11.424124717712402
-11.428935050964355
-11.415342330932617
-11.3986234664917
-11.395424842834473
-11.392756462097168
-11.408955574035645
-11.417679786682129
-11.425371170043945
-11.427539825439453
-11.425300598144531
-11.417170524597168
-11.400293350219727
-11.399924278259277
-11.402372360229492
-11.417394638061523
-11.428123474121094
-11.426880836486816
-11.421964645385742
-11.416091918945312
-11.407974243164062
-11.403759002685547
-11.397065162658691
-11.398331642150879
-11.414565086364746
-11.423632621765137
-11.429912567138672
-11.420084953308105
-11.404561996459961
-11.387510299682617
-11.382905006408691
-11.39698600769043
-11.421025276184082
-11.415902137756348
-11.389261245727539
-11.365500450134277
-11.377114295959473
-11.404365539550781
-11.42955207824707
-11.428192138671875
-11.407635688781738
-11.385231971740723
-11.379403114318848
-11.400628089904785
-11.423257827758789
-11.427196502685547
-11.42657470703125
-11.420417785644531
-11.409719467163086
-11.403812408447266
-11.40813159942627
-11.425536155700684
-11.429891586303711
-11.418095588684082
-11.404030799865723
-11.3974609375
-11.406329154968262
-11.422736167907715
-11.429876327514648
-11.423113822937012
-11.410407066345215
-11.406706809997559
-11.415183067321777
-11.422041893005371
-11.426939010620117
-11.432979583740234
-11.428088188171387
-11.43148136138916
-11.42851734161377
-11.41616153717041
-11.41459846496582
-11.408981323242188
-11.413690567016602
-11.414074897766113
-11.4232177734375
-11.42729377746582
-11.429702758789062
-11.431068420410156
-11.430891990661621
-11.428285598754883
-11.425107955932617
-11.429794311523438
-11.428908348083496
-11.42844295501709
-11.42951488494873
-11.430295944213867
-11.430037498474121
-11.428947448730469
-11.42784595489502
-11.429749488830566
-11.430697441101074
-11.431307792663574
-11.426387786865234
-11.429703712463379
-11.427217483520508
-11.425237655639648
-11.426695823669434
-11.424102783203125
-11.425914764404297
-11.426361083984375
-11.426651954650879
-11.427732467651367
-11.431943893432617
-11.430824279785156
-11.427877426147461
-11.429825782775879
-11.430152893066406
-11.429854393005371
-11.429438591003418
-11.433124542236328
-11.430749893188477
-11.431204795837402
-11.432047843933105
-11.432794570922852
-11.428937911987305
-11.429607391357422
-11.430122375488281
-11.431467056274414
-11.43022632598877
-11.430896759033203
-11.428783416748047
-11.431953430175781
-11.430693626403809
-11.430624961853027
-11.433273315429688
-11.432584762573242
-11.435561180114746
-11.433771133422852
-11.426877975463867
-11.428910255432129
-11.429243087768555
-11.434370994567871
-11.430676460266113
-11.429471969604492
-11.431614875793457
-11.430336952209473
-11.42851734161377
-11.435041427612305
-11.434226036071777
-11.428357124328613
-11.435358047485352
-11.431397438049316
-11.42367935180664
-11.421720504760742
-11.41372013092041
-11.404664039611816
-11.396860122680664
-11.387311935424805
-11.385421752929688
-11.389567375183105
-11.40451717376709
-11.418134689331055
-11.424792289733887
-11.427166938781738
-11.42819881439209
-11.424802780151367
-11.423418998718262
-11.416942596435547
-11.404606819152832
-11.40001392364502
-11.399930953979492
-11.406229019165039
-11.40945053100586
-11.419343948364258
-11.428293228149414
-11.423331260681152
-11.426334381103516
-11.415999412536621
-11.404121398925781
-11.394339561462402
-11.372651100158691
-11.371835708618164
-11.384897232055664
-11.407184600830078
-11.425127983093262
-11.43063735961914
-11.432658195495605
-11.42556095123291
-11.430854797363281
-11.425592422485352
-11.412654876708984
-11.388587951660156
-11.383597373962402
-11.39077377319336
-11.41495132446289
-11.421577453613281
-11.42548942565918
-11.42535400390625
-11.422945022583008
-11.411022186279297
-11.398019790649414
-11.3891019821167
-11.394282341003418
-11.413652420043945
-11.420924186706543
-11.427425384521484
-11.425285339355469
-11.422730445861816
-11.427107810974121
-11.424327850341797
-11.414861679077148
-11.404075622558594
-11.395026206970215
-11.385763168334961
-11.391596794128418
-11.395602226257324
-11.407914161682129
-11.419234275817871
-11.428152084350586
-11.427347183227539
-11.431784629821777
-11.425253868103027
-11.422517776489258
-11.417041778564453
-11.41232681274414
-11.41038990020752
-11.409296035766602
-11.40640640258789
-11.412314414978027
-11.420931816101074
-11.422914505004883
-11.427063941955566
-11.42871379852295
-11.416440963745117
-11.38845157623291
-11.372137069702148
-11.386298179626465
-11.411446571350098
-11.428943634033203
-11.435297012329102
-11.42807388305664
-11.4179105758667
-11.410872459411621
-11.395392417907715
-11.38555908203125
-11.392936706542969
-11.403146743774414
-11.406749725341797
-11.41466999053955
-11.421812057495117
-11.43160629272461
-11.428268432617188
-11.4283447265625
-11.421581268310547
-11.412302017211914
-11.391990661621094
-11.383087158203125
-11.386870384216309
-11.408726692199707
-11.420356750488281
-11.431437492370605
-11.426074028015137
-11.417442321777344
-11.407327651977539
-11.39510440826416
-11.401729583740234
-11.408881187438965
-11.41663932800293
-11.428483009338379
-11.43065071105957
-11.432281494140625
-11.433489799499512
-11.430937767028809
-11.423783302307129
-11.416698455810547
-11.41518783569336
-11.420470237731934
-11.426082611083984
-11.430602073669434
-11.430074691772461
-11.428208351135254
-11.417540550231934
-11.407392501831055
-11.402331352233887
-11.412398338317871
-11.420929908752441
-11.42794418334961
-11.436898231506348
-11.430888175964355
-11.4287691116333
-11.427921295166016
-11.430071830749512
-11.421262741088867
-11.419637680053711
-11.419258117675781
-11.422024726867676
-11.42889404296875
-11.428855895996094
-11.431336402893066
-11.432936668395996
-11.432507514953613
-11.4200439453125
-11.423007011413574
-11.417400360107422
-11.410548210144043
-11.413322448730469
-11.417322158813477
-11.4191312789917
-11.418070793151855
-11.428401947021484
-11.430919647216797
-11.427628517150879
-11.427480697631836
-11.4240083694458
-11.426473617553711
-11.428110122680664
-11.428855895996094
-11.425341606140137
-11.422183990478516
-11.415842056274414
-11.419489860534668
-11.415637016296387
-11.417930603027344
-11.424654960632324
-11.430919647216797
-11.434036254882812
-11.431647300720215
-11.431623458862305
-11.426433563232422
-11.418482780456543
-11.406158447265625
-11.38402271270752
-11.378447532653809
-11.380590438842773
-11.408097267150879
-11.421006202697754
-11.427905082702637
-11.432611465454102
-11.428755760192871
-11.425153732299805
-11.420421600341797
-11.41760540008545
-11.403254508972168
-11.391221046447754
-11.38973331451416
-11.406112670898438
-11.418167114257812
-11.424002647399902
-11.43191909790039
-11.432699203491211
-11.429383277893066
-11.435653686523438
-11.434735298156738
-11.431427001953125
-11.434134483337402
-11.43130874633789
-11.430124282836914
-11.426328659057617
-11.426316261291504
-11.418413162231445
-11.414654731750488
-11.408262252807617
-11.40954875946045
-11.410223960876465
-11.410008430480957
-11.416669845581055
-11.418543815612793
-11.428679466247559
-11.429157257080078
-11.42931842803955
-11.428390502929688
-11.427462577819824
-11.424647331237793
-11.424363136291504
-11.429286003112793
-11.425106048583984
-11.425848960876465
-11.423219680786133
-11.422589302062988
-11.419387817382812
-11.424662590026855
-11.429092407226562
-11.427005767822266
-11.431150436401367
-11.431986808776855
-11.430397033691406
-11.430472373962402
-11.433423042297363
-11.43024730682373
-11.429649353027344
-11.432821273803711
-11.431990623474121
-11.427209854125977
-11.424007415771484
-11.42008113861084
-11.413209915161133
-11.410270690917969
-11.40540885925293
-11.406533241271973
-11.41028881072998
-11.41775894165039
-11.420270919799805
-11.425589561462402
-11.43010425567627
-11.426413536071777
-11.43057632446289
-11.428521156311035
-11.429357528686523
-11.432575225830078
-11.435750961303711
-11.430560111999512
-11.424562454223633
-11.416534423828125
-11.406288146972656
-11.409279823303223
-11.419175148010254
-11.428622245788574
-11.437881469726562
-11.426043510437012
-11.413949966430664
-11.39875602722168
-11.399456977844238
-11.402076721191406
-11.417488098144531
-11.427993774414062
-11.430105209350586
-11.432882308959961
-11.433155059814453
-11.435285568237305
-11.433466911315918
-11.432657241821289
-11.430184364318848
-11.427971839904785
-11.42905330657959
-11.429110527038574
-11.427775382995605
-11.420770645141602
-11.416253089904785
-11.408259391784668
-11.40018081665039
-11.407671928405762
-11.413627624511719
-11.4219388961792
-11.42864990234375
-11.429765701293945
-11.435999870300293
-11.436774253845215
-11.432175636291504
-11.428828239440918
-11.433915138244629
-11.433694839477539
-11.428256034851074
-11.420367240905762
-11.407855987548828
-11.393248558044434
-11.39178466796875
-11.399229049682617
-11.41058349609375
-11.426496505737305
-11.430877685546875
-11.43547534942627
-11.432326316833496
-11.42661190032959
-11.418046951293945
-11.407242774963379
-11.405169486999512
-11.40805435180664
-11.41484260559082
-11.418502807617188
-11.425185203552246
-11.430451393127441
-11.43305492401123
-11.43359661102295
-11.425607681274414
-11.42556095123291
-11.425003051757812
-11.419296264648438
-11.420114517211914
-11.41735553741455
-11.413636207580566
-11.413291931152344
-11.412559509277344
-11.412270545959473
-11.416582107543945
-11.426107406616211
-11.433991432189941
-11.432740211486816
-11.42756175994873
-11.418482780456543
-11.408235549926758
-11.405400276184082
-11.396212577819824
-11.405529022216797
-11.418198585510254
-11.422983169555664
-11.423991203308105
-11.431772232055664
-11.434144020080566
-11.430140495300293
-11.433842658996582
-11.424565315246582
-11.413127899169922
-11.404424667358398
-11.39395523071289
-11.406253814697266
-11.416166305541992
-11.429619789123535
-11.43243408203125
-11.432649612426758
-11.428050994873047
-11.418805122375488
-11.414200782775879
-11.408252716064453
-11.4074068069458
-11.411704063415527
-11.420899391174316
-11.422933578491211
-11.429564476013184
-11.432879447937012
-11.435380935668945
-11.433868408203125
-11.436065673828125
-11.43297004699707
-11.433431625366211
-11.424151420593262
-11.404118537902832
-11.373905181884766
-11.35951042175293
-11.38901138305664
-11.413370132446289
-11.430554389953613
-11.43224811553955
-11.418363571166992
-11.403282165527344
-11.376835823059082
-11.372828483581543
-11.396302223205566
-11.424534797668457
-11.43378734588623
-11.426011085510254
-11.403940200805664
-11.380221366882324
-11.37786865234375
-11.39329719543457
-11.42082691192627
-11.431797981262207
-11.42778205871582
-11.427781105041504
-11.415782928466797
-11.401649475097656
-11.402115821838379
-11.419516563415527
-11.431367874145508
-11.436249732971191
-11.420496940612793
-11.408818244934082
-11.398077011108398
-11.402624130249023
-11.417313575744629
-11.431264877319336
-11.43445110321045
-11.433646202087402
-11.431272506713867
-11.427595138549805
-11.424270629882812
-11.412410736083984
-11.407740592956543
-11.41281509399414
-11.422832489013672
-11.43241024017334
-11.434869766235352
-11.435346603393555
-11.435882568359375
-11.428399085998535
-11.4263277053833
-11.426411628723145
-11.42529582977295
-11.427774429321289
-11.429537773132324
-11.432000160217285
-11.431672096252441
-11.436049461364746
-11.434713363647461
-11.432535171508789
-11.437158584594727
-11.435822486877441
-11.433252334594727
-11.431475639343262
-11.435382843017578
-11.431172370910645
-11.43489933013916
-11.432808876037598
-11.436256408691406
-11.432538032531738
-11.422642707824707
-11.42462158203125
-11.429104804992676
-11.43014144897461
-11.431133270263672
-11.433609008789062
-11.434455871582031
-11.43321418762207
-11.433520317077637
-11.434260368347168
-11.439960479736328
-11.435995101928711
-11.437131881713867
-11.435885429382324
-11.437283515930176
-11.43200397491455
-11.434107780456543
-11.434346199035645
-11.433669090270996
-11.436262130737305
-11.435563087463379
-11.432854652404785
-11.435378074645996
-11.4330472946167
-11.430953979492188
-11.428237915039062
-11.429903984069824
-11.430252075195312
-11.432169914245605
-11.43233871459961
-11.434249877929688
-11.435311317443848
-11.43475341796875
-11.435254096984863
-11.431901931762695
-11.430455207824707
-11.429213523864746
-11.424728393554688
-11.42585277557373
-11.419100761413574
-11.415095329284668
-11.416598320007324
-11.418930053710938
-11.41412353515625
-11.416089057922363
-11.410745620727539
-11.407694816589355
-11.408631324768066
-11.413969993591309
-11.413240432739258
-11.413707733154297
-11.420960426330566
-11.420270919799805
-11.419061660766602
-11.413419723510742
-11.40696907043457
-11.39688777923584
-11.396562576293945
-11.39980411529541
-11.413098335266113
-11.421903610229492
-11.4308500289917
-11.43228816986084
-11.431361198425293
-11.422414779663086
-11.405784606933594
-11.399792671203613
-11.393588066101074
-11.405835151672363
-11.413804054260254
-11.42838191986084
-11.434283256530762
-11.436079978942871
-11.428871154785156
-11.421372413635254
-11.402541160583496
-11.381194114685059
-11.386224746704102
-11.397196769714355
-11.409269332885742
-11.421781539916992
-11.426812171936035
-11.43242359161377
-11.432905197143555
-11.433279991149902
-11.438386917114258
-11.435251235961914
-11.433238983154297
-11.428339958190918
-11.422347068786621
-11.42800521850586
-11.427210807800293
-11.429184913635254
-11.430513381958008
-11.432106971740723
-11.432029724121094
-11.433597564697266
-11.436821937561035
-11.433189392089844
-11.431982040405273
-11.42573070526123
-11.419198036193848
-11.4144287109375
-11.410384178161621
-11.401243209838867
-11.40438461303711
-11.415876388549805
-11.431859016418457
-11.431954383850098
-11.429849624633789
-11.424223899841309
-11.412620544433594
-11.401455879211426
-11.397759437561035
-11.394309043884277
-11.406852722167969
-11.41707992553711
-11.432899475097656
-11.43126392364502
-11.433043479919434
-11.421810150146484
-11.41104507446289
-11.402544021606445
-11.396796226501465
-11.409327507019043
-11.422901153564453
-11.428549766540527
-11.430609703063965
-11.432258605957031
-11.42667007446289
-11.419891357421875
-11.409910202026367
-11.409177780151367
-11.413660049438477
-11.41160774230957
-11.415369987487793
-11.422269821166992
-11.431756973266602
-11.428326606750488
-11.430015563964844
-11.433835983276367
-11.436518669128418
-11.436245918273926
-11.4334077835083
-11.432324409484863
-11.434551239013672
-11.429306030273438
-11.42533016204834
-11.428132057189941
-11.426905632019043
-11.422048568725586
-11.418636322021484
-11.422245025634766
-11.429637908935547
-11.436339378356934
-11.416325569152832
-11.388718605041504
-11.356695175170898
-11.367825508117676
-11.398959159851074
-11.429174423217773
-11.384977340698242
-11.276238441467285
-11.280452728271484
-11.402730941772461
-11.435420036315918
-11.372597694396973
-11.299834251403809
-11.357697486877441
-11.42715835571289
-11.41858959197998
-11.365981101989746
-11.347991943359375
-11.39181900024414
-11.431113243103027
-11.431970596313477
-11.406972885131836
-11.392741203308105
-11.397990226745605
-11.415732383728027
-11.43122673034668
-11.436270713806152
-11.428975105285645
-11.430192947387695
-11.43421459197998
-11.433835983276367
-11.431779861450195
-11.42721939086914
-11.425766944885254
-11.425365447998047
-11.431768417358398
-11.431574821472168
-11.437043190002441
-11.432442665100098
-11.427536010742188
-11.42525577545166
-11.424453735351562
-11.424381256103516
-11.425871849060059
-11.426687240600586
-11.431890487670898
-11.436025619506836
-11.432744026184082
-11.432442665100098
-11.43105697631836
-11.428719520568848
-11.427769660949707
-11.432619094848633
-11.435693740844727
-11.433247566223145
-11.432985305786133
-11.430843353271484
-11.434049606323242
-11.438021659851074
-11.438140869140625
-11.43607234954834
-11.433571815490723
-11.42898941040039
-11.433463096618652
-11.424907684326172
-11.425960540771484
-11.429165840148926
-11.434224128723145
-11.43445873260498
-11.435134887695312
-11.438984870910645
-11.435822486877441
-11.43698787689209
-11.433961868286133
-11.43349838256836
-11.437230110168457
-11.437911987304688
-11.434568405151367
-11.437154769897461
-11.437525749206543
-11.438156127929688
-11.438406944274902
-11.436426162719727
-11.436504364013672
-11.436441421508789
-11.43263053894043
-11.426020622253418
-11.425253868103027
-11.426104545593262
-11.428470611572266
-11.429166793823242
-11.435155868530273
-11.438685417175293
-11.437760353088379
-11.435013771057129
-11.434674263000488
-11.43696403503418
-11.437785148620605
-11.435341835021973
-11.432734489440918
-11.434000015258789
-11.433635711669922
-11.435504913330078
-11.430962562561035
-11.42286205291748
-11.424351692199707
-11.428829193115234
-11.428507804870605
-11.432247161865234
-11.432355880737305
-11.437955856323242
-11.436810493469238
-11.436509132385254
-11.43668270111084
-11.43631362915039
-11.437893867492676
-11.43454647064209
-11.433332443237305
-11.429229736328125
-11.430527687072754
-11.430455207824707
-11.431608200073242
-11.427871704101562
-11.424951553344727
-11.427220344543457
-11.42491340637207
-11.425713539123535
-11.431658744812012
-11.431300163269043
-11.429611206054688
-11.43086051940918
-11.432710647583008
-11.426898002624512
-11.426473617553711
-11.431013107299805
-11.432937622070312
-11.432177543640137
-11.432802200317383
-11.437071800231934
-11.436661720275879
-11.436156272888184
-11.438885688781738
-11.435420989990234
-11.43780517578125
-11.436478614807129
-11.434948921203613
-11.433338165283203
-11.433643341064453
-11.43031120300293
-11.426521301269531
-11.425317764282227
-11.42639446258545
-11.422304153442383
-11.424359321594238
-11.424016952514648
-11.42015552520752
-11.41218090057373
-11.410770416259766
-11.409218788146973
-11.410431861877441
-11.412537574768066
-11.422881126403809
-11.433883666992188
-11.435848236083984
-11.436148643493652
-11.43636417388916
-11.43471622467041
-11.433382034301758
-11.430262565612793
-11.42466926574707
-11.427099227905273
-11.428897857666016
-11.426687240600586
-11.42533016204834
-11.425833702087402
-11.422426223754883
-11.424691200256348
-11.422402381896973
-11.426289558410645
-11.428545951843262
-11.428390502929688
-11.424667358398438
-11.421446800231934
-11.418379783630371
-11.415023803710938
-11.41889476776123
-11.423900604248047
-11.42987060546875
-11.43334674835205
-11.436970710754395
-11.436748504638672
-11.43738079071045
-11.43674087524414
-11.438434600830078
-11.438838958740234
-11.438785552978516
-11.43798542022705
-11.434207916259766
-11.435667991638184
-11.431982040405273
-11.42721176147461
-11.421607971191406
-11.412666320800781
-11.40321159362793
-11.40462875366211
-11.407594680786133
-11.41468620300293
-11.422120094299316
-11.429150581359863
-11.430768013000488
-11.431130409240723
-11.433837890625
-11.433719635009766
-11.4251708984375
-11.422720909118652
-11.413500785827637
-11.414548873901367
-11.421664237976074
-11.42834186553955
-11.432421684265137
-11.430034637451172
-11.43248462677002
-11.421043395996094
-11.411162376403809
-11.401658058166504
-11.398176193237305
-11.397324562072754
-11.401164054870605
-11.408631324768066
-11.418444633483887
-11.420475959777832
-11.43198013305664
-11.435771942138672
-11.438480377197266
-11.435802459716797
-11.43825626373291
-11.438671112060547
-11.434453964233398
-11.431046485900879
-11.427624702453613
-11.425164222717285
-11.424196243286133
-11.42174243927002
-11.431982040405273
-11.436722755432129
-11.43565845489502
-11.428595542907715
-11.421163558959961
-11.420061111450195
-11.419415473937988
-11.419395446777344
-11.420490264892578
-11.421419143676758
-11.424530982971191
-11.436728477478027
-11.438735961914062
-11.44096851348877
-11.440674781799316
-11.438769340515137
-11.438015937805176
-11.437955856323242
-11.428067207336426
-11.429235458374023
-11.427457809448242
-11.428062438964844
-11.432451248168945
-11.432097434997559
-11.431111335754395
-11.423971176147461
-11.417853355407715
-11.40173053741455
-11.388062477111816
-11.390100479125977
-11.410542488098145
-11.413780212402344
-11.414031028747559
-11.411138534545898
-11.404820442199707
-11.411470413208008
-11.427720069885254
-11.432677268981934
-11.405702590942383
-11.352117538452148
-11.336623191833496
-11.382834434509277
-11.423959732055664
-11.42811107635498
-11.43106460571289
-11.43994140625
-11.437714576721191
-11.432900428771973
-11.432387351989746
-11.435514450073242
-11.433932304382324
-11.437287330627441
-11.43503189086914
-11.440683364868164
-11.439868927001953
-11.437941551208496
-11.436327934265137
-11.426355361938477
-11.433337211608887
-11.424123764038086
-11.4232816696167
-11.426863670349121
-11.427484512329102
-11.426057815551758
-11.420108795166016
-11.42393970489502
-11.425477981567383
-11.42892837524414
-11.430334091186523
-11.435223579406738
-11.438567161560059
-11.434257507324219
-11.423720359802246
-11.396871566772461
-11.376059532165527
-11.379555702209473
-11.396602630615234
-11.418975830078125
-11.43407154083252
-11.437041282653809
-11.435812950134277
-11.426178932189941
-11.410263061523438
-11.407341957092285
-11.40537166595459
-11.410781860351562
-11.418951988220215
-11.421533584594727
-11.432148933410645
-11.428694725036621
-11.435420989990234
-11.435345649719238
-11.430469512939453
-11.42878246307373
-11.423468589782715
-11.413976669311523
-11.415769577026367
-11.42188835144043
-11.42783260345459
-11.434185028076172
-11.44015884399414
-11.437273979187012
-11.435815811157227
-11.43616771697998
-11.433563232421875
-11.430662155151367
-11.426094055175781
-11.427223205566406
-11.426979064941406
-11.43094539642334
-11.431275367736816
-11.427410125732422
-11.435933113098145
-11.43922233581543
-11.438691139221191
-11.434371948242188
-11.426891326904297
-11.424474716186523
-11.41983699798584
-11.406720161437988
-11.40604305267334
-11.407286643981934
-11.405364036560059
-11.408421516418457
-11.415997505187988
-11.427112579345703
-11.43402099609375
-11.436912536621094
-11.43719482421875
-11.43346118927002
-11.43386173248291
-11.434316635131836
-11.437609672546387
-11.439705848693848
-11.437681198120117
-11.437508583068848
-11.438465118408203
-11.437769889831543
-11.431951522827148
-11.424163818359375
-11.422698974609375
-11.41238784790039
-11.40897274017334
-11.407617568969727
-11.405884742736816
-11.404275894165039
-11.4053373336792
-11.407480239868164
-11.4116792678833
-11.413960456848145
-11.42025375366211
-11.425901412963867
-11.423773765563965
-11.425914764404297
-11.425217628479004
-11.426204681396484
-11.434110641479492
-11.43311595916748
-11.423563957214355
-11.408854484558105
-11.403105735778809
-11.402984619140625
-11.405420303344727
-11.416986465454102
-11.431232452392578
-11.438286781311035
-11.440834045410156
-11.433719635009766
-11.425103187561035
-11.424992561340332
-11.42274284362793
-11.431323051452637
-11.428674697875977
-11.427629470825195
-11.41991901397705
-11.41738224029541
-11.410958290100098
-11.415082931518555
-11.422757148742676
-11.423272132873535
-11.425202369689941
-11.42855167388916
-11.43453311920166
-11.4302396774292
-11.414634704589844
-11.37939453125
-11.362187385559082
-11.393081665039062
-11.424059867858887
-11.43871021270752
-11.430947303771973
-11.413963317871094
-11.39676284790039
-11.399080276489258
-11.419659614562988
-11.43582820892334
-11.438708305358887
-11.41775894165039
-11.401256561279297
-11.394405364990234
-11.40834903717041
-11.424074172973633
-11.437382698059082
-11.439112663269043
-11.438175201416016
-11.432218551635742
-11.422447204589844
-11.420984268188477
-11.426835060119629
-11.429219245910645
-11.430281639099121
-11.433880805969238
-11.436422348022461
-11.441033363342285
-11.441798210144043
-11.437928199768066
-11.440046310424805
-11.437457084655762
-11.438462257385254
-11.43621826171875
-11.43919849395752
-11.437031745910645
-11.435728073120117
-11.435093879699707
-11.43671703338623
-11.440011024475098
-11.4403076171875
-11.438769340515137
-11.43537425994873
-11.438392639160156
-11.440163612365723
-11.439332008361816
-11.438193321228027
-11.437102317810059
-11.436201095581055
-11.444540977478027
-11.43679428100586
-11.433950424194336
-11.435680389404297
-11.431793212890625
-11.429521560668945
-11.4331636428833
-11.430421829223633
-11.432854652404785
-11.434887886047363
-11.437819480895996
-11.439072608947754
-11.439237594604492
-11.43864917755127
-11.438785552978516
-11.434370040893555
-11.42735767364502
-11.41250991821289
-11.40380859375
-11.406670570373535
-11.413491249084473
-11.42411994934082
-11.437688827514648
-11.439706802368164
-11.441289901733398
-11.439064025878906
-11.441556930541992
-11.437660217285156
-11.437376022338867
-11.43681812286377
-11.437718391418457
-11.433459281921387
-11.433660507202148
-11.436302185058594
-11.4345121383667
-11.432676315307617
-11.434768676757812
-11.435603141784668
-11.43399715423584
-11.433016777038574
-11.433900833129883
-11.42995548248291
-11.434942245483398
-11.438054084777832
-11.439549446105957
-11.43789005279541
-11.436188697814941
-11.438953399658203
-11.43899154663086
-11.44347858428955
-11.437885284423828
-11.43205451965332
-11.426319122314453
-11.4249267578125
-11.422234535217285
-11.417208671569824
-11.4169282913208
-11.415167808532715
-11.424924850463867
-11.423752784729004
-11.426263809204102
-11.425134658813477
-11.422653198242188
-11.418377876281738
-11.409106254577637
-11.39465618133545
-11.396808624267578
-11.405196189880371
-11.423881530761719
-11.435944557189941
-11.442020416259766
-11.43131160736084
-11.407374382019043
-11.373130798339844
-11.357599258422852
-11.38769817352295
-11.419995307922363
-11.440032005310059
-11.43484878540039
-11.414690971374512
-11.394749641418457
-11.389052391052246
-11.404231071472168
-11.418599128723145
-11.42896556854248
-11.43899917602539
-11.439421653747559
-11.43952465057373
-11.439325332641602
-11.429815292358398
-11.42601203918457
-11.418449401855469
-11.417459487915039
-11.422765731811523
-11.429221153259277
-11.438714981079102
-11.437495231628418
-11.440523147583008
-11.437345504760742
-11.436868667602539
-11.429900169372559
-11.428678512573242
-11.430404663085938
-11.426318168640137
-11.427465438842773
-11.42802906036377
-11.426351547241211
-11.427117347717285
-11.424603462219238
-11.422959327697754
-11.422597885131836
-11.423689842224121
-11.425800323486328
-11.430636405944824
-11.433005332946777
-11.438695907592773
-11.438604354858398
-11.439997673034668
-11.440418243408203
-11.438714027404785
-11.439624786376953
-11.437607765197754
-11.435239791870117
-11.433384895324707
-11.430834770202637
-11.426340103149414
-11.4237642288208
-11.428552627563477
-11.434680938720703
-11.435781478881836
-11.43852424621582
-11.439290046691895
-11.442663192749023
-11.438735008239746
-11.442946434020996
-11.438103675842285
-11.442092895507812
-11.437010765075684
-11.442049980163574
-11.436185836791992
-11.432539939880371
-11.423827171325684
-11.419797897338867
-11.414749145507812
-11.406033515930176
-11.40101146697998
-11.401846885681152
-11.414630889892578
-11.426067352294922
-11.436420440673828
-11.437297821044922
-11.439534187316895
-11.440216064453125
-11.438788414001465
-11.43725872039795
-11.4347562789917
-11.43683910369873
-11.438957214355469
-11.43967342376709
-11.440604209899902
-11.44189739227295
-11.441898345947266
-11.436174392700195
-11.433419227600098
-11.432229995727539
-11.425718307495117
-11.420750617980957
-11.422439575195312
-11.427410125732422
-11.430937767028809
-11.42916202545166
-11.433005332946777
-11.432906150817871
-11.433266639709473
-11.433439254760742
-11.435373306274414
-11.435029029846191
-11.440134048461914
-11.44392204284668
-11.442726135253906
-11.430274963378906
-11.419584274291992
-11.393637657165527
-11.379709243774414
-11.385679244995117
-11.399523735046387
-11.42002010345459
-11.4354248046875
-11.428787231445312
-11.404764175415039
-11.382683753967285
-11.365448951721191
-11.379929542541504
-11.39987564086914
-11.426974296569824
-11.438216209411621
-11.43178939819336
-11.416860580444336
-11.386316299438477
-11.37242603302002
-11.394540786743164
-11.415793418884277
-11.434353828430176
-11.436302185058594
-11.436614036560059
-11.437417984008789
-11.433492660522461
-11.431071281433105
-11.434579849243164
-11.432695388793945
-11.433921813964844
-11.437170028686523
-11.434211730957031
-11.435894966125488
-11.43238353729248
-11.434807777404785
-11.430055618286133
-11.42685317993164
-11.419655799865723
-11.417957305908203
-11.416014671325684
-11.41588020324707
-11.419962882995605
-11.41798210144043
-11.418316841125488
-11.415812492370605
-11.41765022277832
-11.427732467651367
-11.439306259155273
-11.436283111572266
-11.418630599975586
-11.400487899780273
-11.39812183380127
-11.412996292114258
-11.423263549804688
-11.433314323425293
-11.442461967468262
-11.444480895996094
-11.437275886535645
-11.42663288116455
-11.408967971801758
-11.396920204162598
-11.40433406829834
-11.416592597961426
-11.430678367614746
-11.44051456451416
-11.44076919555664
-11.439008712768555
-11.432369232177734
-11.425915718078613
-11.423687934875488
-11.423901557922363
-11.429436683654785
-11.43174934387207
-11.4362211227417
-11.43852424621582
-11.440759658813477
-11.437122344970703
-11.437965393066406
-11.433204650878906
-11.431899070739746
-11.430158615112305
-11.43425178527832
-11.434802055358887
-11.436746597290039
-11.440621376037598
-11.438251495361328
-11.441893577575684
-11.441158294677734
-11.441129684448242
-11.438846588134766
-11.440882682800293
-11.443891525268555
-11.441017150878906
-11.444793701171875
-11.439751625061035
-11.443557739257812
-11.443238258361816
-11.443167686462402
-11.437223434448242
-11.434707641601562
-11.42597770690918
-11.421626091003418
-11.421876907348633
-11.418635368347168
-11.426158905029297
-11.4293851852417
-11.437220573425293
-11.441254615783691
-11.44279956817627
-11.438998222351074
-11.441519737243652
-11.443592071533203
-11.444899559020996
-11.44017505645752
-11.439875602722168
-11.425925254821777
-11.42153263092041
-11.417779922485352
-11.424309730529785
-11.429048538208008
-11.437477111816406
-11.437324523925781
-11.440363883972168
-11.440544128417969
-11.43597412109375
-11.436271667480469
-11.439497947692871
-11.441191673278809
-11.44279670715332
-11.441844940185547
-11.44449234008789
-11.440667152404785
-11.442241668701172
-11.443074226379395
-11.442861557006836
-11.442687034606934
-11.44189453125
-11.439796447753906
-11.436638832092285
-11.436408042907715
-11.42679500579834
-11.41948413848877
-11.406705856323242
-11.408477783203125
-11.412784576416016
-11.426996231079102
-11.436871528625488
-11.437676429748535
-11.438443183898926
-11.437530517578125
-11.431631088256836
-11.417405128479004
-11.404693603515625
-11.400397300720215
-11.408910751342773
-11.4198637008667
-11.437324523925781
-11.444157600402832
-11.437490463256836
-11.419158935546875
-11.396288871765137
-11.389338493347168
-11.394914627075195
-11.396770477294922
-11.408610343933105
-11.423810005187988
-11.437607765197754
-11.439827919006348
-11.434120178222656
-11.410778999328613
-11.393675804138184
-11.387436866760254
-11.409388542175293
-11.428699493408203
-11.43502426147461
-11.434839248657227
-11.425654411315918
-11.425897598266602
-11.43679428100586
-11.438056945800781
-11.434572219848633
-11.442559242248535
-11.440777778625488
-11.440059661865234
-11.431446075439453
-11.415287971496582
-11.4027738571167
-11.40466594696045
-11.419476509094238
-11.430013656616211
-11.437623977661133
-11.444879531860352
-11.442033767700195
-11.442420959472656
-11.441657066345215
-11.440752029418945
-11.441288948059082
-11.44107437133789
-11.441953659057617
-11.440237998962402
-11.439650535583496
-11.434612274169922
-11.434650421142578
-11.432275772094727
-11.42966365814209
-11.42896842956543
-11.429460525512695
-11.439594268798828
-11.439000129699707
-11.43775749206543
-11.44180679321289
-11.437439918518066
-11.43812084197998
-11.435893058776855
-11.43353271484375
-11.433784484863281
-11.430459976196289
-11.428104400634766
-11.431323051452637
-11.423626899719238
-11.412293434143066
-11.408756256103516
-11.413213729858398
-11.421528816223145
-11.431036949157715
-11.435843467712402
-11.437479019165039
-11.439348220825195
-11.442723274230957
-11.440640449523926
-11.43802261352539
-11.435800552368164
-11.429333686828613
-11.42173957824707
-11.41919231414795
-11.415438652038574
-11.419325828552246
-11.424171447753906
-11.42737865447998
-11.432564735412598
-11.43416690826416
-11.431732177734375
-11.422974586486816
-11.424787521362305
-11.42276668548584
-11.426977157592773
-11.43228816986084
-11.433695793151855
-11.437097549438477
-11.43574333190918
-11.431567192077637
-11.436294555664062
-11.440572738647461
-11.44556713104248
-11.4375581741333
-11.434823989868164
-11.427760124206543
-11.419971466064453
-11.424625396728516
-11.42414665222168
-11.431550979614258
-11.437108993530273
-11.44139575958252
-11.446141242980957
-11.441564559936523
-11.436392784118652
-11.432402610778809
-11.429717063903809
-11.424944877624512
-11.414032936096191
-11.40842056274414
-11.410481452941895
-11.420857429504395
-11.431963920593262
-11.440247535705566
-11.43944263458252
-11.431788444519043
-11.416881561279297
-11.400301933288574
-11.397750854492188
-11.40665340423584
-11.421527862548828
-11.433109283447266
-11.439372062683105
-11.44040298461914
-11.443070411682129
-11.437987327575684
-11.434142112731934
-11.425278663635254
-11.405197143554688
-11.380104064941406
-11.382094383239746
-11.39945125579834
-11.42030143737793
-11.437658309936523
-11.43813419342041
-11.441587448120117
-11.439478874206543
-11.43940544128418
-11.441058158874512
-11.4453763961792
-11.442005157470703
-11.440716743469238
-11.433795928955078
-11.41952133178711
-11.405669212341309
-11.38775634765625
-11.379359245300293
-11.403667449951172
-11.430777549743652
-11.441934585571289
-11.43244743347168
-11.39693832397461
-11.363102912902832
-11.368571281433105
-11.40168571472168
-11.419923782348633
-11.426461219787598
-11.423807144165039
-11.421847343444824
-11.41673469543457
-11.42808723449707
-11.433808326721191
-11.432476043701172
-11.418905258178711
-11.400449752807617
-11.404088973999023
-11.425463676452637
-11.441585540771484
-11.429929733276367
-11.391884803771973
-11.361404418945312
-11.387589454650879
-11.420536041259766
-11.432467460632324
-11.42552661895752
-11.423971176147461
-11.433019638061523
-11.426654815673828
-11.41379451751709
-11.413047790527344
-11.423160552978516
-11.431402206420898
-11.40001106262207
-11.385119438171387
-11.399216651916504
-11.41599178314209
-11.427635192871094
-11.432360649108887
-11.430452346801758
-11.419151306152344
-11.397561073303223
-11.384149551391602
-11.406753540039062
-11.433405876159668
-11.44340705871582
-11.432729721069336
-11.422914505004883
-11.40711498260498
-11.411073684692383
-11.414122581481934
-11.426787376403809
-11.43932056427002
-11.439757347106934
-11.433028221130371
-11.430435180664062
-11.431788444519043
-11.430547714233398
-11.440338134765625
-11.44389533996582
-11.430028915405273
-11.418155670166016
-11.412939071655273
-11.421076774597168
-11.429546356201172
-11.437131881713867
-11.441390991210938
-11.443458557128906
-11.43830394744873
-11.432522773742676
-11.425618171691895
-11.418777465820312
-11.427088737487793
-11.43549919128418
-11.44117546081543
-11.440498352050781
-11.444722175598145
-11.442036628723145
-11.440879821777344
-11.447453498840332
-11.441926002502441
-11.443785667419434
-11.443364143371582
-11.445244789123535
-11.440970420837402
-11.438162803649902
-11.43883228302002
-11.43993091583252
-11.436805725097656
-11.43556022644043
-11.44006061553955
-11.442974090576172
-11.444226264953613
-11.440768241882324
-11.438754081726074
-11.43558406829834
-11.427680015563965
-11.424012184143066
-11.426165580749512
-11.432726860046387
-11.44233226776123
-11.438210487365723
-11.441184043884277
-11.43749713897705
-11.432764053344727
-11.423235893249512
-11.411510467529297
-11.411908149719238
-11.41561222076416
-11.429896354675293
-11.439208984375
-11.443292617797852
-11.442702293395996
-11.44115161895752
-11.439736366271973
-11.43786907196045
-11.444063186645508
-11.444478988647461
-11.442880630493164
-11.442091941833496
-11.442371368408203
-11.44089126586914
-11.44517993927002
-11.445130348205566
-11.441679000854492
-11.44428825378418
-11.440674781799316
-11.442529678344727
-11.440413475036621
-11.443957328796387
-11.439900398254395
-11.439149856567383
-11.442319869995117
-11.445623397827148
-11.4426908493042
-11.44393539428711
-11.44056224822998
-11.44155502319336
-11.4334135055542
-11.432633399963379
-11.42794418334961
-11.427599906921387
-11.430997848510742
-11.43192195892334
-11.42938232421875
-11.434107780456543
-11.433280944824219
-11.438053131103516
-11.443485260009766
-11.445782661437988
-11.439231872558594
-11.428753852844238
-11.419764518737793
-11.413127899169922
-11.410277366638184
-11.4186429977417
-11.423001289367676
-11.424437522888184
-11.423151969909668
-11.433615684509277
-11.436920166015625
-11.439894676208496
-11.443559646606445
-11.444975852966309
-11.443586349487305
-11.444096565246582
-11.442180633544922
-11.43917179107666
-11.442157745361328
-11.446304321289062
-11.442713737487793
-11.439414978027344
-11.442442893981934
-11.437976837158203
-11.43508243560791
-11.430256843566895
-11.434732437133789
-11.436959266662598
-11.441254615783691
-11.443163871765137
-11.442935943603516
-11.43344497680664
-11.431629180908203
-11.425237655639648
-11.41981029510498
-11.41299057006836
-11.415619850158691
-11.420381546020508
-11.424304008483887
-11.430913925170898
-11.440642356872559
-11.44278335571289
-11.442438125610352
-11.438985824584961
-11.427946090698242
-11.406871795654297
-11.382906913757324
-11.38672161102295
-11.398445129394531
-11.419623374938965
-11.428755760192871
-11.439677238464355
-11.442805290222168
-11.44188117980957
-11.437873840332031
-11.431632995605469
-11.419957160949707
-11.409228324890137
-11.405006408691406
-11.409646987915039
-11.41810131072998
-11.428315162658691
-11.432931900024414
-11.436328887939453
-11.4376220703125
-11.438762664794922
-11.443841934204102
-11.444479942321777
-11.443431854248047
-11.442532539367676
-11.441569328308105
-11.43800163269043
-11.437744140625
-11.430482864379883
-11.424495697021484
-11.420337677001953
-11.42352294921875
-11.425345420837402
-11.431793212890625
-11.439191818237305
-11.441326141357422
-11.433792114257812
-11.427748680114746
-11.421730995178223
-11.42092227935791
-11.420989990234375
-11.425366401672363
-11.429583549499512
-11.433836936950684
-11.441142082214355
-11.44356918334961
-11.43870735168457
-11.43940258026123
-11.43617057800293
-11.43195915222168
-11.424896240234375
-11.419443130493164
-11.422718048095703
-11.429459571838379
-11.437801361083984
-11.44098949432373
-11.443585395812988
-11.44306755065918
-11.44189739227295
-11.44040298461914
-11.433629035949707
-11.434183120727539
-11.43031120300293
-11.434693336486816
-11.435415267944336
-11.437317848205566
-11.440031051635742
-11.440069198608398
-11.43608570098877
-11.441893577575684
-11.43764591217041
-11.442620277404785
-11.443560600280762
-11.444696426391602
-11.445869445800781
-11.444480895996094
-11.446051597595215
-11.444711685180664
-11.440536499023438
-11.442696571350098
-11.446272850036621
-11.443306922912598
-11.443802833557129
-11.44523811340332
-11.443099021911621
-11.443671226501465
-11.444536209106445
-11.440603256225586
-11.442529678344727
-11.442785263061523
-11.437806129455566
-11.435385704040527
-11.432988166809082
-11.427248001098633
-11.424232482910156
-11.412397384643555
-11.415186882019043
-11.420782089233398
-11.431174278259277
-11.437146186828613
-11.435982704162598
-11.434597969055176
-11.430224418640137
-11.420109748840332
-11.413285255432129
-11.414103507995605
-11.417448043823242
-11.423699378967285
-11.425187110900879
-11.420267105102539
-11.415440559387207
-11.40786361694336
-11.417057037353516
-11.4249267578125
-11.430408477783203
-11.436576843261719
-11.436936378479004
-11.43500804901123
-11.437054634094238
-11.4329833984375
-11.425880432128906
-11.423310279846191
-11.425493240356445
-11.424530029296875
-11.42004108428955
-11.428336143493652
-11.442123413085938
-11.439249992370605
-11.432599067687988
-11.421067237854004
-11.417580604553223
-11.43371295928955
-11.441579818725586
-11.437755584716797
-11.413155555725098
-11.394659996032715
-11.391427040100098
-11.403888702392578
-11.4195556640625
-11.433602333068848
-11.442206382751465
-11.442228317260742
-11.443565368652344
-11.444945335388184
-11.444172859191895
-11.444984436035156
-11.443410873413086
-11.441458702087402
-11.44167709350586
-11.443633079528809
-11.442463874816895
-11.438279151916504
-11.43979549407959
-11.438273429870605
-11.438755989074707
-11.435919761657715
-11.433466911315918
-11.435094833374023
-11.435945510864258
-11.437187194824219
-11.436066627502441
-11.432962417602539
-11.428714752197266
-11.422750473022461
-11.417098045349121
-11.415692329406738
-11.420530319213867
-11.424297332763672
-11.434863090515137
-11.435202598571777
-11.436641693115234
-11.441049575805664
-11.44668960571289
-11.440393447875977
-11.430624961853027
-11.425407409667969
-11.4183988571167
-11.413661003112793
-11.4183988571167
-11.423664093017578
-11.432941436767578
-11.432672500610352
-11.436413764953613
-11.435649871826172
-11.432185173034668
-11.432929992675781
-11.423569679260254
-11.42657470703125
-11.430692672729492
-11.437783241271973
-11.442780494689941
-11.443853378295898
-11.440624237060547
-11.42805004119873
-11.415155410766602
-11.409351348876953
-11.414448738098145
-11.426766395568848
-11.438725471496582
-11.44288444519043
-11.444038391113281
-11.437576293945312
-11.436713218688965
-11.429018020629883
-11.427393913269043
-11.435608863830566
-11.444448471069336
-11.440239906311035
-11.423820495605469
-11.399992942810059
-11.383313179016113
-11.382905006408691
-11.412460327148438
-11.436203956604004
-11.435636520385742
-11.396390914916992
-11.335295677185059
-11.339103698730469
-11.413287162780762
-11.431355476379395
-11.372465133666992
-11.345048904418945
-11.389724731445312
-11.42490291595459
-11.439016342163086
-11.434938430786133
-11.411757469177246
-11.387611389160156
-11.368854522705078
-11.361410140991211
-11.379979133605957
-11.413179397583008
-11.424182891845703
-11.382970809936523
-11.335946083068848
-11.388055801391602
-11.430619239807129
-11.338033676147461
-11.205343246459961
-11.39234733581543
-11.372008323669434
-11.157746315002441
-11.3870849609375
-11.38372802734375
-11.176729202270508
-11.385855674743652
-11.411169052124023
-11.249279975891113
-11.309359550476074
-11.434328079223633
-11.364070892333984
-11.238581657409668
-11.366153717041016
-11.440654754638672
-11.371886253356934
-11.29847526550293
-11.39299201965332
-11.44315242767334
-11.380014419555664
-11.330541610717773
-11.39132308959961
-11.441657066345215
-11.424095153808594
-11.3938570022583
-11.41395092010498
-11.438671112060547
-11.443398475646973
-11.437143325805664
-11.434808731079102
-11.428922653198242
-11.431083679199219
-11.43799877166748
-11.439522743225098
-11.443098068237305
-11.444397926330566
-11.445639610290527
-11.441841125488281
-11.44035530090332
-11.440455436706543
-11.443285942077637
-11.442510604858398
-11.44129467010498
-11.444005012512207
-11.441231727600098
-11.443198204040527
-11.444621086120605
-11.446640968322754
-11.448619842529297
-11.447800636291504
-11.448103904724121
-11.445253372192383
-11.446499824523926
-11.445035934448242
-11.443575859069824
-11.444408416748047
-11.446491241455078
-11.444612503051758
-11.446425437927246
-11.445239067077637
-11.443119049072266
-11.446544647216797
-11.444991111755371
-11.447392463684082
-11.445337295532227
-11.447270393371582
-11.44556999206543
-11.442608833312988
-11.443737030029297
-11.446548461914062
-11.44585132598877
-11.446198463439941
-11.445821762084961
-11.44488525390625
-11.44284439086914
-11.44463062286377
-11.447306632995605
-11.445934295654297
-11.448551177978516
-11.44473934173584
-11.448047637939453
-11.446063041687012
-11.447093963623047
-11.446197509765625
-11.444382667541504
-11.446897506713867
-11.44731330871582
-11.445832252502441
-11.445226669311523
-11.446044921875
-11.447234153747559
-11.443036079406738
-11.443822860717773
-11.442628860473633
-11.444808006286621
-11.44392204284668
-11.443881034851074
-11.446179389953613
-11.444761276245117
-11.442508697509766
-11.444436073303223
-11.44711685180664
-11.447041511535645
-11.445075988769531
-11.444550514221191
-11.44379997253418
-11.445086479187012
-11.44739818572998
-11.447152137756348
-11.445602416992188
-11.444561958312988
-11.446561813354492
-11.444738388061523
-11.44162368774414
-11.445291519165039
-11.446751594543457
-11.445955276489258
-11.444730758666992
-11.445174217224121
-11.445367813110352
-11.445168495178223
-11.446436882019043
-11.445880889892578
-11.443387031555176
-11.445664405822754
-11.441904067993164
-11.446088790893555
-11.444631576538086
-11.446325302124023
-11.445943832397461
-11.44601821899414
-11.447980880737305
-11.446732521057129
-11.447481155395508
-11.447065353393555
-11.445560455322266
-11.448919296264648
-11.445679664611816
-11.446209907531738
-11.447362899780273
-11.443923950195312
-11.4454345703125
-11.4457368850708
-11.44384479522705
-11.446501731872559
-11.443647384643555
-11.446117401123047
-11.44705867767334
-11.44131851196289
-11.445521354675293
-11.444360733032227
-11.446874618530273
-11.447442054748535
-11.447335243225098
-11.4436674118042
-11.445322036743164
-11.44369888305664
-11.447700500488281
-11.445734024047852
-11.444097518920898
-11.445178985595703
-11.445631980895996
-11.44655990600586
-11.446834564208984
-11.444107055664062
-11.443002700805664
-11.445891380310059
-11.44521713256836
-11.446006774902344
-11.446163177490234
-11.445182800292969
-11.444326400756836
-11.445867538452148
-11.44638729095459
-11.444175720214844
-11.443336486816406
-11.441451072692871
-11.436582565307617
-11.441009521484375
-11.442497253417969
-11.445751190185547
-11.44559383392334
-11.44550609588623
-11.446727752685547
-11.444960594177246
-11.446612358093262
-11.445703506469727
-11.442577362060547
-11.443648338317871
-11.443268775939941
-11.444536209106445
-11.44495677947998
-11.444517135620117
-11.441987037658691
-11.444552421569824
-11.445521354675293
-11.447050094604492
-11.44304370880127
-11.44240665435791
-11.44246768951416
-11.444561004638672
-11.442590713500977
-11.442477226257324
-11.441606521606445
-11.441359519958496
-11.439281463623047
-11.4350004196167
-11.439701080322266
-11.445059776306152
-11.445541381835938
-11.445720672607422
-11.445460319519043
-11.446901321411133
-11.447750091552734
-11.444029808044434
-11.444145202636719
-11.444340705871582
-11.446167945861816
-11.445260047912598
-11.4487943649292
-11.44404411315918
-11.448172569274902
-11.444785118103027
-11.445469856262207
-11.445552825927734
-11.447514533996582
-11.44677734375
-11.44507122039795
-11.444902420043945
-11.448007583618164
-11.447521209716797
-11.445058822631836
-11.446085929870605
-11.446098327636719
-11.445178031921387
-11.441046714782715
-11.441750526428223
-11.442687034606934
-11.442477226257324
-11.441162109375
-11.440495491027832
-11.43691635131836
-11.437867164611816
-11.436383247375488
-11.433090209960938
-11.431538581848145
-11.430801391601562
-11.431504249572754
-11.430047035217285
-11.422660827636719
-11.416716575622559
-11.422402381896973
-11.428043365478516
-11.43627643585205
-11.435991287231445
-11.437650680541992
-11.43413257598877
-11.43415355682373
-11.436531066894531
-11.436209678649902
-11.435415267944336
-11.439372062683105
-11.433807373046875
-11.431133270263672
-11.427529335021973
-11.421844482421875
-11.414669036865234
-11.415830612182617
-11.415806770324707
-11.412137031555176
-11.415365219116211
-11.41921329498291
-11.428520202636719
-11.432392120361328
-11.438203811645508
-11.441157341003418
-11.440861701965332
-11.437643051147461
-11.437039375305176
-11.436673164367676
-11.42828369140625
-11.420808792114258
-11.406035423278809
-11.402130126953125
-11.413166046142578
-11.427042961120605
-11.442145347595215
-11.4439115524292
-11.446732521057129
-11.446539878845215
-11.439349174499512
-11.430832862854004
-11.417346954345703
-11.408432006835938
-11.403653144836426
-11.41417121887207
-11.428160667419434
-11.435516357421875
-11.43781852722168
-11.439451217651367
-11.436305046081543
-11.440716743469238
-11.438411712646484
-11.43276309967041
-11.426875114440918
-11.422391891479492
-11.412012100219727
-11.399683952331543
-11.40488338470459
-11.418578147888184
-11.428454399108887
-11.436458587646484
-11.436532974243164
-11.438718795776367
-11.439427375793457
-11.428304672241211
-11.408159255981445
-11.385869026184082
-11.365193367004395
-11.38271713256836
-11.415940284729004
-11.434576034545898
-11.444808006286621
-11.434405326843262
-11.424149513244629
-11.408666610717773
-11.401727676391602
-11.40896987915039
-11.427882194519043
-11.439284324645996
-11.434919357299805
-11.403936386108398
-11.37002182006836
-11.382975578308105
-11.412991523742676
-11.436201095581055
-11.438850402832031
-11.418573379516602
-11.393651962280273
-11.389812469482422
-11.42241096496582
-11.442469596862793
-11.44636344909668
-11.439104080200195
-11.43085765838623
-11.430739402770996
-11.435081481933594
-11.439247131347656
-11.447430610656738
-11.440874099731445
-11.426778793334961
-11.407501220703125
-11.395956993103027
-11.405442237854004
-11.428497314453125
-11.448456764221191
-11.444089889526367
-11.431487083435059
-11.412199974060059
-11.409854888916016
-11.422062873840332
-11.43753719329834
-11.442108154296875
-11.444942474365234
-11.443528175354004
-11.43399715423584
-11.429854393005371
-11.426913261413574
-11.427691459655762
-11.43210506439209
-11.437026023864746
-11.432699203491211
-11.435483932495117
-11.435920715332031
-11.432234764099121
-11.436763763427734
-11.442838668823242
-11.444096565246582
-11.446195602416992
-11.448314666748047
-11.445557594299316
-11.442429542541504
-11.443093299865723
-11.448346138000488
-11.445413589477539
-11.445446968078613
-11.442349433898926
-11.44577693939209
-11.441910743713379
-11.444192886352539
-11.439419746398926
-11.434348106384277
-11.434928894042969
-11.433695793151855
-11.434849739074707
-11.441031455993652
-11.445097923278809
-11.44552230834961
-11.443251609802246
-11.438231468200684
