loss_b
-5.771369457244873
-5.771773338317871
-5.772109031677246
-5.7725067138671875
-5.772823333740234
-5.7732648849487305
-5.773947715759277
-5.774320602416992
-5.774927616119385
-5.776118755340576
-5.776768684387207
-5.777745246887207
-5.778345584869385
-5.778911113739014
-5.780673027038574
-5.782286167144775
-5.783768177032471
-5.785585403442383
-5.787599086761475
-5.790926933288574
-5.7923760414123535
-5.7969651222229
-5.799744129180908
-5.806031227111816
-5.807653427124023
-5.81255578994751
-5.820470333099365
-5.825955390930176
-5.830156326293945
-5.838673114776611
-5.843685150146484
-5.859987258911133
-5.864566326141357
-5.884374618530273
-5.892544269561768
-5.911766529083252
-5.934722423553467
-5.945257663726807
-5.970480442047119
-5.975066184997559
-6.022426605224609
-6.050625801086426
-6.093311309814453
-6.123270511627197
-6.1527252197265625
-6.220880031585693
-6.2732930183410645
-6.336734294891357
-6.415220737457275
-6.4680681228637695
-6.5785627365112305
-6.638933181762695
-6.768698692321777
-6.928344249725342
-7.056187152862549
-7.266458034515381
-7.358911514282227
-7.523301601409912
-7.626828670501709
-7.827844142913818
-7.8216938972473145
-7.778524875640869
-7.574448108673096
-7.708010673522949
-7.71578311920166
-7.739989757537842
-7.737672805786133
-7.796781063079834
-8.011943817138672
-7.9703850746154785
-7.97503137588501
-7.977784633636475
-8.05180549621582
-7.882319927215576
-8.045941352844238
-7.970081329345703
-7.963441848754883
-8.123222351074219
-8.125289916992188
-8.154458999633789
-8.209807395935059
-8.177567481994629
-8.267167091369629
-8.220139503479004
-8.258661270141602
-8.30620288848877
-8.30467700958252
-8.350814819335938
-8.36239242553711
-8.413283348083496
-8.434372901916504
-8.423340797424316
-8.457586288452148
-8.507111549377441
-8.553297996520996
-8.581783294677734
-8.625480651855469
-8.623287200927734
-8.656974792480469
-8.716313362121582
-8.741424560546875
-8.790595054626465
-8.821553230285645
-8.845673561096191
-8.884956359863281
-8.897955894470215
-8.986309051513672
-9.021629333496094
-9.03425407409668
-9.123531341552734
-9.11724853515625
-9.194130897521973
-9.22817325592041
-9.30156421661377
-9.346054077148438
-9.388827323913574
-9.43045711517334
-9.484700202941895
-9.50673770904541
-9.589912414550781
-9.587444305419922
-9.639669418334961
-9.724530220031738
-9.739375114440918
-9.791173934936523
-9.810723304748535
-9.925500869750977
-9.815960884094238
-10.037586212158203
-10.008828163146973
-10.077762603759766
-10.13451099395752
-10.021687507629395
-10.154991149902344
-10.091229438781738
-10.147961616516113
-10.249618530273438
-10.182162284851074
-10.153096199035645
-10.22730541229248
-10.208263397216797
-10.316720008850098
-10.324189186096191
-10.337736129760742
-10.36284065246582
-10.320123672485352
-10.398056983947754
-10.420448303222656
-10.37521743774414
-10.377366065979004
-10.518720626831055
-10.445189476013184
-10.468304634094238
-10.49681282043457
-10.460235595703125
-10.541625022888184
-10.563383102416992
-10.502975463867188
-10.553873062133789
-10.595806121826172
-10.55131721496582
-10.550586700439453
-10.593066215515137
-10.61636734008789
-10.609686851501465
-10.664957046508789
-10.632073402404785
-10.626575469970703
-10.639331817626953
-10.662703514099121
-10.646356582641602
-10.662090301513672
-10.686738014221191
-10.639899253845215
-10.681353569030762
-10.715198516845703
-10.749170303344727
-10.72336196899414
-10.730435371398926
-10.695721626281738
-10.785046577453613
-10.74342155456543
-10.780168533325195
-10.785185813903809
-10.780058860778809
-10.771495819091797
-10.806743621826172
-10.782613754272461
-10.813302993774414
-10.795855522155762
-10.836044311523438
-10.757007598876953
-10.83823013305664
-10.777144432067871
-10.836880683898926
-10.833331108093262
-10.88284969329834
-10.83790397644043
-10.833817481994629
-10.89652156829834
-10.825782775878906
-10.839298248291016
-10.81807804107666
-10.900025367736816
-10.871983528137207
-10.896738052368164
-10.931944847106934
-10.89968490600586
-10.930031776428223
-10.9226655960083
-10.926581382751465
-10.914894104003906
-10.937173843383789
-10.938915252685547
-10.871565818786621
-10.961262702941895
-10.946098327636719
-10.944510459899902
-10.980161666870117
-10.968482971191406
-10.936637878417969
-10.995707511901855
-10.930999755859375
-10.95384407043457
-10.990239143371582
-11.00259017944336
-11.024408340454102
-11.012777328491211
-11.005294799804688
-11.043766975402832
-11.002324104309082
-11.016392707824707
-11.03308391571045
-11.043802261352539
-11.04229736328125
-11.030269622802734
-11.014060020446777
-11.01171588897705
-11.036063194274902
-10.999282836914062
-11.035160064697266
-11.007749557495117
-11.0564603805542
-11.027151107788086
-11.039230346679688
-11.034558296203613
-11.065110206604004
-11.088419914245605
-11.020866394042969
-11.095660209655762
-11.085148811340332
-11.069793701171875
-11.073999404907227
-11.082592010498047
-11.0977783203125
-11.102203369140625
-11.073334693908691
-11.124802589416504
-11.088394165039062
-11.07336711883545
-11.101719856262207
-11.101431846618652
-11.109301567077637
-11.084699630737305
-11.096311569213867
-11.114748001098633
-11.130955696105957
-11.105814933776855
-11.132136344909668
-11.122244834899902
-11.131172180175781
-11.126296997070312
-11.138816833496094
-11.12735366821289
-11.131057739257812
-11.139829635620117
-11.13455867767334
-11.179239273071289
-11.141350746154785
-11.165393829345703
-11.164965629577637
-11.15241527557373
-11.179125785827637
-11.160567283630371
-11.1673002243042
-11.15722370147705
-11.174906730651855
-11.179530143737793
-11.13597297668457
-11.173223495483398
-11.165746688842773
-11.194697380065918
-11.19417667388916
-11.198759078979492
-11.189160346984863
-11.184915542602539
-11.197579383850098
-11.177605628967285
-11.207250595092773
-11.19249439239502
-11.203605651855469
-11.213920593261719
-11.192270278930664
-11.195723533630371
-11.228545188903809
-11.240907669067383
-11.221229553222656
-11.211515426635742
-11.21492862701416
-11.251655578613281
-11.228172302246094
-11.210304260253906
-11.221866607666016
-11.234846115112305
-11.24091911315918
-11.26655101776123
-11.230278968811035
-11.235831260681152
-11.252298355102539
-11.246492385864258
-11.237537384033203
-11.245020866394043
-11.233976364135742
-11.26434326171875
-11.26737117767334
-11.258188247680664
-11.265280723571777
-11.2612886428833
-11.254350662231445
-11.270794868469238
-11.257023811340332
-11.282055854797363
-11.277620315551758
-11.273505210876465
-11.287342071533203
-11.275789260864258
-11.28979206085205
-11.2876615524292
-11.26707935333252
-11.2842378616333
-11.291671752929688
-11.278843879699707
-11.299659729003906
-11.295743942260742
-11.284429550170898
-11.274002075195312
-11.292301177978516
-11.287076950073242
-11.294936180114746
-11.284531593322754
-11.293269157409668
-11.278594017028809
-11.303711891174316
-11.294780731201172
-11.29934024810791
-11.307307243347168
-11.314085006713867
-11.306736946105957
-11.316873550415039
-11.310906410217285
-11.308980941772461
-11.297954559326172
-11.327570915222168
-11.316564559936523
-11.318852424621582
-11.325102806091309
-11.320049285888672
-11.334885597229004
-11.327325820922852
-11.322271347045898
-11.32375431060791
-11.324188232421875
-11.322232246398926
-11.322269439697266
-11.334113121032715
-11.33428955078125
-11.338602066040039
-11.326260566711426
-11.337226867675781
-11.329803466796875
-11.34484577178955
-11.338942527770996
-11.346534729003906
-11.345843315124512
-11.344042778015137
-11.347759246826172
-11.348175048828125
-11.351479530334473
-11.356559753417969
-11.350508689880371
-11.347160339355469
-11.354544639587402
-11.343815803527832
-11.353744506835938
-11.359722137451172
-11.3529052734375
-11.363798141479492
-11.362603187561035
-11.365179061889648
-11.357934951782227
-11.360492706298828
-11.356560707092285
-11.360349655151367
-11.372594833374023
-11.365540504455566
-11.369428634643555
-11.371330261230469
-11.363540649414062
-11.36495304107666
-11.36117172241211
-11.36750602722168
-11.374738693237305
-11.377616882324219
-11.371294021606445
-11.364801406860352
-11.379956245422363
-11.381417274475098
-11.378927230834961
-11.390109062194824
-11.385802268981934
-11.379631996154785
-11.379644393920898
-11.384520530700684
-11.383084297180176
-11.38493537902832
-11.379494667053223
-11.387778282165527
-11.381744384765625
-11.386595726013184
-11.38866901397705
-11.396649360656738
-11.399606704711914
-11.3978271484375
-11.394607543945312
-11.389223098754883
-11.401037216186523
-11.392396926879883
-11.39462661743164
-11.392285346984863
-11.391314506530762
-11.39176082611084
-11.398690223693848
-11.40131664276123
-11.39818000793457
-11.396547317504883
-11.397669792175293
-11.394830703735352
-11.405075073242188
-11.407648086547852
-11.403221130371094
-11.408668518066406
-11.400850296020508
-11.40407943725586
-11.410913467407227
-11.408333778381348
-11.409542083740234
-11.40581226348877
-11.411073684692383
-11.407994270324707
-11.408632278442383
-11.414109230041504
-11.409280776977539
-11.41261100769043
-11.414735794067383
-11.415133476257324
-11.417141914367676
-11.415443420410156
-11.41565990447998
-11.411211967468262
-11.422463417053223
-11.419045448303223
-11.410188674926758
-11.423470497131348
-11.417741775512695
-11.426026344299316
-11.420787811279297
-11.415529251098633
-11.419670104980469
-11.416193008422852
-11.41994571685791
-11.423576354980469
-11.424176216125488
-11.422470092773438
-11.42114543914795
-11.423055648803711
-11.425048828125
-11.422755241394043
-11.422083854675293
-11.421835899353027
-11.429059982299805
-11.426328659057617
-11.42656135559082
-11.430871963500977
-11.427722930908203
-11.428792953491211
-11.430498123168945
-11.430615425109863
-11.432172775268555
-11.427857398986816
-11.433487892150879
-11.430731773376465
-11.4317045211792
-11.433741569519043
-11.432817459106445
-11.431930541992188
-11.429388046264648
-11.429228782653809
-11.426093101501465
-11.428853034973145
-11.4293794631958
-11.428506851196289
-11.427736282348633
-11.427522659301758
-11.426106452941895
-11.43352222442627
-11.432870864868164
-11.433698654174805
-11.43985652923584
-11.435988426208496
-11.429783821105957
-11.435403823852539
-11.433130264282227
-11.432915687561035
-11.432541847229004
-11.43533992767334
-11.440828323364258
-11.44106388092041
-11.439263343811035
-11.441492080688477
-11.437056541442871
-11.435616493225098
-11.437965393066406
-11.440508842468262
-11.440437316894531
-11.442925453186035
-11.442252159118652
-11.442654609680176
-11.439173698425293
-11.439703941345215
-11.43842601776123
-11.437209129333496
-11.443218231201172
-11.441316604614258
-11.440459251403809
-11.444945335388184
-11.442747116088867
-11.442219734191895
-11.444611549377441
-11.43685245513916
-11.441673278808594
-11.440593719482422
-11.443100929260254
-11.441465377807617
-11.444624900817871
-11.443055152893066
-11.441352844238281
-11.444664001464844
-11.44343376159668
-11.449834823608398
-11.447249412536621
-11.444926261901855
-11.448383331298828
-11.447291374206543
-11.44817066192627
-11.45143985748291
-11.451462745666504
-11.449625015258789
-11.443628311157227
-11.440694808959961
-11.446279525756836
-11.45114517211914
-11.450361251831055
-11.446614265441895
-11.44456958770752
-11.445695877075195
-11.447293281555176
-11.452466011047363
-11.451624870300293
-11.448244094848633
-11.450446128845215
-11.450363159179688
-11.454365730285645
-11.45134162902832
-11.448513984680176
-11.450149536132812
-11.453956604003906
-11.451277732849121
-11.454349517822266
-11.454627990722656
-11.45811939239502
-11.454568862915039
-11.455398559570312
-11.449373245239258
-11.45499038696289
-11.45627498626709
-11.452764511108398
-11.454459190368652
-11.453329086303711
-11.45365047454834
-11.454964637756348
-11.45383071899414
-11.45312786102295
-11.450421333312988
-11.4484224319458
-11.44987678527832
-11.45319652557373
-11.455632209777832
-11.45399284362793
-11.449337005615234
-11.447959899902344
-11.454473495483398
-11.456132888793945
-11.455702781677246
-11.45662784576416
-11.457757949829102
-11.45390510559082
-11.458826065063477
-11.459527015686035
-11.45962142944336
-11.4577054977417
-11.457819938659668
-11.459395408630371
-11.458489418029785
-11.459622383117676
-11.461268424987793
-11.458633422851562
-11.45736026763916
-11.456976890563965
-11.457986831665039
-11.457770347595215
-11.460637092590332
-11.462225914001465
-11.46034049987793
-11.458930969238281
-11.45556926727295
-11.462018013000488
-11.45971965789795
-11.460526466369629
-11.461967468261719
-11.460304260253906
-11.46010971069336
-11.46018123626709
-11.462860107421875
-11.462594032287598
-11.462646484375
-11.462835311889648
-11.462949752807617
-11.46334171295166
-11.462940216064453
-11.46258544921875
-11.464669227600098
-11.461710929870605
-11.465185165405273
-11.462149620056152
-11.463353157043457
-11.465271949768066
-11.465680122375488
-11.465092658996582
-11.464363098144531
-11.464537620544434
-11.462995529174805
-11.466659545898438
-11.466451644897461
-11.466527938842773
-11.465675354003906
-11.465723037719727
-11.467074394226074
-11.464099884033203
-11.466933250427246
-11.463630676269531
-11.465193748474121
-11.466157913208008
-11.465978622436523
-11.46622085571289
-11.465045928955078
-11.467340469360352
-11.46595287322998
-11.46605396270752
-11.466277122497559
-11.464771270751953
-11.461928367614746
-11.463971138000488
-11.467694282531738
-11.465543746948242
-11.46562671661377
-11.4686279296875
-11.467886924743652
-11.46599006652832
-11.464693069458008
-11.464200019836426
-11.465517044067383
-11.466940879821777
-11.46863842010498
-11.465545654296875
-11.464446067810059
-11.468160629272461
-11.466981887817383
-11.465572357177734
-11.468462944030762
-11.466583251953125
-11.467472076416016
-11.468958854675293
-11.466432571411133
-11.468764305114746
-11.46603012084961
-11.465147018432617
-11.463973999023438
-11.46469783782959
-11.46859073638916
-11.469573974609375
-11.471094131469727
-11.46805477142334
-11.466038703918457
-11.462093353271484
-11.460468292236328
-11.459439277648926
-11.466166496276855
-11.47063159942627
-11.468624114990234
-11.470172882080078
-11.466814041137695
-11.465813636779785
-11.470281600952148
-11.47033405303955
-11.471747398376465
-11.469972610473633
-11.470304489135742
-11.470283508300781
-11.470499992370605
-11.473031997680664
-11.47321605682373
-11.47192668914795
-11.469606399536133
-11.469009399414062
-11.470219612121582
-11.470691680908203
-11.470270156860352
-11.472345352172852
-11.473578453063965
-11.474701881408691
-11.471976280212402
-11.474279403686523
-11.473247528076172
-11.473038673400879
-11.47206974029541
-11.471691131591797
-11.474067687988281
-11.47397232055664
-11.475142478942871
-11.473816871643066
-11.472366333007812
-11.470572471618652
-11.47286319732666
-11.4713134765625
-11.474026679992676
-11.472345352172852
-11.473692893981934
-11.474934577941895
-11.473933219909668
-11.474724769592285
-11.474382400512695
-11.475337028503418
-11.47530460357666
-11.474395751953125
-11.47729778289795
-11.475687980651855
-11.473968505859375
-11.47214412689209
-11.471854209899902
-11.470730781555176
-11.471461296081543
-11.474527359008789
-11.474681854248047
-11.4764986038208
-11.476263046264648
-11.474445343017578
-11.475375175476074
-11.475088119506836
-11.476179122924805
-11.476329803466797
-11.477261543273926
-11.477564811706543
-11.476936340332031
-11.476693153381348
-11.476366996765137
-11.476365089416504
-11.475214004516602
-11.47249698638916
-11.473252296447754
-11.474613189697266
-11.477412223815918
-11.477124214172363
-11.477540016174316
-11.476279258728027
-11.474569320678711
-11.47164535522461
-11.473183631896973
-11.475095748901367
-11.477228164672852
-11.47792911529541
-11.472112655639648
-11.467607498168945
-11.465612411499023
-11.465899467468262
-11.472946166992188
-11.47700309753418
-11.479079246520996
-11.478290557861328
-11.474811553955078
-11.47424030303955
-11.474420547485352
-11.476116180419922
-11.476365089416504
-11.47708797454834
-11.474943161010742
-11.475504875183105
-11.476858139038086
-11.477105140686035
-11.478669166564941
-11.47681999206543
-11.47822380065918
-11.47872543334961
-11.477377891540527
-11.478759765625
-11.480504035949707
-11.478164672851562
-11.48003101348877
-11.480010032653809
-11.47838306427002
-11.4786958694458
-11.479040145874023
-11.478471755981445
-11.48046588897705
-11.478928565979004
-11.479194641113281
-11.479316711425781
-11.478921890258789
-11.480315208435059
-11.479262351989746
-11.479402542114258
-11.478221893310547
-11.48033332824707
-11.480451583862305
-11.478751182556152
-11.47876262664795
-11.480022430419922
-11.479154586791992
-11.478886604309082
-11.479995727539062
-11.479923248291016
-11.480403900146484
-11.48142147064209
-11.480315208435059
-11.479838371276855
-11.480737686157227
-11.480534553527832
-11.48128604888916
-11.4808349609375
-11.4804048538208
-11.480962753295898
-11.480447769165039
-11.481894493103027
-11.481182098388672
-11.479798316955566
-11.47888469696045
-11.479527473449707
-11.478826522827148
-11.478937149047852
-11.479098320007324
-11.480701446533203
-11.47995662689209
-11.481698036193848
-11.481329917907715
-11.482725143432617
-11.482653617858887
-11.48058795928955
-11.478816032409668
-11.476973533630371
-11.477540969848633
-11.476730346679688
-11.478032112121582
-11.477496147155762
-11.47999095916748
-11.481609344482422
-11.481583595275879
-11.480414390563965
-11.477455139160156
-11.476088523864746
-11.476094245910645
-11.479345321655273
-11.480814933776855
-11.481159210205078
-11.477957725524902
-11.473506927490234
-11.471732139587402
-11.472522735595703
-11.477551460266113
-11.480366706848145
-11.48280143737793
-11.481950759887695
-11.481168746948242
-11.480854988098145
-11.481410026550293
-11.482138633728027
-11.482979774475098
-11.4834566116333
-11.481986999511719
-11.478814125061035
-11.478697776794434
-11.478309631347656
-11.48049259185791
-11.48254680633545
-11.481990814208984
-11.481535911560059
-11.483904838562012
-11.482147216796875
-11.482545852661133
-11.482206344604492
-11.482447624206543
-11.482970237731934
-11.483716011047363
-11.483612060546875
-11.482564926147461
-11.481233596801758
-11.482397079467773
-11.482276916503906
-11.483124732971191
-11.482778549194336
-11.483150482177734
-11.484564781188965
-11.483397483825684
-11.483420372009277
-11.482050895690918
-11.481668472290039
-11.483049392700195
-11.481860160827637
-11.483370780944824
-11.484334945678711
-11.483111381530762
-11.483929634094238
-11.482515335083008
-11.484086036682129
-11.484522819519043
-11.483931541442871
-11.483266830444336
-11.483423233032227
-11.483561515808105
-11.483964920043945
-11.483566284179688
-11.483794212341309
-11.484403610229492
-11.484476089477539
-11.484515190124512
-11.484289169311523
-11.484940528869629
-11.484975814819336
-11.485003471374512
-11.483715057373047
-11.484354019165039
-11.484163284301758
-11.483853340148926
-11.482568740844727
-11.482672691345215
-11.48340892791748
-11.483830451965332
-11.484310150146484
-11.48604679107666
-11.483881950378418
-11.483431816101074
-11.484766006469727
-11.48427963256836
-11.484734535217285
-11.483458518981934
-11.483567237854004
-11.481736183166504
-11.48233413696289
-11.480937957763672
-11.483525276184082
-11.480067253112793
-11.481396675109863
-11.481534957885742
-11.483134269714355
-11.485466957092285
-11.485687255859375
-11.48538589477539
-11.48556137084961
-11.484040260314941
-11.482566833496094
-11.481663703918457
-11.482919692993164
-11.484708786010742
-11.485916137695312
-11.485986709594727
-11.485105514526367
-11.485152244567871
-11.48601245880127
-11.485024452209473
-11.485856056213379
-11.482640266418457
-11.48511028289795
-11.4859037399292
-11.484951972961426
-11.485740661621094
-11.485902786254883
-11.484952926635742
-11.485065460205078
-11.48553466796875
-11.483491897583008
-11.483285903930664
-11.482075691223145
-11.483160972595215
-11.481969833374023
-11.483142852783203
-11.4829740524292
-11.48302936553955
-11.481398582458496
-11.480366706848145
-11.480128288269043
-11.482623100280762
-11.4828462600708
-11.484943389892578
-11.486289978027344
-11.484213829040527
-11.481796264648438
-11.480661392211914
-11.478428840637207
-11.476951599121094
-11.477232933044434
-11.480483055114746
-11.483348846435547
-11.484731674194336
-11.485774040222168
-11.48146915435791
-11.47965145111084
-11.480854988098145
-11.483543395996094
-11.485737800598145
-11.486273765563965
-11.485930442810059
-11.48536491394043
-11.482099533081055
-11.482518196105957
-11.484374046325684
-11.485136032104492
-11.486480712890625
-11.486004829406738
-11.48709487915039
-11.487180709838867
-11.48599624633789
-11.486124038696289
-11.484743118286133
-11.486626625061035
-11.485895156860352
-11.486906051635742
-11.485095024108887
-11.485356330871582
-11.483827590942383
-11.486610412597656
-11.486839294433594
-11.486735343933105
-11.487166404724121
-11.485888481140137
-11.48418140411377
-11.484667778015137
-11.483888626098633
-11.487016677856445
-11.486655235290527
-11.487046241760254
-11.483036041259766
-11.4812593460083
-11.48074722290039
-11.483450889587402
-11.486795425415039
-11.487312316894531
-11.485629081726074
-11.484930992126465
-11.483914375305176
-11.485392570495605
-11.487992286682129
-11.48599624633789
-11.488533973693848
-11.487520217895508
-11.487083435058594
-11.487706184387207
-11.487244606018066
-11.486292839050293
-11.484916687011719
-11.48478889465332
-11.48646354675293
-11.486785888671875
-11.48798942565918
-11.486196517944336
-11.48635196685791
-11.485750198364258
-11.485787391662598
-11.486462593078613
-11.484770774841309
-11.486318588256836
-11.486039161682129
-11.48621940612793
-11.488476753234863
-11.487543106079102
-11.487872123718262
-11.487439155578613
-11.488325119018555
-11.488411903381348
-11.487604141235352
-11.488024711608887
-11.487000465393066
-11.487221717834473
-11.486618041992188
-11.486045837402344
-11.487406730651855
-11.487546920776367
-11.48844051361084
-11.488273620605469
-11.487957954406738
-11.487039566040039
-11.486589431762695
-11.487706184387207
-11.488113403320312
-11.488591194152832
-11.488418579101562
-11.48832893371582
-11.488524436950684
-11.488469123840332
-11.488699913024902
-11.489005088806152
-11.487295150756836
-11.487701416015625
-11.487421989440918
-11.488363265991211
-11.48845386505127
-11.488571166992188
-11.48844051361084
-11.48889446258545
-11.489097595214844
-11.489152908325195
-11.487584114074707
-11.488521575927734
-11.487643241882324
-11.489824295043945
-11.489465713500977
-11.488729476928711
-11.489059448242188
-11.489373207092285
-11.488349914550781
-11.488868713378906
-11.487932205200195
-11.488153457641602
-11.487491607666016
-11.487813949584961
-11.487592697143555
-11.48625659942627
-11.486659049987793
-11.486387252807617
-11.487150192260742
-11.487090110778809
-11.48792839050293
-11.488479614257812
-11.488471984863281
-11.489041328430176
-11.488569259643555
-11.488420486450195
-11.488787651062012
-11.489618301391602
-11.489346504211426
-11.489383697509766
-11.488609313964844
-11.490506172180176
-11.488848686218262
-11.489527702331543
-11.489972114562988
-11.489084243774414
-11.489008903503418
-11.489051818847656
-11.488295555114746
-11.487747192382812
-11.487029075622559
-11.48639965057373
-11.486678123474121
-11.486417770385742
-11.488265991210938
-11.48626708984375
-11.485302925109863
-11.484634399414062
-11.484423637390137
-11.485280990600586
-11.484832763671875
-11.485053062438965
-11.485320091247559
-11.485147476196289
-11.484382629394531
-11.485074996948242
-11.485637664794922
-11.487285614013672
-11.48834228515625
-11.48883056640625
-11.489867210388184
-11.488945007324219
-11.489913940429688
-11.489810943603516
-11.488720893859863
-11.48813533782959
-11.488852500915527
-11.489397048950195
-11.488566398620605
-11.490134239196777
-11.490178108215332
-11.48906135559082
-11.489776611328125
-11.488761901855469
-11.487808227539062
-11.486533164978027
-11.486798286437988
-11.487030982971191
-11.48725414276123
-11.487743377685547
-11.48900318145752
-11.489923477172852
-11.488739967346191
-11.488097190856934
-11.488499641418457
-11.486987113952637
-11.485908508300781
-11.487180709838867
-11.48850154876709
-11.489714622497559
-11.49044418334961
-11.49018383026123
-11.489473342895508
-11.48765754699707
-11.48537826538086
-11.485569953918457
-11.485957145690918
-11.487704277038574
-11.489786148071289
-11.489189147949219
-11.4901123046875
-11.490572929382324
-11.490110397338867
-11.490387916564941
-11.490537643432617
-11.48997688293457
-11.49134635925293
-11.490628242492676
-11.490171432495117
-11.490072250366211
-11.49013900756836
-11.489885330200195
-11.491117477416992
-11.48996639251709
-11.489409446716309
-11.488883972167969
-11.48885726928711
-11.488667488098145
-11.488615989685059
-11.490178108215332
-11.489648818969727
-11.490701675415039
-11.490769386291504
-11.491161346435547
-11.48990535736084
-11.488439559936523
-11.48804759979248
-11.48811149597168
-11.487176895141602
-11.487665176391602
-11.48991584777832
-11.49010181427002
-11.489825248718262
-11.48820686340332
-11.487305641174316
-11.484023094177246
-11.482622146606445
-11.483344078063965
-11.487085342407227
-11.490291595458984
-11.490238189697266
-11.487969398498535
-11.486061096191406
-11.484472274780273
-11.487013816833496
-11.489648818969727
-11.48945140838623
-11.491002082824707
-11.490081787109375
-11.491653442382812
-11.491394996643066
-11.490614891052246
-11.489645957946777
-11.490645408630371
-11.491504669189453
-11.49200439453125
-11.490893363952637
-11.490978240966797
-11.49084186553955
-11.491374969482422
-11.491419792175293
-11.491524696350098
-11.490829467773438
-11.49120044708252
-11.490755081176758
-11.490726470947266
-11.491093635559082
-11.491768836975098
-11.490867614746094
-11.491020202636719
-11.490033149719238
-11.491486549377441
-11.491328239440918
-11.489848136901855
-11.488883972167969
-11.48810863494873
-11.48727035522461
-11.488862037658691
-11.488754272460938
-11.490681648254395
-11.490636825561523
-11.491512298583984
-11.491111755371094
-11.491656303405762
-11.49109935760498
-11.490817070007324
-11.490610122680664
-11.491271018981934
-11.491782188415527
-11.492270469665527
-11.49170207977295
-11.490806579589844
-11.491769790649414
-11.490530967712402
-11.49108600616455
-11.489795684814453
-11.490418434143066
-11.490327835083008
-11.492666244506836
-11.492218971252441
-11.49245548248291
-11.491289138793945
-11.489705085754395
-11.487916946411133
-11.488337516784668
-11.48934555053711
-11.4901704788208
-11.492207527160645
-11.492547035217285
-11.492228507995605
-11.491661071777344
-11.491156578063965
-11.490887641906738
-11.489980697631836
-11.4912748336792
-11.490537643432617
-11.491661071777344
-11.492204666137695
-11.491024017333984
-11.492310523986816
-11.491605758666992
-11.491968154907227
-11.491545677185059
-11.492114067077637
-11.492169380187988
-11.492652893066406
-11.492152214050293
-11.492116928100586
-11.492768287658691
-11.49181079864502
-11.491393089294434
-11.491606712341309
-11.492461204528809
-11.492009162902832
-11.492300987243652
-11.492619514465332
-11.492278099060059
-11.490196228027344
-11.491923332214355
-11.490745544433594
-11.491455078125
-11.491554260253906
-11.49160385131836
-11.493252754211426
-11.492643356323242
-11.491715431213379
-11.491761207580566
-11.491564750671387
-11.490653991699219
-11.491203308105469
-11.490799903869629
-11.491857528686523
-11.491719245910645
-11.492612838745117
-11.492178916931152
-11.492650985717773
-11.492205619812012
-11.493035316467285
-11.492505073547363
-11.493367195129395
-11.492677688598633
-11.492684364318848
-11.49211311340332
-11.49255657196045
-11.493115425109863
-11.49264907836914
-11.492305755615234
-11.491559028625488
-11.491033554077148
-11.491125106811523
-11.49067497253418
-11.490487098693848
-11.490781784057617
-11.490460395812988
-11.491626739501953
-11.490978240966797
-11.49178409576416
-11.49186897277832
-11.492114067077637
-11.492196083068848
-11.49145793914795
-11.492804527282715
-11.492310523986816
-11.492711067199707
-11.491490364074707
-11.49203109741211
-11.491949081420898
-11.491087913513184
-11.491050720214844
-11.491043090820312
-11.491788864135742
-11.491775512695312
-11.49307632446289
-11.492185592651367
-11.493001937866211
-11.49407958984375
-11.49319839477539
-11.492634773254395
-11.49354362487793
-11.49309253692627
-11.4928617477417
-11.49262809753418
-11.492485046386719
-11.4930419921875
-11.493292808532715
-11.492411613464355
-11.494255065917969
-11.494057655334473
-11.493725776672363
-11.493799209594727
-11.493072509765625
-11.49335765838623
-11.493489265441895
-11.49336051940918
-11.493754386901855
-11.494115829467773
-11.493393898010254
-11.493115425109863
-11.492231369018555
-11.492156982421875
-11.490371704101562
-11.487798690795898
-11.486302375793457
-11.485081672668457
-11.487029075622559
-11.490306854248047
-11.49231243133545
-11.491262435913086
-11.491177558898926
-11.491933822631836
-11.492044448852539
-11.4913969039917
-11.491071701049805
-11.490477561950684
-11.487939834594727
-11.487857818603516
-11.485424041748047
-11.483686447143555
-11.484004020690918
-11.485734939575195
-11.488386154174805
-11.491829872131348
-11.492660522460938
-11.493803977966309
-11.491847038269043
-11.488744735717773
-11.489221572875977
-11.489672660827637
-11.491494178771973
-11.49319076538086
-11.493014335632324
-11.493732452392578
-11.493419647216797
-11.492006301879883
-11.491973876953125
-11.491507530212402
-11.492987632751465
-11.493515968322754
-11.494664192199707
-11.494503021240234
-11.494095802307129
-11.494599342346191
-11.494056701660156
-11.493590354919434
-11.494243621826172
-11.493474960327148
-11.493074417114258
-11.493870735168457
-11.49304485321045
-11.493834495544434
-11.493955612182617
-11.494338989257812
-11.49422550201416
-11.494833946228027
-11.493671417236328
-11.493962287902832
-11.494048118591309
-11.494976997375488
-11.493839263916016
-11.494612693786621
-11.494345664978027
-11.495092391967773
-11.494665145874023
-11.494821548461914
-11.494588851928711
-11.494132995605469
-11.49396800994873
-11.493443489074707
-11.49372673034668
-11.49328899383545
-11.493505477905273
-11.493629455566406
-11.494275093078613
-11.494392395019531
-11.495059967041016
-11.494504928588867
-11.494202613830566
-11.493410110473633
-11.493590354919434
-11.493528366088867
-11.493572235107422
-11.492375373840332
-11.491925239562988
-11.491527557373047
-11.492097854614258
-11.49209976196289
-11.492354393005371
-11.494098663330078
-11.494638442993164
-11.495447158813477
-11.494125366210938
-11.493861198425293
-11.492236137390137
-11.491317749023438
-11.492523193359375
-11.492929458618164
-11.494400978088379
-11.494370460510254
-11.49247932434082
-11.488330841064453
-11.484260559082031
-11.485833168029785
-11.48807144165039
-11.490960121154785
-11.492627143859863
-11.493388175964355
-11.492592811584473
-11.493873596191406
-11.494937896728516
-11.494315147399902
-11.494009017944336
-11.49378490447998
-11.49326229095459
-11.494236946105957
-11.493162155151367
-11.49382495880127
-11.495338439941406
-11.49548625946045
-11.494830131530762
-11.493830680847168
-11.495077133178711
-11.49478530883789
-11.495193481445312
-11.494950294494629
-11.495111465454102
-11.495606422424316
-11.494643211364746
-11.494559288024902
-11.495406150817871
-11.494606018066406
-11.494958877563477
-11.495214462280273
-11.494751930236816
-11.494885444641113
-11.494834899902344
-11.494715690612793
-11.494771957397461
-11.494441032409668
-11.494033813476562
-11.494454383850098
-11.493905067443848
-11.492907524108887
-11.4932222366333
-11.492658615112305
-11.490968704223633
-11.48886775970459
-11.487129211425781
-11.486183166503906
-11.48630142211914
-11.487194061279297
-11.489144325256348
-11.48950481414795
-11.489480018615723
-11.490273475646973
-11.492116928100586
-11.493425369262695
-11.491994857788086
-11.493074417114258
-11.49333667755127
-11.49295425415039
-11.491973876953125
-11.493672370910645
-11.494510650634766
-11.495630264282227
-11.495553970336914
-11.49544620513916
-11.494529724121094
-11.49418830871582
-11.494284629821777
-11.494702339172363
-11.495210647583008
-11.495842933654785
-11.49604606628418
-11.496033668518066
-11.494948387145996
-11.495955467224121
-11.49649715423584
-11.49573040008545
-11.496018409729004
-11.49608039855957
-11.495818138122559
-11.495078086853027
-11.49531078338623
-11.49483585357666
-11.495034217834473
-11.494739532470703
-11.495528221130371
-11.495508193969727
-11.494881629943848
-11.496057510375977
-11.495901107788086
-11.496129035949707
-11.495251655578613
-11.495465278625488
-11.494471549987793
-11.494223594665527
-11.493693351745605
-11.493834495544434
-11.495206832885742
-11.494790077209473
-11.493892669677734
-11.49300765991211
-11.492552757263184
-11.491739273071289
-11.4905424118042
-11.491718292236328
-11.492424011230469
-11.4945068359375
-11.49549388885498
-11.495159149169922
-11.49562931060791
-11.495627403259277
-11.495769500732422
-11.495733261108398
-11.495631217956543
-11.495635032653809
-11.496491432189941
-11.496037483215332
-11.496209144592285
-11.494752883911133
-11.495420455932617
-11.49557113647461
-11.494556427001953
-11.494100570678711
-11.49466609954834
-11.4944486618042
-11.494779586791992
-11.495443344116211
-11.495818138122559
-11.495221138000488
-11.495920181274414
-11.495491027832031
-11.494266510009766
-11.492578506469727
-11.490251541137695
-11.487056732177734
-11.485272407531738
-11.485614776611328
-11.489078521728516
-11.493634223937988
-11.496088981628418
-11.49631404876709
-11.493642807006836
-11.493395805358887
-11.494653701782227
-11.495055198669434
-11.495383262634277
-11.495616912841797
-11.495469093322754
-11.495471954345703
-11.495409965515137
-11.494248390197754
-11.494758605957031
-11.495667457580566
-11.496225357055664
-11.494485855102539
-11.492571830749512
-11.491584777832031
-11.492648124694824
-11.493422508239746
-11.495643615722656
-11.495478630065918
-11.493499755859375
-11.489243507385254
-11.486566543579102
-11.486985206604004
-11.48961067199707
-11.49224853515625
-11.494675636291504
-11.49521541595459
-11.495253562927246
-11.495918273925781
-11.496369361877441
-11.496217727661133
-11.496232032775879
-11.496384620666504
-11.495048522949219
-11.49644947052002
-11.49628734588623
-11.495850563049316
-11.49589729309082
-11.496195793151855
-11.49643325805664
-11.495767593383789
-11.496174812316895
-11.496706008911133
-11.496500968933105
-11.496721267700195
-11.496098518371582
-11.496240615844727
-11.496336936950684
-11.495964050292969
-11.49655532836914
-11.496662139892578
-11.495909690856934
-11.496992111206055
-11.497544288635254
-11.496530532836914
-11.496570587158203
-11.496368408203125
-11.495869636535645
-11.49693489074707
-11.496524810791016
-11.496377944946289
-11.496124267578125
-11.494620323181152
-11.494171142578125
-11.494213104248047
-11.494691848754883
-11.495275497436523
-11.49635124206543
-11.496140480041504
-11.496081352233887
-11.496418952941895
-11.495698928833008
-11.494585037231445
-11.494750022888184
-11.494755744934082
-11.495487213134766
-11.496466636657715
-11.496026039123535
-11.496255874633789
-11.49311351776123
-11.48920726776123
-11.486087799072266
-11.485697746276855
-11.488064765930176
-11.491167068481445
-11.493728637695312
-11.496286392211914
-11.496891975402832
-11.495410919189453
-11.493371963500977
-11.493107795715332
-11.49324893951416
-11.493494033813477
-11.495699882507324
-11.4959077835083
-11.496521949768066
-11.496450424194336
-11.496252059936523
-11.495545387268066
-11.495671272277832
-11.496249198913574
-11.496809959411621
-11.496525764465332
-11.496610641479492
-11.495328903198242
-11.493903160095215
-11.494272232055664
-11.495843887329102
-11.496712684631348
-11.497171401977539
-11.497064590454102
-11.495857238769531
-11.49362850189209
-11.492847442626953
-11.493070602416992
-11.494041442871094
-11.494750022888184
-11.497021675109863
-11.496394157409668
-11.494457244873047
-11.491652488708496
-11.488862037658691
-11.488905906677246
-11.490598678588867
-11.494410514831543
-11.496687889099121
-11.49672794342041
-11.495855331420898
-11.495718002319336
-11.495553970336914
-11.495802879333496
-11.496936798095703
-11.49695873260498
-11.49715518951416
-11.49671745300293
-11.495667457580566
-11.495729446411133
-11.496543884277344
-11.496960639953613
-11.49798583984375
-11.497536659240723
-11.497215270996094
-11.496668815612793
-11.49695110321045
-11.496420860290527
-11.495782852172852
-11.49668025970459
-11.496569633483887
-11.497072219848633
-11.49742317199707
-11.496821403503418
-11.497172355651855
-11.496633529663086
-11.496517181396484
-11.496567726135254
-11.4967679977417
-11.49748420715332
-11.497564315795898
-11.496847152709961
-11.497331619262695
-11.497321128845215
-11.497304916381836
-11.497060775756836
-11.497556686401367
-11.49687385559082
-11.497600555419922
-11.497506141662598
-11.497806549072266
-11.49706745147705
-11.497997283935547
-11.497254371643066
-11.49665355682373
-11.49559211730957
-11.495292663574219
-11.496142387390137
-11.497096061706543
-11.497922897338867
-11.497867584228516
-11.496933937072754
-11.49670124053955
-11.49592113494873
-11.495606422424316
-11.49510383605957
-11.4959077835083
-11.49602222442627
-11.497844696044922
-11.497776985168457
-11.496756553649902
-11.493870735168457
-11.492109298706055
-11.489995002746582
-11.489690780639648
-11.490262985229492
-11.491743087768555
-11.49392318725586
-11.496600151062012
-11.497296333312988
-11.49668025970459
-11.494990348815918
-11.4937162399292
-11.493030548095703
-11.495243072509766
-11.497386932373047
-11.496495246887207
-11.496400833129883
-11.495710372924805
-11.494362831115723
-11.493074417114258
-11.491427421569824
-11.49058723449707
-11.493376731872559
-11.49611759185791
-11.49630069732666
-11.49387264251709
-11.490869522094727
-11.490157127380371
-11.492558479309082
-11.496210098266602
-11.497204780578613
-11.497297286987305
-11.495985984802246
-11.495996475219727
-11.495006561279297
-11.495826721191406
-11.496042251586914
-11.49620532989502
-11.497512817382812
-11.497056007385254
-11.49679183959961
-11.495616912841797
-11.494611740112305
-11.494291305541992
-11.496516227722168
-11.497285842895508
-11.497550010681152
-11.4951171875
-11.490450859069824
-11.487476348876953
-11.488751411437988
-11.493635177612305
-11.496869087219238
-11.493762969970703
-11.485177040100098
-11.478216171264648
-11.48282241821289
-11.491812705993652
-11.49736213684082
-11.492339134216309
-11.482339859008789
-11.480642318725586
-11.487963676452637
-11.49499225616455
-11.497517585754395
-11.496612548828125
-11.495711326599121
-11.49537467956543
-11.496731758117676
-11.498123168945312
-11.497004508972168
-11.495710372924805
-11.495096206665039
-11.495552062988281
-11.497490882873535
-11.497315406799316
-11.496910095214844
-11.496724128723145
-11.496658325195312
-11.498459815979004
-11.498152732849121
-11.497469902038574
-11.49756145477295
-11.497292518615723
-11.498087882995605
-11.497664451599121
-11.498174667358398
-11.498616218566895
-11.498695373535156
-11.498401641845703
-11.498608589172363
-11.498270988464355
-11.498610496520996
-11.497702598571777
-11.498074531555176
-11.498537063598633
-11.498336791992188
-11.49782657623291
-11.497962951660156
-11.498311996459961
-11.498624801635742
-11.498029708862305
-11.497724533081055
-11.497859954833984
-11.498676300048828
-11.498160362243652
-11.498300552368164
-11.49852466583252
-11.498149871826172
-11.498458862304688
-11.498027801513672
-11.497711181640625
-11.498224258422852
-11.498464584350586
-11.498760223388672
-11.498098373413086
-11.4983491897583
-11.497963905334473
-11.498326301574707
-11.498539924621582
-11.49813461303711
-11.49772834777832
-11.498688697814941
-11.498682975769043
-11.498086929321289
-11.498625755310059
-11.498746871948242
-11.49815559387207
-11.49868106842041
-11.498228073120117
-11.498563766479492
-11.4983549118042
-11.498215675354004
-11.498623847961426
-11.498448371887207
-11.498197555541992
-11.498432159423828
-11.498655319213867
-11.498456954956055
-11.498397827148438
-11.498799324035645
-11.498291015625
-11.49845027923584
-11.498424530029297
-11.498554229736328
-11.49832820892334
-11.49815559387207
-11.498403549194336
-11.498451232910156
-11.497920989990234
-11.498164176940918
-11.498235702514648
-11.498754501342773
-11.499207496643066
-11.498295783996582
-11.498242378234863
-11.499253273010254
-11.498430252075195
-11.498597145080566
-11.498089790344238
-11.498732566833496
-11.498445510864258
-11.498916625976562
-11.499011039733887
-11.498296737670898
-11.498778343200684
-11.498477935791016
-11.498363494873047
-11.498753547668457
-11.498165130615234
-11.498948097229004
-11.499496459960938
-11.49842357635498
-11.498161315917969
-11.498732566833496
-11.498724937438965
-11.498373985290527
-11.49821949005127
-11.498523712158203
-11.49850082397461
-11.498008728027344
-11.498470306396484
-11.49911117553711
-11.499061584472656
-11.498624801635742
-11.498758316040039
-11.498828887939453
-11.4989595413208
-11.49875259399414
-11.498552322387695
-11.498639106750488
-11.499211311340332
-11.498751640319824
-11.498347282409668
-11.4984712600708
-11.498321533203125
-11.49903678894043
-11.498785972595215
-11.499175071716309
-11.498846054077148
-11.498626708984375
-11.49899673461914
-11.498884201049805
-11.498714447021484
-11.498919486999512
-11.498764991760254
-11.498970031738281
-11.498826026916504
-11.499297142028809
-11.498656272888184
-11.498785018920898
-11.498990058898926
-11.498819351196289
-11.49915885925293
-11.498504638671875
-11.498745918273926
-11.498467445373535
-11.498668670654297
-11.498764991760254
-11.498867988586426
-11.49869155883789
-11.498791694641113
-11.498530387878418
-11.498473167419434
-11.498241424560547
-11.498679161071777
-11.497973442077637
-11.49797248840332
-11.497186660766602
-11.496994972229004
-11.49532413482666
-11.494109153747559
-11.493078231811523
-11.495089530944824
-11.497486114501953
-11.498652458190918
-11.494751930236816
-11.488853454589844
-11.482284545898438
-11.479113578796387
-11.481264114379883
-11.4854154586792
-11.490876197814941
-11.495880126953125
-11.498208045959473
-11.497769355773926
-11.496273040771484
-11.494526863098145
-11.4949369430542
-11.496125221252441
-11.497550010681152
-11.497621536254883
-11.498852729797363
-11.498101234436035
-11.498088836669922
-11.498761177062988
-11.49905776977539
-11.499008178710938
-11.4993314743042
-11.499041557312012
-11.499048233032227
-11.499025344848633
-11.499011039733887
-11.497982025146484
-11.498649597167969
-11.499013900756836
-11.499127388000488
-11.499272346496582
-11.498743057250977
-11.499579429626465
-11.499480247497559
-11.498937606811523
-11.499031066894531
-11.499590873718262
-11.499372482299805
-11.499227523803711
-11.498347282409668
-11.499295234680176
-11.498824119567871
-11.498760223388672
-11.498899459838867
-11.49986743927002
-11.499160766601562
-11.498647689819336
-11.499099731445312
-11.498771667480469
-11.49929141998291
-11.499112129211426
-11.499595642089844
-11.499370574951172
-11.499761581420898
-11.499685287475586
-11.500012397766113
-11.49887466430664
-11.49948501586914
-11.499368667602539
-11.49933910369873
-11.498595237731934
-11.49907112121582
-11.499387741088867
-11.499460220336914
-11.499421119689941
-11.499792098999023
-11.499540328979492
-11.4990873336792
-11.498502731323242
-11.498897552490234
-11.498663902282715
-11.498278617858887
-11.498312950134277
-11.497766494750977
-11.497157096862793
-11.498531341552734
-11.498790740966797
-11.498783111572266
-11.499358177185059
-11.49948501586914
-11.499139785766602
-11.497143745422363
-11.497289657592773
-11.496273040771484
-11.496832847595215
-11.497818946838379
-11.49841022491455
-11.498368263244629
-11.49856948852539
-11.498613357543945
-11.499040603637695
-11.499452590942383
-11.498821258544922
-11.499748229980469
-11.498818397521973
-11.499476432800293
-11.499401092529297
-11.4992094039917
-11.499115943908691
-11.499176979064941
-11.498734474182129
-11.498642921447754
-11.49868106842041
-11.497886657714844
-11.497048377990723
-11.495641708374023
-11.493871688842773
-11.491957664489746
-11.491108894348145
-11.490285873413086
-11.491266250610352
-11.493375778198242
-11.49484634399414
-11.496346473693848
-11.49705982208252
-11.498404502868652
-11.4989652633667
-11.498869895935059
-11.49781608581543
-11.496194839477539
-11.494565963745117
-11.495055198669434
-11.494799613952637
-11.495095252990723
-11.497214317321777
-11.499120712280273
-11.496915817260742
-11.491427421569824
-11.486043930053711
-11.487414360046387
-11.493345260620117
-11.498659133911133
-11.497069358825684
-11.490555763244629
-11.48339557647705
-11.480899810791016
-11.483416557312012
-11.490813255310059
-11.497056007385254
-11.497252464294434
-11.488760948181152
-11.478751182556152
-11.475353240966797
-11.482784271240234
-11.495064735412598
-11.497760772705078
-11.491898536682129
-11.482892036437988
-11.479698181152344
-11.488039016723633
-11.497940063476562
-11.49599552154541
-11.483280181884766
-11.47455883026123
-11.48875617980957
-11.497437477111816
-11.490717887878418
-11.483142852783203
-11.487870216369629
-11.497146606445312
-11.496047019958496
-11.49003791809082
-11.490596771240234
-11.496854782104492
-11.498495101928711
-11.494832038879395
-11.493966102600098
-11.496842384338379
-11.499648094177246
-11.496360778808594
-11.494243621826172
-11.497265815734863
-11.499716758728027
-11.498418807983398
-11.496702194213867
-11.496257781982422
-11.498252868652344
-11.499926567077637
-11.498824119567871
-11.497628211975098
-11.498111724853516
-11.499505996704102
-11.499768257141113
-11.499971389770508
-11.499154090881348
-11.499794960021973
-11.499283790588379
-11.500055313110352
-11.500466346740723
-11.500253677368164
-11.500018119812012
-11.499410629272461
-11.500103950500488
-11.500044822692871
-11.499710083007812
-11.499119758605957
-11.499547958374023
-11.499616622924805
-11.499921798706055
-11.500003814697266
-11.499238014221191
-11.499792098999023
-11.499557495117188
-11.49991226196289
-11.500006675720215
-11.499628067016602
-11.499468803405762
-11.499652862548828
-11.500232696533203
-11.499961853027344
-11.500190734863281
-11.500134468078613
-11.499160766601562
-11.500126838684082
-11.499500274658203
-11.500171661376953
-11.499917030334473
-11.499601364135742
-11.499506950378418
-11.499979972839355
-11.49964714050293
-11.499991416931152
-11.499990463256836
-11.49963665008545
-11.499876976013184
-11.499970436096191
-11.500285148620605
-11.499967575073242
-11.500227928161621
-11.500293731689453
-11.49991226196289
-11.500266075134277
-11.50005054473877
-11.499855995178223
-11.499909400939941
-11.50027847290039
-11.499995231628418
-11.500514030456543
-11.500055313110352
-11.500061988830566
-11.499459266662598
-11.49982738494873
-11.49975872039795
-11.500358581542969
-11.500062942504883
-11.499794960021973
-11.499927520751953
-11.500136375427246
-11.500051498413086
-11.500898361206055
-11.499335289001465
-11.499130249023438
-11.50059700012207
-11.50008487701416
-11.500450134277344
-11.49997615814209
-11.499765396118164
-11.50023078918457
-11.500155448913574
-11.500266075134277
-11.50013256072998
-11.499526977539062
-11.499613761901855
-11.500216484069824
-11.499632835388184
-11.49977970123291
-11.499932289123535
-11.500415802001953
-11.499678611755371
-11.499935150146484
-11.500490188598633
-11.499869346618652
-11.500298500061035
-11.499612808227539
-11.500166893005371
-11.499735832214355
-11.500484466552734
-11.499553680419922
-11.499885559082031
-11.499544143676758
-11.500357627868652
-11.499987602233887
-11.500088691711426
-11.49976921081543
-11.500292778015137
-11.500265121459961
-11.500237464904785
-11.500371932983398
-11.500404357910156
-11.500459671020508
-11.500218391418457
-11.5001220703125
-11.4998140335083
-11.499985694885254
-11.499431610107422
-11.499671936035156
-11.500011444091797
-11.500080108642578
-11.50048828125
-11.500205039978027
-11.500163078308105
-11.499566078186035
-11.499719619750977
-11.49954891204834
-11.500298500061035
-11.499730110168457
-11.500282287597656
-11.50034236907959
-11.500232696533203
-11.49975872039795
-11.500146865844727
-11.499828338623047
-11.5001220703125
-11.49999713897705
-11.500689506530762
-11.500763893127441
-11.500459671020508
-11.500482559204102
-11.500280380249023
-11.500199317932129
-11.500340461730957
-11.500365257263184
-11.500310897827148
-11.500528335571289
-11.500075340270996
-11.500593185424805
-11.50014877319336
-11.500236511230469
-11.499881744384766
-11.50024127960205
-11.49976921081543
-11.500059127807617
-11.500577926635742
-11.500730514526367
-11.50029468536377
-11.50070571899414
-11.500749588012695
-11.50057601928711
-11.500521659851074
-11.500327110290527
-11.500483512878418
-11.500466346740723
-11.500329971313477
-11.500415802001953
-11.500245094299316
-11.500606536865234
-11.500640869140625
-11.500320434570312
-11.500596046447754
-11.500325202941895
-11.500260353088379
-11.500434875488281
-11.500406265258789
-11.50082778930664
-11.500494956970215
-11.499662399291992
-11.499433517456055
-11.499726295471191
-11.500229835510254
-11.499971389770508
-11.500972747802734
-11.500054359436035
-11.50067138671875
-11.500380516052246
-11.499762535095215
-11.500480651855469
-11.500232696533203
-11.500373840332031
-11.500118255615234
-11.499899864196777
-11.499788284301758
-11.49968433380127
-11.499720573425293
-11.499347686767578
-11.499931335449219
-11.499935150146484
-11.500337600708008
-11.499774932861328
-11.499695777893066
-11.499194145202637
-11.499856948852539
-11.500645637512207
-11.500704765319824
-11.500792503356934
-11.500632286071777
-11.500447273254395
-11.5003662109375
-11.499826431274414
-11.4990873336792
-11.498211860656738
-11.497698783874512
-11.497614860534668
-11.497512817382812
-11.497956275939941
-11.498748779296875
-11.498955726623535
-11.499885559082031
-11.499894142150879
-11.500524520874023
-11.499866485595703
-11.498845100402832
-11.496691703796387
-11.495518684387207
-11.494571685791016
-11.4945650100708
-11.495410919189453
-11.49768352508545
-11.498785972595215
-11.500234603881836
-11.500381469726562
-11.499812126159668
-11.498971939086914
-11.498331069946289
-11.497923851013184
-11.497675895690918
-11.498632431030273
-11.500385284423828
-11.500654220581055
-11.500374794006348
-11.499821662902832
-11.499432563781738
-11.499213218688965
-11.498934745788574
-11.499421119689941
-11.499442100524902
-11.500781059265137
-11.500679016113281
-11.499526977539062
-11.49768352508545
-11.49705982208252
-11.496610641479492
-11.497180938720703
-11.498433113098145
-11.500004768371582
-11.500432014465332
-11.499935150146484
-11.497615814208984
-11.49422550201416
-11.493049621582031
-11.49367618560791
-11.496347427368164
-11.498838424682617
-11.500322341918945
-11.499481201171875
-11.497347831726074
-11.496076583862305
-11.496036529541016
-11.496272087097168
-11.497650146484375
-11.499512672424316
-11.500149726867676
-11.500720977783203
-11.501142501831055
-11.500523567199707
-11.500680923461914
-11.500496864318848
-11.499794006347656
-11.499415397644043
-11.498453140258789
-11.49885368347168
-11.498640060424805
-11.49874496459961
-11.500248908996582
-11.500866889953613
-11.501093864440918
-11.500747680664062
-11.50087833404541
-11.500271797180176
-11.500679016113281
-11.500569343566895
-11.500190734863281
-11.500694274902344
-11.500713348388672
-11.500988006591797
-11.500770568847656
-11.499955177307129
-11.499809265136719
-11.49972152709961
-11.499731063842773
-11.500516891479492
-11.50072956085205
-11.501139640808105
-11.50129222869873
-11.500555992126465
-11.499792098999023
-11.498945236206055
-11.49897575378418
-11.4992094039917
-11.499455451965332
-11.498979568481445
-11.499537467956543
-11.499971389770508
-11.500711441040039
-11.500958442687988
-11.500507354736328
-11.500198364257812
-11.499295234680176
-11.498364448547363
-11.498417854309082
-11.498041152954102
-11.498981475830078
-11.500057220458984
-11.500320434570312
-11.500614166259766
-11.500615119934082
-11.500064849853516
-11.499249458312988
-11.498879432678223
-11.498900413513184
-11.499737739562988
-11.500238418579102
-11.500897407531738
-11.499943733215332
-11.498891830444336
-11.496203422546387
-11.495168685913086
-11.495172500610352
-11.496448516845703
-11.497190475463867
-11.497990608215332
-11.500102996826172
-11.50033187866211
-11.500531196594238
-11.499982833862305
-11.49948501586914
-11.49806022644043
-11.497090339660645
-11.497024536132812
-11.49759292602539
-11.497891426086426
-11.500020980834961
-11.501063346862793
-11.499785423278809
-11.49697494506836
-11.493706703186035
-11.492606163024902
-11.493135452270508
-11.495611190795898
-11.499013900756836
-11.500329971313477
-11.500143051147461
-11.497715950012207
-11.495601654052734
-11.494656562805176
-11.496358871459961
-11.498937606811523
-11.500687599182129
-11.501063346862793
-11.50063419342041
-11.500256538391113
-11.5001802444458
-11.500346183776855
-11.500391960144043
-11.500707626342773
-11.500164031982422
-11.500042915344238
-11.499457359313965
-11.499147415161133
-11.499641418457031
-11.500251770019531
-11.500150680541992
-11.500870704650879
-11.501126289367676
-11.501327514648438
-11.5006685256958
-11.500244140625
-11.49998950958252
-11.499835014343262
-11.500397682189941
-11.501018524169922
-11.501341819763184
-11.501208305358887
-11.500167846679688
-11.499774932861328
-11.499191284179688
-11.49895191192627
-11.499940872192383
-11.500726699829102
-11.500691413879395
-11.501411437988281
-11.501272201538086
-11.501108169555664
-11.501211166381836
-11.500909805297852
-11.501344680786133
-11.501275062561035
-11.500592231750488
-11.500225067138672
-11.499555587768555
-11.499025344848633
-11.499281883239746
-11.500102996826172
-11.501073837280273
-11.501263618469238
-11.50096321105957
-11.49986457824707
-11.499226570129395
-11.499799728393555
-11.500824928283691
-11.501277923583984
-11.501094818115234
-11.500916481018066
-11.500466346740723
-11.499866485595703
-11.498723983764648
-11.499287605285645
-11.500067710876465
-11.500234603881836
-11.499918937683105
-11.500640869140625
-11.501113891601562
-11.50136661529541
-11.501498222351074
-11.501148223876953
-11.500814437866211
-11.500330924987793
-11.500397682189941
-11.499980926513672
-11.500922203063965
-11.500276565551758
-11.500661849975586
-11.500560760498047
-11.501051902770996
-11.501057624816895
-11.501218795776367
-11.501216888427734
-11.500746726989746
-11.499227523803711
-11.498652458190918
-11.496940612792969
-11.496095657348633
-11.496968269348145
-11.498773574829102
-11.500307083129883
-11.501399040222168
-11.501517295837402
-11.50125503540039
-11.501070976257324
-11.500445365905762
-11.499372482299805
-11.49902057647705
-11.498601913452148
-11.499135971069336
-11.500393867492676
-11.501129150390625
-11.500478744506836
-11.498270034790039
-11.495113372802734
-11.494263648986816
-11.494369506835938
-11.496153831481934
-11.49879264831543
-11.500293731689453
-11.501227378845215
-11.50092887878418
-11.499672889709473
-11.498152732849121
-11.497821807861328
-11.499267578125
-11.500980377197266
-11.501376152038574
-11.499266624450684
-11.497931480407715
-11.49669075012207
-11.497639656066895
-11.499621391296387
-11.50146484375
-11.501386642456055
-11.499958992004395
-11.498272895812988
-11.4976224899292
-11.4979829788208
-11.49982738494873
-11.501311302185059
-11.501496315002441
-11.500816345214844
-11.500204086303711
-11.500164031982422
-11.50092887878418
-11.500815391540527
-11.501343727111816
-11.501971244812012
-11.501697540283203
-11.501387596130371
-11.50120735168457
-11.500715255737305
-11.500608444213867
-11.501104354858398
-11.501273155212402
-11.501745223999023
-11.501323699951172
-11.50171184539795
-11.500097274780273
-11.499704360961914
-11.499838829040527
-11.50089168548584
-11.501331329345703
-11.501543998718262
-11.501060485839844
-11.500860214233398
-11.500123023986816
-11.499484062194824
-11.498881340026855
-11.497875213623047
-11.498685836791992
-11.499044418334961
-11.500764846801758
-11.50159740447998
-11.501030921936035
-11.501131057739258
-11.500075340270996
-11.49970817565918
-11.499405860900879
-11.499244689941406
-11.500106811523438
-11.500999450683594
-11.501497268676758
-11.50148868560791
-11.49976634979248
-11.498648643493652
-11.497431755065918
-11.496392250061035
-11.497893333435059
-11.499749183654785
-11.500999450683594
-11.501190185546875
-11.500941276550293
-11.501043319702148
-11.500787734985352
-11.500289916992188
-11.500444412231445
-11.500527381896973
-11.500131607055664
-11.50027847290039
-11.500041007995605
-11.50062084197998
-11.501079559326172
-11.500840187072754
-11.500826835632324
-11.499970436096191
-11.499267578125
-11.49943733215332
-11.49964427947998
-11.500985145568848
-11.501290321350098
-11.501684188842773
-11.501778602600098
-11.501755714416504
-11.50169563293457
-11.501653671264648
-11.5020170211792
-11.501520156860352
-11.501693725585938
-11.501724243164062
-11.501800537109375
-11.50162410736084
-11.50162410736084
-11.501564979553223
-11.501832962036133
-11.501921653747559
-11.501890182495117
-11.50129508972168
-11.501935005187988
-11.50161075592041
-11.501665115356445
-11.501468658447266
-11.501348495483398
-11.501486778259277
-11.50135612487793
-11.50140380859375
-11.501511573791504
-11.501912117004395
-11.502114295959473
-11.50190258026123
-11.50170612335205
-11.50175666809082
-11.50185775756836
-11.501976013183594
-11.501657485961914
-11.501058578491211
-11.500371932983398
-11.500226020812988
-11.499220848083496
-11.498800277709961
-11.498872756958008
-11.497658729553223
-11.49634075164795
-11.496317863464355
-11.497248649597168
-11.498953819274902
-11.50072193145752
-11.501325607299805
-11.501643180847168
-11.501239776611328
-11.500092506408691
-11.498449325561523
-11.496682167053223
-11.49592113494873
-11.494894981384277
-11.493146896362305
-11.49213695526123
-11.493536949157715
-11.496115684509277
-11.49925708770752
-11.501185417175293
-11.501341819763184
-11.501934051513672
-11.501591682434082
-11.500699043273926
-11.4998779296875
-11.499085426330566
-11.498722076416016
-11.500326156616211
-11.501530647277832
-11.501178741455078
-11.50115966796875
-11.5004243850708
-11.500584602355957
-11.501311302185059
-11.501813888549805
-11.501450538635254
-11.501838684082031
-11.501363754272461
-11.501521110534668
-11.501224517822266
-11.501923561096191
-11.502250671386719
-11.501836776733398
-11.501824378967285
-11.501470565795898
-11.501835823059082
-11.501700401306152
-11.50177001953125
-11.502179145812988
-11.501975059509277
-11.502184867858887
-11.500936508178711
-11.501691818237305
-11.50157356262207
-11.501587867736816
-11.501197814941406
-11.501933097839355
-11.501989364624023
-11.501641273498535
-11.501899719238281
-11.502091407775879
-11.502309799194336
-11.50233268737793
-11.50217342376709
-11.502245903015137
-11.502042770385742
-11.502156257629395
-11.502174377441406
-11.502199172973633
-11.502110481262207
-11.502427101135254
-11.501932144165039
-11.501988410949707
-11.502007484436035
-11.501803398132324
-11.501468658447266
-11.501567840576172
-11.501686096191406
-11.501574516296387
-11.50137996673584
-11.501457214355469
-11.501256942749023
-11.501520156860352
-11.501448631286621
-11.501341819763184
-11.500913619995117
-11.501194953918457
-11.50110912322998
-11.501453399658203
-11.501187324523926
-11.501388549804688
-11.502057075500488
-11.502337455749512
-11.501890182495117
-11.50197696685791
-11.501800537109375
-11.500160217285156
-11.49964714050293
-11.498032569885254
-11.496498107910156
-11.49566650390625
-11.497442245483398
-11.499045372009277
-11.501056671142578
-11.501930236816406
-11.501688957214355
-11.501983642578125
-11.50171184539795
-11.501477241516113
-11.500429153442383
-11.499191284179688
-11.496341705322266
-11.491765022277832
-11.488598823547363
-11.48681640625
-11.487060546875
-11.488404273986816
-11.49185562133789
-11.496954917907715
-11.500398635864258
-11.499128341674805
-11.493094444274902
-11.487799644470215
-11.489777565002441
-11.495444297790527
-11.500628471374512
-11.50131607055664
-11.499311447143555
-11.494430541992188
-11.492987632751465
-11.496025085449219
-11.500454902648926
-11.498368263244629
-11.49409008026123
-11.494174003601074
-11.496941566467285
-11.499848365783691
-11.501299858093262
-11.49897289276123
-11.494915962219238
-11.493252754211426
-11.495430946350098
-11.499441146850586
-11.50201416015625
-11.500643730163574
-11.4965181350708
-11.495718002319336
-11.497716903686523
-11.501358032226562
-11.500536918640137
-11.497502326965332
-11.495687484741211
-11.496864318847656
-11.500503540039062
-11.502098083496094
-11.501076698303223
-11.497822761535645
-11.49673080444336
-11.49708080291748
-11.500016212463379
-11.502093315124512
-11.500480651855469
-11.497126579284668
-11.497599601745605
-11.499832153320312
-11.50146198272705
-11.50214672088623
-11.500470161437988
-11.49543285369873
-11.492558479309082
-11.495115280151367
-11.49976634979248
-11.500874519348145
-11.497373580932617
-11.494879722595215
-11.497857093811035
-11.501107215881348
-11.501294136047363
-11.499451637268066
-11.498725891113281
-11.500720977783203
-11.501286506652832
-11.501893997192383
-11.50139045715332
-11.500608444213867
-11.50079345703125
-11.501603126525879
-11.502182006835938
-11.502193450927734
-11.502365112304688
-11.501949310302734
-11.502381324768066
-11.502554893493652
-11.502205848693848
-11.502410888671875
-11.502306938171387
-11.502542495727539
-11.502457618713379
-11.502129554748535
-11.501814842224121
-11.502296447753906
-11.501995086669922
-11.50196361541748
-11.50256061553955
-11.502723693847656
-11.502344131469727
-11.501815795898438
-11.50236988067627
-11.501713752746582
-11.502060890197754
-11.502461433410645
-11.501947402954102
-11.502145767211914
-11.50277328491211
-11.502820014953613
-11.502408981323242
-11.50267219543457
-11.502202987670898
-11.50232219696045
-11.502418518066406
-11.50260066986084
-11.50252914428711
-11.502607345581055
-11.502069473266602
-11.502341270446777
-11.502154350280762
-11.502514839172363
-11.502470970153809
-11.502456665039062
-11.502509117126465
-11.502479553222656
-11.502419471740723
-11.502119064331055
-11.502615928649902
-11.502595901489258
-11.502582550048828
-11.502232551574707
-11.502710342407227
-11.50267219543457
-11.502202987670898
-11.502361297607422
-11.5027437210083
-11.502378463745117
-11.502632141113281
-11.502367973327637
-11.502508163452148
-11.502554893493652
-11.502534866333008
-11.502693176269531
-11.502689361572266
-11.50280475616455
-11.502198219299316
-11.502039909362793
-11.502459526062012
-11.502483367919922
-11.502497673034668
-11.502486228942871
-11.502490997314453
-11.50250244140625
-11.502141952514648
-11.501653671264648
-11.502281188964844
-11.50264835357666
-11.50266170501709
-11.502880096435547
-11.502799034118652
-11.502900123596191
-11.502401351928711
-11.502110481262207
-11.502033233642578
-11.502294540405273
-11.502704620361328
-11.503044128417969
-11.502811431884766
-11.502457618713379
-11.502134323120117
-11.502487182617188
-11.501745223999023
-11.501769065856934
-11.501811981201172
-11.50204086303711
-11.502556800842285
-11.502931594848633
-11.502498626708984
-11.502944946289062
-11.502474784851074
-11.502641677856445
-11.50244140625
-11.502455711364746
-11.502382278442383
-11.502931594848633
-11.502495765686035
-11.502951622009277
-11.502947807312012
-11.502817153930664
-11.502402305603027
-11.502878189086914
-11.502309799194336
-11.502671241760254
-11.502845764160156
-11.502425193786621
-11.502293586730957
-11.502546310424805
-11.502449989318848
-11.502320289611816
-11.502602577209473
-11.502602577209473
-11.502949714660645
-11.503106117248535
-11.502153396606445
-11.50275993347168
-11.502918243408203
-11.502470016479492
-11.502721786499023
-11.502325057983398
-11.502376556396484
-11.501934051513672
-11.502507209777832
-11.502138137817383
-11.502477645874023
-11.50197982788086
-11.502313613891602
-11.502437591552734
-11.502787590026855
-11.502852439880371
-11.502360343933105
-11.503007888793945
-11.502726554870605
-11.502882957458496
-11.50273609161377
-11.502655029296875
-11.50271987915039
-11.502178192138672
-11.502695083618164
-11.502202033996582
-11.502402305603027
-11.501890182495117
-11.502070426940918
-11.502395629882812
-11.501365661621094
-11.501214027404785
-11.500326156616211
-11.50007438659668
-11.499116897583008
-11.497652053833008
-11.495866775512695
-11.494779586791992
-11.493940353393555
-11.495171546936035
-11.49786376953125
-11.500686645507812
-11.50232982635498
-11.50182056427002
-11.499809265136719
-11.49579906463623
-11.49254035949707
-11.491141319274902
-11.491915702819824
-11.495884895324707
-11.500432968139648
-11.502099990844727
-11.5010986328125
-11.497787475585938
-11.49354362487793
-11.492544174194336
-11.496270179748535
-11.501229286193848
-11.502037048339844
-11.49732780456543
-11.48922348022461
-11.48402214050293
-11.489568710327148
-11.498501777648926
-11.501848220825195
-11.497232437133789
-11.494115829467773
-11.496172904968262
-11.499772071838379
-11.50210952758789
-11.500197410583496
-11.495333671569824
-11.493162155151367
-11.497111320495605
-11.50143814086914
-11.5026216506958
-11.499275207519531
-11.495729446411133
-11.494739532470703
-11.49769115447998
-11.501148223876953
-11.502972602844238
-11.500565528869629
-11.49657917022705
-11.495270729064941
-11.498374938964844
-11.501605987548828
-11.501389503479004
-11.494277000427246
-11.486465454101562
-11.489481925964355
-11.498573303222656
-11.502832412719727
-11.49930477142334
-11.492960929870605
-11.492116928100586
-11.49774169921875
-11.50242805480957
-11.501644134521484
-11.498455047607422
-11.49686050415039
-11.499245643615723
-11.502021789550781
-11.502567291259766
-11.501741409301758
-11.501911163330078
-11.502098083496094
-11.502410888671875
-11.502355575561523
-11.502874374389648
-11.502177238464355
-11.502181053161621
-11.502741813659668
-11.50251579284668
-11.502958297729492
-11.502534866333008
-11.502671241760254
-11.502833366394043
-11.502452850341797
-11.50316333770752
-11.502182960510254
-11.502574920654297
-11.502655982971191
-11.503076553344727
-11.502896308898926
-11.502558708190918
-11.502842903137207
-11.502670288085938
-11.502595901489258
-11.502854347229004
-11.502758026123047
-11.502490997314453
-11.502558708190918
-11.50326919555664
-11.50287914276123
-11.502432823181152
-11.502788543701172
-11.503039360046387
-11.503016471862793
-11.502997398376465
-11.502910614013672
-11.502754211425781
-11.503020286560059
-11.5027437210083
-11.503470420837402
-11.502961158752441
-11.502866744995117
-11.502721786499023
-11.502514839172363
-11.502437591552734
-11.502751350402832
-11.503172874450684
-11.503206253051758
-11.503268241882324
-11.503083229064941
-11.502815246582031
-11.503260612487793
-11.503173828125
-11.503268241882324
-11.503106117248535
-11.503030776977539
-11.502928733825684
-11.503087043762207
-11.503146171569824
-11.503190040588379
-11.502779006958008
-11.502378463745117
-11.502545356750488
-11.502951622009277
-11.50299072265625
-11.503225326538086
-11.503007888793945
-11.50289535522461
-11.502748489379883
-11.503134727478027
-11.50283432006836
-11.503188133239746
-11.502612113952637
-11.503278732299805
-11.502846717834473
-11.503361701965332
-11.502771377563477
-11.50319766998291
-11.503423690795898
-11.502931594848633
-11.503329277038574
-11.502880096435547
-11.503255844116211
-11.503016471862793
-11.502959251403809
-11.503216743469238
-11.50359058380127
-11.502935409545898
-11.50316047668457
-11.50271987915039
-11.503273010253906
-11.503097534179688
-11.503348350524902
-11.502967834472656
-11.503524780273438
-11.503016471862793
-11.503132820129395
-11.503321647644043
-11.503073692321777
-11.502792358398438
-11.503090858459473
-11.5028657913208
-11.503419876098633
-11.503092765808105
-11.502517700195312
-11.502978324890137
-11.50314998626709
-11.502961158752441
-11.502784729003906
-11.502812385559082
-11.503196716308594
-11.503405570983887
-11.503113746643066
-11.503167152404785
-11.503263473510742
-11.503010749816895
-11.503151893615723
-11.50297737121582
-11.502848625183105
-11.50307846069336
-11.502653121948242
-11.503067016601562
-11.503059387207031
-11.503104209899902
-11.503497123718262
-11.503094673156738
-11.50319766998291
-11.503177642822266
-11.503087043762207
-11.50295639038086
-11.502760887145996
-11.503171920776367
-11.503116607666016
-11.503035545349121
-11.50317096710205
-11.503021240234375
-11.503338813781738
-11.503559112548828
-11.503251075744629
-11.503259658813477
-11.503069877624512
-11.503226280212402
-11.503299713134766
-11.50341796875
-11.503186225891113
-11.502997398376465
-11.503030776977539
-11.503240585327148
-11.502978324890137
-11.502701759338379
-11.502799034118652
-11.502784729003906
-11.502582550048828
-11.502586364746094
-11.502462387084961
-11.502251625061035
-11.50272274017334
-11.50245475769043
-11.502758979797363
-11.503153800964355
-11.503079414367676
-11.5029296875
-11.502704620361328
-11.502972602844238
-11.502758026123047
-11.503278732299805
-11.503410339355469
-11.502970695495605
-11.503018379211426
-11.502949714660645
-11.503104209899902
-11.503060340881348
-11.502636909484863
-11.502652168273926
-11.502340316772461
-11.502727508544922
-11.50314998626709
-11.502825736999512
-11.502845764160156
-11.502817153930664
-11.502836227416992
-11.502596855163574
-11.50296688079834
-11.502971649169922
-11.503226280212402
-11.503469467163086
-11.50319766998291
-11.50296401977539
-11.503229141235352
-11.50281810760498
-11.501704216003418
-11.501771926879883
-11.501447677612305
-11.50167465209961
-11.501185417175293
-11.501758575439453
-11.502341270446777
-11.502562522888184
-11.502302169799805
-11.50230884552002
-11.502106666564941
-11.502299308776855
-11.502137184143066
-11.502304077148438
-11.501977920532227
-11.501969337463379
-11.501520156860352
-11.501043319702148
-11.500161170959473
-11.499265670776367
-11.497872352600098
-11.495806694030762
-11.493878364562988
-11.492453575134277
-11.494296073913574
-11.49803352355957
-11.50102424621582
-11.502938270568848
-11.502784729003906
-11.500941276550293
-11.498307228088379
-11.496662139892578
-11.497199058532715
-11.499710083007812
-11.50288200378418
-11.502580642700195
-11.50045394897461
-11.499001502990723
-11.500500679016113
-11.501383781433105
-11.50180721282959
-11.502620697021484
-11.502480506896973
-11.502409934997559
-11.50275707244873
-11.502779960632324
-11.503178596496582
-11.502913475036621
-11.5032320022583
-11.503609657287598
-11.503419876098633
-11.503713607788086
-11.50320816040039
-11.503124237060547
-11.502449989318848
-11.502180099487305
-11.501914024353027
-11.501764297485352
-11.5021390914917
-11.503519058227539
-11.503556251525879
-11.502697944641113
-11.502120971679688
-11.501153945922852
-11.49980640411377
-11.499788284301758
-11.500697135925293
-11.501296043395996
-11.502513885498047
-11.502920150756836
-11.502934455871582
-11.503449440002441
-11.503726959228516
-11.503541946411133
-11.50344467163086
-11.503381729125977
-11.503410339355469
-11.50295352935791
-11.501996040344238
-11.501953125
-11.50177001953125
-11.50217056274414
-11.502335548400879
-11.502882957458496
-11.503311157226562
-11.50355339050293
-11.502974510192871
-11.502074241638184
-11.50233268737793
-11.501667022705078
-11.501437187194824
-11.500957489013672
-11.501482963562012
-11.502169609069824
-11.502864837646484
-11.502877235412598
-11.503429412841797
-11.503596305847168
-11.503129959106445
-11.502613067626953
-11.501527786254883
-11.501155853271484
-11.501148223876953
-11.501668930053711
-11.502540588378906
-11.503231048583984
-11.50314998626709
-11.502022743225098
-11.50052547454834
-11.499125480651855
-11.498445510864258
-11.497456550598145
-11.49753189086914
-11.499787330627441
-11.50184440612793
-11.502996444702148
-11.503132820129395
-11.502951622009277
-11.503210067749023
-11.502516746520996
-11.5029935836792
-11.503008842468262
-11.502606391906738
-11.502288818359375
-11.502246856689453
-11.502090454101562
-11.50182056427002
-11.502172470092773
-11.503129959106445
-11.50342845916748
-11.503440856933594
-11.503484725952148
-11.503398895263672
-11.503116607666016
-11.50307559967041
-11.503196716308594
-11.503545761108398
-11.504128456115723
-11.50368881225586
-11.503551483154297
-11.50238037109375
-11.501214027404785
-11.500065803527832
-11.499821662902832
-11.500049591064453
-11.501517295837402
-11.501888275146484
-11.502205848693848
-11.5025053024292
-11.501952171325684
-11.50169563293457
-11.502113342285156
-11.502927780151367
-11.50272274017334
-11.503235816955566
-11.503501892089844
-11.503216743469238
-11.503300666809082
-11.503689765930176
-11.503644943237305
-11.503558158874512
-11.503552436828613
-11.503628730773926
-11.503761291503906
-11.503191947937012
-11.503376007080078
-11.503040313720703
-11.502399444580078
-11.501795768737793
-11.500616073608398
-11.500911712646484
-11.500716209411621
-11.501334190368652
-11.502298355102539
-11.503183364868164
-11.503445625305176
-11.5038423538208
-11.503806114196777
-11.503830909729004
-11.504082679748535
-11.50368881225586
-11.503870010375977
-11.503829956054688
-11.503795623779297
-11.503738403320312
-11.503710746765137
-11.503719329833984
-11.503728866577148
-11.503321647644043
-11.503211975097656
-11.503307342529297
-11.50355339050293
-11.503862380981445
-11.504054069519043
-11.503079414367676
-11.503044128417969
-11.502647399902344
-11.501513481140137
-11.500992774963379
-11.500051498413086
-11.499290466308594
-11.499263763427734
-11.498307228088379
-11.49888801574707
-11.500266075134277
-11.50224494934082
-11.502876281738281
-11.5
-11.494633674621582
-11.486804962158203
-11.484200477600098
-11.487683296203613
-11.492822647094727
-11.500185012817383
-11.503421783447266
-11.501410484313965
-11.49498462677002
-11.489583969116211
-11.489944458007812
-11.496315002441406
-11.50064754486084
-11.502400398254395
-11.502571105957031
-11.501777648925781
-11.502426147460938
-11.502897262573242
-11.503162384033203
-11.50333023071289
-11.502910614013672
-11.503043174743652
-11.503194808959961
-11.502906799316406
-11.503161430358887
-11.503411293029785
-11.50350570678711
-11.502640724182129
-11.501506805419922
-11.501325607299805
-11.50125503540039
-11.502233505249023
-11.503547668457031
-11.503703117370605
-11.503504753112793
-11.503193855285645
-11.502764701843262
-11.50261402130127
-11.50170612335205
-11.501885414123535
-11.502459526062012
-11.503260612487793
-11.503905296325684
-11.50374984741211
-11.50405216217041
-11.503706932067871
-11.503765106201172
-11.50378704071045
-11.503121376037598
-11.503747940063477
-11.504081726074219
-11.50364875793457
-11.504055976867676
-11.503544807434082
-11.503520965576172
-11.503678321838379
-11.503777503967285
-11.504175186157227
-11.503800392150879
-11.503990173339844
-11.50385856628418
-11.50374698638916
-11.503809928894043
-11.503408432006836
-11.50355052947998
-11.503273963928223
-11.503969192504883
-11.50406551361084
-11.504060745239258
-11.503606796264648
-11.503981590270996
-11.504006385803223
-11.504117965698242
-11.50384521484375
-11.503813743591309
-11.503524780273438
-11.503633499145508
-11.50413703918457
-11.503738403320312
-11.503974914550781
-11.503965377807617
-11.503565788269043
-11.503677368164062
-11.503874778747559
-11.503878593444824
-11.504026412963867
-11.504138946533203
-11.503653526306152
-11.504256248474121
-11.504172325134277
-11.504053115844727
-11.504228591918945
-11.503973007202148
-11.503508567810059
-11.50339126586914
-11.503307342529297
-11.50309944152832
-11.503225326538086
-11.503093719482422
-11.50352954864502
-11.503063201904297
-11.502551078796387
-11.502747535705566
-11.502893447875977
-11.50273609161377
-11.503262519836426
-11.503710746765137
-11.503731727600098
-11.503396987915039
-11.502435684204102
-11.502286911010742
-11.502251625061035
-11.502254486083984
-11.502306938171387
-11.501969337463379
-11.502269744873047
-11.501811027526855
-11.502246856689453
-11.502094268798828
-11.501121520996094
-11.500253677368164
-11.498851776123047
-11.497365951538086
-11.497814178466797
-11.49799919128418
-11.499865531921387
-11.501874923706055
-11.503412246704102
-11.50402545928955
-11.503222465515137
-11.50213623046875
-11.501846313476562
-11.501850128173828
-11.501692771911621
-11.502449989318848
-11.502888679504395
-11.503750801086426
-11.50367546081543
-11.503971099853516
-11.50375747680664
-11.503586769104004
-11.503729820251465
-11.503417015075684
-11.502172470092773
-11.501326560974121
-11.500411987304688
-11.500426292419434
-11.50076961517334
-11.500904083251953
-11.500798225402832
-11.502161026000977
-11.502960205078125
-11.503634452819824
-11.50406551361084
-11.503946304321289
-11.503966331481934
-11.502660751342773
-11.502523422241211
-11.50238037109375
-11.502069473266602
-11.501774787902832
-11.501599311828613
-11.501360893249512
-11.501128196716309
-11.501424789428711
-11.502281188964844
-11.503108978271484
-11.503934860229492
-11.503321647644043
-11.504167556762695
-11.50373649597168
-11.503877639770508
-11.503921508789062
-11.503852844238281
-11.503878593444824
-11.50389575958252
-11.50334358215332
-11.503436088562012
-11.503204345703125
-11.50341510772705
-11.503862380981445
-11.504313468933105
-11.504060745239258
-11.504010200500488
-11.50378704071045
-11.50365161895752
-11.503817558288574
-11.504351615905762
-11.50407600402832
-11.503990173339844
-11.50338077545166
-11.503094673156738
-11.50273323059082
-11.50326156616211
-11.503140449523926
-11.5032958984375
-11.503155708312988
-11.50278377532959
-11.502915382385254
-11.502274513244629
-11.502967834472656
-11.503091812133789
-11.50366497039795
-11.50369644165039
-11.503764152526855
-11.503724098205566
-11.503702163696289
-11.503610610961914
-11.501686096191406
-11.499249458312988
-11.497275352478027
-11.49579906463623
-11.495863914489746
-11.496676445007324
-11.498637199401855
-11.500935554504395
-11.502535820007324
-11.503145217895508
-11.503782272338867
-11.502982139587402
-11.501361846923828
-11.499222755432129
-11.496747016906738
-11.496231079101562
-11.498024940490723
-11.500935554504395
-11.503326416015625
-11.503992080688477
-11.503599166870117
-11.50318431854248
-11.503313064575195
-11.50299072265625
-11.50377368927002
-11.503654479980469
-11.503822326660156
-11.503841400146484
-11.504220008850098
-11.50405502319336
-11.503891944885254
-11.504088401794434
-11.503872871398926
-11.503713607788086
-11.50367546081543
-11.503378868103027
-11.503120422363281
-11.503179550170898
-11.503283500671387
-11.50330924987793
-11.503686904907227
-11.50382137298584
-11.50403881072998
-11.503999710083008
-11.504242897033691
-11.504142761230469
-11.503915786743164
-11.503768920898438
-11.504297256469727
-11.504434585571289
-11.504279136657715
-11.503761291503906
-11.503959655761719
-11.503843307495117
-11.503920555114746
-11.503655433654785
-11.503157615661621
-11.502519607543945
-11.501504898071289
-11.500041961669922
-11.498970031738281
-11.497939109802246
-11.499222755432129
-11.500615119934082
-11.503396987915039
-11.503400802612305
-11.49983024597168
-11.49553394317627
-11.489616394042969
-11.484328269958496
-11.481339454650879
-11.488362312316895
-11.497537612915039
-11.502792358398438
-11.502873420715332
-11.501124382019043
-11.499130249023438
-11.497604370117188
-11.497126579284668
-11.50029182434082
-11.502665519714355
-11.502398490905762
-11.50135612487793
-11.49844741821289
-11.49571418762207
-11.496270179748535
-11.499589920043945
-11.502928733825684
-11.50355052947998
-11.502691268920898
-11.500311851501465
-11.50104808807373
-11.503326416015625
-11.503731727600098
-11.502137184143066
-11.499597549438477
-11.49940013885498
-11.501665115356445
-11.50381851196289
-11.503684043884277
-11.503304481506348
-11.501769065856934
-11.502050399780273
-11.502796173095703
-11.503686904907227
-11.503865242004395
-11.504100799560547
-11.503552436828613
-11.503138542175293
-11.502795219421387
-11.502541542053223
-11.50322437286377
-11.503776550292969
-11.504171371459961
-11.504355430603027
-11.50414752960205
-11.504141807556152
-11.503801345825195
-11.504390716552734
-11.504135131835938
-11.504420280456543
-11.504356384277344
-11.504110336303711
-11.504161834716797
-11.504152297973633
-11.504731178283691
-11.504318237304688
-11.504270553588867
-11.504355430603027
-11.504645347595215
-11.504576683044434
-11.504138946533203
-11.504251480102539
-11.50468635559082
-11.504170417785645
-11.504365921020508
-11.503966331481934
-11.504271507263184
-11.504253387451172
-11.504585266113281
-11.504459381103516
-11.504151344299316
-11.504584312438965
-11.503693580627441
-11.503666877746582
-11.503715515136719
-11.504029273986816
-11.504326820373535
-11.504331588745117
-11.504486083984375
-11.504393577575684
-11.504434585571289
-11.504434585571289
-11.504399299621582
-11.504378318786621
-11.503960609436035
-11.504374504089355
-11.504481315612793
-11.504334449768066
-11.504144668579102
-11.503922462463379
-11.504077911376953
-11.504228591918945
-11.503921508789062
-11.504264831542969
-11.504166603088379
-11.504558563232422
-11.504751205444336
-11.504395484924316
-11.504307746887207
-11.504581451416016
-11.504284858703613
-11.504405975341797
-11.50394058227539
-11.503857612609863
-11.503905296325684
-11.504128456115723
-11.50411605834961
-11.504321098327637
-11.504461288452148
-11.504688262939453
-11.504496574401855
-11.504142761230469
-11.504201889038086
-11.504347801208496
-11.503521919250488
-11.504012107849121
-11.504003524780273
-11.504007339477539
-11.504230499267578
-11.504366874694824
-11.504313468933105
-11.504430770874023
-11.504515647888184
-11.504382133483887
-11.50413703918457
-11.503969192504883
-11.502985000610352
-11.503011703491211
-11.501547813415527
-11.500630378723145
-11.50005054473877
-11.499938011169434
-11.501420974731445
-11.503721237182617
-11.503822326660156
-11.501157760620117
-11.497446060180664
-11.494436264038086
-11.4940767288208
-11.494973182678223
-11.49608039855957
-11.49760913848877
-11.500887870788574
-11.50338077545166
-11.50291919708252
-11.497681617736816
-11.490556716918945
-11.490361213684082
-11.496376991271973
-11.501943588256836
-11.503866195678711
-11.502752304077148
-11.501688957214355
-11.500014305114746
-11.499621391296387
-11.499866485595703
-11.50150203704834
-11.502922058105469
-11.503804206848145
-11.503460884094238
-11.501075744628906
-11.498763084411621
-11.499320983886719
-11.501700401306152
-11.503894805908203
-11.503267288208008
-11.499277114868164
-11.494524955749512
-11.494399070739746
-11.498307228088379
-11.502663612365723
-11.50381851196289
-11.502519607543945
-11.50110149383545
-11.500225067138672
-11.500036239624023
-11.501761436462402
-11.50313949584961
-11.504240036010742
-11.504247665405273
-11.503429412841797
-11.503364562988281
-11.50365161895752
-11.504149436950684
-11.504364013671875
-11.504298210144043
-11.50429630279541
-11.504033088684082
-11.504412651062012
-11.504253387451172
-11.504705429077148
-11.50443172454834
-11.504453659057617
-11.504284858703613
-11.50451374053955
-11.504722595214844
-11.504522323608398
-11.504690170288086
-11.504670143127441
-11.504490852355957
-11.504375457763672
-11.504557609558105
-11.50457763671875
-11.5042724609375
-11.504753112792969
-11.50459098815918
-11.504463195800781
-11.504439353942871
-11.50426197052002
-11.504764556884766
-11.504425048828125
-11.504441261291504
-11.504430770874023
-11.504362106323242
-11.504608154296875
-11.504419326782227
-11.504053115844727
-11.504168510437012
-11.503735542297363
-11.504413604736328
-11.504412651062012
-11.504706382751465
-11.504671096801758
-11.504114151000977
-11.504227638244629
-11.504775047302246
-11.504598617553711
-11.504772186279297
-11.504755973815918
-11.504369735717773
-11.504454612731934
-11.504212379455566
-11.50401782989502
-11.50377082824707
-11.504035949707031
-11.504304885864258
-11.504315376281738
-11.504511833190918
-11.504037857055664
-11.504657745361328
-11.504316329956055
-11.50439453125
-11.504300117492676
-11.504495620727539
-11.504501342773438
-11.504388809204102
-11.50432300567627
-11.504514694213867
-11.504814147949219
-11.504693031311035
-11.504582405090332
-11.50466251373291
-11.504660606384277
-11.504488945007324
-11.504839897155762
-11.504703521728516
-11.504935264587402
-11.503949165344238
-11.504443168640137
-11.504087448120117
-11.503752708435059
-11.504461288452148
-11.504190444946289
-11.50464916229248
-11.504354476928711
-11.50434684753418
-11.504368782043457
-11.50489616394043
-11.504597663879395
-11.503734588623047
-11.504117965698242
-11.503833770751953
-11.503421783447266
-11.503620147705078
-11.503645896911621
-11.504056930541992
-11.504260063171387
-11.503880500793457
-11.503524780273438
-11.503767967224121
-11.503494262695312
-11.503936767578125
-11.504276275634766
-11.504422187805176
-11.5047025680542
-11.504605293273926
-11.504484176635742
-11.504363059997559
-11.50438404083252
-11.5045166015625
-11.504251480102539
-11.503853797912598
-11.503508567810059
-11.503313064575195
-11.502799987792969
-11.502960205078125
-11.503108978271484
-11.5030517578125
-11.503602027893066
-11.50410270690918
-11.504735946655273
-11.504363059997559
-11.503849983215332
-11.503866195678711
-11.503318786621094
-11.502887725830078
-11.502065658569336
-11.501737594604492
-11.50118350982666
-11.502330780029297
-11.503440856933594
-11.504340171813965
-11.504194259643555
-11.503746032714844
-11.502936363220215
-11.501368522644043
-11.500016212463379
-11.499348640441895
-11.498930931091309
-11.499988555908203
-11.500761032104492
-11.50127124786377
-11.50192928314209
-11.502018928527832
-11.501260757446289
-11.500835418701172
-11.500993728637695
-11.501269340515137
-11.502325057983398
-11.502751350402832
-11.50279426574707
-11.502978324890137
-11.504382133483887
-11.50426197052002
-11.503133773803711
-11.501867294311523
-11.501054763793945
-11.500639915466309
-11.50046157836914
-11.499805450439453
-11.497526168823242
-11.494620323181152
-11.498041152954102
-11.502242088317871
-11.503195762634277
-11.503910064697266
-11.503052711486816
-11.50123119354248
-11.499458312988281
-11.49945068359375
-11.500983238220215
-11.5025634765625
-11.50393295288086
-11.504128456115723
-11.502370834350586
-11.500687599182129
-11.500677108764648
-11.501432418823242
-11.503170013427734
-11.504173278808594
-11.504096031188965
-11.503210067749023
-11.499954223632812
-11.497322082519531
-11.49651050567627
-11.498438835144043
-11.500383377075195
-11.503691673278809
-11.504402160644531
-11.503527641296387
-11.502981185913086
-11.503059387207031
-11.503758430480957
-11.50440502166748
-11.504534721374512
-11.504446029663086
-11.503747940063477
-11.504483222961426
-11.504546165466309
-11.504347801208496
-11.504484176635742
-11.504129409790039
-11.504599571228027
-11.50437068939209
-11.504798889160156
-11.504833221435547
-11.504610061645508
-11.50480842590332
-11.504693031311035
-11.50450325012207
-11.504755973815918
-11.504619598388672
-11.504851341247559
-11.504998207092285
-11.504591941833496
-11.50498104095459
-11.504671096801758
-11.504663467407227
-11.504775047302246
-11.503795623779297
-11.504107475280762
-11.504438400268555
-11.504610061645508
-11.5048189163208
-11.504735946655273
-11.505267143249512
-11.50466251373291
-11.504584312438965
-11.504779815673828
-11.504817008972168
-11.504936218261719
-11.504465103149414
-11.505138397216797
-11.50464153289795
-11.504473686218262
-11.50481128692627
-11.50484561920166
-11.504810333251953
-11.504938125610352
-11.504980087280273
-11.504886627197266
-11.504718780517578
-11.504751205444336
-11.504766464233398
-11.505273818969727
-11.505146026611328
-11.504605293273926
-11.504964828491211
-11.50488567352295
-11.504714965820312
-11.504654884338379
-11.504349708557129
-11.504119873046875
-11.504599571228027
-11.503808975219727
-11.503658294677734
-11.503241539001465
-11.502729415893555
-11.503341674804688
-11.50368881225586
-11.50319766998291
-11.503138542175293
-11.503076553344727
-11.503091812133789
-11.502988815307617
-11.503311157226562
-11.503153800964355
-11.5037202835083
-11.503865242004395
-11.504155158996582
-11.504483222961426
-11.50440788269043
-11.504255294799805
-11.504778861999512
-11.504423141479492
-11.505010604858398
-11.504828453063965
-11.504913330078125
-11.504709243774414
-11.5050687789917
-11.50494384765625
-11.50505256652832
-11.504688262939453
-11.504924774169922
-11.504952430725098
-11.50507640838623
-11.50512409210205
-11.505119323730469
-11.50495433807373
-11.50477409362793
-11.505097389221191
-11.50468635559082
-11.504744529724121
-11.504749298095703
-11.504851341247559
-11.504819869995117
-11.504965782165527
-11.504944801330566
-11.505050659179688
-11.504942893981934
-11.504825592041016
-11.504999160766602
-11.504753112792969
-11.504637718200684
-11.504438400268555
-11.504361152648926
-11.504071235656738
-11.503852844238281
-11.503190040588379
-11.503052711486816
-11.50259780883789
-11.501169204711914
-11.499244689941406
-11.498528480529785
-11.496626853942871
-11.493854522705078
-11.488961219787598
-11.48044490814209
-11.476670265197754
-11.481406211853027
-11.490616798400879
-11.497496604919434
-11.500849723815918
-11.49894905090332
-11.485204696655273
-11.476318359375
-11.48409366607666
-11.498093605041504
-11.50346565246582
-11.497231483459473
-11.48790168762207
-11.488052368164062
-11.497663497924805
-11.504054069519043
-11.503094673156738
-11.49640941619873
-11.492670059204102
-11.494897842407227
-11.499934196472168
-11.503729820251465
-11.503626823425293
-11.498435020446777
-11.494708061218262
-11.496614456176758
-11.502399444580078
-11.504539489746094
-11.502049446105957
-11.501303672790527
-11.501911163330078
-11.503169059753418
-11.504648208618164
-11.504827499389648
-11.503865242004395
-11.502479553222656
-11.502294540405273
-11.503373146057129
-11.504219055175781
-11.504534721374512
-11.504167556762695
-11.504240036010742
-11.50448226928711
-11.504444122314453
-11.505143165588379
-11.505173683166504
-11.504903793334961
-11.504692077636719
-11.504470825195312
-11.504780769348145
-11.504398345947266
-11.504918098449707
-11.504878997802734
-11.50487995147705
-11.504634857177734
-11.50432014465332
-11.50477409362793
-11.504426956176758
-11.504424095153809
-11.502951622009277
-11.502941131591797
-11.503682136535645
-11.504915237426758
-11.505075454711914
-11.504387855529785
-11.504064559936523
-11.504551887512207
-11.50485897064209
-11.503411293029785
-11.501776695251465
-11.500864028930664
-11.501981735229492
-11.50395679473877
-11.504677772521973
-11.503143310546875
-11.50100326538086
-11.500934600830078
-11.50284481048584
-11.504836082458496
-11.505038261413574
-11.504850387573242
-11.50473403930664
-11.504603385925293
-11.504834175109863
-11.505090713500977
-11.50473690032959
-11.504643440246582
-11.504179000854492
-11.503687858581543
-11.50454330444336
-11.505163192749023
-11.505196571350098
-11.50450325012207
-11.504008293151855
-11.504300117492676
-11.50443172454834
-11.504721641540527
-11.505127906799316
-11.504335403442383
-11.50442886352539
-11.50425910949707
-11.504640579223633
-11.504813194274902
-11.504947662353516
-11.504950523376465
-11.504920959472656
-11.505061149597168
-11.504593849182129
-11.504870414733887
-11.50487995147705
-11.504706382751465
-11.50466537475586
-11.504541397094727
-11.50458812713623
-11.505175590515137
-11.505072593688965
-11.504454612731934
-11.504752159118652
-11.504857063293457
-11.505149841308594
-11.505199432373047
-11.504791259765625
-11.505176544189453
-11.504709243774414
-11.504615783691406
-11.504568099975586
-11.505024909973145
-11.504712104797363
-11.505230903625488
-11.504823684692383
-11.504785537719727
-11.50395393371582
-11.503975868225098
-11.50403881072998
-11.504653930664062
-11.504984855651855
-11.50513744354248
-11.504746437072754
-11.504908561706543
-11.505067825317383
-11.50507640838623
-11.505290985107422
-11.505069732666016
-11.504955291748047
-11.50515365600586
-11.505216598510742
-11.5052490234375
-11.50534439086914
-11.505098342895508
-11.504877090454102
-11.505165100097656
-11.50499153137207
-11.504988670349121
-11.504877090454102
-11.505040168762207
-11.50495433807373
-11.505239486694336
-11.505003929138184
-11.504951477050781
-11.504871368408203
-11.50503921508789
-11.504878044128418
-11.50509262084961
-11.505273818969727
-11.504915237426758
-11.505156517028809
-11.505280494689941
-11.504921913146973
-11.505001068115234
-11.505110740661621
-11.50464916229248
-11.505322456359863
-11.505054473876953
-11.505139350891113
-11.504837989807129
-11.504880905151367
-11.50430679321289
-11.503942489624023
-11.503623962402344
-11.503890037536621
-11.504779815673828
-11.50491714477539
-11.504725456237793
-11.503922462463379
-11.503345489501953
-11.50353717803955
-11.50442123413086
-11.505218505859375
-11.50476360321045
-11.504176139831543
-11.50352668762207
-11.502373695373535
-11.502071380615234
-11.502434730529785
-11.502214431762695
-11.503172874450684
-11.503986358642578
-11.504755973815918
-11.504714012145996
-11.504822731018066
-11.504469871520996
-11.504144668579102
-11.50412368774414
-11.503928184509277
-11.503927230834961
-11.504233360290527
-11.504834175109863
-11.504714965820312
-11.505242347717285
-11.50513744354248
-11.504937171936035
-11.504661560058594
-11.504199028015137
-11.504883766174316
-11.505138397216797
-11.505207061767578
-11.505459785461426
-11.505062103271484
-11.505382537841797
-11.505395889282227
-11.505232810974121
-11.50526237487793
-11.50535774230957
-11.504919052124023
-11.504932403564453
-11.50461196899414
-11.50466537475586
-11.504518508911133
-11.50475788116455
-11.504981994628906
-11.505179405212402
-11.504861831665039
-11.504972457885742
-11.504325866699219
-11.503945350646973
-11.504125595092773
-11.50427532196045
-11.504638671875
-11.504952430725098
-11.504779815673828
-11.505208015441895
-11.505013465881348
-11.50468635559082
-11.504900932312012
-11.504697799682617
-11.50450325012207
-11.504257202148438
-11.50418472290039
-11.503744125366211
-11.503978729248047
-11.503595352172852
-11.503703117370605
-11.503576278686523
-11.50390625
-11.504105567932129
-11.504487037658691
-11.504514694213867
-11.504865646362305
-11.505317687988281
-11.504989624023438
-11.504268646240234
-11.503695487976074
-11.504288673400879
-11.504376411437988
-11.504905700683594
-11.504966735839844
-11.504297256469727
-11.502130508422852
-11.499866485595703
-11.496806144714355
-11.495211601257324
-11.494226455688477
-11.495018005371094
-11.496825218200684
-11.500126838684082
-11.503459930419922
-11.505159378051758
-11.50433349609375
-11.50236988067627
-11.499114990234375
-11.497467041015625
-11.497990608215332
-11.501446723937988
-11.503795623779297
-11.505160331726074
-11.50483512878418
-11.503329277038574
-11.501585006713867
-11.500560760498047
-11.500585556030273
-11.501175880432129
-11.503252029418945
-11.504645347595215
-11.504985809326172
-11.505555152893066
-11.505191802978516
-11.50437068939209
-11.504082679748535
-11.50407600402832
-11.5045166015625
-11.505345344543457
-11.505576133728027
-11.505155563354492
-11.504844665527344
-11.504444122314453
-11.503824234008789
-11.50387191772461
-11.504584312438965
-11.504873275756836
-11.5050687789917
-11.505314826965332
-11.50484848022461
-11.504755020141602
-11.504780769348145
-11.504617691040039
-11.505160331726074
-11.504800796508789
-11.50473690032959
-11.505217552185059
-11.505627632141113
-11.505154609680176
-11.50439167022705
-11.503671646118164
-11.503300666809082
-11.503338813781738
-11.504193305969238
-11.504660606384277
-11.505101203918457
-11.50493335723877
-11.504595756530762
-11.504213333129883
-11.504158020019531
-11.504135131835938
-11.504103660583496
-11.504627227783203
-11.504813194274902
-11.50514030456543
-11.505261421203613
-11.505126953125
-11.505314826965332
-11.505295753479004
-11.505321502685547
-11.505257606506348
-11.505383491516113
-11.505090713500977
-11.504599571228027
-11.505005836486816
-11.504902839660645
-11.505415916442871
-11.505414009094238
-11.505743980407715
-11.505396842956543
-11.505260467529297
-11.505167007446289
-11.505136489868164
-11.504952430725098
-11.50505256652832
-11.505086898803711
-11.504960060119629
-11.505248069763184
-11.505050659179688
-11.504875183105469
-11.504980087280273
-11.504924774169922
-11.504975318908691
-11.504966735839844
-11.505071640014648
-11.505355834960938
-11.504966735839844
-11.504752159118652
-11.505077362060547
-11.505094528198242
-11.50466537475586
-11.504914283752441
-11.505064964294434
-11.50493049621582
-11.505451202392578
-11.505398750305176
-11.505317687988281
-11.504923820495605
-11.504340171813965
-11.503780364990234
-11.502988815307617
-11.50198745727539
-11.500733375549316
-11.499398231506348
-11.497879981994629
-11.496599197387695
-11.498125076293945
-11.50049877166748
-11.503743171691895
-11.50527572631836
-11.504353523254395
-11.50037670135498
-11.495414733886719
-11.49216365814209
-11.491172790527344
-11.492435455322266
-11.498383522033691
-11.504444122314453
-11.502747535705566
-11.49789047241211
-11.49500846862793
-11.494237899780273
-11.495633125305176
-11.501365661621094
-11.503893852233887
-11.503302574157715
-11.50200366973877
-11.50101375579834
-11.500934600830078
-11.501500129699707
-11.502333641052246
-11.503532409667969
-11.504443168640137
-11.504810333251953
-11.5050687789917
-11.50478458404541
-11.50448226928711
-11.504302978515625
-11.50440502166748
-11.504986763000488
-11.505366325378418
-11.504377365112305
-11.503327369689941
-11.503324508666992
-11.504140853881836
-11.504642486572266
-11.504436492919922
-11.5044527053833
-11.505096435546875
-11.505460739135742
-11.505670547485352
-11.50504207611084
-11.50456714630127
-11.504522323608398
-11.504471778869629
-11.50384521484375
-11.504427909851074
-11.504965782165527
-11.505520820617676
-11.505230903625488
-11.504422187805176
-11.50391674041748
-11.504100799560547
-11.50488567352295
-11.50505256652832
-11.505817413330078
-11.505376815795898
-11.504931449890137
-11.5049467086792
-11.5048828125
-11.505009651184082
-11.505563735961914
-11.505524635314941
-11.50534725189209
-11.505402565002441
-11.505316734313965
-11.505108833312988
-11.505423545837402
-11.505683898925781
-11.50576400756836
-11.504776954650879
-11.50434684753418
-11.503395080566406
-11.50255298614502
-11.502167701721191
-11.502723693847656
-11.503999710083008
-11.50486946105957
-11.5055513381958
-11.504995346069336
-11.504103660583496
-11.503111839294434
-11.502043724060059
-11.501569747924805
-11.501867294311523
-11.50327205657959
-11.504897117614746
-11.504548072814941
-11.50501823425293
-11.504654884338379
-11.50413703918457
-11.503493309020996
-11.50274658203125
-11.502384185791016
-11.502726554870605
-11.502904891967773
-11.503935813903809
-11.504578590393066
-11.504979133605957
-11.505053520202637
-11.504868507385254
-11.503788948059082
-11.502970695495605
-11.502490043640137
-11.503167152404785
-11.50370979309082
-11.504414558410645
-11.505452156066895
-11.505378723144531
-11.505208969116211
-11.505365371704102
-11.505087852478027
-11.505035400390625
-11.504560470581055
-11.504865646362305
-11.505258560180664
-11.505502700805664
-11.50464153289795
-11.504040718078613
-11.503519058227539
-11.50395393371582
-11.504243850708008
-11.504688262939453
-11.504962921142578
-11.504729270935059
-11.505254745483398
-11.50505256652832
-11.504767417907715
-11.504765510559082
-11.504538536071777
-11.504684448242188
-11.50490665435791
-11.504931449890137
-11.505061149597168
-11.505023002624512
-11.504719734191895
-11.504653930664062
-11.50495719909668
-11.505369186401367
-11.505437850952148
-11.505265235900879
-11.505809783935547
-11.505610466003418
-11.504674911499023
-11.50349235534668
-11.502525329589844
-11.501620292663574
-11.501555442810059
-11.502080917358398
-11.503632545471191
-11.504765510559082
-11.50571346282959
-11.50561809539795
-11.504819869995117
-11.504286766052246
-11.503682136535645
-11.504239082336426
-11.505104064941406
-11.505205154418945
-11.505328178405762
-11.50511360168457
-11.5054349899292
-11.505374908447266
-11.505743026733398
-11.505521774291992
-11.505337715148926
-11.505186080932617
-11.504496574401855
-11.50378131866455
-11.503811836242676
-11.504648208618164
-11.505266189575195
-11.505454063415527
-11.503886222839355
-11.50117301940918
-11.496989250183105
-11.4927339553833
-11.490641593933105
-11.492890357971191
-11.498165130615234
-11.502901077270508
-11.504169464111328
-11.49882698059082
-11.487710952758789
-11.482799530029297
-11.490224838256836
-11.501521110534668
-11.504310607910156
-11.495643615722656
-11.48624324798584
-11.489599227905273
-11.499146461486816
-11.504792213439941
-11.502161026000977
-11.497428894042969
-11.496671676635742
-11.499319076538086
-11.503525733947754
-11.503026008605957
-11.498627662658691
-11.496256828308105
-11.49902629852295
-11.503350257873535
-11.504904747009277
-11.50481128692627
-11.504402160644531
-11.50427532196045
-11.504225730895996
-11.504219055175781
-11.504962921142578
-11.505026817321777
-11.504974365234375
-11.504692077636719
-11.505281448364258
-11.505640983581543
-11.505834579467773
-11.505450248718262
-11.505538940429688
-11.505130767822266
-11.505122184753418
-11.50479507446289
-11.504814147949219
-11.505606651306152
-11.505770683288574
-11.505343437194824
-11.505569458007812
-11.505311965942383
-11.505637168884277
-11.50558853149414
-11.505130767822266
-11.504975318908691
-11.505473136901855
-11.505511283874512
-11.505401611328125
-11.505331993103027
-11.505295753479004
-11.505029678344727
-11.505154609680176
-11.505522727966309
-11.505454063415527
-11.505671501159668
-11.505544662475586
-11.505428314208984
-11.505514144897461
-11.505290031433105
-11.50544261932373
-11.50554370880127
-11.505558013916016
-11.505514144897461
-11.505578994750977
-11.505351066589355
-11.50519847869873
-11.50543212890625
-11.505419731140137
-11.505779266357422
-11.50555419921875
-11.505261421203613
-11.505712509155273
-11.5055570602417
-11.505805015563965
-11.505232810974121
-11.505195617675781
-11.505010604858398
-11.505098342895508
-11.505523681640625
-11.505727767944336
-11.505828857421875
-11.504864692687988
-11.503850936889648
-11.50262451171875
-11.502768516540527
-11.504182815551758
-11.505556106567383
-11.50488567352295
-11.502833366394043
-11.501113891601562
-11.499839782714844
-11.501583099365234
-11.504969596862793
-11.504372596740723
-11.500062942504883
-11.49758243560791
-11.498805046081543
-11.501505851745605
-11.503966331481934
-11.505513191223145
-11.505349159240723
-11.504289627075195
-11.503276824951172
-11.503538131713867
-11.504767417907715
-11.505663871765137
-11.505331039428711
-11.504658699035645
-11.504401206970215
-11.504693031311035
-11.505078315734863
-11.50553035736084
-11.505512237548828
-11.505403518676758
-11.504886627197266
-11.50438117980957
-11.503840446472168
-11.504044532775879
-11.505041122436523
-11.505489349365234
-11.504841804504395
-11.504377365112305
-11.503820419311523
-11.5039701461792
-11.50460147857666
-11.50517463684082
-11.505522727966309
-11.505518913269043
-11.505248069763184
-11.505431175231934
-11.505354881286621
-11.504889488220215
-11.504804611206055
-11.50551700592041
-11.505840301513672
-11.504964828491211
-11.50437068939209
-11.504218101501465
-11.504815101623535
-11.505534172058105
-11.505668640136719
-11.505587577819824
-11.505295753479004
-11.5053129196167
-11.505695343017578
-11.505603790283203
-11.505806922912598
-11.505495071411133
-11.505658149719238
-11.50582218170166
-11.505826950073242
-11.505785942077637
-11.505727767944336
-11.505472183227539
-11.505777359008789
-11.505221366882324
-11.50521183013916
-11.505315780639648
-11.505349159240723
-11.50578498840332
-11.505623817443848
-11.506011962890625
-11.50584602355957
-11.505805015563965
-11.505191802978516
-11.505075454711914
-11.50464916229248
-11.50461483001709
-11.505023956298828
-11.505444526672363
-11.505936622619629
-11.505953788757324
-11.505597114562988
-11.505635261535645
-11.505406379699707
-11.505209922790527
-11.50497817993164
-11.5056791305542
-11.505688667297363
-11.50564193725586
-11.505388259887695
-11.504633903503418
-11.503299713134766
-11.502415657043457
-11.502254486083984
-11.50222110748291
-11.503459930419922
-11.504487037658691
-11.505386352539062
-11.505379676818848
-11.505332946777344
-11.504010200500488
-11.502409934997559
-11.502107620239258
-11.502601623535156
-11.503289222717285
-11.504265785217285
-11.505173683166504
-11.50557804107666
-11.505504608154297
-11.505844116210938
-11.50574016571045
-11.505570411682129
-11.505539894104004
-11.505324363708496
-11.505138397216797
-11.504959106445312
-11.504804611206055
-11.505414962768555
-11.505513191223145
-11.505610466003418
-11.506053924560547
-11.505996704101562
-11.50599193572998
-11.50563907623291
-11.505496978759766
-11.50584888458252
-11.505789756774902
-11.505965232849121
-11.505853652954102
-11.505693435668945
-11.505717277526855
-11.505817413330078
-11.505989074707031
-11.505914688110352
-11.5056734085083
-11.505682945251465
-11.505340576171875
-11.505171775817871
-11.505775451660156
-11.505525588989258
-11.505613327026367
-11.505825996398926
-11.505722045898438
-11.505855560302734
-11.505678176879883
-11.506002426147461
-11.505733489990234
-11.505621910095215
-11.50572395324707
-11.505121231079102
-11.505189895629883
-11.504517555236816
-11.505023956298828
-11.505571365356445
-11.505496978759766
-11.505738258361816
-11.505782127380371
-11.505963325500488
-11.50517463684082
-11.505102157592773
-11.504143714904785
-11.503424644470215
-11.502828598022461
-11.502726554870605
-11.502971649169922
-11.501736640930176
-11.499943733215332
-11.498944282531738
-11.500332832336426
-11.502041816711426
-11.502484321594238
-11.50290298461914
-11.504060745239258
-11.505112648010254
-11.505585670471191
-11.505380630493164
-11.505216598510742
-11.50471305847168
-11.503697395324707
-11.50158977508545
-11.500617027282715
-11.500506401062012
-11.500781059265137
-11.502118110656738
-11.503307342529297
-11.505166053771973
-11.505393028259277
-11.505109786987305
-11.504478454589844
-11.503443717956543
-11.503199577331543
-11.503196716308594
-11.50370979309082
-11.504814147949219
-11.5052490234375
-11.505488395690918
-11.505745887756348
-11.505193710327148
-11.504611015319824
-11.502703666687012
-11.501251220703125
-11.499815940856934
-11.499370574951172
-11.501289367675781
-11.503296852111816
-11.50529670715332
-11.505715370178223
-11.505424499511719
-11.504451751708984
-11.504014015197754
-11.505064010620117
-11.505620956420898
-11.505181312561035
-11.505163192749023
-11.50532341003418
-11.505819320678711
-11.505815505981445
-11.505434036254883
-11.505475044250488
-11.505271911621094
-11.505393981933594
-11.505791664123535
-11.505629539489746
-11.505791664123535
-11.505778312683105
-11.505529403686523
-11.505159378051758
-11.505290985107422
-11.505670547485352
-11.505690574645996
-11.506141662597656
-11.505511283874512
-11.504679679870605
-11.503498077392578
-11.502549171447754
-11.501945495605469
-11.50141716003418
-11.502839088439941
-11.504408836364746
-11.505550384521484
-11.505495071411133
-11.5037202835083
-11.501483917236328
-11.498953819274902
-11.497346878051758
-11.497814178466797
-11.499622344970703
-11.501986503601074
-11.503572463989258
-11.504798889160156
-11.505436897277832
-11.505321502685547
-11.505570411682129
-11.504606246948242
-11.503734588623047
-11.503143310546875
-11.503890991210938
-11.504931449890137
-11.505464553833008
-11.505754470825195
-11.505670547485352
-11.50550651550293
-11.505038261413574
-11.505008697509766
-11.504120826721191
-11.50425910949707
-11.504462242126465
-11.505325317382812
-11.505146026611328
-11.503292083740234
-11.498894691467285
-11.493544578552246
-11.487260818481445
-11.485652923583984
-11.490254402160645
-11.499106407165527
-11.503694534301758
-11.489273071289062
-11.464685440063477
-11.46877670288086
-11.495660781860352
-11.49204158782959
-11.462862968444824
-11.466474533081055
-11.49167537689209
-11.504520416259766
-11.490488052368164
-11.469018936157227
-11.471354484558105
-11.495519638061523
-11.503841400146484
-11.49370288848877
-11.493616104125977
-11.501166343688965
-11.503372192382812
-11.501138687133789
-11.49964427947998
-11.501788139343262
-11.504971504211426
-11.502959251403809
-11.49763011932373
-11.49864673614502
-11.504045486450195
-11.505447387695312
-11.503007888793945
-11.50178337097168
-11.503896713256836
-11.505414962768555
-11.504972457885742
-11.503546714782715
-11.503558158874512
-11.504782676696777
-11.505661010742188
-11.505122184753418
-11.505167007446289
-11.50570297241211
-11.505914688110352
-11.505544662475586
-11.50484848022461
-11.505044937133789
-11.505755424499512
-11.50577163696289
-11.505566596984863
-11.50553035736084
-11.505655288696289
-11.505961418151855
-11.505526542663574
-11.505105018615723
-11.50563907623291
-11.506011962890625
-11.505936622619629
-11.505613327026367
-11.505701065063477
-11.505876541137695
-11.50595474243164
-11.50573444366455
-11.50617504119873
-11.50576400756836
-11.505962371826172
-11.50532341003418
-11.505626678466797
-11.505888938903809
-11.50561809539795
-11.505242347717285
-11.505643844604492
-11.505816459655762
-11.505988121032715
-11.505428314208984
-11.505097389221191
-11.505749702453613
-11.506059646606445
-11.50593090057373
-11.505158424377441
-11.505365371704102
-11.506118774414062
-11.505609512329102
-11.504997253417969
-11.505264282226562
-11.505722045898438
-11.50594711303711
-11.505475997924805
-11.505687713623047
-11.505875587463379
-11.506081581115723
-11.505898475646973
-11.506103515625
-11.506107330322266
-11.505845069885254
-11.50585651397705
-11.505884170532227
-11.505699157714844
-11.505906105041504
-11.505985260009766
-11.505885124206543
-11.505854606628418
-11.505908966064453
-11.506257057189941
-11.506012916564941
-11.506288528442383
-11.50618839263916
-11.506147384643555
-11.506003379821777
-11.506193161010742
-11.505976676940918
-11.506094932556152
-11.506081581115723
-11.505916595458984
-11.506128311157227
-11.505998611450195
-11.505807876586914
-11.50580883026123
-11.5059814453125
-11.506109237670898
-11.505927085876465
-11.506183624267578
-11.50612735748291
-11.506025314331055
-11.505934715270996
-11.50615406036377
-11.506270408630371
-11.506144523620605
-11.50619125366211
-11.506004333496094
-11.50583553314209
-11.50595760345459
-11.506026268005371
-11.505803108215332
-11.506224632263184
-11.505826950073242
-11.506114959716797
-11.505988121032715
-11.505793571472168
-11.50603199005127
-11.506196022033691
-11.506109237670898
-11.50598430633545
-11.506134033203125
-11.50598430633545
-11.50613784790039
-11.50618839263916
-11.506169319152832
-11.505857467651367
-11.506032943725586
-11.506194114685059
-11.50605583190918
-11.5060453414917
-11.505974769592285
-11.506038665771484
-11.50594711303711
-11.505999565124512
-11.506402969360352
-11.506208419799805
-11.506097793579102
-11.506004333496094
-11.50597095489502
-11.506229400634766
-11.506158828735352
-11.505805969238281
-11.505477905273438
-11.505289077758789
-11.50586223602295
-11.506095886230469
-11.506103515625
-11.505906105041504
-11.505816459655762
-11.505892753601074
-11.506258964538574
-11.506356239318848
-11.506109237670898
-11.50593376159668
-11.5059814453125
-11.505805015563965
-11.505728721618652
-11.505729675292969
-11.506081581115723
-11.506175994873047
-11.506027221679688
-11.505987167358398
-11.50604248046875
-11.505820274353027
-11.505781173706055
-11.505619049072266
-11.506218910217285
-11.50600814819336
-11.50599193572998
-11.50597095489502
-11.506052017211914
-11.505753517150879
-11.506399154663086
-11.506296157836914
-11.506196022033691
-11.505718231201172
-11.506185531616211
-11.50593090057373
-11.50636100769043
-11.50570297241211
-11.505513191223145
-11.50488567352295
-11.505070686340332
-11.505516052246094
-11.506345748901367
-11.505459785461426
-11.504581451416016
-11.503987312316895
-11.504268646240234
-11.505215644836426
-11.506163597106934
-11.506109237670898
-11.50566291809082
-11.505324363708496
-11.50539493560791
-11.50553035736084
-11.505852699279785
-11.50600814819336
-11.50599479675293
-11.505339622497559
-11.50500774383545
-11.50499153137207
-11.505277633666992
-11.505931854248047
-11.506134033203125
-11.50595760345459
-11.505270957946777
-11.505133628845215
-11.505228042602539
-11.505562782287598
-11.506057739257812
-11.506217956542969
-11.506023406982422
-11.505416870117188
-11.505050659179688
-11.504997253417969
-11.50556468963623
-11.505659103393555
-11.505980491638184
-11.506150245666504
-11.506134033203125
-11.505597114562988
-11.505561828613281
-11.505928039550781
-11.506203651428223
-11.505749702453613
-11.506433486938477
-11.506186485290527
-11.505742073059082
-11.505622863769531
-11.505943298339844
-11.50574016571045
-11.506013870239258
-11.506047248840332
-11.506451606750488
-11.506101608276367
-11.506024360656738
-11.506282806396484
-11.506379127502441
-11.506155014038086
-11.506058692932129
-11.506145477294922
-11.506367683410645
-11.50622272491455
-11.505983352661133
-11.506158828735352
-11.506202697753906
-11.506196022033691
-11.506152153015137
-11.506203651428223
-11.506275177001953
-11.506329536437988
-11.506163597106934
-11.505919456481934
-11.505764961242676
-11.50565242767334
-11.505358695983887
-11.505537033081055
-11.505901336669922
-11.50624942779541
-11.505990028381348
-11.506217002868652
-11.50575065612793
-11.505422592163086
-11.50551700592041
-11.505631446838379
-11.505725860595703
-11.506180763244629
-11.506176948547363
-11.506086349487305
-11.505844116210938
-11.50594711303711
-11.505739212036133
-11.505184173583984
-11.505200386047363
-11.504454612731934
-11.505125045776367
-11.505766868591309
-11.50627613067627
-11.506244659423828
-11.505590438842773
-11.505141258239746
-11.504459381103516
-11.50438117980957
-11.50448989868164
-11.5047025680542
-11.505144119262695
-11.505547523498535
-11.505837440490723
-11.506268501281738
-11.505743980407715
-11.505480766296387
-11.505313873291016
-11.504904747009277
-11.504667282104492
-11.505245208740234
-11.505350112915039
-11.50578784942627
-11.50621509552002
-11.506113052368164
-11.506061553955078
-11.506145477294922
-11.506056785583496
-11.50508975982666
-11.50428295135498
-11.50317096710205
-11.50312614440918
-11.503591537475586
-11.50469970703125
-11.505599975585938
-11.506194114685059
-11.505897521972656
-11.505685806274414
-11.505156517028809
-11.504304885864258
-11.503242492675781
-11.50212574005127
-11.502177238464355
-11.502851486206055
-11.504072189331055
-11.505544662475586
-11.506025314331055
-11.505690574645996
-11.505152702331543
-11.504701614379883
-11.50454044342041
-11.504587173461914
-11.504769325256348
-11.505074501037598
-11.505492210388184
-11.505989074707031
-11.506123542785645
-11.505711555480957
-11.504566192626953
-11.502422332763672
-11.50161361694336
-11.502167701721191
-11.502660751342773
-11.503803253173828
-11.504658699035645
-11.505375862121582
-11.50588321685791
-11.506035804748535
-11.50571346282959
-11.505305290222168
-11.503222465515137
-11.500913619995117
-11.499302864074707
-11.499298095703125
-11.50002384185791
-11.502541542053223
-11.504175186157227
-11.505783081054688
-11.50582218170166
-11.505393028259277
-11.504899978637695
-11.505182266235352
-11.505495071411133
-11.505261421203613
-11.505130767822266
-11.505318641662598
-11.50550365447998
-11.506108283996582
-11.505657196044922
-11.506402969360352
-11.506429672241211
-11.506038665771484
-11.505889892578125
-11.50586986541748
-11.505581855773926
-11.505311012268066
-11.505180358886719
-11.505215644836426
-11.5049409866333
-11.504877090454102
-11.505273818969727
-11.505476951599121
-11.50597095489502
-11.505929946899414
-11.506417274475098
-11.506363868713379
-11.506234169006348
-11.506397247314453
-11.5064697265625
-11.506107330322266
-11.50645923614502
-11.505995750427246
-11.506113052368164
-11.50606918334961
-11.506103515625
-11.50597095489502
-11.505894660949707
-11.506217002868652
-11.505902290344238
-11.506240844726562
-11.505941390991211
-11.506369590759277
-11.50612735748291
-11.506237030029297
-11.505945205688477
-11.506196022033691
-11.506110191345215
-11.505644798278809
-11.505585670471191
-11.505393981933594
-11.504538536071777
-11.503976821899414
-11.50299072265625
-11.502310752868652
-11.502394676208496
-11.502589225769043
-11.502262115478516
-11.50294017791748
-11.504161834716797
-11.505104064941406
-11.505681991577148
-11.506176948547363
-11.506147384643555
-11.505220413208008
-11.504369735717773
-11.50379467010498
-11.503510475158691
-11.503227233886719
-11.503514289855957
-11.503698348999023
-11.504789352416992
-11.50565242767334
-11.506138801574707
-11.506340026855469
-11.505906105041504
-11.505278587341309
-11.505104064941406
-11.50531005859375
-11.505535125732422
-11.505870819091797
-11.506122589111328
-11.505962371826172
-11.506099700927734
-11.505950927734375
-11.505765914916992
-11.505640029907227
-11.50586223602295
-11.506194114685059
-11.50643253326416
-11.506414413452148
-11.506271362304688
-11.506288528442383
-11.505967140197754
-11.505829811096191
-11.505572319030762
-11.505269050598145
-11.505194664001465
-11.504762649536133
-11.504406929016113
-11.50323486328125
-11.502908706665039
-11.502825736999512
-11.504300117492676
-11.505566596984863
-11.505778312683105
-11.505854606628418
-11.505395889282227
-11.504899978637695
-11.50493049621582
-11.505781173706055
-11.506113052368164
-11.506217956542969
-11.506038665771484
-11.506084442138672
-11.506163597106934
-11.505607604980469
-11.505611419677734
-11.505653381347656
-11.505857467651367
-11.505951881408691
-11.505982398986816
-11.505866050720215
-11.505658149719238
-11.505133628845215
-11.504579544067383
-11.504378318786621
-11.504209518432617
-11.50419807434082
-11.504605293273926
-11.504781723022461
-11.505191802978516
-11.50529956817627
-11.505541801452637
-11.505232810974121
-11.505027770996094
-11.504785537719727
-11.504764556884766
-11.50487995147705
-11.505850791931152
-11.506223678588867
-11.505931854248047
-11.504830360412598
-11.503556251525879
-11.503353118896484
-11.503495216369629
-11.503763198852539
-11.504690170288086
-11.504742622375488
-11.504140853881836
-11.5034818649292
-11.502859115600586
-11.501320838928223
-11.499645233154297
-11.498046875
-11.497323989868164
-11.49776554107666
-11.499382019042969
-11.501596450805664
-11.50430965423584
-11.505782127380371
-11.505766868591309
-11.505526542663574
-11.504537582397461
-11.502357482910156
-11.499565124511719
-11.497517585754395
-11.497995376586914
-11.500327110290527
-11.503744125366211
-11.50442123413086
-11.505266189575195
-11.505535125732422
-11.5044584274292
-11.504419326782227
-11.504974365234375
-11.505837440490723
-11.505819320678711
-11.50564193725586
-11.505292892456055
-11.5054931640625
-11.505138397216797
-11.505160331726074
-11.504382133483887
-11.504195213317871
-11.504448890686035
-11.504910469055176
-11.505260467529297
-11.505616188049316
-11.506121635437012
-11.506325721740723
-11.50662612915039
-11.50597095489502
-11.506071090698242
-11.506399154663086
-11.50621509552002
-11.506359100341797
-11.506023406982422
-11.506250381469727
-11.506010055541992
-11.506146430969238
-11.506502151489258
-11.506463050842285
-11.506393432617188
-11.50629997253418
-11.506258964538574
-11.506114959716797
-11.506535530090332
-11.50625228881836
-11.506462097167969
-11.506367683410645
-11.506353378295898
-11.50671100616455
-11.506440162658691
-11.506278038024902
-11.506418228149414
-11.506009101867676
-11.50636100769043
-11.506630897521973
-11.506410598754883
-11.506589889526367
-11.506529808044434
-11.506250381469727
-11.506254196166992
-11.506353378295898
-11.506142616271973
-11.506546974182129
-11.506260871887207
-11.506075859069824
-11.505635261535645
-11.505224227905273
-11.50451374053955
-11.503684043884277
-11.504015922546387
-11.504648208618164
-11.5050687789917
-11.505755424499512
-11.50583267211914
-11.506053924560547
-11.50637149810791
-11.50601577758789
-11.506199836730957
-11.505577087402344
-11.505194664001465
-11.504302978515625
-11.502510070800781
-11.499396324157715
-11.497486114501953
-11.49589729309082
-11.496805191040039
-11.497720718383789
-11.498640060424805
-11.499476432800293
-11.4999418258667
-11.499391555786133
-11.497527122497559
-11.496420860290527
-11.49744987487793
-11.499642372131348
-11.503043174743652
-11.505521774291992
-11.505961418151855
-11.504586219787598
-11.502398490905762
-11.50155258178711
-11.501075744628906
-11.502172470092773
-11.503680229187012
-11.505204200744629
-11.505955696105957
-11.506068229675293
-11.506338119506836
-11.50594425201416
-11.50587272644043
-11.505521774291992
-11.505792617797852
-11.505821228027344
-11.506105422973633
-11.506158828735352
-11.506454467773438
-11.506287574768066
-11.506311416625977
-11.506354331970215
-11.50558090209961
-11.505309104919434
-11.504956245422363
-11.505475997924805
-11.506254196166992
-11.50627326965332
-11.506360054016113
-11.506771087646484
-11.506340980529785
-11.506315231323242
-11.506546974182129
-11.506524085998535
-11.506507873535156
-11.506609916687012
-11.506514549255371
-11.506409645080566
-11.506052017211914
-11.506221771240234
-11.50624942779541
-11.506067276000977
-11.506340026855469
-11.506400108337402
-11.506510734558105
-11.506633758544922
-11.506085395812988
-11.506712913513184
-11.506585121154785
-11.50659465789795
-11.506401062011719
-11.506298065185547
-11.50636100769043
-11.506296157836914
-11.505843162536621
-11.506024360656738
-11.505877494812012
-11.505572319030762
-11.505321502685547
-11.505297660827637
-11.50542163848877
-11.505496978759766
-11.505878448486328
-11.506132125854492
-11.506227493286133
-11.506033897399902
-11.506094932556152
-11.506467819213867
-11.506577491760254
-11.506192207336426
-11.506193161010742
-11.506275177001953
-11.506059646606445
-11.505668640136719
-11.505500793457031
-11.505805969238281
-11.505525588989258
-11.505562782287598
-11.50547981262207
-11.505176544189453
-11.505135536193848
-11.505507469177246
-11.505660057067871
-11.506013870239258
-11.505941390991211
-11.50634765625
-11.506403923034668
-11.506291389465332
-11.506305694580078
-11.506182670593262
-11.506012916564941
-11.506355285644531
-11.506041526794434
-11.505495071411133
-11.50511646270752
-11.504929542541504
-11.505041122436523
-11.504920959472656
-11.5056734085083
-11.505963325500488
-11.506255149841309
-11.506139755249023
-11.506391525268555
-11.506233215332031
-11.505650520324707
-11.504650115966797
-11.503774642944336
-11.502378463745117
-11.50086784362793
-11.499332427978516
-11.497777938842773
-11.496027946472168
-11.495798110961914
-11.495909690856934
-11.4960355758667
-11.498767852783203
-11.502842903137207
-11.505565643310547
-11.501340866088867
-11.4921875
-11.481460571289062
-11.480456352233887
-11.489325523376465
-11.500749588012695
-11.505592346191406
-11.505613327026367
-11.502214431762695
-11.498204231262207
-11.498632431030273
-11.50239086151123
-11.505602836608887
-11.504358291625977
-11.500398635864258
-11.500227928161621
-11.502939224243164
-11.505910873413086
-11.505651473999023
-11.502785682678223
-11.499650955200195
-11.499948501586914
-11.502103805541992
-11.505123138427734
-11.506085395812988
-11.505218505859375
-11.50373649597168
-11.502506256103516
-11.502290725708008
-11.503113746643066
-11.504105567932129
-11.505349159240723
-11.505681037902832
-11.50593090057373
-11.50613021850586
-11.506387710571289
-11.505663871765137
-11.505433082580566
-11.505265235900879
-11.505846977233887
-11.506246566772461
-11.506551742553711
-11.506381034851074
-11.506510734558105
-11.506515502929688
-11.506139755249023
-11.506078720092773
-11.506327629089355
-11.506474494934082
-11.506531715393066
-11.505802154541016
-11.504892349243164
-11.504229545593262
-11.504055976867676
-11.505546569824219
-11.50607967376709
-11.506114959716797
-11.505435943603516
-11.505690574645996
-11.506119728088379
-11.506258010864258
-11.506409645080566
-11.506695747375488
-11.506439208984375
-11.506059646606445
-11.506114959716797
-11.506296157836914
-11.50601577758789
-11.506265640258789
-11.506360054016113
-11.506616592407227
-11.506294250488281
-11.505932807922363
-11.505326271057129
-11.505302429199219
-11.50585651397705
-11.506294250488281
-11.506568908691406
-11.506455421447754
-11.505548477172852
-11.5057373046875
-11.505877494812012
-11.506240844726562
-11.506488800048828
-11.506400108337402
-11.506357192993164
-11.506070137023926
-11.506035804748535
-11.50574779510498
-11.50598430633545
-11.506020545959473
-11.506525993347168
-11.506399154663086
-11.506217002868652
-11.505985260009766
-11.505756378173828
-11.505735397338867
-11.505990982055664
-11.506226539611816
-11.506324768066406
-11.50656509399414
-11.506651878356934
-11.506336212158203
-11.50607967376709
-11.505796432495117
-11.505753517150879
-11.50610065460205
-11.506404876708984
-11.506683349609375
-11.506404876708984
-11.505925178527832
-11.50468635559082
-11.504125595092773
-11.504312515258789
-11.505166053771973
-11.506163597106934
-11.506379127502441
-11.50629711151123
-11.506056785583496
-11.505281448364258
-11.503968238830566
-11.503618240356445
-11.504143714904785
-11.505309104919434
-11.506561279296875
-11.506365776062012
-11.504378318786621
-11.50204086303711
-11.50043773651123
-11.501182556152344
-11.503738403320312
-11.505513191223145
-11.506314277648926
-11.506414413452148
-11.506512641906738
-11.506390571594238
-11.506394386291504
-11.506532669067383
-11.506046295166016
-11.505906105041504
-11.506134986877441
-11.506144523620605
-11.506242752075195
-11.50623893737793
-11.506010055541992
-11.506332397460938
-11.506194114685059
-11.50633430480957
-11.50633716583252
-11.50656509399414
-11.506710052490234
-11.505922317504883
-11.505463600158691
-11.50521183013916
-11.505130767822266
-11.505245208740234
-11.505653381347656
-11.506087303161621
-11.506428718566895
-11.506834030151367
-11.506632804870605
-11.506693840026855
-11.506430625915527
-11.506280899047852
-11.506219863891602
-11.50615119934082
-11.506156921386719
-11.506498336791992
-11.506564140319824
-11.506367683410645
-11.506683349609375
-11.506485939025879
-11.506501197814941
-11.506525039672852
-11.506468772888184
-11.506492614746094
-11.506375312805176
-11.506361961364746
-11.50619888305664
-11.50666332244873
-11.50687026977539
-11.50637435913086
-11.506529808044434
-11.506501197814941
-11.506516456604004
-11.506429672241211
-11.506586074829102
-11.506641387939453
-11.506592750549316
-11.506735801696777
-11.506260871887207
-11.506028175354004
-11.505269050598145
-11.50455093383789
-11.504415512084961
-11.50445556640625
-11.504179000854492
-11.504533767700195
-11.504605293273926
-11.505290031433105
-11.505952835083008
-11.506218910217285
-11.50662899017334
-11.506321907043457
-11.506133079528809
-11.505306243896484
-11.5051851272583
-11.505123138427734
-11.505589485168457
-11.506145477294922
-11.506261825561523
-11.506333351135254
-11.506728172302246
-11.506363868713379
-11.505695343017578
-11.504980087280273
-11.50373363494873
-11.50227165222168
-11.501588821411133
-11.501840591430664
-11.502281188964844
-11.503384590148926
-11.504644393920898
-11.505403518676758
-11.505796432495117
-11.505912780761719
-11.5056791305542
-11.505775451660156
-11.505443572998047
-11.505784034729004
-11.505854606628418
-11.506512641906738
-11.505953788757324
-11.50493335723877
-11.50239372253418
-11.499571800231934
-11.497941017150879
-11.497177124023438
-11.49804973602295
-11.500361442565918
-11.502748489379883
-11.505375862121582
-11.50572681427002
-11.50593376159668
-11.506464958190918
-11.50625228881836
-11.506377220153809
-11.506197929382324
-11.506333351135254
-11.50651741027832
-11.506479263305664
-11.506567001342773
-11.506604194641113
-11.506511688232422
-11.506648063659668
-11.506537437438965
-11.506421089172363
-11.506237030029297
-11.505845069885254
-11.505818367004395
-11.505500793457031
-11.50571346282959
-11.506035804748535
-11.506181716918945
-11.506304740905762
-11.506802558898926
-11.5066499710083
-11.506428718566895
-11.50690746307373
-11.506763458251953
-11.506791114807129
-11.506495475769043
-11.506611824035645
-11.506502151489258
-11.506593704223633
-11.50638198852539
-11.506096839904785
-11.506089210510254
-11.50601577758789
-11.505948066711426
-11.50637435913086
-11.50650691986084
-11.506924629211426
-11.506131172180176
-11.505317687988281
-11.504606246948242
-11.504217147827148
-11.5040864944458
-11.504456520080566
-11.504496574401855
-11.504494667053223
-11.505109786987305
-11.505440711975098
-11.506303787231445
-11.506688117980957
-11.506601333618164
-11.506109237670898
-11.504788398742676
-11.502638816833496
-11.499906539916992
-11.497281074523926
-11.496530532836914
-11.498407363891602
-11.501861572265625
-11.505321502685547
-11.50622844696045
-11.506011962890625
-11.504975318908691
-11.503493309020996
-11.501444816589355
-11.50130844116211
-11.502240180969238
-11.503955841064453
-11.504759788513184
-11.505399703979492
-11.505133628845215
-11.504798889160156
-11.505544662475586
-11.506105422973633
-11.506181716918945
-11.506637573242188
-11.506331443786621
-11.506179809570312
-11.506213188171387
-11.505878448486328
-11.504315376281738
-11.50191879272461
-11.499727249145508
-11.499850273132324
-11.501290321350098
-11.503003120422363
-11.505040168762207
-11.506485939025879
-11.50631046295166
-11.505436897277832
-11.504241943359375
-11.503251075744629
-11.503168106079102
-11.504012107849121
-11.505392074584961
-11.50638198852539
-11.506492614746094
-11.50582218170166
-11.50533390045166
-11.505171775817871
-11.505501747131348
-11.506012916564941
-11.506542205810547
-11.506689071655273
-11.506394386291504
-11.505409240722656
-11.503744125366211
-11.502842903137207
-11.502942085266113
-11.503427505493164
-11.503702163696289
-11.50447940826416
-11.50473690032959
-11.505560874938965
-11.50631046295166
-11.50640869140625
-11.506664276123047
-11.506579399108887
-11.506723403930664
-11.506701469421387
-11.506693840026855
-11.506640434265137
-11.506531715393066
-11.506543159484863
-11.506332397460938
-11.506305694580078
-11.506362915039062
-11.50650405883789
-11.506503105163574
-11.506701469421387
-11.506746292114258
-11.50686264038086
-11.506303787231445
-11.506115913391113
-11.505477905273438
-11.505340576171875
-11.50548267364502
-11.506028175354004
-11.5065336227417
-11.506458282470703
-11.50689697265625
-11.506719589233398
-11.506237030029297
-11.505736351013184
-11.505440711975098
-11.505130767822266
-11.505097389221191
-11.505136489868164
-11.505576133728027
-11.506263732910156
-11.506898880004883
-11.506658554077148
-11.506637573242188
-11.50606918334961
-11.505470275878906
-11.504400253295898
-11.504225730895996
-11.50395679473877
-11.504776954650879
-11.505023002624512
-11.50628662109375
-11.506576538085938
-11.50559139251709
-11.504369735717773
-11.502909660339355
-11.501954078674316
-11.50161075592041
-11.501507759094238
-11.50222110748291
-11.503498077392578
-11.505128860473633
-11.506241798400879
-11.506258010864258
-11.50377368927002
-11.499292373657227
-11.495965957641602
-11.495147705078125
-11.498634338378906
-11.502964973449707
-11.505780220031738
-11.506254196166992
-11.506303787231445
-11.506053924560547
-11.506355285644531
-11.506512641906738
-11.506512641906738
-11.506092071533203
-11.505764961242676
-11.505125999450684
-11.50540828704834
-11.506128311157227
-11.506463050842285
-11.506577491760254
-11.506453514099121
-11.505748748779297
-11.506340026855469
-11.506307601928711
-11.50644588470459
-11.506689071655273
-11.506434440612793
-11.506664276123047
-11.506237030029297
-11.506361961364746
-11.506292343139648
-11.506437301635742
-11.506756782531738
-11.50680923461914
-11.506519317626953
-11.506482124328613
-11.506621360778809
-11.506488800048828
-11.506364822387695
-11.506728172302246
-11.506841659545898
-11.506752014160156
-11.506693840026855
-11.506627082824707
-11.506464958190918
-11.506301879882812
-11.505971908569336
-11.505961418151855
-11.506093978881836
-11.505870819091797
-11.505573272705078
-11.50577163696289
-11.506037712097168
-11.506428718566895
-11.506595611572266
-11.506721496582031
-11.506762504577637
-11.50684642791748
-11.506563186645508
-11.505948066711426
-11.505717277526855
-11.505422592163086
-11.5053129196167
-11.506002426147461
-11.506245613098145
-11.506185531616211
-11.506568908691406
-11.50659465789795
-11.506744384765625
-11.506892204284668
-11.506848335266113
-11.506484031677246
-11.506378173828125
-11.50671100616455
-11.506599426269531
-11.506684303283691
-11.506834030151367
-11.506762504577637
-11.506505966186523
-11.505866050720215
-11.505249977111816
-11.50475025177002
-11.504542350769043
-11.504383087158203
-11.504439353942871
-11.504640579223633
-11.506037712097168
-11.506489753723145
-11.506769180297852
-11.505764961242676
-11.503981590270996
-11.501951217651367
-11.500287055969238
-11.49860668182373
-11.49799919128418
-11.498259544372559
-11.498927116394043
-11.500958442687988
-11.50379753112793
-11.50601577758789
-11.506465911865234
-11.505205154418945
-11.501812934875488
-11.49811840057373
-11.49421501159668
-11.493327140808105
-11.4959077835083
-11.500154495239258
-11.504437446594238
-11.50668716430664
-11.50638484954834
-11.505722045898438
-11.505064010620117
-11.506171226501465
-11.506780624389648
-11.505986213684082
-11.504919052124023
-11.50467586517334
-11.505070686340332
-11.5064058303833
-11.506145477294922
-11.503800392150879
-11.50073528289795
-11.499828338623047
-11.502649307250977
-11.505786895751953
-11.505375862121582
-11.501388549804688
-11.497836112976074
-11.499021530151367
-11.502429962158203
-11.503813743591309
-11.504385948181152
-11.503497123718262
-11.501822471618652
-11.500296592712402
-11.50114631652832
-11.503958702087402
-11.503645896911621
-11.497685432434082
-11.493977546691895
-11.495823860168457
-11.501410484313965
-11.50528621673584
-11.503789901733398
-11.493675231933594
-11.480828285217285
-11.482410430908203
-11.494868278503418
-11.498649597167969
-11.500886917114258
-11.497735977172852
-11.49239730834961
-11.496529579162598
-11.502894401550293
-11.497077941894531
-11.466779708862305
-11.456766128540039
-11.492182731628418
-11.502683639526367
-11.483271598815918
-11.477799415588379
-11.50134563446045
-11.498598098754883
-11.470268249511719
-11.4762544631958
-11.501450538635254
-11.502825736999512
-11.492319107055664
-11.494444847106934
-11.505556106567383
-11.503691673278809
-11.49875545501709
-11.502638816833496
-11.505455017089844
-11.502165794372559
-11.502923011779785
-11.505880355834961
-11.505453109741211
-11.50158977508545
-11.501805305480957
-11.505512237548828
-11.506464958190918
-11.506172180175781
-11.506617546081543
-11.506561279296875
-11.50674057006836
-11.506584167480469
-11.506606101989746
-11.506874084472656
-11.506571769714355
-11.506502151489258
-11.50667667388916
-11.506492614746094
-11.506235122680664
-11.506614685058594
-11.506684303283691
-11.506648063659668
-11.506697654724121
-11.506763458251953
-11.506858825683594
-11.506914138793945
-11.506587982177734
-11.506584167480469
-11.506916999816895
-11.506902694702148
-11.506854057312012
-11.50710391998291
-11.507065773010254
-11.506664276123047
-11.506918907165527
-11.506767272949219
-11.506863594055176
-11.506806373596191
-11.506939888000488
-11.507086753845215
-11.507081985473633
-11.506718635559082
-11.506869316101074
-11.507041931152344
-11.507040023803711
-11.507068634033203
-11.507067680358887
-11.506911277770996
-11.506979942321777
-11.50698471069336
-11.506768226623535
-11.506646156311035
-11.506925582885742
-11.507064819335938
-11.50716781616211
-11.506986618041992
-11.507098197937012
-11.506826400756836
-11.506996154785156
-11.506976127624512
-11.5069580078125
-11.506694793701172
-11.506811141967773
-11.506997108459473
-11.50693130493164
-11.50698184967041
-11.507222175598145
-11.506957054138184
-11.507060050964355
-11.506987571716309
-11.50678539276123
-11.507170677185059
-11.506952285766602
-11.50674819946289
-11.506956100463867
-11.507044792175293
-11.506780624389648
-11.506885528564453
-11.50682544708252
-11.507017135620117
-11.506772994995117
-11.506909370422363
-11.50688362121582
-11.507003784179688
-11.506969451904297
-11.507070541381836
-11.506969451904297
-11.506784439086914
-11.50693416595459
-11.506937980651855
-11.506954193115234
-11.507153511047363
-11.507116317749023
-11.507048606872559
-11.507070541381836
-11.506979942321777
-11.506756782531738
-11.507051467895508
-11.506902694702148
-11.507083892822266
-11.506919860839844
-11.506708145141602
-11.507098197937012
-11.506851196289062
-11.507015228271484
-11.507060050964355
-11.507035255432129
-11.506818771362305
-11.507403373718262
-11.507147789001465
-11.506841659545898
-11.507197380065918
-11.507129669189453
-11.506978034973145
-11.506860733032227
-11.506896018981934
-11.507070541381836
-11.507205963134766
-11.507096290588379
-11.507181167602539
-11.506879806518555
-11.50708293914795
-11.507098197937012
-11.506957054138184
-11.506855964660645
-11.507162094116211
-11.506842613220215
-11.506856918334961
-11.507084846496582
-11.506999015808105
-11.506682395935059
-11.506904602050781
-11.506990432739258
-11.507148742675781
-11.507173538208008
-11.507166862487793
-11.507000923156738
-11.506949424743652
-11.506784439086914
-11.506989479064941
-11.506858825683594
-11.50693130493164
-11.506933212280273
-11.507100105285645
-11.507169723510742
-11.50711441040039
-11.507047653198242
-11.50672721862793
-11.50723648071289
-11.50706672668457
-11.507076263427734
-11.507062911987305
-11.506921768188477
-11.506850242614746
-11.506980895996094
-11.507079124450684
-11.506834983825684
-11.506918907165527
-11.507159233093262
-11.507119178771973
-11.506998062133789
-11.507014274597168
-11.50710391998291
-11.507287979125977
-11.506820678710938
-11.507193565368652
-11.507162094116211
-11.507150650024414
-11.507010459899902
-11.506988525390625
-11.5067777633667
-11.507113456726074
-11.506630897521973
-11.507139205932617
-11.506800651550293
-11.507046699523926
-11.507054328918457
-11.507133483886719
-11.50709342956543
-11.506912231445312
-11.506998062133789
-11.507091522216797
-11.507226943969727
-11.50710678100586
-11.506901741027832
-11.5069580078125
-11.507080078125
-11.50693130493164
-11.50701904296875
-11.50709056854248
-11.506941795349121
-11.507092475891113
-11.506913185119629
-11.50700569152832
-11.507222175598145
-11.506991386413574
-11.507089614868164
-11.5070219039917
-11.50693130493164
-11.507035255432129
-11.50705623626709
-11.507024765014648
-11.506987571716309
-11.507094383239746
-11.506932258605957
-11.507184028625488
-11.506983757019043
-11.507037162780762
-11.506813049316406
-11.50704574584961
-11.507073402404785
-11.507181167602539
-11.507079124450684
-11.507254600524902
-11.507089614868164
-11.50711727142334
-11.50709056854248
-11.50689697265625
-11.506913185119629
-11.506976127624512
-11.50715160369873
-11.507047653198242
-11.506818771362305
-11.506898880004883
-11.506794929504395
-11.507061004638672
-11.506930351257324
-11.506927490234375
-11.506684303283691
-11.506804466247559
-11.506815910339355
-11.507055282592773
-11.507124900817871
-11.507152557373047
-11.507267951965332
-11.507168769836426
-11.507198333740234
-11.507003784179688
-11.5070219039917
-11.506726264953613
-11.506951332092285
-11.507000923156738
-11.50703239440918
-11.507184028625488
-11.506783485412598
-11.507050514221191
-11.506905555725098
-11.507028579711914
-11.50686264038086
-11.507054328918457
-11.5066556930542
-11.507003784179688
-11.507155418395996
-11.507102012634277
-11.507143020629883
-11.507023811340332
-11.50717544555664
-11.507079124450684
-11.507163047790527
-11.507086753845215
-11.506943702697754
-11.50703239440918
-11.50709056854248
-11.507161140441895
-11.507109642028809
-11.50706958770752
-11.507083892822266
-11.507072448730469
-11.506848335266113
-11.50672435760498
-11.50693416595459
-11.507003784179688
-11.506957054138184
-11.5068941116333
-11.50676441192627
-11.506836891174316
-11.50694751739502
-11.506966590881348
-11.506929397583008
-11.507083892822266
-11.507071495056152
-11.507048606872559
-11.50693416595459
-11.506831169128418
-11.507102966308594
-11.506896018981934
-11.506941795349121
-11.507278442382812
-11.506951332092285
-11.507096290588379
-11.507124900817871
-11.507062911987305
-11.507296562194824
-11.507186889648438
-11.507315635681152
-11.506779670715332
-11.50699520111084
-11.50684928894043
-11.507219314575195
-11.507222175598145
-11.507211685180664
-11.506966590881348
-11.507109642028809
-11.507052421569824
-11.506733894348145
-11.506882667541504
-11.507147789001465
-11.506973266601562
-11.50706958770752
-11.5072660446167
-11.507060050964355
-11.507013320922852
-11.507326126098633
-11.507165908813477
-11.506885528564453
-11.50678539276123
-11.506902694702148
-11.506253242492676
-11.50636100769043
-11.506399154663086
-11.506172180175781
-11.505902290344238
-11.5059232711792
-11.506024360656738
-11.506014823913574
-11.506216049194336
-11.506509780883789
-11.506930351257324
-11.506693840026855
-11.506770133972168
-11.50680923461914
-11.506978034973145
-11.506946563720703
-11.506912231445312
-11.5071382522583
-11.506903648376465
-11.507081031799316
-11.50672721862793
-11.506861686706543
-11.506739616394043
-11.50680160522461
-11.506926536560059
-11.506996154785156
-11.50705337524414
-11.506986618041992
-11.50680923461914
-11.50687026977539
-11.506540298461914
-11.506635665893555
-11.506205558776855
-11.50596809387207
-11.505110740661621
-11.504335403442383
-11.503522872924805
-11.50256061553955
-11.501275062561035
-11.500732421875
-11.500761032104492
-11.501753807067871
-11.503255844116211
-11.50521469116211
-11.506190299987793
-11.507262229919434
-11.505724906921387
-11.501955032348633
-11.497709274291992
-11.494688034057617
-11.493159294128418
-11.494941711425781
-11.498189926147461
-11.501803398132324
-11.504894256591797
-11.50573444366455
-11.505894660949707
-11.505270957946777
-11.50373649597168
-11.502564430236816
-11.502897262573242
-11.503722190856934
-11.50429916381836
-11.505143165588379
-11.505887985229492
-11.504152297973633
-11.498498916625977
-11.493551254272461
-11.4951171875
-11.499955177307129
-11.504095077514648
-11.506033897399902
-11.506251335144043
-11.505788803100586
-11.50603199005127
-11.506235122680664
-11.506465911865234
-11.506258010864258
-11.506674766540527
-11.506475448608398
-11.5061674118042
-11.506121635437012
-11.506377220153809
-11.506572723388672
-11.50686264038086
-11.506943702697754
-11.506950378417969
-11.506508827209473
-11.506488800048828
-11.506494522094727
-11.506987571716309
-11.506904602050781
-11.506796836853027
-11.507015228271484
-11.506914138793945
-11.506943702697754
-11.506830215454102
-11.506281852722168
-11.506073951721191
-11.506497383117676
-11.506867408752441
-11.507025718688965
-11.50664234161377
-11.50552749633789
-11.504690170288086
-11.5038480758667
-11.504175186157227
-11.504660606384277
-11.50529956817627
-11.506181716918945
-11.506926536560059
-11.507179260253906
-11.506811141967773
-11.506929397583008
-11.506865501403809
-11.50678539276123
-11.506608009338379
-11.506804466247559
-11.506929397583008
-11.506743431091309
-11.506964683532715
-11.506867408752441
-11.506659507751465
-11.505603790283203
-11.50459098815918
-11.503824234008789
-11.504130363464355
-11.504923820495605
-11.506006240844727
-11.506612777709961
-11.506416320800781
-11.505234718322754
-11.504233360290527
-11.503003120422363
-11.5038480758667
-11.505400657653809
-11.506707191467285
-11.506919860839844
-11.50619888305664
-11.504732131958008
-11.504325866699219
-11.504386901855469
-11.504704475402832
-11.505647659301758
-11.506394386291504
-11.507015228271484
-11.506532669067383
-11.5058012008667
-11.504523277282715
-11.50390338897705
-11.50387954711914
-11.50527572631836
-11.506519317626953
-11.506736755371094
-11.506893157958984
-11.507061004638672
-11.507007598876953
-11.506881713867188
-11.506566047668457
-11.506182670593262
-11.50471305847168
-11.503355026245117
-11.503358840942383
-11.503811836242676
-11.504548072814941
-11.505565643310547
-11.506709098815918
-11.50719165802002
-11.506796836853027
-11.506121635437012
-11.50517463684082
-11.50512981414795
-11.50537109375
-11.505158424377441
-11.504660606384277
-11.50436019897461
-11.503915786743164
-11.504734992980957
-11.505626678466797
-11.506744384765625
-11.50624942779541
-11.505193710327148
-11.502887725830078
-11.500061988830566
-11.498627662658691
-11.499621391296387
-11.50228500366211
-11.50520133972168
-11.506706237792969
-11.506726264953613
-11.505783081054688
-11.504003524780273
-11.50328254699707
-11.503327369689941
-11.504076957702637
-11.50534439086914
-11.506261825561523
-11.506912231445312
-11.507006645202637
-11.506973266601562
-11.506449699401855
-11.506141662597656
-11.50593090057373
-11.506060600280762
-11.50647258758545
-11.506892204284668
-11.50701904296875
-11.507238388061523
-11.507214546203613
-11.507184028625488
-11.507323265075684
-11.507231712341309
-11.50732421875
-11.507122039794922
-11.507064819335938
-11.506790161132812
-11.50663948059082
-11.506386756896973
-11.505818367004395
-11.505738258361816
-11.505678176879883
-11.506274223327637
-11.50673770904541
-11.507205963134766
-11.506926536560059
-11.507002830505371
-11.50682544708252
-11.506580352783203
-11.506208419799805
-11.506349563598633
-11.506207466125488
-11.506494522094727
-11.506842613220215
-11.507051467895508
-11.506635665893555
-11.504958152770996
-11.503076553344727
-11.501335144042969
-11.500895500183105
-11.501002311706543
-11.500528335571289
-11.500454902648926
-11.500146865844727
-11.501091957092285
-11.503016471862793
-11.506017684936523
-11.505825996398926
-11.502450942993164
-11.498836517333984
-11.49869155883789
-11.50232219696045
-11.5056791305542
-11.506756782531738
-11.505026817321777
-11.500164985656738
-11.495441436767578
-11.493806838989258
-11.498353958129883
-11.503996849060059
-11.506783485412598
-11.505607604980469
-11.50216007232666
-11.501171112060547
-11.503499984741211
-11.506114959716797
-11.506996154785156
-11.50680923461914
-11.505345344543457
-11.504761695861816
-11.505305290222168
-11.506061553955078
-11.506616592407227
-11.507023811340332
-11.506965637207031
-11.505971908569336
-11.505012512207031
-11.505517959594727
-11.506220817565918
-11.506783485412598
-11.507266998291016
-11.50690746307373
-11.506753921508789
-11.506696701049805
-11.507050514221191
-11.507340431213379
-11.507247924804688
-11.507201194763184
-11.50677490234375
-11.506352424621582
-11.50581169128418
-11.506074905395508
-11.506681442260742
-11.507366180419922
-11.506909370422363
-11.506424903869629
-11.505988121032715
-11.505937576293945
-11.506412506103516
-11.507081031799316
-11.507080078125
-11.507132530212402
-11.506836891174316
-11.5062255859375
-11.50640869140625
-11.506477355957031
-11.507035255432129
-11.507230758666992
-11.506830215454102
-11.506634712219238
-11.50606918334961
-11.50580883026123
-11.505916595458984
-11.506062507629395
-11.506834030151367
-11.507059097290039
-11.506224632263184
-11.504883766174316
-11.504263877868652
-11.504536628723145
-11.505725860595703
-11.506780624389648
-11.507189750671387
-11.506902694702148
-11.506302833557129
-11.506011962890625
-11.506091117858887
-11.506138801574707
-11.506454467773438
-11.506728172302246
-11.506906509399414
-11.506776809692383
-11.506820678710938
-11.50640869140625
-11.506467819213867
-11.506363868713379
-11.506380081176758
-11.506787300109863
-11.506674766540527
-11.507119178771973
-11.506660461425781
-11.506209373474121
-11.50580883026123
-11.505672454833984
-11.505789756774902
-11.50623607635498
-11.506688117980957
-11.507033348083496
-11.507203102111816
-11.506953239440918
-11.506518363952637
-11.506600379943848
-11.506685256958008
-11.507349014282227
-11.50715446472168
-11.507193565368652
-11.50715160369873
-11.50702953338623
-11.507330894470215
-11.50732135772705
-11.50723934173584
-11.507232666015625
-11.506948471069336
-11.507189750671387
-11.50724983215332
-11.507248878479004
-11.50715446472168
-11.507110595703125
-11.507378578186035
-11.50710391998291
-11.507061004638672
-11.507390022277832
-11.507414817810059
-11.507308006286621
-11.507088661193848
-11.506893157958984
-11.50672721862793
-11.506574630737305
-11.506417274475098
-11.506465911865234
-11.50691032409668
-11.506956100463867
-11.507132530212402
-11.507176399230957
-11.507311820983887
-11.506951332092285
-11.506564140319824
-11.506207466125488
-11.506240844726562
-11.506770133972168
-11.506998062133789
-11.507047653198242
-11.507246971130371
-11.507085800170898
-11.507187843322754
-11.507257461547852
-11.507099151611328
-11.506776809692383
-11.506692886352539
-11.506285667419434
-11.506758689880371
-11.506893157958984
-11.507102012634277
-11.507097244262695
-11.507261276245117
-11.507436752319336
-11.50716495513916
-11.5072660446167
-11.507220268249512
-11.507061958312988
-11.507068634033203
-11.50735092163086
-11.507171630859375
-11.5072603225708
-11.507128715515137
-11.507373809814453
-11.507369995117188
-11.50723934173584
-11.507044792175293
-11.50708293914795
-11.507049560546875
-11.507036209106445
-11.507318496704102
-11.507257461547852
-11.507372856140137
-11.507381439208984
-11.507346153259277
-11.506959915161133
-11.507012367248535
-11.506766319274902
-11.506356239318848
-11.505595207214355
-11.505036354064941
-11.504101753234863
-11.503009796142578
-11.501860618591309
-11.500179290771484
-11.499395370483398
-11.498631477355957
-11.498860359191895
-11.499251365661621
-11.499981880187988
-11.501333236694336
-11.503334999084473
-11.504921913146973
-11.506532669067383
-11.506983757019043
-11.506381034851074
-11.504413604736328
-11.503289222717285
-11.503657341003418
-11.503974914550781
-11.5047607421875
-11.506220817565918
-11.507074356079102
-11.506925582885742
-11.506061553955078
-11.504921913146973
-11.504100799560547
-11.503918647766113
-11.50367259979248
-11.504440307617188
-11.506247520446777
-11.506782531738281
-11.505698204040527
-11.50438404083252
-11.503337860107422
