loss_h
-7.694147109985352
-7.674093246459961
-7.684817790985107
-7.768176555633545
-7.858484268188477
-7.846087455749512
-7.893968105316162
-7.932964324951172
-7.9477996826171875
-7.915710926055908
-8.02977180480957
-7.997308254241943
-8.112247467041016
-8.09067440032959
-8.12159252166748
-8.090723037719727
-8.089183807373047
-8.083169937133789
-8.112456321716309
-8.08798885345459
-8.12645435333252
-8.138456344604492
-8.138446807861328
-8.16362476348877
-8.11531925201416
-8.113248825073242
-8.135215759277344
-8.118618965148926
-8.088266372680664
-8.080358505249023
-8.162300109863281
-8.160889625549316
-8.106218338012695
-8.120917320251465
-8.15038013458252
-8.131303787231445
-8.176823616027832
-8.168310165405273
-8.133963584899902
-8.145739555358887
-8.142436981201172
-8.16096305847168
-8.158393859863281
-8.172557830810547
-8.125009536743164
-8.165645599365234
-8.166608810424805
-8.19914722442627
-8.156679153442383
-8.18455696105957
-8.164878845214844
-8.173937797546387
-8.193476676940918
-8.186216354370117
-8.170316696166992
-8.16962718963623
-8.193254470825195
-8.203113555908203
-8.17332649230957
-8.145075798034668
-8.2185640335083
-8.195429801940918
-8.18407154083252
-8.179289817810059
-8.170821189880371
-8.204468727111816
-8.217974662780762
-8.217279434204102
-8.188703536987305
-8.177726745605469
-8.215293884277344
-8.224671363830566
-8.220841407775879
-8.203485488891602
-8.185450553894043
-8.187396049499512
-8.218928337097168
-8.23538589477539
-8.230850219726562
-8.220491409301758
-8.242775917053223
-8.25490951538086
-8.214855194091797
-8.24846363067627
-8.222209930419922
-8.227692604064941
-8.220800399780273
-8.220632553100586
-8.206714630126953
-8.200791358947754
-8.239925384521484
-8.224008560180664
-8.2221097946167
-8.214112281799316
-8.240209579467773
-8.228382110595703
-8.22182846069336
-8.258769035339355
-8.227435111999512
-8.223089218139648
-8.228976249694824
-8.229785919189453
-8.250507354736328
-8.231866836547852
-8.241554260253906
-8.228652000427246
-8.269556999206543
-8.264547348022461
-8.246923446655273
-8.244695663452148
-8.276342391967773
-8.217001914978027
-8.239635467529297
-8.258222579956055
-8.275707244873047
-8.266998291015625
-8.258476257324219
-8.235980033874512
-8.26620101928711
-8.255224227905273
-8.260785102844238
-8.266548156738281
-8.261798858642578
-8.267158508300781
-8.280397415161133
-8.266839981079102
-8.242822647094727
-8.267513275146484
-8.253194808959961
-8.244715690612793
-8.266166687011719
-8.245885848999023
-8.273247718811035
-8.27485466003418
-8.257257461547852
-8.281332015991211
-8.273143768310547
-8.29233455657959
-8.276432991027832
-8.275755882263184
-8.253143310546875
-8.273847579956055
-8.25188159942627
-8.288419723510742
-8.27167797088623
-8.290292739868164
-8.291686058044434
-8.264493942260742
-8.263198852539062
-8.30610466003418
-8.254932403564453
-8.283411026000977
-8.272149085998535
-8.268850326538086
-8.27183723449707
-8.299980163574219
-8.289324760437012
-8.306330680847168
-8.298880577087402
-8.277853965759277
-8.278964042663574
-8.292790412902832
-8.270769119262695
-8.298202514648438
-8.295246124267578
-8.301135063171387
-8.287468910217285
-8.315590858459473
-8.308341026306152
-8.27742862701416
-8.296927452087402
-8.308939933776855
-8.274924278259277
-8.2971830368042
-8.308294296264648
-8.286845207214355
-8.260892868041992
-8.299409866333008
-8.287014961242676
-8.309137344360352
-8.308579444885254
-8.285770416259766
-8.299241065979004
-8.292421340942383
-8.278828620910645
-8.288726806640625
-8.278940200805664
-8.291288375854492
-8.305451393127441
-8.307710647583008
-8.272697448730469
-8.29793930053711
-8.326583862304688
-8.319757461547852
-8.297513961791992
-8.275155067443848
-8.280081748962402
-8.2855224609375
-8.305073738098145
-8.279757499694824
-8.29296588897705
-8.268197059631348
-8.297857284545898
-8.277759552001953
-8.330894470214844
-8.287853240966797
-8.291730880737305
-8.323115348815918
-8.290064811706543
-8.289608001708984
-8.325446128845215
-8.319125175476074
-8.319449424743652
-8.314501762390137
-8.31554126739502
-8.28210735321045
-8.312858581542969
-8.306468963623047
-8.286221504211426
-8.301017761230469
-8.328557014465332
-8.314537048339844
-8.325872421264648
-8.33750057220459
-8.302569389343262
-8.272807121276855
-8.296384811401367
-8.337050437927246
-8.316644668579102
-8.309677124023438
-8.340115547180176
-8.327279090881348
-8.30473804473877
-8.295403480529785
-8.321867942810059
-8.2983980178833
-8.297554016113281
-8.331640243530273
-8.339644432067871
-8.344789505004883
-8.317282676696777
-8.311927795410156
-8.320272445678711
-8.311068534851074
-8.334697723388672
-8.319034576416016
-8.312999725341797
-8.282894134521484
-8.336546897888184
-8.312325477600098
-8.332562446594238
-8.3224458694458
-8.319574356079102
-8.331913948059082
-8.358318328857422
-8.317065238952637
-8.322741508483887
-8.325834274291992
-8.315160751342773
-8.339120864868164
-8.31551456451416
-8.320775032043457
-8.322627067565918
-8.348647117614746
-8.325729370117188
-8.349287986755371
-8.358327865600586
-8.339614868164062
-8.327170372009277
-8.355968475341797
-8.29880428314209
-8.314610481262207
-8.323074340820312
-8.352986335754395
-8.363419532775879
-8.349021911621094
-8.354920387268066
-8.348603248596191
-8.361502647399902
-8.328130722045898
-8.355484962463379
-8.352229118347168
-8.335859298706055
-8.343122482299805
-8.337836265563965
-8.341229438781738
-8.363537788391113
-8.359085083007812
-8.35444450378418
-8.352409362792969
-8.340188026428223
-8.348274230957031
-8.352834701538086
-8.378171920776367
-8.374344825744629
-8.364400863647461
-8.340775489807129
-8.348361015319824
-8.345816612243652
-8.376133918762207
-8.369400024414062
-8.350537300109863
-8.339734077453613
-8.358341217041016
-8.361684799194336
-8.345057487487793
-8.377934455871582
-8.377026557922363
-8.371235847473145
-8.368247032165527
-8.367779731750488
-8.36923885345459
-8.366556167602539
-8.359695434570312
-8.34945011138916
-8.366109848022461
-8.388991355895996
-8.38912296295166
-8.37496566772461
-8.365415573120117
-8.3550386428833
-8.381261825561523
-8.402308464050293
-8.380339622497559
-8.374649047851562
-8.370856285095215
-8.390315055847168
-8.3805570602417
-8.404947280883789
-8.379960060119629
-8.40103530883789
-8.399530410766602
-8.377294540405273
-8.382957458496094
-8.393010139465332
-8.368561744689941
-8.385808944702148
-8.40276050567627
-8.39546012878418
-8.408535957336426
-8.376300811767578
-8.404090881347656
-8.397964477539062
-8.394526481628418
-8.400128364562988
-8.40576171875
-8.41762638092041
-8.420109748840332
-8.413689613342285
-8.402918815612793
-8.409053802490234
-8.416440963745117
-8.413110733032227
-8.436348915100098
-8.425689697265625
-8.40360164642334
-8.413324356079102
-8.416770935058594
-8.39271068572998
-8.42686939239502
-8.412875175476074
-8.407798767089844
-8.418549537658691
-8.39084243774414
-8.42950439453125
-8.428889274597168
-8.457505226135254
-8.425896644592285
-8.432281494140625
-8.441597938537598
-8.428638458251953
-8.450719833374023
-8.436521530151367
-8.448652267456055
-8.426215171813965
-8.447258949279785
-8.430837631225586
-8.426633834838867
-8.459609031677246
-8.465447425842285
-8.442712783813477
-8.438770294189453
-8.466893196105957
-8.454167366027832
-8.454787254333496
-8.477643966674805
-8.468161582946777
-8.467107772827148
-8.46507740020752
-8.493428230285645
-8.446189880371094
-8.459007263183594
-8.48519229888916
-8.483202934265137
-8.456966400146484
-8.466850280761719
-8.487385749816895
-8.466611862182617
-8.486357688903809
-8.507288932800293
-8.482743263244629
-8.492208480834961
-8.479909896850586
-8.494626998901367
-8.483039855957031
-8.49173355102539
-8.48232364654541
-8.494328498840332
-8.474262237548828
-8.502053260803223
-8.482903480529785
-8.490545272827148
-8.500651359558105
-8.491032600402832
-8.519634246826172
-8.509231567382812
-8.498161315917969
-8.516477584838867
-8.482531547546387
-8.52758502960205
-8.500130653381348
-8.507962226867676
-8.517799377441406
-8.51598834991455
-8.523041725158691
-8.530416488647461
-8.536036491394043
-8.526636123657227
-8.535009384155273
-8.544879913330078
-8.523859024047852
-8.525208473205566
-8.523707389831543
-8.523176193237305
-8.53469181060791
-8.54105281829834
-8.539761543273926
-8.528456687927246
-8.540828704833984
-8.544967651367188
-8.552092552185059
-8.544413566589355
-8.5515718460083
-8.567794799804688
-8.553947448730469
-8.565803527832031
-8.57324504852295
-8.5582857131958
-8.559331893920898
-8.547657012939453
-8.552297592163086
-8.570903778076172
-8.56603717803955
-8.569605827331543
-8.5698881149292
-8.577513694763184
-8.559536933898926
-8.553997039794922
-8.588677406311035
-8.569079399108887
-8.587530136108398
-8.588881492614746
-8.583077430725098
-8.590753555297852
-8.578118324279785
-8.571703910827637
-8.599127769470215
-8.6012544631958
-8.58979320526123
-8.623318672180176
-8.625012397766113
-8.62330150604248
-8.620494842529297
-8.600956916809082
-8.592936515808105
-8.632463455200195
-8.637127876281738
-8.632135391235352
-8.616007804870605
-8.619641304016113
-8.631362915039062
-8.644775390625
-8.655397415161133
-8.646968841552734
-8.654394149780273
-8.649436950683594
-8.629158020019531
-8.63826847076416
-8.628079414367676
-8.65197467803955
-8.641936302185059
-8.668523788452148
-8.644807815551758
-8.632582664489746
-8.659979820251465
-8.679736137390137
-8.667623519897461
-8.677098274230957
-8.653823852539062
-8.667534828186035
-8.696738243103027
-8.676581382751465
-8.685440063476562
-8.689188957214355
-8.70046329498291
-8.68741226196289
-8.701559066772461
-8.70586109161377
-8.700173377990723
-8.728102684020996
-8.702374458312988
-8.695784568786621
-8.708255767822266
-8.710084915161133
-8.694706916809082
-8.738441467285156
-8.725536346435547
-8.714144706726074
-8.700394630432129
-8.733623504638672
-8.747098922729492
-8.750436782836914
-8.75290298461914
-8.740592956542969
-8.74478816986084
-8.735380172729492
-8.73501968383789
-8.753179550170898
-8.76525592803955
-8.751814842224121
-8.717466354370117
-8.777047157287598
-8.743936538696289
-8.778135299682617
-8.78506088256836
-8.765730857849121
-8.771053314208984
-8.76895809173584
-8.787859916687012
-8.780749320983887
-8.782447814941406
-8.775078773498535
-8.792013168334961
-8.775182723999023
-8.792195320129395
-8.836021423339844
-8.81076717376709
-8.806234359741211
-8.819986343383789
-8.825464248657227
-8.797515869140625
-8.77313232421875
-8.798775672912598
-8.829133033752441
-8.8439359664917
-8.806550025939941
-8.818821907043457
-8.838653564453125
-8.822755813598633
-8.825281143188477
-8.859589576721191
-8.858902931213379
-8.842978477478027
-8.879485130310059
-8.826241493225098
-8.857912063598633
-8.861639022827148
-8.875786781311035
-8.888395309448242
-8.8580322265625
-8.885946273803711
-8.871511459350586
-8.869895935058594
-8.860886573791504
-8.891752243041992
-8.875399589538574
-8.899028778076172
-8.893689155578613
-8.902864456176758
-8.917988777160645
-8.92215633392334
-8.899059295654297
-8.950030326843262
-8.925660133361816
-8.91187572479248
-8.933711051940918
-8.938443183898926
-8.94371509552002
-8.937553405761719
-8.939470291137695
-8.930924415588379
-8.917911529541016
-8.944613456726074
-8.940415382385254
-8.9830904006958
-8.900018692016602
-8.959517478942871
-8.934883117675781
-8.910675048828125
-8.970646858215332
-8.959725379943848
-8.963639259338379
-9.001141548156738
-9.013477325439453
-8.978151321411133
-9.00642204284668
-9.007553100585938
-9.022570610046387
-8.99313735961914
-9.047487258911133
-9.010069847106934
-9.000490188598633
-9.031632423400879
-9.034757614135742
-9.048846244812012
-9.055139541625977
-9.062026023864746
-9.033721923828125
-9.048428535461426
-9.064743995666504
-9.085007667541504
-9.05016040802002
-9.069454193115234
-9.097285270690918
-9.096712112426758
-9.11219596862793
-9.113995552062988
-9.094036102294922
-9.105600357055664
-9.11254596710205
-9.09058666229248
-9.097164154052734
-9.143630027770996
-9.151700019836426
-9.159248352050781
-9.142687797546387
-9.13315200805664
-9.155523300170898
-9.163864135742188
-9.168570518493652
-9.195503234863281
-9.199956893920898
-9.188980102539062
-9.202411651611328
-9.219622611999512
-9.20720100402832
-9.198376655578613
-9.241155624389648
-9.262418746948242
-9.262357711791992
-9.224390983581543
-9.2695894241333
-9.252729415893555
-9.252968788146973
-9.281370162963867
-9.234067916870117
-9.257007598876953
-9.250751495361328
-9.286656379699707
-9.324088096618652
-9.301175117492676
-9.342233657836914
-9.34220027923584
-9.3125
-9.373000144958496
-9.349871635437012
-9.362359046936035
-9.36141586303711
-9.433992385864258
-9.403976440429688
-9.401296615600586
-9.432178497314453
-9.436561584472656
-9.421867370605469
-9.488262176513672
-9.48061752319336
-9.46326732635498
-9.513785362243652
-9.501925468444824
-9.516315460205078
-9.557074546813965
-9.524665832519531
-9.53378677368164
-9.540504455566406
-9.5639066696167
-9.54008960723877
-9.575932502746582
-9.621036529541016
-9.611474990844727
-9.632031440734863
-9.637920379638672
-9.61052131652832
-9.67042064666748
-9.663176536560059
-9.687542915344238
-9.696043968200684
-9.710922241210938
-9.695826530456543
-9.706456184387207
-9.7384033203125
-9.818757057189941
-9.755223274230957
-9.746891021728516
-9.74789810180664
-9.83887004852295
-9.84374713897705
-9.837540626525879
-9.825698852539062
-9.895195960998535
-9.826933860778809
-9.849737167358398
-9.879190444946289
-9.848814010620117
-9.863333702087402
-9.88099193572998
-9.945178985595703
-9.964163780212402
-9.93956184387207
-9.98110294342041
-9.997617721557617
-9.970634460449219
-9.982467651367188
-9.965354919433594
-10.056583404541016
-10.065478324890137
-10.01535701751709
-10.051033973693848
-10.030130386352539
-10.087041854858398
-10.045170783996582
-10.124113082885742
-10.117898941040039
-10.086248397827148
-10.084929466247559
-10.092320442199707
-10.11867618560791
-10.138224601745605
-10.137514114379883
-10.12364673614502
-10.137369155883789
-10.161056518554688
-10.11013412475586
-10.168060302734375
-10.161304473876953
-10.163163185119629
-10.205053329467773
-10.147042274475098
-10.191191673278809
-10.210600852966309
-10.156477928161621
-10.174723625183105
-10.176051139831543
-10.173500061035156
-10.22348403930664
-10.252918243408203
-10.174615859985352
-10.225529670715332
-10.20198917388916
-10.251927375793457
-10.202998161315918
-10.222434997558594
-10.253031730651855
-10.30318832397461
-10.20127010345459
-10.224516868591309
-10.23410415649414
-10.233424186706543
-10.2103271484375
-10.25325870513916
-10.237713813781738
-10.26467514038086
-10.27065372467041
-10.240333557128906
-10.240829467773438
-10.208498001098633
-10.23719310760498
-10.202437400817871
-10.273786544799805
-10.213005065917969
-10.299098014831543
-10.229751586914062
-10.242630958557129
-10.255387306213379
-10.233941078186035
-10.256779670715332
-10.249518394470215
-10.284625053405762
-10.302520751953125
-10.307668685913086
-10.286534309387207
-10.264204978942871
-10.324885368347168
-10.276124954223633
-10.284933090209961
-10.312889099121094
-10.24290657043457
-10.342355728149414
-10.272891998291016
-10.305788040161133
-10.298727989196777
-10.332672119140625
-10.323412895202637
-10.304641723632812
-10.341025352478027
-10.281546592712402
-10.32274341583252
-10.33266830444336
-10.295028686523438
-10.317081451416016
-10.285002708435059
-10.33343505859375
-10.32241153717041
-10.347057342529297
-10.329073905944824
-10.365677833557129
-10.30191421508789
-10.326611518859863
-10.306779861450195
-10.294361114501953
-10.42207145690918
-10.334656715393066
-10.3367919921875
-10.37966537475586
-10.37913703918457
-10.319801330566406
-10.346854209899902
-10.338865280151367
-10.336946487426758
-10.375523567199707
-10.321093559265137
-10.351402282714844
-10.310226440429688
-10.368376731872559
-10.426838874816895
-10.322978019714355
-10.352391242980957
-10.339742660522461
-10.365610122680664
-10.362380981445312
-10.42336368560791
-10.327239036560059
-10.407729148864746
-10.364422798156738
-10.353748321533203
-10.40567684173584
-10.397542953491211
-10.392171859741211
-10.39881706237793
-10.401960372924805
-10.425745010375977
-10.414595603942871
-10.405006408691406
-10.402886390686035
-10.385727882385254
-10.354874610900879
-10.394129753112793
-10.392020225524902
-10.435586929321289
-10.45357894897461
-10.344231605529785
-10.417132377624512
-10.407061576843262
-10.403244018554688
-10.445558547973633
-10.339396476745605
-10.377925872802734
-10.4228515625
-10.456499099731445
-10.383516311645508
-10.40609359741211
-10.444245338439941
-10.441158294677734
-10.400605201721191
-10.467707633972168
-10.423616409301758
-10.395872116088867
-10.401312828063965
-10.44392204284668
-10.382834434509277
-10.427777290344238
-10.39749813079834
-10.4368314743042
-10.372930526733398
-10.445917129516602
-10.44122314453125
-10.422800064086914
-10.472387313842773
-10.427557945251465
-10.477864265441895
-10.44434642791748
-10.426398277282715
-10.383922576904297
-10.458022117614746
-10.446256637573242
-10.44243049621582
-10.419602394104004
-10.413145065307617
-10.468876838684082
-10.472517967224121
-10.451642036437988
-10.502481460571289
-10.484343528747559
-10.472063064575195
-10.495123863220215
-10.466114044189453
-10.526568412780762
-10.502950668334961
-10.494189262390137
-10.472132682800293
-10.501725196838379
-10.4166259765625
-10.44681167602539
-10.520614624023438
-10.51430606842041
-10.44182300567627
-10.481393814086914
-10.517524719238281
-10.5127592086792
-10.46921443939209
-10.424901962280273
-10.519874572753906
-10.456079483032227
-10.471447944641113
-10.510160446166992
-10.482054710388184
-10.495540618896484
-10.472898483276367
-10.519091606140137
-10.481167793273926
-10.49752426147461
-10.489592552185059
-10.473292350769043
-10.48471450805664
-10.507335662841797
-10.52620792388916
-10.521444320678711
-10.534917831420898
-10.50412654876709
-10.532746315002441
-10.465871810913086
-10.53361701965332
-10.463811874389648
-10.516627311706543
-10.54200267791748
-10.48837661743164
-10.520031929016113
-10.488709449768066
-10.492376327514648
-10.527410507202148
-10.50094223022461
-10.526714324951172
-10.568252563476562
-10.496600151062012
-10.523672103881836
-10.53130054473877
-10.504424095153809
-10.528275489807129
-10.548702239990234
-10.515541076660156
-10.414571762084961
-10.504942893981934
-10.540127754211426
-10.55038833618164
-10.535168647766113
-10.548467636108398
-10.611781120300293
-10.458674430847168
-10.539826393127441
-10.559342384338379
-10.56030559539795
-10.529605865478516
-10.520068168640137
-10.569427490234375
-10.52175521850586
-10.598212242126465
-10.502528190612793
-10.514116287231445
-10.513920783996582
-10.546201705932617
-10.560361862182617
-10.565187454223633
-10.557953834533691
-10.519807815551758
-10.550387382507324
-10.574868202209473
-10.529494285583496
-10.539663314819336
-10.620657920837402
-10.542532920837402
-10.563849449157715
-10.546954154968262
-10.527506828308105
-10.585596084594727
-10.563300132751465
-10.567675590515137
-10.55282211303711
-10.66622543334961
-10.568177223205566
-10.61600112915039
-10.57371997833252
-10.600395202636719
-10.569539070129395
-10.558090209960938
-10.567244529724121
-10.567898750305176
-10.597496032714844
-10.59261703491211
-10.631355285644531
-10.584226608276367
-10.621849060058594
-10.597282409667969
-10.567328453063965
-10.60849666595459
-10.593241691589355
-10.542037963867188
-10.578781127929688
-10.676746368408203
-10.654285430908203
-10.588214874267578
-10.650627136230469
-10.630313873291016
-10.60920524597168
-10.616819381713867
-10.63967514038086
-10.62006664276123
-10.584371566772461
-10.60109806060791
-10.63914680480957
-10.647165298461914
-10.597997665405273
-10.681784629821777
-10.592978477478027
-10.629348754882812
-10.650032043457031
-10.563009262084961
-10.629108428955078
-10.627570152282715
-10.6525297164917
-10.608823776245117
-10.602224349975586
-10.652094841003418
-10.633849143981934
-10.633442878723145
-10.641935348510742
-10.69837474822998
-10.638944625854492
-10.599196434020996
-10.656188011169434
-10.657576560974121
-10.687801361083984
-10.655342102050781
-10.681628227233887
-10.639108657836914
-10.653571128845215
-10.649434089660645
-10.640548706054688
-10.677783966064453
-10.718509674072266
-10.691486358642578
-10.651388168334961
-10.682124137878418
-10.62153434753418
-10.65178394317627
-10.676117897033691
-10.635414123535156
-10.661439895629883
-10.660832405090332
-10.664331436157227
-10.706367492675781
-10.655741691589355
-10.678488731384277
-10.64714241027832
-10.664651870727539
-10.673407554626465
-10.64302921295166
-10.663681983947754
-10.684704780578613
-10.704270362854004
-10.690796852111816
-10.677570343017578
-10.656564712524414
-10.688453674316406
-10.72382926940918
-10.67490291595459
-10.72644329071045
-10.69707202911377
-10.658258438110352
-10.668506622314453
-10.68116283416748
-10.657398223876953
-10.676013946533203
-10.744043350219727
-10.73815631866455
-10.756437301635742
-10.714349746704102
-10.66742992401123
-10.735086441040039
-10.660948753356934
-10.714618682861328
-10.67538070678711
-10.696255683898926
-10.695293426513672
-10.734993934631348
-10.78270435333252
-10.721009254455566
-10.726202011108398
-10.711553573608398
-10.76418399810791
-10.754853248596191
-10.76745891571045
-10.757699012756348
-10.765446662902832
-10.733237266540527
-10.779009819030762
-10.740498542785645
-10.75313663482666
-10.7706298828125
-10.787532806396484
-10.697585105895996
-10.789249420166016
-10.77564525604248
-10.77906322479248
-10.730761528015137
-10.746295928955078
-10.722630500793457
-10.770329475402832
-10.768148422241211
-10.773879051208496
-10.80074405670166
-10.723469734191895
-10.744132041931152
-10.763623237609863
-10.723106384277344
-10.759400367736816
-10.735889434814453
-10.739201545715332
-10.788492202758789
-10.796733856201172
-10.779444694519043
-10.79847526550293
-10.780330657958984
-10.802241325378418
-10.794168472290039
-10.73719310760498
-10.776458740234375
-10.783661842346191
-10.741667747497559
-10.742259979248047
-10.836055755615234
-10.821511268615723
-10.766088485717773
-10.802528381347656
-10.765204429626465
-10.762663841247559
-10.811372756958008
-10.784978866577148
-10.737407684326172
-10.774087905883789
-10.817598342895508
-10.80467414855957
-10.796632766723633
-10.789621353149414
-10.794965744018555
-10.756917953491211
-10.81602668762207
-10.784674644470215
-10.823556900024414
-10.811735153198242
-10.78331470489502
-10.760308265686035
-10.777368545532227
-10.759814262390137
-10.780418395996094
-10.776312828063965
-10.790200233459473
-10.813497543334961
-10.810320854187012
-10.838967323303223
-10.832414627075195
-10.829090118408203
-10.815400123596191
-10.813154220581055
-10.822524070739746
-10.800944328308105
-10.872331619262695
-10.798439979553223
-10.820955276489258
-10.838397026062012
-10.830353736877441
-10.821094512939453
-10.88398265838623
-10.834182739257812
-10.83740234375
-10.849739074707031
-10.843320846557617
-10.87116813659668
-10.820512771606445
-10.83053970336914
-10.871442794799805
-10.85582447052002
-10.805957794189453
-10.813743591308594
-10.858449935913086
-10.840446472167969
-10.819178581237793
-10.836031913757324
-10.835328102111816
-10.813708305358887
-10.855250358581543
-10.856578826904297
-10.862911224365234
-10.876137733459473
-10.851778984069824
-10.855690956115723
-10.873194694519043
-10.884211540222168
-10.865035057067871
-10.865100860595703
-10.843144416809082
-10.86215877532959
-10.887635231018066
-10.897857666015625
-10.85316276550293
-10.858327865600586
-10.85921859741211
-10.886893272399902
-10.870750427246094
-10.86226749420166
-10.889249801635742
-10.893331527709961
-10.899621963500977
-10.897351264953613
-10.885814666748047
-10.88497543334961
-10.899337768554688
-10.915011405944824
-10.847084045410156
-10.913244247436523
-10.909132957458496
-10.910785675048828
-10.888330459594727
-10.89478588104248
-10.916046142578125
-10.900202751159668
-10.885804176330566
-10.911478042602539
-10.915796279907227
-10.855170249938965
-10.880470275878906
-10.940502166748047
-10.952028274536133
-10.872325897216797
-10.91053295135498
-10.896727561950684
-10.88854694366455
-10.944768905639648
-10.888906478881836
-10.879976272583008
-10.913196563720703
-10.914437294006348
-10.953803062438965
-10.913565635681152
-10.918793678283691
-10.896982192993164
-10.896892547607422
-10.887571334838867
-10.942557334899902
-10.90404224395752
-10.910402297973633
-10.923267364501953
-10.90676498413086
-10.897390365600586
-10.873230934143066
-10.903732299804688
-10.940842628479004
-10.923730850219727
-10.879075050354004
-10.873074531555176
-10.932915687561035
-10.922746658325195
-10.932381629943848
-10.890621185302734
-10.937727928161621
-10.861908912658691
-10.893320083618164
-10.887824058532715
-10.919034957885742
-10.891778945922852
-10.962240219116211
-10.954960823059082
-10.92284870147705
-10.899850845336914
-10.911735534667969
-10.91360855102539
-10.90779972076416
-10.948954582214355
-10.935894012451172
-10.898224830627441
-10.942617416381836
-10.901144027709961
-10.96284008026123
-10.94002914428711
-10.957341194152832
-10.954751968383789
-10.98370361328125
-10.962495803833008
-10.958974838256836
-10.950935363769531
-10.972040176391602
-10.944639205932617
-10.9668550491333
-10.952431678771973
-10.959054946899414
-10.950518608093262
-11.00195598602295
-10.923945426940918
-10.95463752746582
-10.984869956970215
-10.965417861938477
-10.972957611083984
-10.967107772827148
-10.980439186096191
-10.95706558227539
-10.965490341186523
-11.008963584899902
-10.992589950561523
-10.981325149536133
-10.9815673828125
-10.989507675170898
-10.971427917480469
-11.012887001037598
-10.997042655944824
-10.98952579498291
-10.977795600891113
-11.002145767211914
-10.978050231933594
-10.982080459594727
-10.999208450317383
-10.999813079833984
-10.960243225097656
-10.975655555725098
-11.000117301940918
-10.987801551818848
-10.977944374084473
-10.989814758300781
-10.984389305114746
-10.977688789367676
-10.992643356323242
-11.020262718200684
-10.998266220092773
-10.968634605407715
-10.985284805297852
-10.982507705688477
-11.004480361938477
-10.98708438873291
-10.95819091796875
-11.023815155029297
-11.012166976928711
-11.01235580444336
-11.02561092376709
-10.978670120239258
-11.040010452270508
-11.013803482055664
-11.01860523223877
-11.018403053283691
-10.964150428771973
-11.00080680847168
-10.996506690979004
-10.939784049987793
-11.01767349243164
-10.889242172241211
-11.023618698120117
-10.915619850158691
-10.984492301940918
-10.932685852050781
-10.963184356689453
-11.002656936645508
-10.957685470581055
-10.98370361328125
-10.870033264160156
-10.903411865234375
-10.997354507446289
-10.89709186553955
-10.98556900024414
-11.023247718811035
-10.924180030822754
-10.970616340637207
-11.003211975097656
-10.947572708129883
-11.004870414733887
-10.943388938903809
-10.925332069396973
-10.987407684326172
-11.055683135986328
-10.987595558166504
-11.02159595489502
-10.957825660705566
-10.9247407913208
-11.027802467346191
-10.99057388305664
-11.012262344360352
-11.037565231323242
-10.978532791137695
-11.020061492919922
-11.034893035888672
-11.008195877075195
-11.039604187011719
-11.014033317565918
-11.01961612701416
-11.062309265136719
-11.023932456970215
-11.06712818145752
-11.05102252960205
-11.05608081817627
-11.055703163146973
-11.0585298538208
-11.001741409301758
-11.063261032104492
-11.084464073181152
-11.046599388122559
-10.995392799377441
-11.021214485168457
-11.029778480529785
-11.038881301879883
-11.047619819641113
-11.029243469238281
-11.04170036315918
-11.072093963623047
-11.0479736328125
-11.038399696350098
-11.05974006652832
-11.07165241241455
-11.070271492004395
-11.04430866241455
-11.038399696350098
-11.051819801330566
-11.019488334655762
-11.075462341308594
-11.04714298248291
-11.082698822021484
-11.061869621276855
-11.072707176208496
-11.071104049682617
-11.081966400146484
-11.04510498046875
-11.066339492797852
-11.052626609802246
-11.034600257873535
-11.094710350036621
-11.072589874267578
-11.072989463806152
-11.122740745544434
-11.100556373596191
-11.071688652038574
-11.083991050720215
-11.080460548400879
-11.091793060302734
-11.098748207092285
-11.084388732910156
-11.089603424072266
-11.0887451171875
-11.073127746582031
-11.084731101989746
-11.048895835876465
-11.058968544006348
-11.117955207824707
-11.075201988220215
-11.090733528137207
-11.068167686462402
-11.096431732177734
-11.081355094909668
-11.05634880065918
-11.081870079040527
-11.058220863342285
-11.093637466430664
-11.093304634094238
-11.083641052246094
-11.080986022949219
-11.125514030456543
-11.099373817443848
-11.09022331237793
-11.083230972290039
-11.089273452758789
-11.118898391723633
-11.09475040435791
-11.105363845825195
-11.074742317199707
-11.090890884399414
-11.080135345458984
-11.106878280639648
-11.10596752166748
-11.116174697875977
-11.095643043518066
-11.103052139282227
-11.08659553527832
-11.069518089294434
-11.099329948425293
-11.088227272033691
-11.107762336730957
-11.133406639099121
-11.1151704788208
-11.088513374328613
-11.092963218688965
-11.108806610107422
-11.102853775024414
-11.111413955688477
-11.06766414642334
-11.08331298828125
-11.099783897399902
-11.100034713745117
-11.10883617401123
-11.106067657470703
-11.101300239562988
-11.081583976745605
-11.11308479309082
-11.079995155334473
-11.123292922973633
-11.101393699645996
-11.131072044372559
-11.0941162109375
-11.110857963562012
-11.11718463897705
-11.11968994140625
-11.11234188079834
-11.103110313415527
-11.09785270690918
-11.061810493469238
-11.110086441040039
-11.09437370300293
-11.08442211151123
-11.138736724853516
-11.125347137451172
-11.08610725402832
-11.091252326965332
-11.098155975341797
-11.099370956420898
-11.125880241394043
-11.11764144897461
-11.098173141479492
-11.124950408935547
-11.130992889404297
-11.114704132080078
-11.127070426940918
-11.103681564331055
-11.103413581848145
-11.047293663024902
-11.131367683410645
-11.131816864013672
-11.104178428649902
-11.095398902893066
-11.112435340881348
-11.135553359985352
-11.107741355895996
-11.140215873718262
-11.120758056640625
-11.13886547088623
-11.135374069213867
-11.137628555297852
-11.144454002380371
-11.109984397888184
-11.122708320617676
-11.139873504638672
-11.117976188659668
-11.148116111755371
-11.141979217529297
-11.14148998260498
-11.077530860900879
-11.134486198425293
-11.157818794250488
-11.143449783325195
-11.128049850463867
-11.123449325561523
-11.149547576904297
-11.125447273254395
-11.142040252685547
-11.141508102416992
-11.146872520446777
-11.149211883544922
-11.115900039672852
-11.139140129089355
-11.129651069641113
-11.130661964416504
-11.13931655883789
-11.116405487060547
-11.14236831665039
-11.172242164611816
-11.127928733825684
-11.131019592285156
-11.156004905700684
-11.13516902923584
-11.153706550598145
-11.129983901977539
-11.122130393981934
-11.116829872131348
-11.139901161193848
-11.135334014892578
-11.142027854919434
-11.173300743103027
-11.15098762512207
-11.129560470581055
-11.165131568908691
-11.162948608398438
-11.147010803222656
-11.17335033416748
-11.155142784118652
-11.156264305114746
-11.131715774536133
-11.171453475952148
-11.181819915771484
-11.15229320526123
-11.133405685424805
-11.150912284851074
-11.13905143737793
-11.181981086730957
-11.156679153442383
-11.165850639343262
-11.142885208129883
-11.138672828674316
-11.140174865722656
-11.163749694824219
-11.165207862854004
-11.148676872253418
-11.148914337158203
-11.15620231628418
-11.158679962158203
-11.153624534606934
-11.123177528381348
-11.15003776550293
-11.146064758300781
-11.168597221374512
-11.157902717590332
-11.158924102783203
-11.164754867553711
-11.159716606140137
-11.138111114501953
-11.170950889587402
-11.163163185119629
-11.154776573181152
-11.163597106933594
-11.166322708129883
-11.163924217224121
-11.15875244140625
-11.16992473602295
-11.161299705505371
-11.153916358947754
-11.15465259552002
-11.178689956665039
-11.132152557373047
-11.161173820495605
-11.155904769897461
-11.173169136047363
-11.190348625183105
-11.1425199508667
-11.137144088745117
-11.1171236038208
-11.150288581848145
-11.074564933776855
-11.139798164367676
-11.104775428771973
-11.122515678405762
-11.163409233093262
-11.107589721679688
-11.156747817993164
-11.101592063903809
-11.14124870300293
-11.155522346496582
-11.116327285766602
-11.161982536315918
-11.143061637878418
-11.114500999450684
-11.1900634765625
-11.142851829528809
-11.161022186279297
-11.17416763305664
-11.146052360534668
-11.164289474487305
-11.18708610534668
-11.113574028015137
-11.15224552154541
-11.11031436920166
-11.131837844848633
-11.18646240234375
-11.057007789611816
-11.159112930297852
-11.0311918258667
-11.073487281799316
-11.163652420043945
-11.117687225341797
-11.161886215209961
-11.177172660827637
-11.120233535766602
-11.146142959594727
-11.191804885864258
-11.102276802062988
-11.167813301086426
-11.11263370513916
-11.12490177154541
-11.165409088134766
-11.134775161743164
-11.132312774658203
-11.167340278625488
-11.129107475280762
-11.111075401306152
-11.169917106628418
-11.1649751663208
-11.174310684204102
-11.178577423095703
-11.174211502075195
-11.174758911132812
-11.19262981414795
-11.162240982055664
-11.199352264404297
-11.179328918457031
-11.185140609741211
-11.169327735900879
-11.148714065551758
-11.188904762268066
-11.174498558044434
-11.171638488769531
-11.193267822265625
-11.18722915649414
-11.159402847290039
-11.16200065612793
-11.184269905090332
-11.179677963256836
-11.188526153564453
-11.186670303344727
-11.177623748779297
-11.18149471282959
-11.159913063049316
-11.196556091308594
-11.201775550842285
-11.174574851989746
-11.186705589294434
-11.209964752197266
-11.196409225463867
-11.20836353302002
-11.197854042053223
-11.184714317321777
-11.207979202270508
-11.211981773376465
-11.200543403625488
-11.204472541809082
-11.199687957763672
-11.1814603805542
-11.185436248779297
-11.188179016113281
-11.187379837036133
-11.182952880859375
-11.216693878173828
-11.209362030029297
-11.2117919921875
-11.192858695983887
-11.196732521057129
-11.184322357177734
-11.188965797424316
-11.191954612731934
-11.2002534866333
-11.206686019897461
-11.199930191040039
-11.192066192626953
-11.194971084594727
-11.181792259216309
-11.191202163696289
-11.212113380432129
-11.192222595214844
-11.1997709274292
-11.177042961120605
-11.214881896972656
-11.201923370361328
-11.196551322937012
-11.205166816711426
-11.190203666687012
-11.208422660827637
-11.18259334564209
-11.207701683044434
-11.19581413269043
-11.213296890258789
-11.190013885498047
-11.197225570678711
-11.20307731628418
-11.200557708740234
-11.217419624328613
-11.187713623046875
-11.20364761352539
-11.198522567749023
-11.208199501037598
-11.194948196411133
-11.209661483764648
-11.1841459274292
-11.189752578735352
-11.166534423828125
-11.181528091430664
-11.204517364501953
-11.158927917480469
-11.201748847961426
-11.152589797973633
-11.170999526977539
-11.208929061889648
-11.142325401306152
-11.185022354125977
-11.138313293457031
-11.139775276184082
-11.204889297485352
-11.144671440124512
-11.208786964416504
-11.208702087402344
-11.172072410583496
-11.192709922790527
-11.202373504638672
-11.163727760314941
-11.19905948638916
-11.148608207702637
-11.17330265045166
-11.205476760864258
-11.166644096374512
-11.187041282653809
-11.215669631958008
-11.192840576171875
-11.206648826599121
-11.218229293823242
-11.175596237182617
-11.202938079833984
-11.175850868225098
-11.188687324523926
-11.214262008666992
-11.174722671508789
-11.202250480651855
-11.193974494934082
-11.18178939819336
-11.219189643859863
-11.20084285736084
-11.185406684875488
-11.193424224853516
-11.166315078735352
-11.193923950195312
-11.210501670837402
-11.204066276550293
-11.215182304382324
-11.186079025268555
-11.17825698852539
-11.210321426391602
-11.175932884216309
-11.212868690490723
-11.206766128540039
-11.202505111694336
-11.212857246398926
-11.178860664367676
-11.222824096679688
-11.203712463378906
-11.19771671295166
-11.230570793151855
-11.19832706451416
-11.207893371582031
-11.218740463256836
-11.207110404968262
-11.230544090270996
-11.224145889282227
-11.226298332214355
-11.23182201385498
-11.211831092834473
-11.228626251220703
-11.235685348510742
-11.227710723876953
-11.21875286102295
-11.220738410949707
-11.227076530456543
-11.21462631225586
-11.229125022888184
-11.232405662536621
-11.226512908935547
-11.227313995361328
-11.232959747314453
-11.22418212890625
-11.236876487731934
-11.233699798583984
-11.23038101196289
-11.219016075134277
-11.229695320129395
-11.234343528747559
-11.232461929321289
-11.217512130737305
-11.225167274475098
-11.236100196838379
-11.227235794067383
-11.219371795654297
-11.220331192016602
-11.217891693115234
-11.211124420166016
-11.204462051391602
-11.22266960144043
-11.232303619384766
-11.220702171325684
-11.231854438781738
-11.225945472717285
-11.233959197998047
-11.214365005493164
-11.238139152526855
-11.240310668945312
-11.233521461486816
-11.22429084777832
-11.238054275512695
-11.232094764709473
-11.233275413513184
-11.24213981628418
-11.247054100036621
-11.23041820526123
-11.228376388549805
-11.224973678588867
-11.227311134338379
-11.228201866149902
-11.23231315612793
-11.229083061218262
-11.230511665344238
-11.225540161132812
-11.240828514099121
-11.226959228515625
-11.23061752319336
-11.226183891296387
-11.240647315979004
-11.228052139282227
-11.24333667755127
-11.232975006103516
-11.249943733215332
-11.225957870483398
-11.23618221282959
-11.235125541687012
-11.23260498046875
-11.236773490905762
-11.238974571228027
-11.234281539916992
-11.234375953674316
-11.241138458251953
-11.232330322265625
-11.234097480773926
-11.232677459716797
-11.229131698608398
-11.241660118103027
-11.239995956420898
-11.244773864746094
-11.247993469238281
-11.242537498474121
-11.230794906616211
-11.247856140136719
-11.236064910888672
-11.226399421691895
-11.234039306640625
-11.2337007522583
-11.235262870788574
-11.237472534179688
-11.235625267028809
-11.234014511108398
-11.245067596435547
-11.242183685302734
-11.22687816619873
-11.240251541137695
-11.241718292236328
-11.240065574645996
-11.237378120422363
-11.230481147766113
-11.240095138549805
-11.22322940826416
-11.231197357177734
-11.218907356262207
-11.242410659790039
-11.231051445007324
-11.233089447021484
-11.237408638000488
-11.234374046325684
-11.245607376098633
-11.23250961303711
-11.250565528869629
-11.238031387329102
-11.250181198120117
-11.233753204345703
-11.229254722595215
-11.232559204101562
-11.23770809173584
-11.249908447265625
-11.250629425048828
-11.243149757385254
-11.239968299865723
-11.221379280090332
-11.246512413024902
-11.231217384338379
-11.237805366516113
-11.232110023498535
-11.247298240661621
-11.243995666503906
-11.243101119995117
-11.25102710723877
-11.245149612426758
-11.235283851623535
-11.233750343322754
-11.251216888427734
-11.238475799560547
-11.249863624572754
-11.241094589233398
-11.24334716796875
-11.222529411315918
-11.24344539642334
-11.208545684814453
-11.230439186096191
-11.243111610412598
-11.19306755065918
-11.209115028381348
-11.159862518310547
-11.191384315490723
-11.242061614990234
-11.162294387817383
-11.238273620605469
-11.188616752624512
-11.186369895935059
-11.23941707611084
-11.20245361328125
-11.242238998413086
-11.23792552947998
-11.213693618774414
-11.238241195678711
-11.227642059326172
-11.230917930603027
-11.257685661315918
-11.239080429077148
-11.23768138885498
-11.247140884399414
-11.23245620727539
-11.244647979736328
-11.233713150024414
-11.245978355407715
-11.250529289245605
-11.246007919311523
-11.245919227600098
-11.249863624572754
-11.25123405456543
-11.248050689697266
-11.257318496704102
-11.261720657348633
-11.26036548614502
-11.257230758666992
-11.255151748657227
-11.252633094787598
-11.25084114074707
-11.242977142333984
-11.252510070800781
-11.25856876373291
-11.250368118286133
-11.246006965637207
-11.262028694152832
-11.24474811553955
-11.257431983947754
-11.238797187805176
-11.243927001953125
-11.235840797424316
-11.255156517028809
-11.228700637817383
-11.241116523742676
-11.227063179016113
-11.229267120361328
-11.24978256225586
-11.199556350708008
-11.231821060180664
-11.21342658996582
-11.212394714355469
-11.254613876342773
-11.194953918457031
-11.250229835510254
-11.228074073791504
-11.222496032714844
-11.245749473571777
-11.228843688964844
-11.236668586730957
-11.254755020141602
-11.252721786499023
-11.238656997680664
-11.249610900878906
-11.242301940917969
-11.251582145690918
-11.2488431930542
-11.25088119506836
-11.25831413269043
-11.236250877380371
-11.252972602844238
-11.236275672912598
-11.248604774475098
-11.257503509521484
-11.241104125976562
-11.258941650390625
-11.240668296813965
-11.256173133850098
-11.259147644042969
-11.261947631835938
-11.253222465515137
-11.236051559448242
-11.255830764770508
-11.244976997375488
-11.24015998840332
-11.236991882324219
-11.24653148651123
-11.243081092834473
-11.250102996826172
-11.251921653747559
-11.258933067321777
-11.252313613891602
-11.263565063476562
-11.230913162231445
-11.240752220153809
-11.209712982177734
-11.241825103759766
-11.258152961730957
-11.18878173828125
-11.237850189208984
-11.19105052947998
-11.19920539855957
-11.244710922241211
-11.222331047058105
-11.245736122131348
-11.252820014953613
-11.232407569885254
-11.24853515625
-11.264738082885742
-11.217412948608398
-11.254107475280762
-11.219903945922852
-11.232925415039062
-11.257146835327148
-11.247426986694336
-11.254741668701172
-11.255518913269043
-11.244707107543945
-11.249302864074707
-11.266709327697754
-11.212072372436523
-11.253703117370605
-11.202685356140137
-11.220306396484375
-11.258858680725098
-11.223572731018066
-11.251932144165039
-11.245853424072266
-11.230867385864258
-11.259103775024414
-11.253368377685547
-11.248156547546387
-11.252359390258789
-11.233061790466309
-11.241217613220215
-11.262051582336426
-11.228240966796875
-11.258073806762695
-11.229538917541504
-11.237277030944824
-11.255526542663574
-11.230756759643555
-11.259623527526855
-11.236212730407715
-11.247109413146973
-11.262255668640137
-11.239411354064941
-11.265552520751953
-11.24636173248291
-11.250299453735352
-11.268558502197266
-11.245403289794922
-11.260339736938477
-11.261222839355469
-11.24759578704834
-11.262487411499023
-11.253495216369629
-11.266928672790527
-11.26271915435791
-11.238152503967285
-11.26132583618164
-11.238913536071777
-11.261547088623047
-11.25519847869873
-11.249176025390625
-11.272235870361328
-11.22245979309082
-11.246891021728516
-11.218669891357422
-11.240052223205566
-11.252620697021484
-11.227657318115234
-11.254766464233398
-11.226009368896484
-11.242548942565918
-11.268205642700195
-11.238871574401855
-11.26242733001709
-11.250351905822754
-11.244767189025879
-11.275862693786621
-11.236903190612793
-11.272085189819336
-11.249881744384766
-11.243888854980469
-11.26513957977295
-11.258030891418457
-11.246148109436035
-11.273351669311523
-11.261177062988281
-11.254486083984375
-11.2708101272583
-11.23984146118164
-11.26488208770752
-11.240238189697266
-11.249357223510742
-11.274069786071777
-11.239182472229004
-11.263011932373047
-11.237616539001465
-11.238076210021973
-11.268570899963379
-11.250418663024902
-11.26651382446289
-11.25622844696045
-11.259721755981445
-11.26803970336914
-11.245241165161133
-11.26286506652832
-11.25713062286377
-11.259917259216309
-11.261504173278809
-11.25536060333252
-11.262140274047852
-11.256511688232422
-11.274994850158691
-11.266008377075195
-11.271661758422852
-11.27383041381836
-11.264907836914062
-11.2722749710083
-11.258575439453125
-11.269685745239258
-11.268087387084961
-11.26889419555664
-11.269433975219727
-11.272255897521973
-11.271183967590332
-11.26949691772461
-11.273344993591309
-11.270305633544922
-11.276030540466309
-11.272139549255371
-11.263533592224121
-11.275036811828613
-11.270600318908691
-11.263687133789062
-11.267204284667969
-11.262826919555664
-11.282021522521973
-11.269659996032715
-11.276652336120605
-11.268200874328613
-11.27441120147705
-11.270928382873535
-11.284723281860352
-11.270840644836426
-11.276354789733887
-11.27389907836914
-11.277460098266602
-11.27315902709961
-11.268779754638672
-11.258766174316406
-11.273773193359375
-11.265110969543457
-11.277024269104004
-11.267799377441406
-11.269835472106934
-11.266597747802734
-11.274532318115234
-11.2723970413208
-11.255061149597168
-11.262260437011719
-11.2620849609375
-11.271627426147461
-11.271652221679688
-11.24477481842041
-11.262529373168945
-11.234051704406738
-11.264603614807129
-11.273265838623047
-11.238523483276367
-11.260676383972168
-11.221692085266113
-11.255513191223145
-11.267393112182617
-11.221734046936035
-11.26416301727295
-11.230921745300293
-11.23719596862793
-11.26765251159668
-11.252836227416992
-11.271049499511719
-11.265801429748535
-11.25964069366455
-11.264449119567871
-11.274953842163086
-11.260546684265137
-11.2837495803833
-11.2677583694458
-11.264513969421387
-11.271318435668945
-11.275765419006348
-11.26297664642334
-11.269011497497559
-11.261993408203125
-11.268684387207031
-11.278478622436523
-11.274548530578613
-11.271596908569336
-11.275310516357422
-11.278345108032227
-11.272418975830078
-11.273358345031738
-11.275192260742188
-11.277762413024902
-11.277753829956055
-11.27045726776123
-11.273165702819824
-11.28308391571045
-11.278739929199219
-11.278996467590332
-11.276971817016602
-11.260530471801758
-11.27045726776123
-11.273723602294922
-11.268917083740234
-11.258655548095703
-11.275310516357422
-11.270281791687012
-11.2603120803833
-11.28274917602539
-11.278133392333984
-11.278743743896484
-11.276820182800293
-11.273058891296387
-11.283546447753906
-11.270493507385254
-11.274556159973145
-11.271541595458984
-11.274275779724121
-11.262161254882812
-11.274837493896484
-11.265857696533203
-11.274334907531738
-11.280706405639648
-11.277358055114746
-11.276938438415527
-11.2728853225708
-11.27050495147705
-11.283089637756348
-11.261117935180664
-11.273563385009766
-11.25261116027832
-11.272377014160156
-11.267352104187012
-11.2708740234375
-11.281415939331055
-11.277457237243652
-11.281484603881836
-11.275571823120117
-11.276693344116211
-11.260013580322266
-11.273921012878418
-11.279536247253418
-11.271499633789062
-11.275897979736328
-11.281731605529785
-11.285117149353027
-11.269811630249023
-11.28656005859375
-11.275235176086426
-11.281224250793457
-11.279890060424805
-11.266446113586426
-11.282026290893555
-11.275238990783691
-11.277918815612793
-11.273358345031738
-11.277153015136719
-11.280235290527344
-11.285301208496094
-11.278071403503418
-11.276803016662598
-11.283524513244629
-11.279727935791016
-11.281907081604004
-11.277510643005371
-11.27358627319336
-11.286755561828613
-11.28278636932373
-11.283985137939453
-11.277503967285156
-11.284272193908691
-11.284736633300781
-11.281509399414062
-11.285476684570312
-11.269562721252441
-11.289761543273926
-11.266200065612793
-11.287328720092773
-11.285927772521973
-11.279370307922363
-11.27295207977295
-11.264756202697754
-11.2792329788208
-11.274876594543457
-11.28865909576416
-11.29076862335205
-11.276899337768555
-11.284058570861816
-11.280574798583984
-11.28382396697998
-11.280692100524902
-11.276283264160156
-11.28659725189209
-11.290327072143555
-11.285506248474121
-11.28750228881836
-11.2879638671875
-11.290650367736816
-11.285611152648926
-11.289850234985352
-11.281322479248047
-11.282121658325195
-11.28555965423584
-11.28485107421875
-11.283211708068848
-11.281970977783203
-11.277124404907227
-11.278003692626953
-11.288642883300781
-11.276824951171875
-11.281515121459961
-11.271492004394531
-11.280755996704102
-11.274397850036621
-11.281275749206543
-11.290358543395996
-11.278388023376465
-11.279901504516602
-11.289711952209473
-11.279156684875488
-11.278220176696777
-11.277046203613281
-11.280255317687988
-11.272902488708496
-11.282430648803711
-11.275617599487305
-11.285475730895996
-11.286559104919434
-11.258100509643555
-11.26727294921875
-11.246209144592285
-11.273576736450195
-11.28188705444336
-11.262795448303223
-11.2789945602417
-11.265936851501465
-11.262984275817871
-11.288328170776367
-11.235922813415527
-11.273033142089844
-11.24147891998291
-11.25287914276123
-11.286641120910645
-11.218240737915039
-11.272356033325195
-11.241931915283203
-11.238141059875488
-11.277238845825195
-11.27000904083252
-11.260011672973633
-11.273918151855469
-11.242960929870605
-11.262458801269531
-11.273028373718262
-11.263035774230957
-11.259346008300781
-11.281620025634766
-11.272515296936035
-11.282369613647461
-11.278148651123047
-11.275341987609863
-11.283885955810547
-11.28280258178711
-11.287038803100586
-11.286718368530273
-11.289219856262207
-11.28669548034668
-11.287753105163574
-11.28833293914795
-11.279386520385742
-11.287164688110352
-11.282241821289062
-11.292778968811035
-11.28142261505127
-11.292468070983887
-11.293679237365723
-11.282218933105469
-11.289743423461914
-11.289565086364746
-11.292753219604492
-11.292947769165039
-11.294346809387207
-11.30074691772461
-11.284626960754395
-11.289481163024902
-11.286739349365234
-11.28963851928711
-11.29169750213623
-11.284252166748047
-11.28849983215332
-11.290438652038574
-11.287972450256348
-11.29369068145752
-11.287636756896973
-11.2880277633667
-11.288028717041016
-11.276701927185059
-11.291474342346191
-11.289088249206543
-11.290961265563965
-11.27988052368164
-11.28847885131836
-11.28662395477295
-11.29127311706543
-11.288836479187012
-11.28724193572998
-11.292031288146973
-11.29043960571289
-11.293036460876465
-11.293066024780273
-11.288381576538086
-11.28588581085205
-11.289968490600586
-11.286954879760742
-11.28874397277832
-11.279850959777832
-11.279321670532227
-11.292719841003418
-11.273961067199707
-11.284207344055176
-11.280343055725098
-11.28316593170166
-11.282244682312012
-11.292366981506348
-11.279030799865723
-11.290573120117188
-11.285764694213867
-11.298420906066895
-11.290681838989258
-11.293196678161621
-11.294831275939941
-11.29179859161377
-11.289704322814941
-11.290913581848145
-11.285195350646973
-11.29382038116455
-11.284984588623047
-11.289257049560547
-11.290860176086426
-11.294737815856934
-11.29164981842041
-11.289369583129883
-11.297460556030273
-11.299688339233398
-11.292861938476562
-11.291959762573242
-11.284643173217773
-11.28744125366211
-11.283711433410645
-11.292247772216797
-11.28726577758789
-11.292006492614746
-11.289499282836914
-11.291816711425781
-11.289119720458984
-11.28901481628418
-11.289135932922363
-11.288805961608887
-11.290671348571777
-11.282459259033203
-11.294489860534668
-11.287474632263184
-11.292781829833984
-11.295136451721191
-11.283537864685059
-11.292810440063477
-11.294671058654785
-11.299065589904785
-11.290273666381836
-11.295059204101562
-11.29037857055664
-11.290739059448242
-11.290891647338867
-11.296626091003418
-11.294296264648438
-11.300238609313965
-11.295865058898926
-11.300256729125977
-11.295263290405273
-11.292337417602539
-11.297662734985352
-11.299324035644531
-11.294617652893066
-11.288504600524902
-11.287673950195312
-11.29487133026123
-11.291657447814941
-11.288363456726074
-11.289441108703613
-11.29050350189209
-11.291327476501465
-11.292773246765137
-11.295428276062012
-11.29764175415039
-11.283473014831543
-11.298637390136719
-11.284857749938965
-11.299001693725586
-11.294656753540039
-11.296910285949707
-11.289531707763672
-11.296185493469238
-11.29672622680664
-11.296648025512695
-11.296364784240723
-11.30169677734375
-11.292567253112793
-11.294378280639648
-11.30163288116455
-11.287494659423828
-11.288276672363281
-11.299335479736328
-11.287309646606445
-11.30540657043457
-11.294840812683105
-11.301880836486816
-11.29837417602539
-11.290152549743652
-11.29582405090332
-11.301806449890137
-11.293526649475098
-11.29684066772461
-11.286884307861328
-11.288772583007812
-11.28571605682373
-11.289213180541992
-11.283940315246582
-11.297407150268555
-11.295284271240234
-11.281920433044434
-11.295564651489258
-11.287789344787598
-11.2954683303833
-11.293267250061035
-11.288457870483398
-11.294919967651367
-11.28947925567627
-11.29606819152832
-11.289358139038086
-11.296571731567383
-11.291407585144043
-11.299147605895996
-11.301779747009277
-11.295638084411621
-11.299962043762207
-11.29532241821289
-11.293712615966797
-11.286215782165527
-11.28072738647461
-11.285923957824707
-11.2879056930542
-11.299519538879395
-11.300551414489746
-11.29662036895752
-11.301559448242188
-11.295150756835938
-11.301636695861816
-11.292454719543457
-11.301783561706543
-11.299478530883789
-11.297736167907715
-11.295049667358398
-11.307699203491211
-11.29926872253418
-11.29720401763916
-11.287246704101562
-11.296159744262695
-11.302192687988281
-11.2953462600708
-11.293594360351562
-11.292985916137695
-11.297492980957031
-11.2990083694458
-11.299545288085938
-11.299317359924316
-11.299036979675293
-11.296658515930176
-11.295975685119629
-11.296700477600098
-11.284805297851562
-11.299426078796387
-11.288613319396973
-11.298907279968262
-11.279909133911133
-11.294845581054688
-11.283807754516602
-11.299054145812988
-11.286157608032227
-11.301582336425781
-11.294182777404785
-11.281290054321289
-11.29685115814209
-11.273295402526855
-11.295035362243652
-11.28091812133789
-11.286285400390625
-11.298364639282227
-11.272619247436523
-11.291768074035645
-11.260151863098145
-11.275856971740723
-11.289453506469727
-11.253278732299805
-11.273940086364746
-11.231634140014648
-11.269184112548828
-11.298728942871094
-11.228309631347656
-11.284734725952148
-11.246471405029297
-11.238125801086426
-11.292228698730469
-11.275431632995605
-11.271621704101562
-11.28021240234375
-11.266332626342773
-11.278472900390625
-11.29645824432373
-11.263104438781738
-11.301300048828125
-11.268437385559082
-11.280035972595215
-11.289571762084961
-11.292877197265625
-11.278034210205078
-11.29776382446289
-11.269705772399902
-11.276556968688965
-11.302666664123535
-11.270299911499023
-11.284470558166504
-11.27220630645752
-11.28345775604248
-11.296123504638672
-11.279123306274414
-11.296531677246094
-11.255256652832031
-11.27907943725586
-11.300054550170898
-11.246463775634766
-11.281698226928711
-11.248961448669434
-11.246927261352539
-11.294617652893066
-11.245429992675781
-11.296947479248047
-11.256087303161621
-11.261456489562988
-11.28515625
-11.27110767364502
-11.300313949584961
-11.296188354492188
-11.289209365844727
-11.303339004516602
-11.292427062988281
-11.300381660461426
-11.294328689575195
-11.296483039855957
-11.30102825164795
-11.292167663574219
-11.302818298339844
-11.295866012573242
-11.296091079711914
-11.306071281433105
-11.309732437133789
-11.301180839538574
-11.303587913513184
-11.302995681762695
-11.301053047180176
-11.298644065856934
-11.299897193908691
-11.304980278015137
-11.298344612121582
-11.304207801818848
-11.299393653869629
-11.300154685974121
-11.305522918701172
-11.28004264831543
-11.291399955749512
-11.2833251953125
-11.299763679504395
-11.286202430725098
-11.304744720458984
-11.286437034606934
-11.29593563079834
-11.301417350769043
-11.287033081054688
-11.298866271972656
-11.290742874145508
-11.294632911682129
-11.29979133605957
-11.287406921386719
-11.291141510009766
-11.271920204162598
-11.28801441192627
-11.297585487365723
-11.275542259216309
-11.290434837341309
-11.283523559570312
-11.28197193145752
-11.301018714904785
-11.276540756225586
-11.304276466369629
-11.282427787780762
-11.276932716369629
-11.304764747619629
-11.251709938049316
-11.29758071899414
-11.255156517028809
-11.273210525512695
-11.30081844329834
-11.262800216674805
-11.303854942321777
-11.295673370361328
-11.29162883758545
-11.304516792297363
-11.296592712402344
-11.304891586303711
-11.300334930419922
-11.299668312072754
-11.302915573120117
-11.304108619689941
-11.306001663208008
-11.311365127563477
-11.300946235656738
-11.302610397338867
-11.302460670471191
-11.298905372619629
-11.303686141967773
-11.310776710510254
-11.308113098144531
-11.302885055541992
-11.301816940307617
-11.306683540344238
-11.306746482849121
-11.300102233886719
-11.310050964355469
-11.30607795715332
-11.309586524963379
-11.312911987304688
-11.3036470413208
-11.29743480682373
-11.306257247924805
-11.29817008972168
-11.310660362243652
-11.304343223571777
-11.306172370910645
-11.311427116394043
-11.306941032409668
-11.308415412902832
-11.3110990524292
-11.299635887145996
-11.300379753112793
-11.301660537719727
-11.30209732055664
-11.294109344482422
-11.306556701660156
-11.300020217895508
-11.305923461914062
-11.305665969848633
-11.306848526000977
-11.302428245544434
-11.307601928710938
-11.288642883300781
-11.305106163024902
-11.301342964172363
-11.297762870788574
-11.309964179992676
-11.294292449951172
-11.30229663848877
-11.293973922729492
-11.300067901611328
-11.308326721191406
-11.30165958404541
-11.305963516235352
-11.297330856323242
-11.305097579956055
-11.306488990783691
-11.30309009552002
-11.300722122192383
-11.295822143554688
-11.304149627685547
-11.304393768310547
-11.300156593322754
-11.30026626586914
-11.30192756652832
-11.303399085998535
-11.29749870300293
-11.304570198059082
-11.303638458251953
-11.312284469604492
-11.304088592529297
-11.30515193939209
-11.303586959838867
-11.31057071685791
-11.310502052307129
-11.305079460144043
-11.305418968200684
-11.309056282043457
-11.30734920501709
-11.303720474243164
-11.295138359069824
-11.300948143005371
-11.294509887695312
-11.310552597045898
-11.303618431091309
-11.310460090637207
-11.308123588562012
-11.31054401397705
-11.302068710327148
-11.306272506713867
-11.30789852142334
-11.300980567932129
-11.307292938232422
-11.30822467803955
-11.307412147521973
-11.308714866638184
-11.307901382446289
-11.307413101196289
-11.310768127441406
-11.309297561645508
-11.307626724243164
-11.315374374389648
-11.30767822265625
-11.306309700012207
-11.312237739562988
-11.30884838104248
-11.310025215148926
-11.291854858398438
-11.301996231079102
-11.307548522949219
-11.30937385559082
-11.314630508422852
-11.311479568481445
-11.308960914611816
-11.308318138122559
-11.307982444763184
-11.303977966308594
-11.311811447143555
-11.305282592773438
-11.308267593383789
-11.304627418518066
-11.309576988220215
-11.308155059814453
-11.298068046569824
-11.308579444885254
-11.312056541442871
-11.305434226989746
-11.308431625366211
-11.30402660369873
-11.305005073547363
-11.304939270019531
-11.284360885620117
-11.297065734863281
-11.293498992919922
-11.304161071777344
-11.292473793029785
-11.310210227966309
-11.317205429077148
-11.299362182617188
-11.303825378417969
-11.307700157165527
-11.306892395019531
-11.306711196899414
-11.308565139770508
-11.310199737548828
-11.3102388381958
-11.304057121276855
-11.301054954528809
-11.305874824523926
-11.299504280090332
-11.301419258117676
-11.293495178222656
-11.299609184265137
-11.30231761932373
-11.290225982666016
-11.303582191467285
-11.293936729431152
-11.296225547790527
-11.302660942077637
-11.295711517333984
-11.30628490447998
-11.274425506591797
-11.306539535522461
-11.300761222839355
-11.318201065063477
-11.301198959350586
-11.302258491516113
-11.297779083251953
-11.302302360534668
-11.298991203308105
-11.294008255004883
-11.303251266479492
-11.306814193725586
-11.306562423706055
-11.306805610656738
-11.303126335144043
-11.308277130126953
-11.295970916748047
-11.30638599395752
-11.305066108703613
-11.298497200012207
-11.313735961914062
-11.289517402648926
-11.301453590393066
-11.277836799621582
-11.30392074584961
-11.303086280822754
-11.29493522644043
-11.30463981628418
-11.290240287780762
-11.295464515686035
-11.308283805847168
-11.28954792022705
-11.308682441711426
-11.2866792678833
-11.286849021911621
-11.309268951416016
-11.247795104980469
-11.298949241638184
-11.256744384765625
-11.278074264526367
-11.297842979431152
-11.27658748626709
-11.301093101501465
-11.303261756896973
-11.295552253723145
-11.291305541992188
-11.306791305541992
-11.28783130645752
-11.304264068603516
-11.291423797607422
-11.304071426391602
-11.309752464294434
-11.270113945007324
-11.293705940246582
-11.26358699798584
-11.271571159362793
-11.30656909942627
-11.280795097351074
-11.291550636291504
-11.289141654968262
-11.285259246826172
-11.2971830368042
-11.304180145263672
-11.26121997833252
-11.297713279724121
-11.267066955566406
-11.275996208190918
-11.309244155883789
-11.257951736450195
-11.305374145507812
-11.281505584716797
-11.268144607543945
-11.299259185791016
-11.273669242858887
-11.308379173278809
-11.29426097869873
-11.300643920898438
-11.305513381958008
-11.30106258392334
-11.313030242919922
-11.31358814239502
-11.30493450164795
-11.30856990814209
-11.31230640411377
-11.309453964233398
-11.307680130004883
-11.313379287719727
-11.310887336730957
-11.30862045288086
-11.300403594970703
-11.305739402770996
-11.295793533325195
-11.305931091308594
-11.312338829040527
-11.291049003601074
-11.305444717407227
-11.2872953414917
-11.2844820022583
-11.308673858642578
-11.271842002868652
-11.298420906066895
-11.269811630249023
-11.273201942443848
-11.305116653442383
-11.2778902053833
-11.306903839111328
-11.302342414855957
-11.300641059875488
-11.301275253295898
-11.307991981506348
-11.293241500854492
-11.308825492858887
-11.29517936706543
-11.310371398925781
-11.307222366333008
-11.300810813903809
-11.308125495910645
-11.317928314208984
-11.30815315246582
-11.302639961242676
-11.309562683105469
-11.307222366333008
-11.313387870788574
-11.305211067199707
-11.307464599609375
-11.312541961669922
-11.312603950500488
-11.316278457641602
-11.312260627746582
-11.31085205078125
-11.313933372497559
-11.31605339050293
-11.306120872497559
-11.30647087097168
-11.311619758605957
-11.30630111694336
-11.313899040222168
-11.315003395080566
-11.313875198364258
-11.316898345947266
-11.306120872497559
-11.314384460449219
-11.316515922546387
-11.310150146484375
-11.317477226257324
-11.314861297607422
-11.315216064453125
-11.314116477966309
-11.316368103027344
-11.318976402282715
-11.31114673614502
-11.312294960021973
-11.311541557312012
-11.314619064331055
-11.308891296386719
-11.30451774597168
-11.307618141174316
-11.312764167785645
-11.310635566711426
-11.311963081359863
-11.308438301086426
-11.307170867919922
-11.308648109436035
-11.317032814025879
-11.312095642089844
-11.322064399719238
-11.30845832824707
-11.311491012573242
-11.316558837890625
-11.310737609863281
-11.31222915649414
-11.318799018859863
-11.317070960998535
-11.312674522399902
-11.320597648620605
-11.315832138061523
-11.315206527709961
-11.308795928955078
-11.313987731933594
-11.317342758178711
-11.317710876464844
-11.318439483642578
-11.31363296508789
-11.319523811340332
-11.31966781616211
-11.314018249511719
-11.31185531616211
-11.307265281677246
-11.315146446228027
-11.309137344360352
-11.311888694763184
-11.310107231140137
-11.315123558044434
-11.310672760009766
-11.308722496032715
-11.31077766418457
-11.297929763793945
-11.309569358825684
-11.307825088500977
-11.31905460357666
-11.31161117553711
-11.309261322021484
-11.320206642150879
-11.29539966583252
-11.310120582580566
-11.309698104858398
-11.307409286499023
-11.311074256896973
-11.308223724365234
-11.315553665161133
-11.30328369140625
-11.312405586242676
-11.308876991271973
-11.305692672729492
-11.318718910217285
-11.307095527648926
-11.310420036315918
-11.3154935836792
-11.307380676269531
-11.320825576782227
-11.317938804626465
-11.31948471069336
-11.324499130249023
-11.325543403625488
-11.31021785736084
-11.316734313964844
-11.317930221557617
-11.309196472167969
-11.315848350524902
-11.31557559967041
-11.31815242767334
-11.317968368530273
-11.31549072265625
-11.314367294311523
-11.3176851272583
-11.311924934387207
-11.31291675567627
-11.318650245666504
-11.319121360778809
-11.319046974182129
-11.31148624420166
-11.318816184997559
-11.309263229370117
-11.31309700012207
-11.316439628601074
-11.313006401062012
-11.319849014282227
-11.312623977661133
-11.313459396362305
-11.318052291870117
-11.320158958435059
-11.317679405212402
-11.323285102844238
-11.315489768981934
-11.321245193481445
-11.316609382629395
-11.31041145324707
-11.310513496398926
-11.316961288452148
-11.307427406311035
-11.307465553283691
-11.312150001525879
-11.311241149902344
-11.321554183959961
-11.315927505493164
-11.311683654785156
-11.31422233581543
-11.312146186828613
-11.321161270141602
-11.314861297607422
-11.317244529724121
-11.321094512939453
-11.315498352050781
-11.314888000488281
-11.3194580078125
-11.32349681854248
-11.315672874450684
-11.319561958312988
-11.32109260559082
-11.318890571594238
-11.31989860534668
-11.318359375
-11.316078186035156
-11.321619033813477
-11.319801330566406
-11.317259788513184
-11.315447807312012
-11.315217971801758
-11.315488815307617
-11.313212394714355
-11.322220802307129
-11.314791679382324
-11.316288948059082
-11.312427520751953
-11.32267951965332
-11.31139087677002
-11.312496185302734
-11.32213306427002
-11.31688117980957
-11.317423820495605
-11.312810897827148
-11.317587852478027
-11.310996055603027
-11.315386772155762
-11.312936782836914
-11.31488037109375
-11.322431564331055
-11.321136474609375
-11.326725959777832
-11.314647674560547
-11.311112403869629
-11.318330764770508
-11.32343864440918
-11.319320678710938
-11.311179161071777
-11.319672584533691
-11.316113471984863
-11.313433647155762
-11.321398735046387
-11.322441101074219
-11.31454086303711
-11.316587448120117
-11.325346946716309
-11.30258846282959
-11.318339347839355
-11.301925659179688
-11.298197746276855
-11.290631294250488
-11.31493854522705
-11.2957181930542
-11.3118314743042
-11.30797290802002
-11.309128761291504
-11.314714431762695
-11.298286437988281
-11.315914154052734
-11.30700397491455
-11.303651809692383
-11.308558464050293
-11.303706169128418
-11.313584327697754
-11.301695823669434
-11.313654899597168
-11.316596031188965
-11.291670799255371
-11.309545516967773
-11.296643257141113
-11.296310424804688
-11.312068939208984
-11.295015335083008
-11.30258846282959
-11.270768165588379
-11.296768188476562
-11.314922332763672
-11.277941703796387
-11.312644004821777
-11.278548240661621
-11.301934242248535
-11.311838150024414
-11.269641876220703
-11.309940338134766
-11.300518035888672
-11.283358573913574
-11.31152629852295
-11.309419631958008
-11.296754837036133
-11.313604354858398
-11.295305252075195
-11.297077178955078
-11.31662368774414
-11.289937019348145
-11.319535255432129
-11.315156936645508
-11.31207275390625
-11.3136568069458
-11.310728073120117
-11.320499420166016
-11.315218925476074
-11.317967414855957
-11.318700790405273
-11.322548866271973
-11.323896408081055
-11.320066452026367
-11.315872192382812
-11.319148063659668
-11.32120132446289
-11.318285942077637
-11.314571380615234
-11.315437316894531
-11.313758850097656
-11.31041431427002
-11.318656921386719
-11.316888809204102
-11.31977653503418
-11.316573143005371
-11.324833869934082
-11.321096420288086
-11.319573402404785
-11.320343971252441
-11.311295509338379
-11.31900691986084
-11.319300651550293
-11.325002670288086
-11.32287883758545
-11.316871643066406
-11.315338134765625
-11.321282386779785
-11.316756248474121
-11.321672439575195
-11.316679000854492
-11.323147773742676
-11.323844909667969
-11.323294639587402
-11.32170295715332
-11.319778442382812
-11.322386741638184
-11.323039054870605
-11.316999435424805
-11.318145751953125
-11.315738677978516
-11.324767112731934
-11.31937026977539
-11.321784973144531
-11.317026138305664
-11.317709922790527
-11.320440292358398
-11.315606117248535
-11.318208694458008
-11.320865631103516
-11.317410469055176
-11.324441909790039
-11.314362525939941
-11.322099685668945
-11.313685417175293
-11.316657066345215
-11.307994842529297
-11.323028564453125
-11.322279930114746
-11.314988136291504
-11.319127082824707
-11.313457489013672
-11.320645332336426
-11.319385528564453
-11.317119598388672
-11.323341369628906
-11.320242881774902
-11.320192337036133
-11.319901466369629
-11.32221508026123
-11.321551322937012
-11.321198463439941
-11.328746795654297
-11.316235542297363
-11.31659984588623
-11.310768127441406
-11.322940826416016
-11.29990005493164
-11.313529014587402
-11.302407264709473
-11.314984321594238
-11.31615924835205
-11.304088592529297
-11.312427520751953
-11.307478904724121
-11.32568359375
-11.318788528442383
-11.323192596435547
-11.32349967956543
-11.320111274719238
-11.314051628112793
-11.320516586303711
-11.323541641235352
-11.327582359313965
-11.312604904174805
-11.314831733703613
-11.306039810180664
-11.320975303649902
-11.315629959106445
-11.31075668334961
-11.317645072937012
-11.325504302978516
-11.322714805603027
-11.317279815673828
-11.317241668701172
-11.316569328308105
-11.309078216552734
-11.317179679870605
-11.308642387390137
-11.317580223083496
-11.315933227539062
-11.320616722106934
-11.319453239440918
-11.320796012878418
-11.324379920959473
-11.316030502319336
-11.318115234375
-11.320758819580078
-11.320852279663086
-11.324464797973633
-11.312859535217285
-11.32619857788086
-11.321642875671387
-11.32026195526123
-11.32242488861084
-11.321971893310547
-11.323309898376465
-11.32208251953125
-11.322419166564941
-11.320009231567383
-11.327933311462402
-11.324925422668457
-11.320253372192383
-11.320281028747559
-11.324847221374512
-11.328038215637207
-11.315689086914062
-11.325936317443848
-11.32498550415039
-11.328545570373535
-11.316084861755371
-11.322315216064453
-11.317851066589355
-11.316801071166992
-11.320025444030762
-11.315420150756836
-11.32554817199707
-11.307493209838867
-11.329216957092285
-11.29697322845459
-11.307256698608398
-11.321712493896484
-11.302308082580566
-11.309178352355957
-11.270179748535156
-11.298584938049316
-11.324464797973633
-11.260061264038086
-11.317090034484863
-11.247722625732422
-11.268885612487793
-11.316587448120117
-11.230435371398926
-11.316777229309082
-11.247102737426758
-11.258079528808594
-11.29984188079834
-11.29951286315918
-11.2550687789917
-11.305047988891602
-11.264711380004883
-11.274977684020996
-11.306896209716797
-11.310559272766113
-11.281365394592285
-11.31352424621582
-11.282920837402344
-11.292804718017578
-11.323390007019043
-11.293628692626953
-11.31795883178711
-11.315755844116211
-11.321183204650879
-11.311761856079102
-11.317789077758789
-11.308751106262207
-11.330986976623535
-11.311554908752441
-11.325749397277832
-11.31757926940918
-11.31496810913086
-11.325642585754395
-11.309977531433105
-11.316821098327637
-11.318263053894043
-11.320058822631836
-11.325722694396973
-11.321656227111816
-11.325984954833984
-11.324328422546387
-11.325183868408203
-11.31588077545166
-11.322044372558594
-11.327043533325195
-11.324128150939941
-11.327136039733887
-11.326037406921387
-11.32962703704834
-11.323997497558594
-11.321431159973145
-11.322461128234863
-11.325053215026855
-11.327516555786133
-11.330650329589844
-11.319904327392578
-11.325841903686523
-11.324219703674316
-11.328104972839355
-11.32237434387207
-11.314327239990234
-11.322162628173828
-11.324283599853516
-11.307296752929688
-11.312984466552734
-11.296993255615234
-11.318552017211914
-11.324166297912598
-11.318880081176758
-11.320843696594238
-11.3217191696167
-11.327312469482422
-11.323600769042969
-11.311678886413574
-11.317046165466309
-11.31320571899414
-11.326788902282715
-11.319540023803711
-11.32538890838623
-11.317136764526367
-11.31690788269043
-11.317095756530762
-11.32140827178955
-11.318843841552734
-11.32419490814209
-11.316340446472168
-11.325904846191406
-11.298612594604492
-11.325157165527344
-11.292098045349121
-11.310103416442871
-11.324223518371582
-11.286423683166504
-11.31765079498291
-11.287396430969238
-11.292384147644043
-11.316783905029297
-11.273456573486328
-11.3197660446167
-11.283943176269531
-11.287541389465332
-11.317315101623535
-11.268375396728516
-11.314556121826172
-11.28516960144043
-11.270889282226562
-11.305599212646484
-11.299520492553711
-11.287057876586914
-11.320440292358398
-11.284582138061523
-11.285758972167969
-11.315214157104492
-11.309678077697754
-11.303091049194336
-11.317330360412598
-11.29124641418457
-11.308816909790039
-11.316065788269043
-11.30578327178955
-11.312397956848145
-11.328173637390137
-11.294774055480957
-11.312189102172852
-11.3236083984375
-11.278167724609375
-11.309391975402832
-11.292494773864746
-11.302634239196777
-11.317305564880371
-11.293647766113281
-11.318689346313477
-11.304367065429688
-11.301337242126465
-11.314788818359375
-11.314554214477539
-11.304892539978027
-11.312551498413086
-11.302030563354492
-11.316889762878418
-11.323359489440918
-11.306026458740234
-11.320448875427246
-11.301656723022461
-11.307367324829102
-11.32400894165039
-11.296430587768555
-11.324723243713379
-11.31663990020752
-11.307205200195312
-11.32124137878418
-11.31573486328125
-11.327573776245117
-11.325554847717285
-11.324287414550781
-11.32336139678955
-11.318016052246094
-11.324446678161621
-11.320040702819824
-11.31978702545166
-11.321236610412598
-11.319859504699707
-11.318344116210938
-11.329946517944336
-11.320516586303711
-11.329310417175293
-11.318925857543945
-11.329148292541504
-11.322660446166992
-11.329630851745605
-11.320805549621582
-11.321035385131836
-11.323302268981934
-11.326417922973633
-11.320241928100586
-11.328374862670898
-11.32797908782959
-11.3284330368042
-11.32258129119873
-11.324535369873047
-11.325789451599121
-11.327128410339355
-11.328553199768066
-11.326150894165039
-11.322229385375977
-11.331488609313965
-11.324402809143066
-11.328329086303711
-11.317639350891113
-11.324199676513672
-11.330242156982422
-11.31631851196289
-11.32783317565918
-11.313396453857422
-11.330109596252441
-11.325309753417969
-11.326715469360352
-11.327507972717285
-11.331207275390625
-11.325294494628906
-11.315800666809082
-11.323726654052734
-11.321455955505371
-11.323274612426758
-11.322935104370117
-11.333696365356445
-11.325469017028809
-11.32617473602295
-11.325286865234375
-11.329950332641602
-11.32474422454834
-11.329154014587402
-11.328577995300293
-11.323504447937012
-11.317193031311035
-11.328789710998535
-11.325156211853027
-11.330881118774414
-11.324017524719238
-11.32430648803711
-11.32458782196045
-11.318449020385742
-11.332170486450195
-11.31829833984375
-11.329442977905273
-11.317163467407227
-11.328584671020508
-11.303877830505371
-11.323397636413574
-11.303455352783203
-11.319376945495605
-11.322185516357422
-11.302900314331055
-11.319319725036621
-11.301220893859863
-11.31322956085205
-11.322309494018555
-11.306822776794434
-11.325688362121582
-11.307415008544922
-11.314957618713379
-11.324298858642578
-11.310977935791016
-11.324745178222656
-11.32031536102295
-11.316580772399902
-11.32296085357666
-11.304598808288574
-11.327683448791504
-11.326797485351562
-11.320954322814941
-11.327693939208984
-11.332834243774414
-11.310826301574707
-11.324546813964844
-11.305347442626953
-11.320542335510254
-11.328079223632812
-11.305241584777832
-11.320694923400879
-11.303816795349121
-11.32120418548584
-11.328561782836914
-11.307071685791016
-11.32697582244873
-11.316620826721191
-11.31958293914795
-11.323291778564453
-11.320721626281738
-11.324204444885254
-11.324913024902344
-11.326089859008789
-11.32440185546875
-11.329300880432129
-11.320821762084961
-11.323505401611328
-11.331486701965332
-11.324061393737793
-11.331740379333496
-11.327836990356445
-11.33508586883545
-11.320981979370117
-11.32811450958252
-11.329017639160156
-11.328885078430176
-11.332157135009766
-11.329617500305176
-11.312520027160645
-11.32952880859375
-11.315929412841797
-11.330690383911133
-11.301994323730469
-11.314533233642578
-11.325393676757812
-11.311738967895508
-11.329745292663574
-11.296326637268066
-11.31128978729248
-11.329710006713867
-11.296416282653809
-11.3185453414917
-11.293911933898926
-11.297727584838867
-11.32632827758789
-11.299165725708008
-11.325281143188477
-11.29931354522705
-11.304034233093262
-11.328208923339844
-11.320886611938477
-11.30980110168457
-11.32105827331543
-11.294109344482422
-11.309675216674805
-11.326873779296875
-11.3196439743042
-11.31863784790039
-11.325410842895508
-11.309967041015625
-11.329462051391602
-11.321455955505371
-11.327624320983887
-11.329536437988281
-11.333806037902832
-11.32612133026123
-11.329424858093262
-11.327771186828613
-11.328373908996582
-11.324667930603027
-11.330976486206055
-11.32573413848877
-11.330430030822754
-11.325288772583008
-11.332514762878418
-11.326314926147461
-11.32703685760498
-11.330344200134277
-11.330543518066406
-11.328112602233887
-11.328451156616211
-11.331648826599121
-11.330933570861816
-11.338523864746094
-11.332207679748535
-11.337610244750977
-11.333451271057129
-11.332447052001953
-11.328333854675293
-11.328166007995605
-11.326639175415039
-11.326434135437012
-11.327638626098633
-11.329669952392578
-11.328653335571289
-11.328142166137695
-11.322181701660156
-11.328041076660156
-11.318154335021973
-11.318775177001953
-11.32283878326416
-11.329858779907227
-11.327643394470215
-11.325191497802734
-11.325910568237305
-11.331374168395996
-11.321480751037598
-11.330144882202148
-11.328598022460938
-11.327752113342285
-11.327593803405762
-11.333884239196777
-11.328643798828125
-11.32648754119873
-11.328679084777832
-11.325303077697754
-11.32651424407959
-11.329081535339355
-11.328001022338867
-11.321659088134766
-11.327128410339355
-11.313472747802734
-11.328497886657715
-11.305123329162598
-11.321270942687988
-11.300980567932129
-11.30667495727539
-11.323491096496582
-11.306116104125977
-11.322909355163574
-11.31852912902832
-11.318680763244629
-11.326980590820312
-11.321321487426758
-11.323720932006836
-11.3273286819458
-11.318530082702637
-11.31828498840332
-11.322738647460938
-11.315844535827637
-11.333653450012207
-11.322468757629395
-11.326315879821777
-11.330854415893555
-11.330727577209473
-11.327296257019043
-11.330747604370117
-11.329771995544434
-11.32933521270752
-11.332722663879395
-11.328685760498047
-11.32859992980957
-11.3325834274292
-11.331759452819824
-11.335076332092285
-11.3250732421875
-11.33049201965332
-11.319479942321777
-11.325196266174316
-11.329975128173828
-11.3269681930542
-11.321306228637695
-11.324740409851074
-11.330235481262207
-11.332236289978027
-11.326906204223633
-11.333572387695312
-11.3239164352417
-11.330286979675293
-11.330225944519043
-11.328169822692871
-11.326663970947266
-11.331957817077637
-11.332212448120117
-11.332432746887207
-11.33373737335205
-11.332141876220703
-11.32913875579834
-11.334790229797363
-11.333113670349121
-11.334909439086914
-11.339980125427246
-11.328641891479492
-11.330838203430176
-11.33285903930664
-11.32875919342041
-11.329882621765137
-11.337159156799316
-11.33276081085205
-11.329198837280273
-11.323484420776367
-11.339435577392578
-11.332229614257812
-11.333333015441895
-11.323677062988281
-11.32931137084961
-11.31904125213623
-11.319722175598145
-11.317797660827637
-11.319908142089844
-11.324700355529785
-11.320524215698242
-11.327424049377441
-11.324389457702637
-11.32041072845459
-11.33360767364502
-11.32330322265625
-11.333940505981445
-11.319892883300781
-11.33110523223877
-11.319108963012695
-11.334656715393066
-11.32292366027832
-11.326026916503906
-11.333661079406738
-11.331854820251465
-11.332003593444824
-11.328553199768066
-11.33777141571045
-11.33172607421875
-11.332191467285156
-11.333588600158691
-11.331328392028809
-11.335271835327148
-11.333151817321777
-11.335564613342285
-11.335423469543457
-11.329777717590332
-11.329252243041992
-11.33748722076416
-11.329151153564453
-11.335845947265625
-11.328704833984375
-11.313505172729492
-11.316733360290527
-11.304203033447266
-11.323933601379395
-11.315857887268066
-11.33477783203125
-11.332159042358398
-11.325749397277832
-11.337226867675781
-11.317696571350098
-11.325248718261719
-11.32832145690918
-11.335238456726074
-11.331637382507324
-11.313491821289062
-11.314689636230469
-11.3129301071167
-11.322624206542969
-11.333229064941406
-11.321516990661621
-11.333280563354492
-11.326716423034668
-11.334026336669922
-11.33936595916748
-11.329621315002441
-11.32785415649414
-11.326109886169434
-11.32685375213623
-11.334617614746094
-11.318482398986816
-11.322839736938477
-11.3255033493042
-11.327160835266113
-11.33350944519043
-11.330949783325195
-11.330362319946289
-11.333850860595703
-11.318090438842773
-11.330584526062012
-11.305068016052246
-11.326157569885254
-11.322704315185547
-11.332645416259766
-11.32070541381836
-11.331459045410156
-11.33076286315918
-11.334385871887207
-11.326688766479492
-11.331120491027832
-11.330284118652344
-11.335489273071289
-11.324673652648926
-11.32536792755127
-11.342013359069824
-11.32097339630127
-11.329633712768555
-11.31576919555664
-11.332627296447754
-11.331259727478027
-11.319149017333984
-11.33376693725586
-11.31237506866455
-11.322714805603027
-11.330436706542969
-11.301994323730469
-11.323480606079102
-11.300019264221191
-11.308384895324707
-11.329378128051758
-11.274019241333008
-11.303030014038086
-11.275001525878906
-11.287982940673828
-11.324172973632812
-11.290367126464844
-11.328448295593262
-11.30701732635498
-11.306512832641602
-11.32337760925293
-11.315261840820312
-11.322540283203125
-11.325044631958008
-11.318614959716797
-11.314630508422852
-11.333521842956543
-11.309755325317383
-11.336359977722168
-11.325393676757812
-11.315607070922852
-11.324507713317871
-11.329597473144531
-11.333168029785156
-11.33359146118164
-11.322113037109375
-11.334694862365723
-11.332907676696777
-11.330499649047852
-11.335114479064941
-11.326691627502441
-11.340563774108887
-11.324725151062012
-11.321253776550293
-11.323210716247559
-11.331216812133789
-11.328655242919922
-11.32072639465332
-11.328479766845703
-11.321246147155762
-11.312936782836914
-11.33393383026123
-11.311153411865234
-11.322176933288574
-11.324313163757324
-11.324933052062988
-11.337092399597168
-11.305310249328613
-11.329692840576172
-11.295916557312012
-11.303997993469238
-11.33228588104248
-11.308099746704102
-11.332964897155762
-11.321418762207031
-11.323805809020996
-11.331038475036621
-11.317883491516113
-11.33027172088623
-11.332391738891602
-11.327353477478027
-11.328365325927734
-11.333260536193848
-11.334400177001953
-11.334935188293457
-11.334863662719727
-11.329894065856934
-11.328747749328613
-11.333852767944336
-11.338122367858887
-11.338969230651855
-11.333575248718262
-11.334630012512207
-11.333778381347656
-11.331255912780762
-11.329708099365234
-11.341540336608887
-11.331188201904297
-11.329841613769531
-11.334952354431152
-11.337306022644043
-11.331786155700684
-11.336150169372559
-11.339916229248047
-11.333870887756348
-11.338232040405273
-11.332218170166016
-11.33517837524414
-11.334534645080566
-11.333842277526855
-11.332357406616211
-11.331849098205566
-11.331628799438477
-11.33121109008789
-11.33330249786377
-11.334793090820312
-11.337152481079102
-11.338519096374512
-11.331274032592773
-11.332443237304688
-11.329042434692383
-11.330904960632324
-11.330402374267578
-11.331645965576172
-11.333498001098633
-11.335382461547852
-11.331587791442871
-11.332254409790039
-11.336956977844238
-11.331302642822266
-11.333916664123535
-11.32744312286377
-11.323163032531738
-11.324256896972656
-11.339160919189453
-11.329818725585938
-11.338536262512207
-11.325249671936035
-11.331517219543457
-11.332250595092773
-11.333441734313965
-11.338132858276367
-11.331221580505371
-11.333808898925781
-11.334845542907715
-11.32457447052002
-11.3269624710083
-11.317224502563477
-11.32777214050293
-11.333166122436523
-11.329456329345703
-11.338994026184082
-11.323787689208984
-11.3324556350708
-11.332254409790039
-11.333728790283203
-11.332566261291504
-11.33276081085205
-11.340742111206055
-11.33507251739502
-11.333169937133789
-11.333220481872559
-11.333009719848633
-11.335611343383789
-11.336058616638184
-11.333247184753418
-11.335363388061523
-11.328651428222656
-11.336324691772461
-11.336074829101562
-11.334587097167969
-11.333744049072266
-11.333495140075684
-11.327120780944824
-11.33276081085205
-11.325617790222168
-11.339459419250488
-11.33620834350586
-11.333491325378418
-11.33036994934082
-11.335886001586914
-11.334916114807129
-11.336938858032227
-11.339877128601074
-11.342161178588867
-11.335928916931152
-11.333721160888672
-11.337912559509277
-11.331583976745605
-11.336642265319824
-11.328574180603027
-11.335511207580566
-11.331857681274414
-11.335002899169922
-11.34048080444336
-11.322626113891602
-11.334569931030273
-11.324170112609863
-11.330145835876465
-11.329887390136719
-11.338550567626953
-11.337806701660156
-11.331594467163086
-11.332497596740723
-11.330941200256348
-11.337735176086426
-11.341096878051758
-11.332842826843262
-11.330284118652344
-11.340689659118652
-11.332030296325684
-11.337136268615723
-11.338860511779785
-11.335991859436035
-11.330988883972168
-11.336360931396484
-11.335882186889648
-11.332541465759277
-11.340250968933105
-11.329076766967773
-11.333863258361816
-11.321106910705566
-11.340047836303711
-11.318777084350586
-11.325547218322754
-11.334972381591797
-11.32187557220459
-11.334383010864258
-11.324581146240234
-11.32479190826416
-11.336984634399414
-11.321388244628906
-11.328691482543945
-11.3217191696167
-11.328836441040039
-11.330731391906738
-11.321308135986328
-11.32767391204834
-11.324563980102539
-11.322892189025879
-11.338447570800781
-11.304121971130371
-11.331514358520508
-11.303628921508789
-11.31125545501709
-11.329925537109375
-11.29881477355957
-11.327852249145508
-11.316802024841309
-11.316994667053223
-11.330157279968262
-11.320441246032715
-11.337411880493164
-11.332283020019531
-11.333024024963379
-11.33570671081543
-11.32129192352295
-11.334663391113281
-11.332677841186523
-11.336167335510254
-11.32529354095459
-11.340896606445312
-11.336325645446777
-11.332438468933105
-11.338037490844727
-11.334737777709961
-11.331116676330566
-11.335351943969727
-11.328907012939453
-11.339698791503906
-11.330047607421875
-11.341048240661621
-11.337738037109375
-11.335209846496582
-11.333231925964355
-11.340249061584473
-11.333293914794922
-11.333257675170898
-11.33886432647705
-11.33110237121582
-11.33301830291748
-11.337165832519531
-11.337263107299805
-11.32900619506836
-11.335660934448242
-11.329275131225586
-11.337667465209961
-11.323384284973145
-11.339831352233887
-11.338366508483887
-11.338645935058594
-11.33426570892334
-11.335504531860352
-11.331816673278809
-11.333942413330078
-11.336174964904785
-11.335618019104004
-11.337148666381836
-11.339722633361816
-11.340141296386719
-11.334921836853027
-11.33924388885498
-11.336174011230469
-11.334811210632324
-11.341567993164062
-11.337186813354492
-11.340651512145996
-11.336949348449707
-11.334318161010742
-11.332650184631348
-11.336016654968262
-11.33946704864502
-11.3406982421875
-11.337522506713867
-11.340834617614746
-11.331011772155762
-11.33265495300293
-11.344246864318848
-11.338330268859863
-11.336782455444336
-11.33415412902832
-11.341822624206543
-11.336339950561523
-11.335604667663574
-11.339757919311523
-11.336137771606445
-11.330545425415039
-11.327908515930176
-11.33824634552002
-11.333070755004883
-11.34091567993164
-11.331292152404785
-11.337333679199219
-11.33237361907959
-11.333086967468262
-11.33626651763916
-11.33913803100586
-11.333536148071289
-11.339251518249512
-11.341598510742188
-11.338915824890137
-11.337149620056152
-11.330992698669434
-11.33525562286377
-11.333856582641602
-11.337939262390137
-11.338431358337402
-11.334478378295898
-11.337786674499512
-11.34071159362793
-11.339970588684082
-11.336211204528809
-11.337772369384766
-11.341835975646973
-11.33885669708252
-11.33509349822998
-11.341728210449219
-11.335380554199219
-11.335890769958496
-11.340574264526367
-11.340165138244629
-11.332685470581055
-11.334052085876465
-11.332687377929688
-11.33172607421875
-11.337784767150879
-11.329365730285645
-11.336931228637695
-11.336723327636719
-11.340828895568848
-11.34295654296875
-11.334640502929688
-11.338963508605957
-11.338821411132812
-11.337065696716309
-11.332168579101562
-11.33962345123291
-11.340641021728516
-11.332000732421875
-11.326805114746094
-11.335063934326172
-11.338773727416992
-11.33495044708252
-11.335710525512695
-11.335269927978516
-11.339408874511719
-11.332894325256348
-11.335344314575195
-11.33760929107666
-11.341695785522461
-11.341978073120117
-11.341383934020996
-11.335355758666992
-11.336145401000977
-11.333219528198242
-11.332170486450195
-11.333858489990234
-11.327836990356445
-11.332197189331055
-11.332818031311035
-11.335748672485352
-11.333381652832031
-11.337924003601074
-11.330509185791016
-11.331439971923828
-11.335756301879883
-11.32260799407959
-11.337125778198242
-11.312211990356445
-11.333476066589355
-11.326788902282715
-11.3355712890625
-11.337749481201172
-11.334911346435547
-11.3374605178833
-11.341089248657227
-11.33255672454834
-11.339473724365234
-11.338244438171387
-11.339905738830566
-11.334105491638184
-11.332862854003906
-11.319276809692383
-11.320155143737793
-11.335699081420898
-11.310148239135742
-11.32984447479248
-11.30183219909668
-11.321771621704102
-11.337849617004395
-11.295392036437988
-11.326570510864258
-11.284478187561035
-11.316838264465332
-11.33152961730957
-11.284195899963379
-11.326371192932129
-11.279495239257812
-11.300797462463379
-11.331196784973145
-11.26552963256836
-11.333379745483398
-11.294020652770996
-11.295463562011719
-11.327474594116211
-11.301331520080566
-11.317303657531738
-11.328384399414062
-11.3220796585083
-11.308963775634766
-11.3322114944458
-11.327544212341309
-11.31959342956543
-11.335880279541016
-11.32236099243164
-11.32394790649414
-11.33484172821045
-11.314977645874023
-11.343094825744629
-11.309391975402832
-11.328679084777832
-11.340221405029297
-11.295408248901367
-11.329079627990723
-11.291191101074219
-11.293061256408691
-11.337125778198242
-11.253957748413086
-11.329652786254883
-11.247384071350098
-11.25611400604248
-11.312760353088379
-11.309122085571289
-11.274690628051758
-11.321691513061523
-11.25491714477539
-11.245101928710938
-11.308237075805664
-11.320117950439453
-11.247511863708496
-11.32878589630127
-11.289026260375977
-11.26231861114502
-11.303096771240234
-11.328404426574707
-11.309028625488281
-11.310276985168457
-11.329103469848633
-11.316895484924316
-11.302184104919434
-11.326163291931152
-11.317167282104492
-11.318628311157227
-11.331719398498535
-11.31899356842041
-11.317249298095703
-11.336633682250977
-11.318864822387695
-11.335147857666016
-11.329367637634277
-11.330527305603027
-11.339468002319336
-11.319625854492188
-11.336655616760254
-11.32408332824707
-11.334663391113281
-11.342129707336426
-11.328343391418457
-11.335509300231934
-11.324623107910156
-11.332267761230469
-11.338200569152832
-11.31279468536377
-11.331795692443848
-11.307323455810547
-11.321782112121582
-11.336405754089355
-11.30561637878418
-11.336627960205078
-11.307547569274902
-11.313800811767578
-11.333989143371582
-11.30624008178711
-11.335140228271484
-11.334918975830078
-11.321966171264648
-11.330465316772461
-11.338064193725586
-11.329543113708496
-11.335701942443848
-11.318821907043457
-11.321470260620117
-11.332157135009766
-11.330967903137207
-11.321465492248535
-11.339641571044922
-11.336410522460938
-11.334288597106934
-11.34109878540039
-11.341514587402344
-11.336584091186523
-11.335477828979492
-11.331572532653809
-11.340187072753906
-11.340551376342773
-11.341988563537598
-11.339165687561035
-11.343494415283203
-11.340147972106934
-11.344215393066406
-11.343052864074707
-11.339319229125977
-11.34099006652832
-11.342905044555664
-11.34406566619873
-11.332511901855469
-11.335959434509277
-11.338603019714355
-11.342161178588867
-11.342671394348145
-11.345383644104004
-11.344801902770996
-11.330169677734375
-11.336797714233398
-11.334816932678223
-11.339762687683105
-11.341559410095215
-11.337270736694336
-11.34239673614502
-11.339625358581543
-11.341764450073242
-11.341611862182617
-11.339044570922852
-11.347031593322754
-11.337309837341309
-11.341803550720215
-11.341021537780762
-11.339298248291016
-11.339475631713867
-11.341043472290039
-11.343449592590332
-11.341110229492188
-11.339334487915039
-11.340246200561523
-11.335676193237305
-11.34011459350586
-11.337059020996094
-11.340536117553711
-11.34238338470459
-11.342050552368164
-11.339835166931152
-11.339500427246094
-11.342891693115234
-11.33731746673584
-11.34542465209961
-11.334476470947266
-11.342279434204102
-11.34469223022461
-11.338724136352539
-11.34079360961914
-11.342257499694824
-11.337425231933594
-11.34349250793457
-11.34170150756836
-11.338773727416992
-11.342190742492676
-11.339390754699707
-11.342666625976562
-11.347030639648438
-11.328975677490234
-11.342692375183105
-11.338672637939453
-11.342405319213867
-11.334603309631348
-11.336050987243652
-11.342059135437012
-11.333531379699707
-11.336721420288086
-11.339216232299805
-11.332164764404297
-11.345026016235352
-11.315420150756836
-11.333986282348633
-11.321539878845215
-11.333985328674316
-11.334699630737305
-11.327754020690918
-11.336347579956055
-11.33335018157959
-11.326164245605469
-11.340041160583496
-11.340118408203125
-11.339861869812012
-11.334187507629395
-11.332921981811523
-11.340702056884766
-11.331071853637695
-11.335773468017578
-11.336477279663086
-11.339041709899902
-11.340667724609375
-11.339941024780273
-11.339787483215332
-11.342855453491211
-11.336203575134277
-11.341890335083008
-11.338668823242188
-11.341323852539062
-11.345564842224121
-11.344221115112305
-11.341694831848145
-11.33488941192627
-11.335166931152344
-11.32761001586914
-11.341768264770508
-11.338017463684082
-11.342333793640137
-11.331168174743652
-11.343538284301758
-11.337611198425293
-11.33698558807373
-11.349764823913574
-11.340450286865234
-11.340509414672852
-11.331131935119629
-11.340723037719727
-11.32487678527832
-11.337691307067871
-11.338215827941895
-11.326250076293945
-11.337882041931152
-11.320920944213867
-11.336142539978027
-11.333704948425293
-11.336637496948242
-11.336103439331055
-11.326891899108887
-11.337303161621094
-11.336987495422363
-11.33405876159668
-11.337130546569824
-11.326865196228027
-11.340750694274902
-11.33832836151123
-11.335347175598145
-11.341835021972656
-11.336564064025879
-11.345549583435059
-11.338998794555664
-11.343245506286621
-11.345179557800293
-11.3383150100708
-11.341221809387207
-11.335250854492188
-11.334403991699219
-11.336223602294922
-11.339705467224121
-11.338589668273926
-11.344010353088379
-11.335156440734863
-11.341978073120117
-11.341252326965332
-11.343645095825195
-11.33708667755127
-11.337265014648438
-11.339613914489746
-11.341022491455078
-11.3422212600708
-11.336243629455566
-11.345603942871094
-11.339591979980469
-11.337913513183594
-11.340055465698242
-11.342470169067383
-11.340570449829102
-11.341318130493164
-11.336861610412598
-11.344969749450684
-11.340328216552734
-11.337761878967285
-11.33795166015625
-11.339427947998047
-11.345242500305176
-11.3399019241333
-11.33791446685791
-11.344898223876953
-11.3414945602417
-11.345001220703125
-11.339457511901855
-11.341361999511719
-11.3411283493042
-11.339694023132324
-11.343389511108398
-11.341415405273438
-11.334400177001953
-11.35099983215332
-11.33979320526123
-11.346662521362305
-11.346156120300293
-11.343575477600098
-11.348570823669434
-11.336699485778809
-11.344453811645508
-11.340519905090332
-11.343696594238281
-11.340202331542969
-11.343765258789062
-11.338180541992188
-11.343820571899414
-11.348437309265137
-11.346182823181152
-11.344748497009277
-11.343499183654785
-11.343181610107422
-11.341959953308105
-11.3410062789917
-11.344359397888184
-11.343667030334473
-11.340167045593262
-11.342962265014648
-11.339309692382812
-11.33838939666748
-11.347036361694336
-11.338258743286133
-11.338693618774414
-11.310465812683105
-11.327503204345703
-11.30482292175293
-11.32859992980957
-11.343409538269043
-11.293721199035645
-11.331047058105469
-11.295854568481445
-11.311033248901367
-11.337052345275879
-11.320075988769531
-11.329422950744629
-11.337218284606934
-11.316740036010742
-11.326990127563477
-11.326908111572266
-11.31484317779541
-11.33045482635498
-11.320237159729004
-11.32721996307373
-11.335775375366211
-11.326982498168945
-11.337761878967285
-11.3389253616333
-11.327199935913086
-11.342411041259766
-11.338351249694824
-11.339250564575195
-11.34045696258545
-11.340533256530762
-11.346587181091309
-11.335766792297363
-11.337020874023438
-11.330945014953613
-11.3336763381958
-11.332931518554688
-11.345611572265625
-11.330613136291504
-11.33829402923584
-11.343567848205566
-11.324931144714355
-11.339741706848145
-11.316694259643555
-11.341057777404785
-11.34075927734375
-11.332305908203125
-11.344178199768066
-11.32501220703125
-11.34157943725586
-11.336912155151367
-11.330984115600586
-11.343206405639648
-11.330280303955078
-11.32797908782959
-11.343125343322754
-11.32055950164795
-11.344624519348145
-11.330707550048828
-11.312392234802246
-11.337113380432129
-11.320413589477539
-11.341086387634277
-11.33971881866455
-11.330642700195312
-11.344794273376465
-11.333511352539062
-11.347020149230957
-11.341955184936523
-11.34453296661377
-11.343793869018555
-11.336843490600586
-11.345094680786133
-11.34329605102539
-11.341816902160645
-11.336539268493652
-11.342419624328613
-11.343338966369629
-11.339869499206543
-11.336103439331055
-11.340402603149414
-11.344715118408203
-11.328582763671875
-11.342522621154785
-11.333588600158691
-11.341537475585938
-11.337165832519531
-11.339691162109375
-11.339598655700684
-11.338943481445312
-11.34465217590332
-11.342046737670898
-11.34797477722168
-11.345147132873535
-11.349532127380371
-11.343512535095215
-11.338598251342773
-11.346927642822266
-11.34317684173584
-11.344578742980957
-11.338595390319824
-11.349909782409668
-11.345199584960938
-11.345623970031738
-11.346561431884766
-11.342059135437012
-11.34310531616211
-11.340167045593262
-11.343607902526855
-11.33812141418457
-11.34703254699707
-11.34333610534668
-11.347819328308105
-11.335769653320312
-11.34992504119873
-11.343278884887695
-11.334892272949219
-11.345379829406738
-11.34144115447998
-11.340438842773438
-11.339361190795898
-11.339225769042969
-11.341354370117188
-11.33308219909668
-11.34061050415039
-11.334376335144043
-11.338459968566895
-11.334027290344238
-11.332890510559082
-11.339411735534668
-11.337197303771973
-11.341339111328125
-11.335770606994629
-11.34412956237793
-11.338482856750488
-11.345560073852539
-11.343530654907227
-11.338273048400879
-11.344018936157227
-11.341338157653809
-11.343822479248047
-11.345059394836426
-11.327627182006836
-11.341801643371582
-11.316245079040527
-11.338525772094727
-11.337565422058105
-11.326566696166992
-11.333540916442871
-11.326993942260742
-11.336501121520996
-11.33878231048584
-11.34662914276123
-11.337117195129395
-11.33114242553711
-11.342206001281738
-11.33104419708252
-11.342902183532715
-11.340598106384277
-11.34269905090332
-11.333579063415527
-11.338163375854492
-11.33631706237793
-11.341611862182617
-11.342872619628906
-11.33944034576416
-11.34527587890625
-11.339536666870117
-11.341594696044922
-11.341777801513672
-11.33026123046875
-11.340028762817383
-11.336723327636719
-11.339984893798828
-11.345927238464355
-11.328707695007324
-11.339330673217773
-11.312325477600098
-11.345619201660156
-11.336020469665527
-11.341216087341309
-11.342386245727539
-11.333091735839844
-11.337455749511719
-11.332980155944824
-11.338691711425781
-11.33867359161377
-11.336223602294922
-11.343255996704102
-11.338705062866211
-11.3438081741333
-11.344314575195312
-11.333168983459473
-11.343842506408691
-11.322142601013184
-11.344632148742676
-11.332858085632324
-11.331645965576172
-11.346495628356934
-11.313777923583984
-11.337964057922363
-11.304274559020996
-11.333354949951172
-11.34831428527832
-11.309566497802734
-11.339317321777344
-11.325002670288086
-11.31850814819336
-11.33954906463623
-11.334907531738281
-11.341204643249512
-11.340892791748047
-11.340810775756836
-11.339948654174805
-11.33737850189209
-11.34426498413086
-11.337320327758789
-11.341039657592773
-11.341533660888672
-11.325961112976074
-11.345726013183594
-11.339132308959961
-11.339085578918457
-11.35012149810791
-11.330862045288086
-11.352309226989746
-11.33333683013916
-11.338109016418457
-11.34463882446289
-11.338597297668457
-11.341700553894043
-11.34109878540039
-11.338800430297852
-11.34725570678711
-11.341160774230957
-11.342535972595215
-11.33608627319336
-11.341876029968262
-11.340158462524414
-11.346837997436523
-11.351771354675293
-11.3471040725708
-11.342011451721191
-11.346034049987793
-11.347467422485352
-11.352951049804688
-11.340191841125488
-11.349349021911621
-11.34365177154541
-11.340703010559082
-11.338044166564941
-11.330120086669922
-11.344444274902344
-11.333556175231934
-11.343927383422852
-11.334676742553711
-11.344844818115234
-11.343607902526855
-11.331819534301758
-11.339492797851562
-11.334733009338379
-11.345674514770508
-11.342880249023438
-11.343117713928223
-11.3447904586792
-11.338297843933105
-11.35096549987793
-11.343188285827637
-11.343729019165039
-11.337803840637207
-11.348223686218262
-11.34422492980957
-11.340982437133789
-11.345362663269043
-11.340824127197266
-11.344863891601562
-11.346590042114258
-11.339177131652832
-11.34843635559082
-11.33907699584961
-11.347455024719238
-11.343095779418945
-11.347402572631836
-11.346945762634277
-11.343828201293945
-11.340238571166992
-11.345205307006836
-11.349782943725586
-11.345486640930176
-11.339537620544434
-11.346916198730469
-11.347676277160645
-11.347357749938965
-11.338787078857422
-11.348121643066406
-11.340715408325195
-11.345929145812988
-11.340903282165527
-11.338102340698242
-11.337996482849121
-11.346295356750488
-11.34077262878418
-11.349172592163086
-11.344849586486816
-11.343589782714844
-11.350274085998535
-11.343337059020996
-11.348448753356934
-11.341341018676758
-11.347254753112793
-11.342859268188477
-11.347831726074219
-11.351838111877441
-11.34228229522705
-11.345959663391113
-11.343168258666992
-11.346658706665039
-11.34899616241455
-11.346746444702148
-11.340670585632324
-11.345494270324707
-11.346719741821289
-11.350443840026855
-11.344161033630371
-11.33973217010498
-11.344616889953613
-11.344873428344727
-11.341386795043945
-11.347395896911621
-11.338340759277344
-11.342299461364746
-11.345365524291992
-11.336503028869629
-11.347549438476562
-11.340856552124023
-11.342065811157227
-11.321819305419922
-11.335421562194824
-11.327848434448242
-11.341772079467773
-11.344643592834473
-11.3277006149292
-11.341207504272461
-11.332350730895996
-11.33426570892334
-11.344884872436523
-11.32756519317627
-11.344608306884766
-11.328697204589844
-11.33974552154541
-11.342573165893555
-11.333715438842773
-11.348658561706543
-11.341241836547852
-11.349788665771484
-11.342996597290039
-11.343637466430664
-11.351255416870117
-11.345481872558594
-11.343274116516113
-11.344919204711914
-11.345804214477539
-11.34459114074707
-11.343424797058105
-11.338157653808594
-11.347304344177246
-11.346527099609375
-11.343860626220703
-11.342968940734863
-11.344290733337402
-11.347956657409668
-11.347258567810059
-11.340572357177734
-11.350727081298828
-11.347371101379395
-11.343486785888672
-11.345052719116211
-11.346580505371094
-11.348133087158203
-11.337568283081055
-11.339914321899414
-11.346951484680176
-11.345766067504883
-11.349246978759766
-11.340473175048828
-11.351401329040527
-11.345486640930176
-11.343816757202148
-11.34450626373291
-11.342013359069824
-11.348344802856445
-11.344094276428223
-11.336588859558105
-11.338409423828125
-11.342214584350586
-11.347859382629395
-11.347735404968262
-11.344267845153809
-11.34781551361084
-11.346627235412598
-11.342950820922852
-11.350248336791992
-11.345771789550781
-11.34510326385498
-11.340179443359375
-11.349014282226562
-11.346792221069336
-11.340964317321777
-11.349373817443848
-11.34835433959961
-11.35130500793457
-11.345312118530273
-11.345943450927734
-11.35474967956543
-11.348127365112305
-11.340526580810547
-11.347902297973633
-11.341197967529297
-11.343149185180664
-11.352749824523926
-11.343062400817871
-11.341690063476562
-11.338159561157227
-11.344109535217285
-11.335159301757812
-11.3442964553833
-11.332510948181152
-11.342023849487305
-11.322062492370605
-11.342804908752441
-11.332350730895996
-11.342697143554688
-11.338333129882812
-11.34097671508789
-11.3447847366333
-11.344691276550293
-11.34074878692627
-11.34110164642334
-11.334922790527344
-11.35174560546875
-11.334859848022461
-11.339373588562012
-11.322331428527832
-11.336119651794434
-11.325494766235352
-11.341556549072266
-11.343086242675781
-11.34050178527832
-11.326838493347168
-11.343670845031738
-11.334404945373535
-11.347105026245117
-11.346125602722168
-11.333545684814453
-11.348902702331543
-11.331562042236328
-11.341141700744629
-11.331323623657227
-11.337632179260254
-11.342924118041992
-11.336886405944824
-11.345452308654785
-11.34441089630127
-11.342577934265137
-11.341114044189453
-11.341015815734863
-11.348073959350586
-11.3468656539917
-11.34315299987793
-11.344705581665039
-11.349733352661133
-11.347114562988281
-11.349472999572754
-11.336955070495605
-11.343379974365234
-11.33858871459961
-11.340840339660645
-11.343782424926758
-11.344075202941895
-11.352517127990723
-11.345102310180664
-11.347826957702637
-11.352128982543945
-11.339213371276855
-11.349464416503906
-11.342717170715332
-11.345362663269043
-11.34662914276123
-11.346572875976562
-11.346407890319824
-11.346248626708984
-11.348845481872559
-11.342926025390625
-11.34091567993164
-11.349725723266602
-11.338163375854492
-11.346277236938477
-11.344846725463867
-11.342032432556152
-11.343645095825195
-11.348021507263184
-11.34861946105957
-11.342111587524414
-11.344817161560059
-11.339980125427246
-11.346304893493652
-11.34907054901123
-11.35511302947998
-11.343460083007812
-11.342023849487305
-11.345447540283203
-11.347223281860352
-11.350475311279297
-11.350967407226562
-11.35257625579834
-11.346148490905762
-11.346113204956055
-11.34386157989502
-11.35114574432373
-11.344329833984375
-11.348349571228027
-11.349159240722656
-11.345721244812012
-11.34773063659668
-11.347981452941895
-11.346396446228027
-11.351441383361816
-11.353507041931152
-11.353225708007812
-11.35310173034668
-11.349813461303711
-11.341358184814453
-11.354238510131836
-11.35527229309082
-11.349010467529297
-11.351513862609863
-11.352313995361328
-11.348834037780762
-11.34327507019043
-11.34411334991455
-11.343801498413086
-11.346259117126465
-11.348572731018066
-11.346062660217285
-11.343286514282227
-11.343486785888672
-11.337936401367188
-11.351094245910645
-11.349811553955078
-11.351970672607422
-11.34987735748291
-11.345220565795898
-11.352249145507812
-11.349066734313965
-11.343509674072266
-11.350184440612793
-11.345876693725586
-11.343429565429688
-11.338544845581055
-11.34968376159668
-11.337520599365234
-11.338726997375488
-11.339204788208008
-11.352779388427734
-11.33795166015625
-11.34498119354248
-11.336288452148438
-11.345807075500488
-11.351324081420898
-11.342190742492676
-11.34488296508789
-11.336922645568848
-11.347490310668945
-11.344439506530762
-11.345223426818848
-11.331792831420898
-11.347322463989258
-11.34337329864502
-11.350276947021484
-11.343204498291016
-11.349916458129883
-11.342604637145996
-11.344307899475098
-11.345818519592285
-11.337706565856934
-11.345616340637207
-11.343181610107422
-11.34719181060791
-11.343926429748535
-11.346675872802734
-11.33932876586914
-11.353703498840332
-11.347140312194824
-11.341772079467773
-11.347977638244629
-11.333646774291992
-11.340409278869629
-11.313709259033203
-11.346504211425781
-11.309586524963379
-11.333760261535645
-11.312636375427246
-11.334661483764648
-11.343616485595703
-11.329647064208984
-11.343306541442871
-11.335400581359863
-11.333782196044922
-11.345102310180664
-11.3368558883667
-11.350614547729492
-11.338576316833496
-11.343623161315918
-11.348103523254395
-11.345189094543457
-11.342070579528809
-11.344810485839844
-11.345967292785645
-11.351752281188965
-11.337696075439453
-11.348861694335938
-11.345236778259277
-11.345301628112793
-11.334898948669434
-11.35203742980957
-11.348349571228027
-11.343037605285645
-11.345739364624023
-11.344343185424805
-11.350345611572266
-11.346053123474121
-11.347765922546387
-11.347461700439453
-11.350323677062988
-11.34878158569336
-11.354401588439941
-11.351212501525879
-11.35219669342041
-11.344339370727539
-11.346497535705566
-11.348651885986328
-11.34859848022461
-11.346653938293457
-11.350530624389648
-11.341157913208008
-11.347832679748535
-11.34892749786377
-11.347505569458008
-11.348404884338379
-11.349333763122559
-11.347808837890625
-11.340058326721191
-11.346680641174316
-11.353768348693848
-11.34867000579834
-11.343903541564941
-11.353900909423828
-11.33190631866455
-11.356301307678223
-11.343894004821777
-11.352936744689941
-11.348857879638672
-11.345845222473145
-11.346760749816895
-11.346392631530762
-11.347090721130371
-11.348247528076172
-11.348739624023438
-11.345345497131348
-11.349288940429688
-11.345707893371582
-11.346391677856445
-11.343670845031738
-11.351983070373535
-11.355656623840332
-11.343385696411133
-11.343890190124512
-11.347761154174805
-11.350465774536133
-11.352132797241211
-11.34961223602295
-11.353570938110352
-11.349608421325684
-11.345227241516113
-11.347968101501465
-11.344462394714355
-11.350996017456055
-11.334053039550781
-11.337386131286621
-11.325664520263672
-11.348445892333984
-11.336970329284668
-11.346002578735352
-11.341691017150879
-11.344446182250977
-11.348404884338379
-11.327078819274902
-11.333616256713867
-11.339770317077637
-11.350531578063965
-11.325730323791504
-11.343945503234863
-11.334983825683594
-11.343807220458984
-11.34560489654541
-11.339695930480957
-11.35322380065918
-11.349586486816406
-11.342267990112305
-11.352097511291504
-11.34044075012207
-11.34384536743164
-11.33623218536377
-11.340707778930664
-11.34743595123291
-11.315632820129395
-11.342151641845703
-11.336956024169922
-11.333000183105469
-11.343954086303711
-11.31794548034668
-11.345165252685547
-11.321512222290039
-11.340031623840332
-11.346261978149414
-11.322829246520996
-11.340991973876953
-11.325891494750977
-11.337282180786133
-11.350942611694336
-11.31782054901123
-11.346504211425781
-11.328892707824707
-11.336437225341797
-11.349953651428223
-11.312167167663574
-11.34128475189209
-11.311580657958984
-11.33383846282959
-11.34440803527832
-11.328436851501465
-11.34253215789795
-11.3396577835083
-11.334482192993164
-11.346695899963379
-11.344691276550293
-11.33946704864502
-11.350196838378906
-11.337491989135742
-11.344853401184082
-11.345900535583496
-11.333632469177246
-11.347285270690918
-11.339091300964355
-11.34929084777832
-11.343307495117188
-11.347240447998047
-11.348006248474121
-11.344747543334961
-11.34954833984375
-11.347350120544434
-11.347949028015137
-11.345779418945312
-11.346418380737305
-11.348832130432129
-11.35594367980957
-11.34839153289795
-11.343032836914062
-11.351318359375
-11.34550666809082
-11.346057891845703
-11.346367835998535
-11.348755836486816
-11.344042778015137
-11.349360466003418
-11.345895767211914
-11.34687614440918
-11.346527099609375
-11.328752517700195
-11.341985702514648
-11.329385757446289
-11.345078468322754
-11.342618942260742
-11.342596054077148
-11.346980094909668
-11.334795951843262
-11.35169506072998
-11.34646224975586
-11.347036361694336
-11.345507621765137
-11.327763557434082
-11.345802307128906
-11.3427734375
-11.345626831054688
-11.344442367553711
-11.34517765045166
-11.35311508178711
-11.34093189239502
-11.345677375793457
-11.334038734436035
-11.352277755737305
-11.34593391418457
-11.353036880493164
-11.340502738952637
-11.348721504211426
-11.350020408630371
-11.353639602661133
-11.351619720458984
-11.346412658691406
-11.346977233886719
-11.346121788024902
-11.350191116333008
-11.344855308532715
-11.34599781036377
-11.322039604187012
-11.331619262695312
-11.29169750213623
-11.341971397399902
-11.311387062072754
-11.345499038696289
-11.332419395446777
-11.33218765258789
-11.34564208984375
-11.33886432647705
-11.3425931930542
-11.340720176696777
-11.331720352172852
-11.344781875610352
-11.33895492553711
-11.336531639099121
-11.343615531921387
-11.338028907775879
-11.34717845916748
-11.351242065429688
-11.327370643615723
-11.346085548400879
-11.32196044921875
-11.339059829711914
-11.325026512145996
-11.344744682312012
-11.337120056152344
-11.332425117492676
-11.351553916931152
-11.34668254852295
-11.343056678771973
-11.341259002685547
-11.346332550048828
-11.3518648147583
-11.33336353302002
-11.351217269897461
-11.338717460632324
-11.334901809692383
-11.348384857177734
-11.33508014678955
-11.348085403442383
-11.335582733154297
-11.333975791931152
-11.344878196716309
-11.32574462890625
-11.347806930541992
-11.324939727783203
-11.324068069458008
-11.34969425201416
-11.310929298400879
-11.342222213745117
-11.30556583404541
-11.308304786682129
-11.344160079956055
-11.320518493652344
-11.339539527893066
-11.33019733428955
-11.33236312866211
-11.347575187683105
-11.33520221710205
-11.350913047790527
-11.344778060913086
-11.340274810791016
-11.3462553024292
-11.341136932373047
-11.348333358764648
-11.352251052856445
-11.347561836242676
-11.349191665649414
-11.34532642364502
-11.352727890014648
-11.343632698059082
-11.352293014526367
-11.35509204864502
-11.349562644958496
-11.347299575805664
-11.349740028381348
-11.347101211547852
-11.352917671203613
-11.349039077758789
-11.352763175964355
-11.35036563873291
-11.353078842163086
-11.351597785949707
-11.339723587036133
-11.348169326782227
-11.333230018615723
-11.348798751831055
-11.329302787780762
-11.34715747833252
-11.346114158630371
-11.340611457824707
-11.345304489135742
-11.341782569885254
-11.343977928161621
-11.350532531738281
-11.348663330078125
-11.351448059082031
-11.345551490783691
-11.345230102539062
-11.355491638183594
-11.34497356414795
-11.350428581237793
-11.354498863220215
-11.35173511505127
-11.354825973510742
-11.346189498901367
-11.351713180541992
-11.349987983703613
-11.34911060333252
-11.343092918395996
-11.356307029724121
-11.350326538085938
-11.35090160369873
-11.343886375427246
-11.355938911437988
-11.338189125061035
-11.351373672485352
-11.333393096923828
-11.351466178894043
-11.338608741760254
-11.355096817016602
-11.338004112243652
-11.34687614440918
-11.345527648925781
-11.343228340148926
-11.343677520751953
-11.338688850402832
-11.34210205078125
-11.353261947631836
-11.333017349243164
-11.348343849182129
-11.335100173950195
-11.32707405090332
-11.352605819702148
-11.315115928649902
-11.350196838378906
-11.337593078613281
-11.344608306884766
-11.349522590637207
-11.349839210510254
-11.345917701721191
-11.347711563110352
-11.342103004455566
-11.350878715515137
-11.342976570129395
-11.353479385375977
-11.34167766571045
-11.345364570617676
-11.34801197052002
-11.350719451904297
-11.353947639465332
-11.348281860351562
-11.344989776611328
-11.340097427368164
-11.343585014343262
-11.338789939880371
-11.347053527832031
-11.337601661682129
-11.349163055419922
-11.338909149169922
-11.342132568359375
-11.34894847869873
-11.345443725585938
-11.355969429016113
-11.345467567443848
-11.349263191223145
-11.353347778320312
-11.348508834838867
-11.354299545288086
-11.351057052612305
-11.352595329284668
-11.349020957946777
-11.357491493225098
-11.352327346801758
-11.34356689453125
-11.345563888549805
-11.347822189331055
-11.344278335571289
-11.353684425354004
-11.345823287963867
-11.346073150634766
-11.342795372009277
-11.341930389404297
-11.35274887084961
-11.33318042755127
-11.336429595947266
-11.355647087097168
-11.323572158813477
-11.34343433380127
-11.323038101196289
-11.337834358215332
-11.345531463623047
-11.335013389587402
-11.355987548828125
-11.346656799316406
-11.353938102722168
-11.345112800598145
-11.3528413772583
-11.349538803100586
-11.350187301635742
-11.352733612060547
-11.353708267211914
-11.358214378356934
-11.349469184875488
-11.352107048034668
-11.348036766052246
-11.351059913635254
-11.356823921203613
-11.355921745300293
-11.34748363494873
-11.353555679321289
-11.352249145507812
-11.346824645996094
-11.356388092041016
-11.352205276489258
-11.349560737609863
-11.345110893249512
-11.351275444030762
-11.345001220703125
-11.351902961730957
-11.341506004333496
-11.349512100219727
-11.347453117370605
-11.35212230682373
-11.346529006958008
-11.349571228027344
-11.35217571258545
-11.353093147277832
-11.34505844116211
-11.353276252746582
-11.355001449584961
-11.348390579223633
-11.347065925598145
-11.350367546081543
-11.35252571105957
-11.346418380737305
-11.350829124450684
-11.349566459655762
-11.34253215789795
-11.348496437072754
-11.349912643432617
-11.344579696655273
-11.349109649658203
-11.352060317993164
-11.351970672607422
-11.34509563446045
-11.34778118133545
-11.348608016967773
-11.348448753356934
-11.342567443847656
-11.352753639221191
-11.351794242858887
-11.351675033569336
-11.355570793151855
-11.353804588317871
-11.350339889526367
-11.355405807495117
-11.336235046386719
-11.34365177154541
-11.346485137939453
-11.347729682922363
-11.349189758300781
-11.346785545349121
-11.335885047912598
-11.35157585144043
-11.347599983215332
-11.348915100097656
-11.344106674194336
-11.35065746307373
-11.352314949035645
-11.350510597229004
-11.350602149963379
-11.35624885559082
-11.348211288452148
-11.342717170715332
-11.352884292602539
-11.34199333190918
-11.347607612609863
-11.333128929138184
-11.351738929748535
-11.349400520324707
-11.336770057678223
-11.34461784362793
-11.338836669921875
-11.342697143554688
-11.347874641418457
-11.338386535644531
-11.346781730651855
-11.333934783935547
-11.344539642333984
-11.348274230957031
-11.328426361083984
-11.34353256225586
-11.31774616241455
-11.326366424560547
-11.346287727355957
-11.294991493225098
-11.333972930908203
-11.292759895324707
-11.31466007232666
-11.342086791992188
-11.304962158203125
-11.348852157592773
-11.329142570495605
-11.329500198364258
-11.348410606384277
-11.329700469970703
-11.347005844116211
-11.345475196838379
-11.343464851379395
-11.349859237670898
-11.340435028076172
-11.354785919189453
-11.351784706115723
-11.353387832641602
-11.354043006896973
-11.352785110473633
-11.351285934448242
-11.352437019348145
-11.350395202636719
-11.345687866210938
-11.352615356445312
-11.343934059143066
-11.352204322814941
-11.354120254516602
-11.357762336730957
-11.3452730178833
-11.352178573608398
-11.356748580932617
-11.34726333618164
-11.358216285705566
-11.343676567077637
-11.348658561706543
-11.33946704864502
-11.34627628326416
-11.348076820373535
-11.354737281799316
-11.349799156188965
-11.351455688476562
-11.346417427062988
-11.341715812683105
-11.350037574768066
-11.348393440246582
-11.344802856445312
-11.353681564331055
-11.342999458312988
-11.345842361450195
-11.343225479125977
-11.351811408996582
-11.342451095581055
-11.35045337677002
-11.345035552978516
-11.346002578735352
-11.352521896362305
-11.332785606384277
-11.352258682250977
-11.347932815551758
-11.33853530883789
-11.350334167480469
-11.328605651855469
-11.342537879943848
-11.325423240661621
-11.344694137573242
-11.35578727722168
-11.334305763244629
-11.35097599029541
-11.343628883361816
-11.346450805664062
-11.340052604675293
-11.35190200805664
-11.354207992553711
-11.349038124084473
-11.359119415283203
-11.352921485900879
-11.353320121765137
-11.354851722717285
-11.34972095489502
-11.34906005859375
-11.355931282043457
-11.349645614624023
-11.347530364990234
-11.352884292602539
-11.356358528137207
-11.348245620727539
-11.349217414855957
-11.350032806396484
-11.347962379455566
-11.35238265991211
-11.344664573669434
-11.351195335388184
-11.340668678283691
-11.3532075881958
-11.350772857666016
-11.347112655639648
-11.351140975952148
-11.344367980957031
-11.351595878601074
-11.344943046569824
-11.352006912231445
-11.340982437133789
-11.357059478759766
-11.349427223205566
-11.359306335449219
-11.354148864746094
-11.347766876220703
-11.34693431854248
-11.352584838867188
-11.353827476501465
-11.355359077453613
-11.345683097839355
-11.35059642791748
-11.352877616882324
-11.351378440856934
-11.348670959472656
-11.352402687072754
-11.354061126708984
-11.347793579101562
-11.34735107421875
-11.350735664367676
-11.352899551391602
-11.349990844726562
-11.3519287109375
-11.34976863861084
-11.350008964538574
-11.358484268188477
-11.349713325500488
-11.344452857971191
-11.356197357177734
-11.34616756439209
-11.349712371826172
-11.347736358642578
-11.352226257324219
-11.353734016418457
-11.354262351989746
-11.353744506835938
-11.351004600524902
-11.354214668273926
-11.343957901000977
-11.355928421020508
-11.346628189086914
-11.355818748474121
-11.3527250289917
-11.356733322143555
-11.347827911376953
-11.350497245788574
-11.345590591430664
-11.351129531860352
-11.34972858428955
-11.351475715637207
-11.351927757263184
-11.352679252624512
-11.353398323059082
-11.356536865234375
-11.35212516784668
-11.348648071289062
-11.354516983032227
-11.35657024383545
-11.356846809387207
-11.35507869720459
-11.355579376220703
-11.348912239074707
-11.349506378173828
-11.352494239807129
-11.351009368896484
-11.352951049804688
-11.356557846069336
-11.352294921875
-11.351555824279785
-11.352801322937012
-11.350043296813965
-11.353771209716797
-11.350519180297852
-11.349834442138672
-11.356280326843262
-11.359587669372559
-11.355096817016602
-11.353411674499512
-11.353283882141113
-11.356416702270508
-11.351668357849121
-11.356738090515137
-11.353715896606445
-11.35836124420166
-11.355531692504883
-11.356255531311035
-11.356968879699707
-11.350362777709961
-11.348681449890137
-11.343226432800293
-11.353242874145508
-11.349440574645996
-11.355828285217285
-11.3499755859375
-11.349884033203125
-11.3430814743042
-11.347155570983887
-11.348490715026855
-11.351750373840332
-11.354353904724121
-11.349421501159668
-11.349349021911621
-11.341876029968262
-11.350422859191895
-11.35153579711914
-11.3502779006958
-11.354345321655273
-11.352555274963379
-11.351499557495117
-11.34713077545166
-11.352693557739258
-11.349467277526855
-11.352612495422363
-11.339872360229492
-11.349271774291992
-11.346519470214844
-11.354154586791992
-11.348934173583984
-11.347845077514648
-11.35442066192627
-11.354422569274902
-11.3534574508667
-11.357599258422852
-11.351000785827637
-11.35327434539795
-11.354949951171875
-11.35595703125
-11.350122451782227
-11.3574800491333
-11.354994773864746
-11.349346160888672
-11.351478576660156
-11.354673385620117
-11.354543685913086
-11.346783638000488
-11.350574493408203
-11.352511405944824
-11.347156524658203
-11.35381031036377
-11.35360050201416
-11.355146408081055
-11.345470428466797
-11.354643821716309
-11.350740432739258
-11.346636772155762
-11.350068092346191
-11.333757400512695
-11.350160598754883
-11.350066184997559
-11.349142074584961
-11.347757339477539
-11.349783897399902
-11.345902442932129
-11.346410751342773
-11.354458808898926
-11.350356101989746
-11.357623100280762
-11.351510047912598
-11.35726261138916
-11.357527732849121
-11.347427368164062
-11.355445861816406
-11.34461498260498
-11.349593162536621
-11.343461036682129
-11.350293159484863
-11.340912818908691
-11.355700492858887
-11.31851863861084
-11.34176254272461
-11.312732696533203
-11.334118843078613
-11.35396671295166
-11.310585021972656
-11.343317031860352
-11.304974555969238
-11.30983829498291
-11.352540969848633
-11.284651756286621
-11.346735954284668
-11.289008140563965
-11.311198234558105
-11.34458065032959
-11.303997993469238
-11.346420288085938
-11.326665878295898
-11.325763702392578
-11.341375350952148
-11.341015815734863
-11.324655532836914
-11.3436861038208
-11.336283683776855
-11.343812942504883
-11.347468376159668
-11.346467971801758
-11.34850788116455
-11.342142105102539
-11.347039222717285
-11.350353240966797
-11.342727661132812
-11.359108924865723
-11.346519470214844
-11.355294227600098
-11.354296684265137
-11.352006912231445
-11.351168632507324
-11.346506118774414
-11.348241806030273
-11.352031707763672
-11.358729362487793
-11.347862243652344
-11.34788990020752
-11.350505828857422
-11.353424072265625
-11.35083293914795
-11.353924751281738
-11.355697631835938
-11.342680931091309
-11.358582496643066
-11.345887184143066
-11.323281288146973
-11.3531494140625
-11.321219444274902
-11.341410636901855
-11.316519737243652
-11.34598159790039
-11.350162506103516
-11.333341598510742
-11.35440731048584
-11.325084686279297
-11.33776569366455
-11.35548210144043
-11.333768844604492
-11.355490684509277
-11.348369598388672
-11.347850799560547
-11.350831031799316
-11.346847534179688
-11.350110054016113
-11.354527473449707
-11.346616744995117
-11.360774993896484
-11.354057312011719
-11.357200622558594
-11.3466157913208
-11.353300094604492
-11.35307788848877
-11.34987735748291
-11.357134819030762
-11.351846694946289
-11.354418754577637
-11.354472160339355
-11.352821350097656
-11.350564002990723
-11.354706764221191
-11.347532272338867
-11.349408149719238
-11.358431816101074
-11.34971809387207
-11.353549003601074
-11.354955673217773
-11.351052284240723
-11.3482027053833
-11.355652809143066
-11.354925155639648
-11.347434997558594
-11.357184410095215
-11.339654922485352
-11.350799560546875
-11.332538604736328
-11.350269317626953
-11.345038414001465
-11.353489875793457
-11.3504056930542
-11.348745346069336
-11.351884841918945
-11.357793807983398
-11.352890968322754
-11.353324890136719
-11.352653503417969
-11.354475975036621
-11.35452651977539
-11.348764419555664
-11.354934692382812
-11.357499122619629
-11.35583209991455
-11.350332260131836
-11.356317520141602
-11.355392456054688
-11.349125862121582
-11.35462474822998
-11.350587844848633
-11.356222152709961
-11.356074333190918
-11.351253509521484
-11.350290298461914
-11.35507583618164
-11.343769073486328
-11.354214668273926
-11.348045349121094
-11.354089736938477
-11.354239463806152
-11.343703269958496
-11.35165786743164
-11.335885047912598
-11.350424766540527
-11.35286808013916
-11.347395896911621
-11.358965873718262
-11.346223831176758
-11.349183082580566
-11.352829933166504
-11.354840278625488
-11.35157585144043
-11.350686073303223
-11.349562644958496
-11.342201232910156
-11.362277030944824
-11.329742431640625
-11.353468894958496
-11.341814994812012
-11.354512214660645
-11.345949172973633
-11.34467887878418
-11.347332000732422
-11.344257354736328
-11.359539031982422
-11.333013534545898
-11.35188102722168
-11.34954833984375
-11.348758697509766
-11.344810485839844
-11.346681594848633
-11.350351333618164
-11.34278392791748
-11.35453987121582
-11.346880912780762
-11.35361099243164
-11.350022315979004
-11.338920593261719
-11.350083351135254
-11.341841697692871
-11.351762771606445
-11.345982551574707
-11.353289604187012
-11.354829788208008
-11.34644889831543
-11.349613189697266
-11.341367721557617
-11.36056900024414
-11.351838111877441
-11.351709365844727
-11.355154991149902
-11.356904029846191
-11.361534118652344
-11.356107711791992
-11.359309196472168
-11.35226058959961
-11.35280704498291
-11.35596752166748
-11.35658073425293
-11.351910591125488
-11.354341506958008
-11.354877471923828
-11.355841636657715
-11.358214378356934
-11.354914665222168
-11.351326942443848
-11.3513822555542
-11.357522010803223
-11.356307029724121
-11.35364055633545
-11.350506782531738
-11.35310173034668
-11.34628677368164
-11.355731964111328
-11.347369194030762
-11.356133460998535
-11.356223106384277
-11.359100341796875
-11.359188079833984
-11.35284423828125
-11.351909637451172
-11.353375434875488
-11.351585388183594
-11.360491752624512
-11.356536865234375
-11.341850280761719
-11.344643592834473
-11.339756965637207
-11.352755546569824
-11.317696571350098
-11.342938423156738
-11.307731628417969
-11.318534851074219
-11.35262680053711
-11.294933319091797
-11.334033966064453
-11.267863273620605
-11.31651496887207
-11.35663890838623
-11.272716522216797
-11.338940620422363
-11.296586036682129
-11.29308795928955
-11.330595970153809
-11.32037353515625
-11.301177978515625
-11.339113235473633
-11.297840118408203
-11.31879997253418
-11.343932151794434
-11.317737579345703
-11.330683708190918
-11.340275764465332
-11.32567310333252
-11.332398414611816
-11.350735664367676
-11.327645301818848
-11.353710174560547
-11.345514297485352
-11.329118728637695
-11.350214958190918
-11.346697807312012
-11.34387493133545
-11.34367847442627
-11.348602294921875
-11.347180366516113
-11.352774620056152
-11.351997375488281
-11.357502937316895
-11.347658157348633
-11.350213050842285
-11.346763610839844
-11.353723526000977
-11.352103233337402
-11.353166580200195
-11.349451065063477
-11.351954460144043
-11.355082511901855
-11.34724235534668
-11.355822563171387
-11.356966018676758
-11.355669021606445
-11.353660583496094
-11.359537124633789
-11.354586601257324
-11.356481552124023
-11.353169441223145
-11.357429504394531
-11.35008430480957
-11.35528564453125
-11.353673934936523
-11.355883598327637
-11.359614372253418
-11.358338356018066
-11.357808113098145
-11.35616683959961
-11.352728843688965
-11.356205940246582
-11.356134414672852
-11.345999717712402
-11.352255821228027
-11.355863571166992
-11.348526000976562
-11.358185768127441
-11.35035228729248
-11.346208572387695
-11.356889724731445
-11.343209266662598
-11.349615097045898
-11.344355583190918
-11.34827709197998
-11.356520652770996
-11.341748237609863
-11.345536231994629
-11.33811092376709
-11.354033470153809
-11.349498748779297
-11.339818954467773
-11.353960037231445
-11.340235710144043
-11.35004711151123
-11.339361190795898
-11.349416732788086
-11.354470252990723
-11.347270965576172
-11.35305118560791
-11.359514236450195
-11.352317810058594
-11.350561141967773
-11.350289344787598
-11.345538139343262
-11.35893726348877
-11.356752395629883
-11.355422973632812
-11.363308906555176
-11.352744102478027
-11.351997375488281
-11.356598854064941
-11.343221664428711
-11.348408699035645
-11.344218254089355
-11.350850105285645
-11.34579086303711
-11.342463493347168
-11.349742889404297
-11.325596809387207
-11.356460571289062
-11.347814559936523
-11.350321769714355
-11.351053237915039
-11.348655700683594
-11.350264549255371
-11.344840049743652
-11.35037612915039
-11.357224464416504
-11.351228713989258
-11.352065086364746
-11.349931716918945
-11.357032775878906
-11.341556549072266
-11.357131004333496
-11.348699569702148
-11.357030868530273
-11.352391242980957
-11.355253219604492
-11.353643417358398
-11.356865882873535
-11.356301307678223
-11.358990669250488
-11.353989601135254
-11.353891372680664
-11.353567123413086
-11.353745460510254
-11.354397773742676
-11.350728988647461
-11.3555326461792
-11.35827350616455
-11.355079650878906
-11.356513977050781
-11.354093551635742
-11.356201171875
-11.355415344238281
-11.357956886291504
-11.356372833251953
-11.352293968200684
-11.355090141296387
-11.35438346862793
-11.352653503417969
-11.359941482543945
-11.347801208496094
-11.354031562805176
-11.347796440124512
-11.35293960571289
-11.349016189575195
-11.355679512023926
-11.346077919006348
-11.348539352416992
-11.347184181213379
-11.359302520751953
-11.352887153625488
-11.350415229797363
-11.355731010437012
-11.358479499816895
-11.350271224975586
-11.353281021118164
-11.358368873596191
-11.353075981140137
-11.35988712310791
-11.354476928710938
-11.35941219329834
-11.359719276428223
-11.358968734741211
-11.35179328918457
-11.361186981201172
-11.354571342468262
-11.361432075500488
-11.354455947875977
-11.362622261047363
-11.355195045471191
-11.357513427734375
-11.355382919311523
-11.352886199951172
-11.354900360107422
-11.354448318481445
-11.35312271118164
-11.353370666503906
-11.355117797851562
-11.358704566955566
-11.349414825439453
-11.354299545288086
-11.354822158813477
-11.350918769836426
-11.348570823669434
-11.357969284057617
-11.35297679901123
-11.358536720275879
-11.354841232299805
-11.351057052612305
-11.354988098144531
-11.354286193847656
-11.354302406311035
-11.343220710754395
-11.354086875915527
-11.357436180114746
-11.35143756866455
-11.353395462036133
-11.358115196228027
-11.353660583496094
-11.360301971435547
-11.354973793029785
-11.35603141784668
-11.355270385742188
-11.356815338134766
-11.36152458190918
-11.35795783996582
-11.35275936126709
-11.351255416870117
-11.36026668548584
-11.35690975189209
-11.36225700378418
-11.357627868652344
-11.35253620147705
-11.353289604187012
-11.356332778930664
-11.35949993133545
-11.351449966430664
-11.358221054077148
-11.353180885314941
-11.347800254821777
-11.342279434204102
-11.361249923706055
-11.342315673828125
-11.352611541748047
-11.345102310180664
-11.35025691986084
-11.351411819458008
-11.328598976135254
-11.35676097869873
-11.326022148132324
-11.339092254638672
-11.355683326721191
-11.323229789733887
-11.33636474609375
-11.291686058044434
-11.291916847229004
-11.34102725982666
-11.279092788696289
-11.343465805053711
-11.282468795776367
-11.274707794189453
-11.335658073425293
-11.313657760620117
-11.314550399780273
-11.345191955566406
-11.30162239074707
-11.30136775970459
-11.33816909790039
-11.332722663879395
-11.310112953186035
-11.341728210449219
-11.295223236083984
-11.309626579284668
-11.33863353729248
-11.332752227783203
-11.316279411315918
-11.346023559570312
-11.318705558776855
-11.334576606750488
-11.354849815368652
-11.305479049682617
-11.3538179397583
-11.332454681396484
-11.327184677124023
-11.350321769714355
-11.345364570617676
-11.351036071777344
-11.355393409729004
-11.345024108886719
-11.349319458007812
-11.35319709777832
-11.34543228149414
-11.353221893310547
-11.345903396606445
-11.346742630004883
-11.351516723632812
-11.33682632446289
-11.356061935424805
-11.349395751953125
-11.350358963012695
-11.356260299682617
-11.355928421020508
-11.361838340759277
-11.35165786743164
-11.35162353515625
-11.357992172241211
-11.34222412109375
-11.358473777770996
-11.344776153564453
-11.358592987060547
-11.356282234191895
-11.338384628295898
-11.349669456481934
-11.339801788330078
-11.347739219665527
-11.352144241333008
-11.348145484924316
-11.351319313049316
-11.348770141601562
-11.351785659790039
-11.354371070861816
-11.35315990447998
-11.357964515686035
-11.358080863952637
-11.357654571533203
-11.353860855102539
-11.357050895690918
-11.358731269836426
-11.351301193237305
-11.35585880279541
-11.356524467468262
-11.359514236450195
-11.357943534851074
-11.357597351074219
-11.345091819763184
-11.360204696655273
-11.351753234863281
-11.356222152709961
-11.347991943359375
-11.355173110961914
-11.35435962677002
-11.351133346557617
-11.358659744262695
-11.35126781463623
-11.359674453735352
-11.339330673217773
-11.353404998779297
-11.35052490234375
-11.357674598693848
-11.35103988647461
-11.349246978759766
-11.360334396362305
-11.34648609161377
-11.356829643249512
-11.353001594543457
-11.354381561279297
-11.352911949157715
-11.350671768188477
-11.34778881072998
-11.35152530670166
-11.35632610321045
-11.348074913024902
-11.359127044677734
-11.353747367858887
-11.3557767868042
-11.356237411499023
-11.35664176940918
-11.360366821289062
-11.353631019592285
-11.353976249694824
-11.353854179382324
-11.353799819946289
-11.357101440429688
-11.351081848144531
-11.355916976928711
-11.356061935424805
-11.362767219543457
-11.355786323547363
-11.357927322387695
-11.35696029663086
-11.359358787536621
-11.354341506958008
-11.357963562011719
-11.355929374694824
-11.354833602905273
-11.355058670043945
-11.354809761047363
-11.35557746887207
-11.351449012756348
-11.36015796661377
-11.360713958740234
-11.35776424407959
-11.352975845336914
-11.351947784423828
-11.357931137084961
-11.359627723693848
-11.351473808288574
-11.354393005371094
-11.354862213134766
-11.361281394958496
-11.35787582397461
-11.353372573852539
-11.355852127075195
-11.355066299438477
-11.353371620178223
-11.353382110595703
-11.35321044921875
-11.359821319580078
-11.351394653320312
-11.358724594116211
-11.354730606079102
-11.356931686401367
-11.35738754272461
-11.358556747436523
-11.353391647338867
-11.358893394470215
-11.355661392211914
-11.3532075881958
-11.352021217346191
-11.342097282409668
-11.355985641479492
-11.353063583374023
-11.357105255126953
-11.332895278930664
-11.341796875
-11.333558082580566
-11.349753379821777
-11.349843978881836
-11.351490020751953
-11.357754707336426
-11.340476036071777
-11.355786323547363
-11.337888717651367
-11.35174560546875
-11.34717845916748
-11.357661247253418
-11.346904754638672
-11.360939025878906
-11.34856128692627
-11.34503173828125
-11.35977840423584
-11.356788635253906
-11.358001708984375
-11.352997779846191
-11.349884986877441
-11.353837966918945
-11.34604549407959
-11.360465049743652
-11.347221374511719
-11.35909652709961
-11.339631080627441
-11.35511589050293
-11.339238166809082
-11.33414077758789
-11.354437828063965
-11.314896583557129
-11.347129821777344
-11.334451675415039
-11.33481216430664
-11.351432800292969
-11.32105541229248
-11.351737022399902
-11.339926719665527
-11.338150024414062
-11.356645584106445
-11.340453147888184
-11.35977840423584
-11.351238250732422
-11.349949836730957
-11.357137680053711
-11.349352836608887
-11.355371475219727
-11.353409767150879
-11.355132102966309
-11.361371994018555
-11.355778694152832
-11.35698127746582
-11.354928016662598
-11.35195541381836
-11.357902526855469
-11.35296630859375
-11.358181953430176
-11.347393035888672
-11.355477333068848
-11.353226661682129
-11.355521202087402
-11.356375694274902
-11.362520217895508
-11.3562650680542
-11.355758666992188
-11.35769271850586
-11.356207847595215
-11.361778259277344
-11.355177879333496
-11.354154586791992
-11.359162330627441
-11.359090805053711
-11.360145568847656
-11.350645065307617
-11.357029914855957
-11.354162216186523
-11.356760025024414
-11.354538917541504
-11.361806869506836
-11.35454273223877
-11.357280731201172
-11.361910820007324
-11.337296485900879
-11.348037719726562
-11.338157653808594
-11.34572696685791
-11.342759132385254
-11.3519868850708
-11.35727310180664
-11.353076934814453
-11.350034713745117
-11.358176231384277
-11.341370582580566
-11.351739883422852
-11.336477279663086
-11.356501579284668
-11.35676097869873
-11.345937728881836
-11.358430862426758
-11.345645904541016
-11.335600852966309
-11.355916023254395
-11.32608413696289
-11.355090141296387
-11.325294494628906
-11.349594116210938
-11.350128173828125
-11.341558456420898
-11.350662231445312
-11.322712898254395
-11.344038963317871
-11.352542877197266
-11.331409454345703
-11.350390434265137
-11.321374893188477
-11.32914924621582
-11.356513977050781
-11.308819770812988
-11.347275733947754
-11.32229995727539
-11.331117630004883
-11.350481033325195
-11.341843605041504
-11.35548210144043
-11.353387832641602
-11.349408149719238
-11.343421936035156
-11.351052284240723
-11.360672950744629
-11.342415809631348
-11.358855247497559
-11.354913711547852
-11.353873252868652
-11.358320236206055
-11.351319313049316
-11.351926803588867
-11.357433319091797
-11.358576774597168
-11.359941482543945
-11.357681274414062
-11.356904983520508
-11.356568336486816
-11.356867790222168
-11.35288143157959
-11.35915470123291
-11.358227729797363
-11.352133750915527
-11.354191780090332
-11.348831176757812
-11.36151123046875
-11.345491409301758
-11.351788520812988
-11.348400115966797
-11.354369163513184
-11.34941291809082
-11.357666015625
-11.35773754119873
-11.354228973388672
-11.351523399353027
-11.353456497192383
-11.357124328613281
-11.354560852050781
-11.35766315460205
-11.355327606201172
-11.354448318481445
-11.357728004455566
-11.357254981994629
-11.358160972595215
-11.3591947555542
-11.356209754943848
-11.36054801940918
-11.357349395751953
-11.346611022949219
-11.358948707580566
-11.354524612426758
-11.356618881225586
-11.357246398925781
-11.367246627807617
-11.35675048828125
-11.3537015914917
-11.357502937316895
-11.359837532043457
-11.360090255737305
-11.358820915222168
-11.362009048461914
-11.354938507080078
-11.357748985290527
-11.355052947998047
-11.35944938659668
-11.356322288513184
-11.354713439941406
-11.359811782836914
-11.350372314453125
-11.353540420532227
-11.358201026916504
-11.35765552520752
-11.355749130249023
-11.355810165405273
-11.357455253601074
-11.36330795288086
-11.356138229370117
-11.354657173156738
-11.364510536193848
-11.360772132873535
-11.358798027038574
-11.358259201049805
-11.355319023132324
-11.353933334350586
-11.353241920471191
-11.360735893249512
-11.356329917907715
-11.35480785369873
-11.35865592956543
-11.353063583374023
-11.352322578430176
-11.36015510559082
-11.355575561523438
-11.358646392822266
-11.355225563049316
-11.355048179626465
-11.354515075683594
-11.345855712890625
-11.359492301940918
-11.352298736572266
-11.364053726196289
-11.355069160461426
-11.355244636535645
-11.35315990447998
-11.357909202575684
-11.357161521911621
-11.35000228881836
-11.357781410217285
-11.348904609680176
-11.353719711303711
-11.348328590393066
-11.358223915100098
-11.35804271697998
-11.358166694641113
-11.35872745513916
-11.354248046875
-11.356056213378906
-11.356005668640137
-11.355792999267578
-11.360092163085938
-11.35598373413086
-11.362302780151367
-11.35242748260498
-11.352400779724121
-11.355993270874023
-11.354540824890137
-11.351247787475586
-11.356560707092285
-11.335901260375977
-11.363006591796875
-11.33948040008545
-11.348421096801758
-11.339550971984863
-11.348481178283691
-11.358055114746094
-11.347365379333496
-11.356363296508789
-11.351037979125977
-11.350306510925293
-11.358097076416016
-11.34487247467041
-11.356436729431152
-11.352145195007324
-11.351149559020996
-11.346878051757812
-11.347005844116211
-11.361104011535645
-11.35601806640625
-11.346588134765625
-11.359025001525879
-11.32595157623291
-11.348305702209473
-11.317856788635254
-11.338898658752441
-11.355759620666504
-11.320592880249023
-11.349018096923828
-11.31301212310791
-11.302535057067871
-11.355661392211914
-11.319511413574219
-11.348212242126465
-11.3316650390625
-11.338332176208496
-11.3538818359375
-11.350292205810547
-11.321045875549316
-11.343775749206543
-11.31082534790039
-11.339698791503906
-11.346414566040039
-11.335417747497559
-11.356163024902344
-11.351480484008789
-11.344733238220215
-11.351210594177246
-11.363802909851074
-11.349928855895996
-11.359732627868652
-11.355104446411133
-11.345481872558594
-11.351096153259277
-11.353677749633789
-11.336712837219238
-11.355664253234863
-11.3310546875
-11.342072486877441
-11.353754043579102
-11.346292495727539
-11.348548889160156
-11.338411331176758
-11.356849670410156
-11.350939750671387
-11.345268249511719
-11.358068466186523
-11.357388496398926
-11.343489646911621
-11.357507705688477
-11.328812599182129
-11.356406211853027
-11.33820915222168
-11.34475326538086
-11.356033325195312
-11.345449447631836
-11.351469993591309
-11.354893684387207
-11.347235679626465
-11.3535737991333
-11.341011047363281
-11.357466697692871
-11.351007461547852
-11.345794677734375
-11.357294082641602
-11.354287147521973
-11.352598190307617
-11.357137680053711
-11.345462799072266
-11.348602294921875
-11.355744361877441
-11.340155601501465
-11.353726387023926
-11.32193374633789
-11.347092628479004
-11.36020278930664
-11.340104103088379
-11.356188774108887
-11.35377025604248
-11.346752166748047
-11.361693382263184
-11.350634574890137
-11.362536430358887
-11.357590675354004
-11.355703353881836
-11.353029251098633
-11.357399940490723
-11.364056587219238
-11.363569259643555
-11.360527992248535
-11.349976539611816
-11.357885360717773
-11.35019588470459
-11.352479934692383
-11.357213020324707
-11.357587814331055
-11.358949661254883
-11.349820137023926
-11.357194900512695
-11.357653617858887
-11.355113983154297
-11.359164237976074
-11.357051849365234
-11.364079475402832
-11.357938766479492
-11.363431930541992
-11.353686332702637
-11.356276512145996
-11.356242179870605
-11.358850479125977
-11.359589576721191
-11.359701156616211
-11.359277725219727
-11.347757339477539
-11.360857009887695
-11.352174758911133
-11.357171058654785
-11.36055850982666
-11.340028762817383
-11.356237411499023
-11.330327987670898
-11.344693183898926
-11.352602005004883
-11.313434600830078
-11.33951187133789
-11.308802604675293
-11.337689399719238
-11.354144096374512
-11.332208633422852
-11.362159729003906
-11.348464012145996
-11.34713077545166
-11.363059997558594
-11.345263481140137
-11.354665756225586
-11.355781555175781
-11.345687866210938
-11.360173225402832
-11.351028442382812
-11.359463691711426
-11.360766410827637
-11.346573829650879
-11.354872703552246
-11.35910415649414
-11.34975528717041
-11.352334022521973
-11.351829528808594
-11.357029914855957
-11.362333297729492
-11.355762481689453
-11.358778953552246
-11.355184555053711
-11.357276916503906
-11.35941219329834
-11.357535362243652
-11.359664916992188
-11.356083869934082
-11.35893440246582
-11.362247467041016
-11.356748580932617
-11.358484268188477
-11.35432243347168
-11.358904838562012
-11.351646423339844
-11.36164665222168
-11.346484184265137
-11.351890563964844
-11.360976219177246
-11.342330932617188
-11.360442161560059
-11.356522560119629
-11.358060836791992
-11.359621047973633
-11.351580619812012
-11.359158515930176
-11.352092742919922
-11.353164672851562
-11.356581687927246
-11.357512474060059
-11.361276626586914
-11.35935115814209
-11.358335494995117
-11.358370780944824
-11.367905616760254
-11.360371589660645
-11.362473487854004
-11.360038757324219
-11.356640815734863
-11.36190414428711
-11.359155654907227
-11.358305931091309
-11.362713813781738
-11.355822563171387
-11.360291481018066
-11.358687400817871
-11.367352485656738
-11.35443115234375
-11.36055850982666
-11.359264373779297
-11.356534004211426
-11.36396312713623
-11.358861923217773
-11.357088088989258
-11.360254287719727
-11.363980293273926
-11.360867500305176
-11.35904312133789
-11.360395431518555
-11.363866806030273
-11.36203384399414
-11.361635208129883
-11.362927436828613
-11.36168384552002
-11.35745906829834
-11.362872123718262
-11.349508285522461
-11.362970352172852
-11.358028411865234
-11.35401725769043
-11.357928276062012
-11.359635353088379
-11.359533309936523
-11.360126495361328
-11.362885475158691
-11.354057312011719
-11.362078666687012
-11.358856201171875
-11.358510971069336
-11.35745620727539
-11.358360290527344
-11.360838890075684
-11.36233901977539
-11.35413932800293
-11.362868309020996
-11.356038093566895
-11.361305236816406
-11.348493576049805
-11.356393814086914
-11.356887817382812
-11.358956336975098
-11.359667778015137
-11.356266021728516
-11.359245300292969
-11.356036186218262
-11.357610702514648
-11.356721878051758
-11.36043643951416
-11.357198715209961
-11.360776901245117
-11.357943534851074
-11.361784934997559
-11.354171752929688
-11.359380722045898
-11.352090835571289
-11.358762741088867
-11.358847618103027
-11.358146667480469
-11.360382080078125
-11.352357864379883
-11.356663703918457
-11.350532531738281
-11.361175537109375
-11.358283042907715
-11.35611343383789
-11.362788200378418
-11.354229927062988
-11.35902214050293
-11.356162071228027
-11.359199523925781
-11.359440803527832
-11.356555938720703
-11.36091423034668
-11.350842475891113
-11.34633731842041
-11.352485656738281
-11.356664657592773
-11.360107421875
-11.35828971862793
-11.353910446166992
-11.358501434326172
-11.358476638793945
-11.359176635742188
-11.33845043182373
-11.357728958129883
-11.338930130004883
-11.352571487426758
-11.357972145080566
-11.347108840942383
-11.36476993560791
-11.355752944946289
-11.358659744262695
-11.35562515258789
-11.352616310119629
-11.35766887664795
-11.353034973144531
-11.36663818359375
-11.347071647644043
-11.359379768371582
-11.351053237915039
-11.354425430297852
-11.356793403625488
-11.352304458618164
-11.351799964904785
-11.355414390563965
-11.363842964172363
-11.339720726013184
-11.351778984069824
-11.326380729675293
-11.347464561462402
-11.34543514251709
-11.34243392944336
-11.355850219726562
-11.347966194152832
-11.342140197753906
-11.355249404907227
-11.334550857543945
-11.350164413452148
-11.34730339050293
-11.355198860168457
-11.347667694091797
-11.355756759643555
-11.353875160217285
-11.352170944213867
-11.356828689575195
-11.356016159057617
-11.356612205505371
-11.358673095703125
-11.361618995666504
-11.356998443603516
-11.35739803314209
-11.359244346618652
-11.358989715576172
-11.357598304748535
-11.361891746520996
-11.354026794433594
-11.359138488769531
-11.354934692382812
-11.362312316894531
-11.356228828430176
-11.363730430603027
-11.355901718139648
-11.3596830368042
-11.353521347045898
-11.359472274780273
-11.35567569732666
-11.357015609741211
-11.358559608459473
-11.361079216003418
-11.36078929901123
-11.363319396972656
-11.36021900177002
-11.362811088562012
-11.36093521118164
-11.364584922790527
-11.358964920043945
-11.363810539245605
-11.360657691955566
-11.359884262084961
-11.36219596862793
-11.360759735107422
-11.358530044555664
-11.36400032043457
-11.361495971679688
-11.356879234313965
-11.359521865844727
-11.35861587524414
-11.357579231262207
-11.364090919494629
-11.356000900268555
-11.360729217529297
-11.355269432067871
-11.357975959777832
-11.358793258666992
-11.359896659851074
-11.358373641967773
-11.356379508972168
-11.36187744140625
-11.363726615905762
-11.363114356994629
-11.35649299621582
-11.353631973266602
-11.353658676147461
-11.357414245605469
-11.346272468566895
-11.358206748962402
-11.35695743560791
-11.36135482788086
-11.358560562133789
-11.3551025390625
-11.364727020263672
-11.354386329650879
-11.359119415283203
-11.359016418457031
-11.359705924987793
-11.362242698669434
-11.359315872192383
-11.364765167236328
-11.361726760864258
-11.361353874206543
-11.359607696533203
-11.36464786529541
-11.360352516174316
-11.364219665527344
-11.35095500946045
-11.365859985351562
-11.35582160949707
-11.361112594604492
-11.356541633605957
-11.355926513671875
-11.359338760375977
-11.36312484741211
-11.360676765441895
-11.361373901367188
-11.358808517456055
-11.358747482299805
-11.36133861541748
-11.357490539550781
-11.359856605529785
-11.359582901000977
-11.356500625610352
-11.357447624206543
-11.352538108825684
-11.362732887268066
-11.353557586669922
-11.365118980407715
