loss_b
-0.6612218618392944
-0.6630861163139343
-0.6653465032577515
-0.6676992774009705
-0.6699278354644775
-0.6716907024383545
-0.6734301447868347
-0.6753901839256287
-0.6770793795585632
-0.6790608167648315
-0.6813873648643494
-0.6840700507164001
-0.6864897608757019
-0.6894042491912842
-0.6918964982032776
-0.6950926184654236
-0.6987906098365784
-0.7020246386528015
-0.7052724361419678
-0.7099870443344116
-0.7138592600822449
-0.7197727560997009
-0.7244277596473694
-0.7308759093284607
-0.7372239232063293
-0.744864821434021
-0.7517640590667725
-0.7596603631973267
-0.7698532342910767
-0.7803342342376709
-0.7910439968109131
-0.803672730922699
-0.8155742883682251
-0.8297958374023438
-0.8463293313980103
-0.8673170804977417
-0.8847906589508057
-0.9001517295837402
-0.9228799343109131
-0.9520750045776367
-0.9795764684677124
-0.999444842338562
-1.023202896118164
-1.0695526599884033
-1.111889362335205
-1.1418507099151611
-1.1879197359085083
-1.2428399324417114
-1.293906807899475
-1.3623589277267456
-1.4346617460250854
-1.5077780485153198
-1.594385027885437
-1.70508873462677
-1.8077430725097656
-1.9065558910369873
-2.0601255893707275
-2.241757869720459
-2.3914899826049805
-2.634305715560913
-2.906405210494995
-3.298020362854004
-3.611975908279419
-4.119401454925537
-4.581554412841797
-4.9732232093811035
-4.880861282348633
-4.428554058074951
-4.332313060760498
-4.400399208068848
-4.295567989349365
-4.565532684326172
-4.841163635253906
-5.008622169494629
-5.013137340545654
-4.901174068450928
-4.852103233337402
-4.911700248718262
-4.810973644256592
-4.806364059448242
-4.805841445922852
-4.911320209503174
-5.101880073547363
-5.190329551696777
-4.975339412689209
-5.013101577758789
-5.064839839935303
-5.028345584869385
-5.0215373039245605
-5.172071933746338
-5.057146072387695
-5.089303970336914
-5.168628692626953
-5.160799026489258
-5.206198692321777
-5.136515140533447
-5.117325782775879
-5.1340436935424805
-5.243825912475586
-5.152542591094971
-5.211264133453369
-5.316669940948486
-5.2821855545043945
-5.32753324508667
-5.3499603271484375
-5.403940677642822
-5.332406997680664
-5.364814281463623
-5.315450191497803
-5.316108226776123
-5.469567775726318
-5.4175639152526855
-5.448176860809326
-5.515408992767334
-5.419290542602539
-5.442285537719727
-5.492082595825195
-5.480753421783447
-5.510375022888184
-5.515112400054932
-5.529058933258057
-5.525437355041504
-5.5863494873046875
-5.554399013519287
-5.570010662078857
-5.637579441070557
-5.603947639465332
-5.650217056274414
-5.700690746307373
-5.69571590423584
-5.734510898590088
-5.726052284240723
-5.749705791473389
-5.759348392486572
-5.858331680297852
-5.838442802429199
-5.832080841064453
-5.808071136474609
-5.847339630126953
-5.884276390075684
-5.94108247756958
-5.942169666290283
-5.944469928741455
-5.9460978507995605
-5.985985279083252
-6.013421058654785
-6.003025531768799
-6.026740550994873
-6.049687385559082
-6.037759304046631
-6.071249485015869
-6.076877117156982
-6.10842752456665
-6.131267547607422
-6.164193153381348
-6.157745838165283
-6.203019618988037
-6.2286057472229
-6.219611167907715
-6.2490997314453125
-6.246849060058594
-6.279134273529053
-6.264870643615723
-6.308450698852539
-6.320271968841553
-6.328474998474121
-6.341383457183838
-6.372745990753174
-6.394745826721191
-6.37922477722168
-6.437135696411133
-6.441818714141846
-6.4198198318481445
-6.460346698760986
-6.467162132263184
-6.513405799865723
-6.502863883972168
-6.533603191375732
-6.530721664428711
-6.575981616973877
-6.600713729858398
-6.56303071975708
-6.624685287475586
-6.615251541137695
-6.713171005249023
-6.68110466003418
-6.702748775482178
-6.7148051261901855
-6.7052130699157715
-6.772538185119629
-6.775844573974609
-6.800671100616455
-6.847707748413086
-6.850499153137207
-6.814845561981201
-6.873464107513428
-6.9817633628845215
-6.920564651489258
-6.903110504150391
-6.9432501792907715
-6.816600799560547
-6.975931167602539
-6.809744834899902
-7.0015482902526855
-6.882164001464844
-6.985528469085693
-6.969856262207031
-6.919166564941406
-6.999006271362305
-6.936609745025635
-7.090085983276367
-7.0250067710876465
-7.084388256072998
-6.99569845199585
-7.13447380065918
-7.124210357666016
-7.1411638259887695
-7.1807541847229
-7.1034955978393555
-7.197683334350586
-7.2185821533203125
-7.095864295959473
-7.2752861976623535
-7.190356254577637
-7.19415807723999
-7.199532985687256
-7.242135047912598
-7.2591352462768555
-7.230033874511719
-7.274118423461914
-7.288175106048584
-7.286191463470459
-7.307362079620361
-7.304898738861084
-7.297441005706787
-7.316320896148682
-7.254517555236816
-7.33471155166626
-7.349026679992676
-7.3712568283081055
-7.393291473388672
-7.356499671936035
-7.315260410308838
-7.240450859069824
-7.358455657958984
-7.185725212097168
-7.460227966308594
-7.291056156158447
-7.423000335693359
-7.305074691772461
-7.372555732727051
-7.397457122802734
-7.40499210357666
-7.377682209014893
-7.423595428466797
-7.387265205383301
-7.426794528961182
-7.501590251922607
-7.34836483001709
-7.479200839996338
-7.460592269897461
-7.417327880859375
-7.528853416442871
-7.4533843994140625
-7.502732753753662
-7.462899208068848
-7.567615985870361
-7.5265069007873535
-7.536546230316162
-7.485527515411377
-7.536559581756592
-7.449524879455566
-7.589189052581787
-7.552879333496094
-7.532721519470215
-7.5261383056640625
-7.51923131942749
-7.573729038238525
-7.53919792175293
-7.560792446136475
-7.653271675109863
-7.599898338317871
-7.554807186126709
-7.635492324829102
-7.630095958709717
-7.60757303237915
-7.63010311126709
-7.653685569763184
-7.618895530700684
-7.620909214019775
-7.643296241760254
-7.668097496032715
-7.67096471786499
-7.648433208465576
-7.659006118774414
-7.628683090209961
-7.733658790588379
-7.7456746101379395
-7.739235877990723
-7.739882946014404
-7.702182769775391
-7.790019512176514
-7.719067096710205
-7.661563873291016
-7.651877403259277
-7.678408622741699
-7.74491548538208
-7.6773552894592285
-7.728372573852539
-7.7102370262146
-7.722452163696289
-7.717536449432373
-7.689992427825928
-7.811864376068115
-7.688544750213623
-7.69659948348999
-7.737915515899658
-7.810498237609863
-7.800207614898682
-7.7946977615356445
-7.801437854766846
-7.813873767852783
-7.786078453063965
-7.812227249145508
-7.905019283294678
-7.87190055847168
-7.821254253387451
-7.802550315856934
-7.77048397064209
-7.896460056304932
-7.861515998840332
-7.82985258102417
-7.883804798126221
-7.854567527770996
-7.901407241821289
-7.896492004394531
-7.873650074005127
-7.913671016693115
-7.849225997924805
-7.9238152503967285
-7.91026496887207
-7.915907859802246
-7.872645854949951
-7.986591339111328
-7.894473552703857
-7.930520057678223
-7.957455635070801
-7.937567234039307
-7.916920185089111
-7.983360767364502
-7.985584735870361
-7.935903072357178
-7.934144496917725
-7.877890110015869
-7.919982433319092
-7.87076473236084
-7.992578983306885
-8.024250030517578
-7.999174118041992
-8.033068656921387
-7.991639137268066
-8.043519020080566
-8.040273666381836
-7.982697010040283
-7.988406181335449
-8.074713706970215
-7.978462219238281
-7.987904071807861
-7.958324432373047
-8.096258163452148
-7.943624973297119
-8.0949068069458
-8.03255844116211
-7.93465518951416
-8.08107852935791
-8.040558815002441
-8.054795265197754
-8.082894325256348
-8.092724800109863
-7.973791122436523
-8.088882446289062
-8.150594711303711
-8.058969497680664
-7.977758407592773
-8.113609313964844
-7.953607082366943
-8.000650405883789
-8.087748527526855
-7.796244144439697
-8.111974716186523
-8.059171676635742
-8.048928260803223
-8.092689514160156
-8.067137718200684
-8.0731201171875
-8.151615142822266
-8.013213157653809
-8.190247535705566
-8.157745361328125
-8.122623443603516
-8.151299476623535
-8.076467514038086
-8.115191459655762
-8.14641284942627
-8.090539932250977
-8.186753273010254
-8.13451099395752
-8.121903419494629
-8.173649787902832
-8.208009719848633
-8.188551902770996
-8.135851860046387
-8.204668998718262
-8.152725219726562
-8.207804679870605
-8.233355522155762
-8.261197090148926
-8.174627304077148
-8.19510555267334
-8.247757911682129
-8.232758522033691
-8.21640682220459
-8.214983940124512
-8.241782188415527
-8.214591026306152
-8.294264793395996
-8.202917098999023
-8.230537414550781
-8.240291595458984
-8.184569358825684
-8.201913833618164
-8.26380729675293
-8.29698657989502
-8.20003890991211
-8.215253829956055
-8.279415130615234
-8.110550880432129
-8.28396987915039
-8.281134605407715
-8.171093940734863
-8.267204284667969
-8.209327697753906
-8.184355735778809
-8.310188293457031
-8.212578773498535
-8.190650939941406
-8.291631698608398
-8.165704727172852
-8.186515808105469
-8.31478214263916
-8.304949760437012
-8.238089561462402
-8.319877624511719
-8.302872657775879
-8.189789772033691
-8.303299903869629
-8.321934700012207
-8.316874504089355
-8.361218452453613
-8.2449951171875
-8.261390686035156
-8.334994316101074
-8.268173217773438
-8.292356491088867
-8.318615913391113
-8.421215057373047
-8.250123023986816
-8.322264671325684
-8.328136444091797
-8.271124839782715
-8.33389949798584
-8.381927490234375
-8.34370231628418
-8.40536880493164
-8.29332160949707
-8.365900039672852
-8.412467956542969
-8.366291999816895
-8.360991477966309
-8.339829444885254
-8.394954681396484
-8.370206832885742
-8.340259552001953
-8.361838340759277
-8.409393310546875
-8.405683517456055
-8.342527389526367
-8.345131874084473
-8.39194393157959
-8.382041931152344
-8.424098014831543
-8.317066192626953
-8.352327346801758
-8.411394119262695
-8.447318077087402
-8.353005409240723
-8.338785171508789
-8.368451118469238
-8.432236671447754
-8.341304779052734
-8.317912101745605
-8.433496475219727
-8.355123519897461
-8.370453834533691
-8.417571067810059
-8.442557334899902
-8.28485107421875
-8.35564136505127
-8.382833480834961
-8.406658172607422
-8.388818740844727
-8.439197540283203
-8.458518981933594
-8.44375991821289
-8.421822547912598
-8.480362892150879
-8.451711654663086
-8.345852851867676
-8.411554336547852
-8.438920974731445
-8.501562118530273
-8.474153518676758
-8.428945541381836
-8.40102767944336
-8.441675186157227
-8.469795227050781
-8.453919410705566
-8.517951011657715
-8.490679740905762
-8.410573959350586
-8.39434814453125
-8.436775207519531
-8.528543472290039
-8.501569747924805
-8.433192253112793
-8.420891761779785
-8.491426467895508
-8.487383842468262
-8.511959075927734
-8.526575088500977
-8.519213676452637
-8.422054290771484
-8.38256549835205
-8.478593826293945
-8.53211784362793
-8.466089248657227
-8.429847717285156
-8.514225959777832
-8.463052749633789
-8.433486938476562
-8.469846725463867
-8.526625633239746
-8.464049339294434
-8.418038368225098
-8.525390625
-8.513275146484375
-8.43718147277832
-8.336053848266602
-8.547975540161133
-8.531059265136719
-8.463518142700195
-8.492966651916504
-8.589109420776367
-8.442249298095703
-8.418245315551758
-8.541129112243652
-8.442660331726074
-8.366718292236328
-8.505447387695312
-8.45923137664795
-8.474005699157715
-8.472929000854492
-8.558454513549805
-8.524188995361328
-8.529437065124512
-8.550926208496094
-8.561759948730469
-8.526241302490234
-8.422663688659668
-8.40231704711914
-8.554681777954102
-8.560916900634766
-8.61424446105957
-8.57779598236084
-8.536808967590332
-8.578412055969238
-8.613113403320312
-8.601360321044922
-8.575796127319336
-8.567977905273438
-8.613655090332031
-8.602947235107422
-8.563470840454102
-8.646005630493164
-8.631263732910156
-8.682320594787598
-8.597132682800293
-8.50830078125
-8.593231201171875
-8.579834938049316
-8.574292182922363
-8.56274700164795
-8.580642700195312
-8.658476829528809
-8.615824699401855
-8.630366325378418
-8.581511497497559
-8.56573486328125
-8.604065895080566
-8.622763633728027
-8.604903221130371
-8.52281379699707
-8.59617805480957
-8.647483825683594
-8.59958267211914
-8.660167694091797
-8.654052734375
-8.548331260681152
-8.517165184020996
-8.610998153686523
-8.60507583618164
-8.594255447387695
-8.597173690795898
-8.589755058288574
-8.632662773132324
-8.652069091796875
-8.601649284362793
-8.458781242370605
-8.534385681152344
-8.661999702453613
-8.663812637329102
-8.573932647705078
-8.558770179748535
-8.598782539367676
-8.703329086303711
-8.665021896362305
-8.645828247070312
-8.63186264038086
-8.70905876159668
-8.673852920532227
-8.714553833007812
-8.644755363464355
-8.593853950500488
-8.601231575012207
-8.594438552856445
-8.62325382232666
-8.71125602722168
-8.715760231018066
-8.643720626831055
-8.728252410888672
-8.679305076599121
-8.705530166625977
-8.71227741241455
-8.589110374450684
-8.55859375
-8.702695846557617
-8.661980628967285
-8.683160781860352
-8.675561904907227
-8.644294738769531
-8.64242172241211
-8.667810440063477
-8.647167205810547
-8.629767417907715
-8.621004104614258
-8.661162376403809
-8.678390502929688
-8.738097190856934
-8.694473266601562
-8.737664222717285
-8.732376098632812
-8.714268684387207
-8.726323127746582
-8.62802505493164
-8.44871711730957
-8.694984436035156
-8.731365203857422
-8.629142761230469
-8.463862419128418
-8.673311233520508
-8.714226722717285
-8.548133850097656
-8.624810218811035
-8.702779769897461
-8.745417594909668
-8.685907363891602
-8.773401260375977
-8.738420486450195
-8.727102279663086
-8.507060050964355
-8.534525871276855
-8.779875755310059
-8.505865097045898
-8.433609008789062
-8.73938274383545
-8.335461616516113
-8.648794174194336
-8.651597023010254
-8.499570846557617
-8.753987312316895
-8.649700164794922
-8.568154335021973
-8.753684997558594
-8.673733711242676
-8.526386260986328
-8.736031532287598
-8.75973892211914
-8.648545265197754
-8.712469100952148
-8.728551864624023
-8.751408576965332
-8.78846263885498
-8.682588577270508
-8.644460678100586
-8.783134460449219
-8.80490779876709
-8.794647216796875
-8.822877883911133
-8.795507431030273
-8.752976417541504
-8.777543067932129
-8.796134948730469
-8.690732955932617
-8.720638275146484
-8.634223937988281
-8.69629955291748
-8.770059585571289
-8.721325874328613
-8.710549354553223
-8.718505859375
-8.78850269317627
-8.77267074584961
-8.757092475891113
-8.690834999084473
-8.748552322387695
-8.764886856079102
-8.768301010131836
-8.764121055603027
-8.728283882141113
-8.736016273498535
-8.770358085632324
-8.812063217163086
-8.529205322265625
-8.678993225097656
-8.788511276245117
-8.645218849182129
-8.618908882141113
-8.822078704833984
-8.712616920471191
-8.618230819702148
-8.84679126739502
-8.647200584411621
-8.670989990234375
-8.805670738220215
-8.653844833374023
-8.72403621673584
-8.782355308532715
-8.820106506347656
-8.813044548034668
-8.790667533874512
-8.851590156555176
-8.814020156860352
-8.804675102233887
-8.815627098083496
-8.795628547668457
-8.831002235412598
-8.83085823059082
-8.79314136505127
-8.791495323181152
-8.815227508544922
-8.753233909606934
-8.702775001525879
-8.721602439880371
-8.857425689697266
-8.787572860717773
-8.725461959838867
-8.708609580993652
-8.83438777923584
-8.828303337097168
-8.878870964050293
-8.858379364013672
-8.794007301330566
-8.73621940612793
-8.836167335510254
-8.824505805969238
-8.842569351196289
-8.857926368713379
-8.795138359069824
-8.774751663208008
-8.868008613586426
-8.88393783569336
-8.85046672821045
-8.812549591064453
-8.878214836120605
-8.830766677856445
-8.87174129486084
-8.810293197631836
-8.761246681213379
-8.769896507263184
-8.857447624206543
-8.840723037719727
-8.86483097076416
-8.860172271728516
-8.811469078063965
-8.801424026489258
-8.895054817199707
-8.908883094787598
-8.87136173248291
-8.738530158996582
-8.63603401184082
-8.893660545349121
-8.776816368103027
-8.632410049438477
-8.881267547607422
-8.758478164672852
-8.600364685058594
-8.841753005981445
-8.698823928833008
-8.716479301452637
-8.882020950317383
-8.819958686828613
-8.723956108093262
-8.906085014343262
-8.853228569030762
-8.807385444641113
-8.898706436157227
-8.899883270263672
-8.873466491699219
-8.848855018615723
-8.87081527709961
-8.908297538757324
-8.863110542297363
-8.907408714294434
-8.85274887084961
-8.8701171875
-8.841328620910645
-8.723508834838867
-8.87116527557373
-8.941344261169434
-8.83939266204834
-8.852376937866211
-8.755824089050293
-8.829606056213379
-8.904911041259766
-8.846063613891602
-8.825201988220215
-8.92924976348877
-8.906723022460938
-8.93531608581543
-8.903179168701172
-8.904376983642578
-8.905508041381836
-8.893134117126465
-8.913445472717285
-8.938453674316406
-8.915532112121582
-8.959329605102539
-8.926738739013672
-8.940362930297852
-8.883389472961426
-8.902246475219727
-8.877368927001953
-8.849102973937988
-8.855730056762695
-8.837746620178223
-8.942646026611328
-8.933274269104004
-8.938390731811523
-8.915271759033203
-8.92782974243164
-8.923135757446289
-8.86788272857666
-8.890286445617676
-8.945954322814941
-8.96932315826416
-8.933968544006348
-8.916237831115723
-8.90389347076416
-8.816825866699219
-8.839184761047363
-8.872411727905273
-8.901453971862793
-8.904064178466797
-8.96973705291748
-8.966150283813477
-8.935275077819824
-8.8199462890625
-8.745809555053711
-8.943239212036133
-8.885580062866211
-8.656002044677734
-8.92414665222168
-8.867379188537598
-8.721698760986328
-8.860383987426758
-8.938995361328125
-8.957368850708008
-8.894682884216309
-8.845547676086426
-8.902255058288574
-8.917878150939941
-8.940969467163086
-8.836624145507812
-8.788558006286621
-8.909261703491211
-8.993104934692383
-8.864006042480469
-8.851966857910156
-8.946798324584961
-8.959134101867676
-8.850565910339355
-8.696742057800293
-8.947732925415039
-8.851582527160645
-8.703448295593262
-8.997960090637207
-8.658120155334473
-8.739204406738281
-8.93596076965332
-8.599145889282227
-8.876296043395996
-8.95827865600586
-8.644204139709473
-8.934865951538086
-8.85777473449707
-8.658407211303711
-8.943978309631348
-8.824996948242188
-8.827536582946777
-8.952563285827637
-8.93733024597168
-8.846988677978516
-8.902915954589844
-8.953043937683105
-8.929953575134277
-8.908504486083984
-8.994169235229492
-8.977022171020508
-8.929645538330078
-8.949464797973633
-8.87322998046875
-8.982124328613281
-8.95923900604248
-8.983359336853027
-8.833983421325684
-8.78369140625
-8.993287086486816
-8.983366012573242
-8.870899200439453
-8.857087135314941
-8.84999942779541
-8.990583419799805
-8.973783493041992
-8.867847442626953
-8.959569931030273
-9.022490501403809
-9.012884140014648
-8.974482536315918
-8.963831901550293
-8.881332397460938
-8.94637393951416
-9.008721351623535
-8.974398612976074
-8.91960620880127
-8.950608253479004
-8.983078956604004
-9.020108222961426
-8.956018447875977
-8.98110294342041
-8.931680679321289
-9.005145072937012
-9.02051067352295
-9.027711868286133
-9.014348030090332
-8.949419021606445
-8.891715049743652
-8.962339401245117
-9.04308795928955
-9.044508934020996
-8.93697738647461
-8.874755859375
-8.998507499694824
-9.020362854003906
-9.031129837036133
-9.036234855651855
-9.025445938110352
-9.012861251831055
-8.960343360900879
-8.978528022766113
-9.04429817199707
-9.028253555297852
-8.988800048828125
-8.991806983947754
-8.980918884277344
-8.99664306640625
-8.990540504455566
-9.025052070617676
-9.054411888122559
-9.010802268981934
-8.922260284423828
-8.929502487182617
-9.02314281463623
-9.004796981811523
-8.97833251953125
-8.87486457824707
-8.988448143005371
-9.055992126464844
-9.07435417175293
-9.063920021057129
-9.03590202331543
-9.063302993774414
-9.019351959228516
-9.01439094543457
-9.059240341186523
-8.989935874938965
-8.942333221435547
-9.043893814086914
-9.060043334960938
-9.065671920776367
-8.977526664733887
-8.84736442565918
-8.99289608001709
-9.048988342285156
-9.033193588256836
-8.982538223266602
-9.013903617858887
-8.98299789428711
-9.017033576965332
-9.081761360168457
-9.068001747131348
-9.029441833496094
-9.04388427734375
-9.041092872619629
-8.969453811645508
-8.928199768066406
-8.969157218933105
-9.058268547058105
-9.03331184387207
-9.042094230651855
-9.074398040771484
-9.079432487487793
-8.977667808532715
-8.924809455871582
-8.841409683227539
-9.024150848388672
-9.020955085754395
-8.92346477508545
-8.972220420837402
-9.045299530029297
-9.08872127532959
-9.091667175292969
-9.100333213806152
-9.075116157531738
-9.030827522277832
-9.039607048034668
-9.018691062927246
-9.051094055175781
-9.071075439453125
-9.07145881652832
-9.056126594543457
-9.120806694030762
-9.100618362426758
-9.100997924804688
-8.931949615478516
-8.790353775024414
-9.018855094909668
-9.085070610046387
-9.054409980773926
-8.845379829406738
-8.926573753356934
-9.053231239318848
-9.083720207214355
-8.764876365661621
-9.072216033935547
-8.923060417175293
-8.772783279418945
-9.112443923950195
-8.89445686340332
-8.83930778503418
-9.080684661865234
-8.730915069580078
-8.990882873535156
-9.103776931762695
-8.838719367980957
-9.014059066772461
-9.040726661682129
-8.832086563110352
-8.99191665649414
-9.089320182800293
-8.941052436828613
-8.967984199523926
-9.095602035522461
-9.090962409973145
-9.05871868133545
-9.091106414794922
-9.053321838378906
-9.103768348693848
-9.105112075805664
-9.148299217224121
-9.102462768554688
-9.062214851379395
-9.091898918151855
-9.057710647583008
-9.069169998168945
-9.027167320251465
-8.979581832885742
-9.071587562561035
-9.130165100097656
-9.094745635986328
-9.082364082336426
-9.04799747467041
-9.117111206054688
-9.100080490112305
-9.143383979797363
-9.129379272460938
-9.119540214538574
-9.118264198303223
-9.09744930267334
-9.129887580871582
-9.07154655456543
-9.035870552062988
-9.031574249267578
-9.023303031921387
-9.020261764526367
-9.103185653686523
-9.172126770019531
-9.083439826965332
-9.100754737854004
-9.106589317321777
-9.102837562561035
-9.066052436828613
-9.05418872833252
-8.928019523620605
-9.050009727478027
-9.140554428100586
-9.132225036621094
-9.119996070861816
-9.107534408569336
-9.063926696777344
-9.108020782470703
-9.092514991760254
-9.104236602783203
-9.105006217956543
-9.065603256225586
-9.030816078186035
-9.062731742858887
-9.09300708770752
-9.130005836486816
-9.153939247131348
-9.132146835327148
-9.176822662353516
-9.154341697692871
-9.131083488464355
-9.086529731750488
-9.005054473876953
-8.961856842041016
-9.082334518432617
-9.15121078491211
-9.12936019897461
-9.078446388244629
-8.980476379394531
-8.992701530456543
-9.11430835723877
-9.141075134277344
-9.136066436767578
-9.007590293884277
-8.996481895446777
-9.046713829040527
-9.177966117858887
-9.146488189697266
-9.15301513671875
-8.997976303100586
-9.095292091369629
-9.123993873596191
-9.158231735229492
-9.125138282775879
-9.051708221435547
-9.156599998474121
-9.142518043518066
-9.1555814743042
-9.141762733459473
-9.030529022216797
-9.02022647857666
-9.080985069274902
-9.125642776489258
-9.185569763183594
-9.085830688476562
-9.042068481445312
-9.106622695922852
-9.139699935913086
-9.106739044189453
-9.095871925354004
-9.132346153259277
-9.151914596557617
-9.212620735168457
-9.13679027557373
-9.01282024383545
-9.003885269165039
-9.060066223144531
-9.141144752502441
-9.148783683776855
-9.174158096313477
-9.117820739746094
-9.147583961486816
-9.146842956542969
-9.182100296020508
-9.147561073303223
-9.168764114379883
-9.105299949645996
-9.107392311096191
-9.181253433227539
-9.158763885498047
-9.19014835357666
-9.186433792114258
-9.144968032836914
-9.086492538452148
-9.05490493774414
-9.086466789245605
-9.121219635009766
-9.15546989440918
-9.195111274719238
-9.176393508911133
-9.198648452758789
-9.142925262451172
-9.077971458435059
-9.03624439239502
-8.987874031066895
-9.138199806213379
-9.149092674255371
-9.210990905761719
-9.158061981201172
-9.00472640991211
-9.11764144897461
-9.148685455322266
-9.191178321838379
-9.069784164428711
-8.989013671875
-9.108745574951172
-9.19086742401123
-9.194345474243164
-9.215130805969238
-9.19397258758545
-9.17473030090332
-9.195572853088379
-9.182250022888184
-9.160633087158203
-9.077224731445312
-8.981819152832031
-8.976126670837402
-9.189082145690918
-9.170869827270508
-9.003055572509766
-9.075621604919434
-9.163201332092285
-9.171008110046387
-9.137247085571289
-9.183308601379395
-9.110491752624512
-9.076587677001953
-9.111087799072266
-9.193521499633789
-9.176694869995117
-9.167261123657227
-9.162248611450195
-9.094873428344727
-8.961804389953613
-9.079963684082031
-9.186223983764648
-9.197369575500488
-9.135326385498047
-9.02340316772461
-9.074962615966797
-9.170327186584473
-9.207201957702637
-9.202001571655273
-9.145109176635742
-9.160721778869629
-9.153438568115234
-9.189937591552734
-9.208253860473633
-9.188158988952637
-9.218122482299805
-9.186452865600586
-9.187920570373535
-9.048359870910645
-8.924241065979004
-9.172100067138672
-9.15569019317627
-8.933367729187012
-9.051762580871582
-9.185993194580078
-9.163421630859375
-9.051599502563477
-9.013310432434082
-9.165369033813477
-9.19112777709961
-9.073944091796875
-9.015432357788086
-9.189045906066895
-9.20073127746582
-9.134567260742188
-9.143355369567871
-9.1485595703125
-9.189748764038086
-9.195229530334473
-9.193316459655762
-9.12975788116455
-9.091412544250488
-9.083511352539062
-9.189311981201172
-9.223678588867188
-9.216252326965332
-9.091232299804688
-9.078987121582031
-9.148696899414062
-9.2191801071167
-9.21511459350586
-9.20434284210205
-9.151323318481445
-9.15180778503418
-9.152271270751953
-9.170381546020508
-9.181340217590332
-9.230344772338867
-9.234731674194336
-9.132960319519043
-9.000481605529785
-9.120988845825195
-9.202704429626465
-9.243611335754395
-9.171845436096191
-9.090839385986328
-9.144920349121094
-9.217631340026855
-9.229361534118652
-9.189495086669922
-9.129069328308105
-9.131288528442383
-9.208233833312988
-9.207184791564941
-9.225906372070312
-9.231095314025879
-9.22811222076416
-9.246874809265137
-9.255220413208008
-9.193859100341797
-9.12646484375
-9.129776000976562
-9.131258010864258
-9.194992065429688
-9.160091400146484
-9.121968269348145
-9.135347366333008
-9.2069091796875
-9.293599128723145
-9.220683097839355
-9.215709686279297
-9.190471649169922
-9.234703063964844
-9.262165069580078
-9.215664863586426
-9.169599533081055
-9.170867919921875
-9.156011581420898
-9.178993225097656
-9.145306587219238
-9.154890060424805
-9.221266746520996
-9.267261505126953
-9.250908851623535
-9.235289573669434
-9.107848167419434
-9.109225273132324
-9.219171524047852
-9.250716209411621
-9.164595603942871
-9.067900657653809
-9.152267456054688
-9.22948932647705
-9.167141914367676
-9.146208763122559
-9.174254417419434
-9.199212074279785
-9.213277816772461
-9.268646240234375
-9.24271011352539
-9.249204635620117
-9.10100269317627
-9.14452075958252
-9.2239408493042
-9.229342460632324
-9.245759963989258
-9.238636016845703
-9.226780891418457
-9.171215057373047
-9.125256538391113
-9.154680252075195
-9.203746795654297
-9.232297897338867
-9.250082015991211
-9.218866348266602
-9.232660293579102
-9.215022087097168
-9.213396072387695
-9.096964836120605
-9.124320983886719
-9.226616859436035
-9.277149200439453
-9.288222312927246
-9.252676010131836
-9.261039733886719
-9.265620231628418
-9.244233131408691
-9.2499361038208
-9.207868576049805
-9.225255966186523
-9.137789726257324
-9.157697677612305
-9.234055519104004
-9.273393630981445
-9.267298698425293
-9.21619987487793
-9.088462829589844
-9.091208457946777
-9.247579574584961
-9.291794776916504
-9.247780799865723
-9.20310115814209
-9.12366771697998
-9.222430229187012
-9.25375747680664
-9.277271270751953
-9.279251098632812
-9.274627685546875
-9.28624153137207
-9.290367126464844
-9.272160530090332
-9.293919563293457
-9.297922134399414
-9.274707794189453
-9.312274932861328
-9.305835723876953
-9.276976585388184
-9.165752410888672
-9.050539016723633
-9.04842472076416
-9.231527328491211
-9.250697135925293
-9.043879508972168
-9.062341690063477
-9.254602432250977
-9.268671989440918
-9.183939933776855
-9.114509582519531
-9.179503440856934
-9.278251647949219
-9.279460906982422
-9.25614070892334
-9.113815307617188
-9.132213592529297
-9.26615047454834
-9.263830184936523
-9.132895469665527
-9.075196266174316
-9.228960037231445
-9.275286674499512
-9.329072952270508
-9.267230033874512
-9.229095458984375
-9.190783500671387
-9.176859855651855
-9.18872356414795
-9.26540756225586
-9.313112258911133
-9.30936336517334
-9.294386863708496
-9.208250045776367
-9.15020751953125
-9.174412727355957
-9.230840682983398
-9.276050567626953
-9.293814659118652
-9.290718078613281
-9.333840370178223
-9.293313026428223
-9.241626739501953
-9.206157684326172
-9.205849647521973
-9.195941925048828
-9.27824878692627
-9.331088066101074
-9.290449142456055
-9.294102668762207
-9.290959358215332
-9.186856269836426
-9.059370040893555
-9.205758094787598
-9.252927780151367
-9.320972442626953
-9.190669059753418
-9.074400901794434
-9.185873985290527
-9.290196418762207
-9.318267822265625
-9.206382751464844
-9.11827564239502
-9.224438667297363
-9.237349510192871
-9.289216995239258
-9.299497604370117
-9.316778182983398
-9.322434425354004
-9.256394386291504
-9.186293601989746
-9.222765922546387
-9.29707145690918
-9.3167085647583
-9.304790496826172
-9.167708396911621
-9.064414978027344
-9.246002197265625
-9.319353103637695
-9.24161148071289
-9.153834342956543
-9.127086639404297
-9.193405151367188
-9.259984970092773
-9.318394660949707
-9.318000793457031
-9.220907211303711
-9.255392074584961
-9.223027229309082
-9.33312702178955
-9.35474681854248
-9.31216812133789
-9.199445724487305
-9.019105911254883
-9.177559852600098
-9.33176040649414
-9.288348197937012
-9.197799682617188
-9.161857604980469
-9.272109031677246
-9.309197425842285
-9.11517333984375
-9.20644760131836
-9.26253604888916
-9.345043182373047
-9.210179328918457
-9.038023948669434
-9.306492805480957
-9.270153045654297
-9.120906829833984
-9.168132781982422
-9.32391357421875
-9.283687591552734
-9.177350997924805
-9.124943733215332
-9.313969612121582
-9.3123779296875
-9.23776912689209
-9.170770645141602
-9.2522554397583
-9.322155952453613
-9.340679168701172
-9.301474571228027
-9.241838455200195
-9.134708404541016
-9.251709938049316
-9.281991004943848
-9.323290824890137
-9.288618087768555
-9.186144828796387
-9.24609375
-9.322537422180176
-9.325486183166504
-9.257267951965332
-9.077077865600586
-9.241558074951172
-9.323232650756836
-9.255620956420898
-9.164188385009766
-9.218111038208008
-9.325946807861328
-9.33069133758545
-9.346001625061035
-9.29227352142334
-9.252973556518555
-9.187649726867676
-9.249955177307129
-9.332721710205078
-9.335312843322754
-9.355072021484375
-9.338407516479492
-9.257601737976074
-9.195258140563965
-9.195076942443848
-9.282292366027832
-9.358293533325195
-9.34517765045166
-9.364463806152344
-9.361715316772461
-9.332839965820312
-9.315485000610352
-9.353018760681152
-9.291895866394043
-9.337288856506348
-9.322193145751953
-9.343975067138672
-9.325163841247559
-9.33012866973877
-9.311820983886719
-9.306782722473145
-9.25942325592041
-9.29401969909668
-9.347601890563965
-9.373912811279297
-9.332112312316895
-9.333263397216797
-9.293060302734375
-9.34472370147705
-9.2912015914917
-9.28119945526123
-9.274893760681152
-9.347129821777344
-9.324763298034668
-9.41621208190918
-9.346501350402832
-9.23590087890625
-9.123201370239258
-9.2494478225708
-9.353033065795898
-9.371696472167969
-9.251296997070312
-9.18842601776123
-9.184152603149414
-9.316922187805176
-9.330987930297852
-9.218021392822266
-9.276023864746094
-9.365805625915527
-9.355698585510254
-9.18993091583252
-9.0368013381958
-9.296832084655762
-9.353658676147461
-9.25033950805664
-9.189607620239258
-9.298226356506348
-9.358404159545898
-9.242515563964844
-9.144905090332031
-9.36853313446045
-9.377342224121094
-9.26658821105957
-9.293147087097168
-9.313298225402832
-9.31754207611084
-9.35090160369873
-9.371261596679688
-9.395153999328613
-9.412840843200684
-9.34229564666748
-9.194722175598145
-9.133172035217285
-9.25941276550293
-9.344204902648926
-9.334447860717773
-9.350546836853027
-9.267598152160645
-9.348721504211426
-9.348522186279297
-9.362603187561035
-9.3609037399292
-9.233052253723145
-9.277968406677246
-9.313761711120605
-9.349655151367188
-9.355772018432617
-9.307491302490234
-9.378985404968262
-9.334775924682617
-9.297760963439941
-9.319015502929688
-9.289624214172363
-9.260751724243164
-9.311345100402832
-9.380434036254883
-9.397007942199707
-9.37402629852295
-9.39616584777832
-9.3902587890625
-9.411528587341309
-9.379532814025879
-9.331865310668945
-9.234847068786621
-9.09996509552002
-9.308387756347656
-9.390149116516113
-9.40365982055664
-9.400025367736816
-9.359354019165039
-9.407308578491211
-9.390711784362793
-9.356939315795898
-9.306058883666992
-9.254849433898926
-9.20380973815918
-9.274393081665039
-9.410030364990234
-9.32373046875
-9.14364242553711
-9.236108779907227
-9.300296783447266
-9.391251564025879
-9.153292655944824
-9.162841796875
-9.36865234375
-9.372186660766602
-9.161688804626465
-9.24866008758545
-9.358454704284668
-9.370166778564453
-9.316583633422852
-9.240462303161621
-9.343810081481934
-9.376819610595703
-9.358662605285645
-9.223674774169922
-9.209012985229492
-9.34514045715332
-9.384411811828613
-9.399024963378906
-9.39319133758545
-9.328306198120117
-9.267773628234863
-9.20330810546875
-9.299344062805176
-9.3849515914917
-9.37264633178711
-9.39492416381836
-9.379695892333984
-9.425684928894043
-9.408346176147461
-9.386384010314941
-9.344858169555664
-9.192014694213867
-9.187895774841309
-9.341620445251465
-9.379091262817383
-9.344186782836914
-9.168112754821777
-9.178818702697754
-9.363432884216309
-9.399223327636719
-9.326669692993164
-9.238595962524414
-9.35323429107666
-9.385566711425781
-9.385836601257324
-9.344385147094727
-9.299860954284668
-9.297381401062012
-9.387617111206055
-9.40102481842041
-9.424349784851074
-9.403013229370117
-9.423836708068848
-9.42323112487793
-9.404333114624023
-9.39011001586914
-9.330509185791016
-9.336727142333984
-9.324348449707031
-9.345781326293945
-9.371845245361328
-9.339029312133789
-9.335160255432129
-9.339353561401367
-9.35000228881836
-9.404426574707031
-9.397762298583984
-9.350759506225586
-9.328718185424805
-9.32292366027832
-9.37307357788086
-9.41983413696289
-9.379926681518555
-9.440855979919434
-9.405961036682129
-9.445982933044434
-9.41119384765625
-9.444867134094238
-9.426599502563477
-9.406691551208496
-9.388028144836426
-9.249351501464844
-9.275903701782227
-9.277812957763672
-9.370946884155273
-9.367083549499512
-9.33978271484375
-9.338055610656738
-9.329042434692383
-9.316683769226074
-9.332232475280762
-9.372081756591797
-9.40753173828125
-9.379213333129883
-9.37806510925293
-9.39149284362793
-9.419957160949707
-9.415740966796875
-9.388534545898438
-9.331266403198242
-9.372200012207031
-9.393505096435547
-9.438019752502441
-9.394270896911621
-9.382710456848145
-9.36032772064209
-9.238104820251465
-9.297615051269531
-9.34112548828125
-9.410801887512207
-9.4273042678833
-9.457058906555176
-9.433507919311523
-9.366262435913086
-9.339982032775879
-9.26811408996582
-9.3302583694458
-9.362580299377441
-9.387541770935059
-9.408348083496094
-9.425121307373047
-9.319217681884766
-9.318802833557129
-9.352869033813477
-9.380600929260254
-9.419342041015625
-9.423802375793457
-9.407699584960938
-9.38232135772705
-9.286771774291992
-9.338756561279297
-9.346022605895996
-9.452130317687988
-9.433137893676758
-9.382732391357422
-9.379022598266602
-9.378022193908691
-9.395489692687988
-9.42893123626709
-9.456879615783691
-9.463781356811523
-9.439363479614258
-9.43994140625
-9.448325157165527
-9.434239387512207
-9.334701538085938
-9.287660598754883
-9.236284255981445
-9.336840629577637
-9.375411033630371
-9.329748153686523
-9.318346977233887
-9.330347061157227
-9.348421096801758
-9.429121971130371
-9.472213745117188
-9.47247314453125
-9.426706314086914
-9.403311729431152
-9.348841667175293
-9.374746322631836
-9.427509307861328
-9.452085494995117
-9.45019817352295
-9.451766967773438
-9.402859687805176
-9.276430130004883
-9.340362548828125
-9.387946128845215
-9.402783393859863
-9.404955863952637
-9.429332733154297
-9.39161491394043
-9.4068603515625
-9.349343299865723
-9.342401504516602
-9.353004455566406
-9.38773250579834
-9.384785652160645
-9.40892505645752
-9.4098482131958
-9.460363388061523
-9.475566864013672
-9.448625564575195
-9.453275680541992
-9.460538864135742
-9.487855911254883
-9.43730354309082
-9.370643615722656
-9.322957038879395
-9.29670238494873
-9.37619686126709
-9.436079025268555
-9.4453706741333
-9.457280158996582
-9.456915855407715
-9.356752395629883
-9.252032279968262
-9.287174224853516
-9.35285758972168
-9.436785697937012
-9.486316680908203
-9.477668762207031
-9.454061508178711
-9.423551559448242
-9.342073440551758
-9.271629333496094
-9.337242126464844
-9.433812141418457
-9.464982986450195
-9.46130657196045
-9.442997932434082
-9.4281587600708
-9.403691291809082
-9.343733787536621
-9.33309268951416
-9.378082275390625
-9.463423728942871
-9.444734573364258
-9.478827476501465
-9.401449203491211
-9.44731616973877
-9.406319618225098
-9.46098518371582
-9.46682071685791
-9.474771499633789
-9.50039291381836
-9.489849090576172
-9.495044708251953
-9.484609603881836
-9.472860336303711
-9.464765548706055
-9.257822036743164
-9.114343643188477
-9.459275245666504
-9.46999454498291
-9.256275177001953
-9.228917121887207
-9.33151626586914
-9.474006652832031
-9.479015350341797
-9.367718696594238
-9.26109504699707
-9.33642292022705
-9.42365837097168
-9.466530799865723
-9.431436538696289
-9.396221160888672
-9.376670837402344
-9.372788429260254
-9.416202545166016
-9.455690383911133
-9.477843284606934
-9.36700439453125
-9.299919128417969
-9.304705619812012
-9.47506332397461
-9.48796558380127
-9.439396858215332
-9.30787181854248
-9.131129264831543
-9.388802528381348
-9.485373497009277
-9.365159034729004
-9.14091682434082
-9.357158660888672
-9.485655784606934
-9.381864547729492
-9.162495613098145
-9.405529022216797
-9.489023208618164
-9.376941680908203
-9.285276412963867
-9.431402206420898
-9.501236915588379
-9.424299240112305
-9.2508544921875
-9.337890625
-9.45816421508789
-9.487257957458496
-9.279263496398926
-9.20928955078125
-9.469226837158203
-9.445962905883789
-9.268305778503418
-9.395188331604004
-9.462233543395996
-9.48115062713623
-9.491063117980957
-9.447433471679688
-9.432400703430176
-9.378219604492188
-9.401734352111816
-9.41006088256836
-9.468402862548828
-9.494858741760254
-9.486433982849121
-9.447439193725586
-9.351675987243652
-9.28614616394043
-9.349159240722656
-9.471006393432617
-9.492361068725586
-9.491586685180664
-9.486310005187988
-9.490981101989746
-9.500350952148438
-9.48772144317627
-9.472412109375
-9.48548412322998
-9.480559349060059
-9.461954116821289
-9.361170768737793
-9.2191162109375
-9.394638061523438
-9.496803283691406
-9.462445259094238
-9.341313362121582
-9.26491641998291
-9.431017875671387
-9.501986503601074
-9.439990997314453
-9.312165260314941
-9.321168899536133
-9.423859596252441
-9.461931228637695
-9.511117935180664
-9.46154499053955
-9.383930206298828
-9.308930397033691
-9.37617015838623
-9.47310733795166
-9.51290512084961
-9.515851020812988
-9.408123970031738
-9.326013565063477
-9.390292167663574
-9.498563766479492
-9.502558708190918
-9.35980224609375
-9.184066772460938
-9.437211990356445
-9.478751182556152
-9.385860443115234
-9.24345588684082
-9.362618446350098
-9.461179733276367
-9.510995864868164
-9.377646446228027
-9.362991333007812
-9.428787231445312
-9.513971328735352
-9.500414848327637
-9.502886772155762
-9.4574613571167
-9.374051094055176
-9.416674613952637
-9.451478004455566
-9.508294105529785
-9.493240356445312
-9.433774948120117
-9.303644180297852
-9.363468170166016
-9.47085189819336
-9.5090970993042
-9.514567375183105
-9.5089111328125
-9.435654640197754
-9.29426383972168
-9.377521514892578
-9.462480545043945
-9.490853309631348
-9.488422393798828
-9.452201843261719
-9.424703598022461
-9.361994743347168
-9.384984016418457
-9.426185607910156
-9.470595359802246
-9.493208885192871
-9.526310920715332
-9.4759521484375
-9.365110397338867
-9.26749038696289
-9.422980308532715
-9.506319999694824
-9.493175506591797
-9.485885620117188
-9.407212257385254
-9.378740310668945
-9.429893493652344
-9.520916938781738
-9.522478103637695
-9.511783599853516
-9.526025772094727
-9.494810104370117
-9.431234359741211
-9.315110206604004
-9.323169708251953
-9.415032386779785
-9.468758583068848
-9.527558326721191
-9.440685272216797
-9.280048370361328
-9.278290748596191
-9.4888916015625
-9.436006546020508
-9.235315322875977
-9.39328384399414
-9.521636962890625
-9.453514099121094
-9.373151779174805
-9.3797025680542
-9.500862121582031
-9.51839828491211
-9.471931457519531
-9.376053810119629
-9.287389755249023
-9.505572319030762
-9.519231796264648
-9.38778305053711
-9.379668235778809
-9.39747142791748
-9.406067848205566
-9.452157020568848
-9.41614818572998
-9.44918441772461
-9.429238319396973
-9.408048629760742
-9.4535493850708
-9.51644229888916
-9.452106475830078
-9.358732223510742
-9.426408767700195
-9.48241901397705
-9.498873710632324
-9.526457786560059
-9.521856307983398
-9.53116512298584
-9.4887113571167
-9.425838470458984
-9.355081558227539
-9.280702590942383
-9.417384147644043
-9.507772445678711
-9.524374008178711
-9.517036437988281
-9.561544418334961
-9.549860000610352
-9.490036964416504
-9.517853736877441
-9.487735748291016
-9.386472702026367
-9.273406028747559
-9.363798141479492
-9.494366645812988
-9.529520034790039
-9.52109432220459
-9.521384239196777
-9.464737892150879
-9.416991233825684
-9.360851287841797
-9.448525428771973
-9.470647811889648
-9.504693031311035
-9.47748851776123
-9.495201110839844
-9.467100143432617
-9.505702018737793
-9.465311050415039
-9.369791030883789
-9.345643997192383
-9.404153823852539
-9.509195327758789
-9.531535148620605
-9.529518127441406
-9.512843132019043
-9.48324203491211
-9.4247465133667
-9.396122932434082
-9.376474380493164
-9.47302532196045
-9.512691497802734
-9.549983024597168
-9.534862518310547
-9.531126976013184
-9.537315368652344
-9.537654876708984
-9.53001880645752
-9.47952938079834
-9.352239608764648
-9.387879371643066
-9.42090892791748
-9.469823837280273
-9.486215591430664
-9.563240051269531
-9.563323020935059
-9.560617446899414
-9.500516891479492
-9.425646781921387
-9.36740779876709
-9.426429748535156
-9.47878360748291
-9.546932220458984
-9.526304244995117
-9.490531921386719
-9.39124584197998
-9.412941932678223
-9.453683853149414
-9.522088050842285
-9.551322937011719
-9.52656078338623
-9.454811096191406
-9.373979568481445
-9.429312705993652
-9.447282791137695
-9.4567232131958
-9.464103698730469
-9.454818725585938
-9.500432968139648
-9.491559028625488
-9.5259370803833
-9.54157543182373
-9.506171226501465
-9.4559907913208
-9.341361045837402
-9.34824275970459
-9.49948787689209
-9.52164363861084
-9.520812034606934
-9.418045997619629
-9.298487663269043
-9.43735408782959
-9.544169425964355
-9.572563171386719
-9.516483306884766
-9.360151290893555
-9.38463306427002
-9.437846183776855
-9.550727844238281
-9.550782203674316
-9.49939250946045
-9.388607025146484
-9.354429244995117
-9.447317123413086
-9.538578987121582
-9.549422264099121
-9.49708080291748
-9.34920883178711
-9.385688781738281
-9.519479751586914
-9.564302444458008
-9.55903434753418
-9.561033248901367
-9.447789192199707
-9.404738426208496
-9.525079727172852
-9.525736808776855
-9.561446189880371
-9.515658378601074
-9.462373733520508
-9.468831062316895
-9.455467224121094
-9.433570861816406
-9.477534294128418
-9.521072387695312
-9.504239082336426
-9.493576049804688
-9.460112571716309
-9.448769569396973
-9.46871280670166
-9.497021675109863
-9.483647346496582
-9.496856689453125
-9.477503776550293
-9.436234474182129
-9.392142295837402
-9.434548377990723
-9.534554481506348
-9.539306640625
-9.528518676757812
-9.427733421325684
-9.332481384277344
-9.509984016418457
-9.544779777526855
-9.438185691833496
-9.353598594665527
-9.480801582336426
-9.533510208129883
-9.528778076171875
-9.54251480102539
-9.57385540008545
-9.528006553649902
-9.505610466003418
-9.361835479736328
-9.363089561462402
-9.47867488861084
-9.516583442687988
-9.569783210754395
-9.53248405456543
-9.548765182495117
-9.5413818359375
-9.517504692077637
-9.445027351379395
-9.340574264526367
-9.446344375610352
-9.495160102844238
-9.512629508972168
-9.509978294372559
-9.485443115234375
-9.454980850219727
-9.47625732421875
-9.472895622253418
-9.45555305480957
-9.478179931640625
-9.51922607421875
-9.51024055480957
-9.54582405090332
-9.535314559936523
-9.509642601013184
-9.504426002502441
-9.505753517150879
-9.46141242980957
-9.435750007629395
-9.447144508361816
-9.484138488769531
-9.551785469055176
-9.567665100097656
-9.568585395812988
-9.54983901977539
-9.483942031860352
-9.455698013305664
-9.47594165802002
-9.506214141845703
-9.540031433105469
-9.567584037780762
-9.547981262207031
-9.483691215515137
-9.365753173828125
-9.39077091217041
-9.521003723144531
-9.538686752319336
-9.56436538696289
-9.570661544799805
-9.500258445739746
-9.429557800292969
-9.451770782470703
-9.521366119384766
-9.576410293579102
-9.598612785339355
-9.583044052124023
-9.569631576538086
-9.533101081848145
-9.462262153625488
-9.332524299621582
-9.45223617553711
-9.504172325134277
-9.559364318847656
-9.535782814025879
-9.536250114440918
-9.445514678955078
-9.397103309631348
-9.467158317565918
-9.554862976074219
-9.604110717773438
-9.561068534851074
-9.52110767364502
-9.377497673034668
-9.468356132507324
-9.53315544128418
-9.57537841796875
-9.565800666809082
-9.566396713256836
-9.542686462402344
-9.528151512145996
-9.463018417358398
-9.372509002685547
-9.417197227478027
-9.52398681640625
-9.563368797302246
-9.567755699157715
-9.6016263961792
-9.595662117004395
-9.57791519165039
-9.547647476196289
-9.41770076751709
-9.269131660461426
-9.49847412109375
-9.585988998413086
-9.553823471069336
-9.583670616149902
-9.57111930847168
-9.507611274719238
-9.555871963500977
-9.530301094055176
-9.519006729125977
-9.484546661376953
-9.480696678161621
-9.539668083190918
-9.560013771057129
-9.561637878417969
-9.469130516052246
-9.477286338806152
-9.51866340637207
-9.56696605682373
-9.57039737701416
-9.596162796020508
-9.59443473815918
-9.590286254882812
-9.606857299804688
-9.549667358398438
-9.476217269897461
-9.378517150878906
-9.411765098571777
-9.491108894348145
-9.541804313659668
-9.549949645996094
-9.525042533874512
-9.499650955200195
-9.453660011291504
-9.415334701538086
-9.530299186706543
-9.555570602416992
-9.48652458190918
-9.373183250427246
-9.385704040527344
-9.537932395935059
-9.580252647399902
-9.410917282104492
-9.368476867675781
-9.48444938659668
-9.60175609588623
-9.480539321899414
-9.318450927734375
-9.444933891296387
-9.5628023147583
-9.575823783874512
-9.536468505859375
-9.415502548217773
-9.445764541625977
-9.558374404907227
-9.593355178833008
-9.550088882446289
-9.459972381591797
-9.419326782226562
-9.503460884094238
-9.55159854888916
-9.46688175201416
-9.294801712036133
-9.458287239074707
-9.556923866271973
-9.522261619567871
-9.289078712463379
-9.367204666137695
-9.585376739501953
-9.561406135559082
-9.376883506774902
-9.337055206298828
-9.552074432373047
-9.55058765411377
-9.41551685333252
-9.438342094421387
-9.58130931854248
-9.532892227172852
-9.37455940246582
-9.411226272583008
-9.528095245361328
-9.576163291931152
-9.53541088104248
-9.509119033813477
-9.475521087646484
-9.511201858520508
-9.575437545776367
-9.577083587646484
-9.608680725097656
-9.580265045166016
-9.533023834228516
-9.324241638183594
-9.362160682678223
-9.547333717346191
-9.612154006958008
-9.61068058013916
-9.643616676330566
-9.595372200012207
-9.57824993133545
-9.622138023376465
-9.598435401916504
-9.595044136047363
-9.578265190124512
-9.468592643737793
-9.41042709350586
-9.421728134155273
-9.519190788269043
-9.597480773925781
-9.613801956176758
-9.597025871276855
-9.597046852111816
-9.527274131774902
-9.411940574645996
-9.435829162597656
-9.546449661254883
-9.544371604919434
-9.552905082702637
-9.58337116241455
-9.529808044433594
-9.52664566040039
-9.476569175720215
-9.357949256896973
-9.4490327835083
-9.599054336547852
-9.588470458984375
-9.471405029296875
-9.350607872009277
-9.464324951171875
-9.571366310119629
-9.43200397491455
-9.363019943237305
-9.585126876831055
-9.468925476074219
-9.22835922241211
-9.535155296325684
-9.57522201538086
-9.325624465942383
-9.47606372833252
-9.586390495300293
-9.55386734008789
-9.368654251098633
-9.526881217956543
-9.601142883300781
-9.592050552368164
-9.53049373626709
-9.489888191223145
-9.542851448059082
-9.606958389282227
-9.597762107849121
-9.619723320007324
-9.632696151733398
-9.581016540527344
-9.507978439331055
-9.478595733642578
-9.473053932189941
-9.461939811706543
-9.432398796081543
-9.538240432739258
-9.597192764282227
-9.588218688964844
-9.525808334350586
-9.45554256439209
-9.494025230407715
-9.540681838989258
-9.59953784942627
-9.609962463378906
-9.606595993041992
-9.593060493469238
-9.554699897766113
-9.559041976928711
-9.465871810913086
-9.405282974243164
-9.493002891540527
-9.602643013000488
-9.598482131958008
-9.547768592834473
-9.437050819396973
-9.409008026123047
-9.483049392700195
-9.60297966003418
-9.601393699645996
-9.562557220458984
-9.500009536743164
-9.549700736999512
-9.583136558532715
-9.61159896850586
-9.618464469909668
-9.601089477539062
-9.609472274780273
-9.640481948852539
-9.635475158691406
-9.632711410522461
-9.631019592285156
-9.548660278320312
-9.442652702331543
-9.415148735046387
-9.517447471618652
-9.553512573242188
-9.598920822143555
-9.606751441955566
-9.631278038024902
-9.618789672851562
-9.622023582458496
-9.639545440673828
-9.627954483032227
-9.631230354309082
-9.607370376586914
-9.511209487915039
-9.402606010437012
-9.53548526763916
-9.63748550415039
-9.663451194763184
-9.618531227111816
-9.613723754882812
-9.624594688415527
-9.607963562011719
-9.595548629760742
-9.51086711883545
-9.42856502532959
-9.4531831741333
-9.546159744262695
-9.57310676574707
-9.578715324401855
-9.512904167175293
-9.553746223449707
-9.529576301574707
-9.537034034729004
-9.531037330627441
-9.580391883850098
-9.590948104858398
-9.663507461547852
-9.617378234863281
-9.547134399414062
-9.451882362365723
-9.482545852661133
-9.59261417388916
-9.618582725524902
-9.611078262329102
-9.65347957611084
-9.62491512298584
-9.57983684539795
-9.530767440795898
-9.508605003356934
-9.524518013000488
-9.527300834655762
-9.518567085266113
-9.528003692626953
-9.585566520690918
-9.597522735595703
-9.600041389465332
-9.548551559448242
-9.51049518585205
-9.49431037902832
-9.601954460144043
-9.641345024108887
-9.569897651672363
-9.511817932128906
-9.524813652038574
-9.470529556274414
-9.551878929138184
-9.635549545288086
-9.646800994873047
-9.625151634216309
-9.59882926940918
-9.547102928161621
-9.505794525146484
-9.441774368286133
-9.54364013671875
-9.623828887939453
-9.614104270935059
-9.628599166870117
-9.557559967041016
-9.4686918258667
-9.451918601989746
-9.537737846374512
-9.586862564086914
-9.627274513244629
-9.6322660446167
-9.636764526367188
-9.642156600952148
-9.592045783996582
-9.520564079284668
-9.468045234680176
-9.480971336364746
-9.569981575012207
-9.614973068237305
-9.604303359985352
-9.5597562789917
-9.527287483215332
-9.534523963928223
-9.555865287780762
-9.608606338500977
-9.623517036437988
-9.645624160766602
-9.626014709472656
-9.653230667114258
-9.624314308166504
-9.58080005645752
-9.394265174865723
-9.41799545288086
-9.586299896240234
-9.619048118591309
-9.477657318115234
-9.445074081420898
-9.527830123901367
-9.5808744430542
-9.645325660705566
-9.655974388122559
-9.625323295593262
-9.665882110595703
-9.660648345947266
-9.630829811096191
-9.566191673278809
-9.567853927612305
-9.514839172363281
-9.561464309692383
-9.563881874084473
-9.54487133026123
-9.56393814086914
-9.564034461975098
-9.54794979095459
-9.517759323120117
-9.490406036376953
-9.606714248657227
-9.652749061584473
-9.645719528198242
-9.657025337219238
-9.63997745513916
-9.6565580368042
-9.67017650604248
-9.658904075622559
-9.668457984924316
-9.630229949951172
-9.564794540405273
-9.440993309020996
-9.356592178344727
-9.591118812561035
-9.661903381347656
-9.640789985656738
-9.593140602111816
-9.44638729095459
-9.454967498779297
-9.556758880615234
-9.615178108215332
-9.639341354370117
-9.63775634765625
-9.683281898498535
-9.635231971740723
-9.683260917663574
-9.652848243713379
-9.55239200592041
-9.502994537353516
-9.509021759033203
-9.51640796661377
-9.550128936767578
-9.582268714904785
-9.585299491882324
-9.624128341674805
-9.575108528137207
-9.574162483215332
-9.566041946411133
-9.551152229309082
-9.573234558105469
-9.606667518615723
-9.648427963256836
-9.61689281463623
-9.599749565124512
-9.560585021972656
-9.51355266571045
-9.53985595703125
-9.5846586227417
-9.622809410095215
-9.618417739868164
-9.615297317504883
-9.595372200012207
-9.579202651977539
-9.590127944946289
-9.596946716308594
-9.604805946350098
-9.593794822692871
-9.573051452636719
-9.530376434326172
-9.540550231933594
-9.62388801574707
-9.678998947143555
-9.618817329406738
-9.49943733215332
-9.383679389953613
-9.629833221435547
-9.666131019592285
-9.63679027557373
-9.58859920501709
-9.503205299377441
-9.528715133666992
-9.60790729522705
-9.622946739196777
-9.60307788848877
-9.557305335998535
-9.569642066955566
-9.634199142456055
-9.613424301147461
-9.598905563354492
-9.543074607849121
-9.49816608428955
-9.572380065917969
-9.61953067779541
-9.659342765808105
-9.680357933044434
-9.650810241699219
-9.568598747253418
-9.451855659484863
-9.526845932006836
-9.588991165161133
-9.622056007385254
-9.633188247680664
-9.616629600524902
-9.607879638671875
-9.559447288513184
-9.515787124633789
-9.545498847961426
-9.58979320526123
-9.645129203796387
-9.669634819030762
-9.670063972473145
-9.660221099853516
-9.672591209411621
-9.544292449951172
-9.440690040588379
-9.575056076049805
-9.641657829284668
-9.667085647583008
-9.643882751464844
-9.575214385986328
-9.445636749267578
-9.442459106445312
-9.587898254394531
-9.674799919128418
-9.649211883544922
-9.604900360107422
-9.474353790283203
-9.468570709228516
-9.589852333068848
-9.633367538452148
-9.665595054626465
-9.645398139953613
-9.62356185913086
-9.527240753173828
-9.59250545501709
-9.599035263061523
-9.601480484008789
-9.631638526916504
-9.565956115722656
-9.486857414245605
-9.552523612976074
-9.647306442260742
-9.664146423339844
-9.639062881469727
-9.665990829467773
-9.601297378540039
-9.557944297790527
-9.4990816116333
-9.612417221069336
-9.66154670715332
-9.656791687011719
-9.651132583618164
-9.544485092163086
-9.544746398925781
-9.519681930541992
-9.604050636291504
-9.672256469726562
-9.667806625366211
-9.657533645629883
-9.655424118041992
-9.661994934082031
-9.655279159545898
-9.57333755493164
-9.460366249084473
-9.510974884033203
-9.567294120788574
-9.620565414428711
-9.657257080078125
-9.703197479248047
-9.68248176574707
-9.670564651489258
-9.559776306152344
-9.382524490356445
-9.564433097839355
-9.654135704040527
-9.637481689453125
-9.656744956970215
-9.628286361694336
-9.523874282836914
-9.453031539916992
-9.572985649108887
-9.625670433044434
-9.681304931640625
-9.660299301147461
-9.65947437286377
-9.61056137084961
-9.557073593139648
-9.558268547058105
-9.6124849319458
-9.628076553344727
-9.618878364562988
-9.544879913330078
-9.549241065979004
-9.516241073608398
-9.542856216430664
-9.622737884521484
-9.618459701538086
-9.627485275268555
-9.644840240478516
-9.670870780944824
-9.690340995788574
-9.67441177368164
-9.679539680480957
-9.68198299407959
-9.627460479736328
-9.575368881225586
-9.513710021972656
-9.50673770904541
-9.584314346313477
-9.612350463867188
-9.646160125732422
-9.586276054382324
-9.59333324432373
-9.602523803710938
-9.648933410644531
-9.653890609741211
-9.660972595214844
-9.648908615112305
-9.681950569152832
-9.632375717163086
-9.519601821899414
-9.448281288146973
-9.62939739227295
-9.699230194091797
-9.629240989685059
-9.407185554504395
-9.489134788513184
-9.657291412353516
-9.677204132080078
-9.48415756225586
-9.400862693786621
-9.603150367736816
-9.692838668823242
-9.605011940002441
-9.463186264038086
-9.601266860961914
-9.667031288146973
-9.678507804870605
-9.571598052978516
-9.49015998840332
-9.599770545959473
-9.671716690063477
-9.698164939880371
-9.615739822387695
-9.458702087402344
-9.528761863708496
-9.617873191833496
-9.675914764404297
-9.677692413330078
-9.630212783813477
-9.622414588928223
-9.608037948608398
-9.607962608337402
-9.626260757446289
-9.610748291015625
-9.628046989440918
-9.666875839233398
-9.703731536865234
-9.686009407043457
-9.702030181884766
-9.701589584350586
-9.678019523620605
-9.691559791564941
-9.688634872436523
-9.619741439819336
-9.555411338806152
-9.362051963806152
-9.467211723327637
-9.623708724975586
-9.687703132629395
-9.578369140625
-9.469443321228027
-9.469145774841309
-9.654054641723633
-9.687100410461426
-9.650175094604492
-9.663214683532715
-9.643134117126465
-9.59914779663086
-9.590346336364746
-9.578710556030273
-9.553886413574219
-9.632929801940918
-9.680551528930664
-9.609111785888672
-9.626907348632812
-9.60634708404541
-9.626836776733398
-9.650396347045898
-9.657081604003906
-9.645930290222168
-9.583742141723633
-9.570409774780273
-9.626087188720703
-9.62804126739502
-9.645874977111816
-9.61968994140625
-9.558677673339844
-9.570718765258789
-9.568321228027344
-9.57363510131836
-9.57040023803711
-9.610450744628906
-9.663851737976074
-9.686129570007324
-9.709288597106934
-9.682222366333008
-9.704663276672363
-9.649290084838867
-9.615435600280762
-9.572364807128906
-9.54360580444336
-9.562148094177246
-9.651625633239746
-9.65138053894043
-9.635876655578613
-9.613490104675293
-9.595457077026367
-9.56351089477539
-9.57695484161377
-9.554777145385742
-9.662388801574707
-9.71512222290039
-9.696700096130371
-9.72889232635498
-9.728035926818848
-9.687882423400879
-9.699566841125488
-9.68453311920166
-9.597936630249023
-9.455588340759277
-9.614453315734863
-9.700587272644043
-9.71884822845459
-9.673479080200195
-9.613992691040039
-9.513141632080078
-9.517221450805664
-9.669500350952148
-9.702645301818848
-9.704925537109375
-9.6556396484375
-9.630228996276855
-9.551508903503418
-9.538397789001465
-9.618728637695312
-9.671324729919434
-9.692177772521973
-9.696508407592773
-9.66982364654541
-9.656526565551758
-9.599061965942383
-9.536813735961914
-9.60583782196045
-9.662043571472168
-9.679068565368652
-9.691863059997559
-9.678411483764648
-9.652588844299316
-9.493939399719238
-9.509767532348633
-9.632129669189453
-9.692259788513184
-9.681818008422852
-9.646636009216309
-9.530702590942383
-9.442035675048828
-9.666617393493652
-9.7311429977417
-9.660146713256836
-9.519346237182617
-9.498414039611816
-9.655292510986328
-9.696004867553711
-9.702906608581543
-9.646739959716797
-9.55131721496582
-9.612274169921875
-9.69877815246582
-9.711669921875
-9.708250045776367
-9.723041534423828
-9.706713676452637
-9.71788215637207
-9.733362197875977
-9.72056770324707
-9.683534622192383
-9.654380798339844
-9.513293266296387
-9.360541343688965
-9.648906707763672
-9.730413436889648
-9.729757308959961
-9.681156158447266
-9.51003360748291
-9.433216094970703
-9.627055168151855
-9.734169960021973
-9.703778266906738
-9.613177299499512
-9.555837631225586
-9.543099403381348
-9.636493682861328
-9.703105926513672
-9.69249153137207
-9.702730178833008
-9.701958656311035
-9.633082389831543
-9.610152244567871
-9.566644668579102
-9.611006736755371
-9.627924919128418
-9.64136791229248
-9.683575630187988
-9.66225814819336
-9.6344633102417
-9.617465019226074
-9.577985763549805
-9.673428535461426
-9.70595645904541
-9.71537971496582
-9.709181785583496
-9.666138648986816
-9.6409912109375
-9.603800773620605
-9.547554016113281
-9.542520523071289
-9.612690925598145
-9.64360237121582
-9.695751190185547
-9.664424896240234
-9.661392211914062
-9.610804557800293
-9.561511039733887
-9.610461235046387
-9.637717247009277
-9.697505950927734
-9.684168815612793
-9.680429458618164
-9.595528602600098
-9.471549987792969
-9.622974395751953
-9.687273025512695
-9.689584732055664
-9.505237579345703
-9.427800178527832
-9.69084358215332
-9.699395179748535
-9.525591850280762
-9.499537467956543
-9.658965110778809
-9.712945938110352
-9.724687576293945
-9.689618110656738
-9.643831253051758
-9.63386058807373
-9.624892234802246
-9.649798393249512
-9.663690567016602
-9.701390266418457
-9.707615852355957
-9.705303192138672
-9.667486190795898
-9.63101577758789
-9.534669876098633
-9.574288368225098
-9.664666175842285
-9.678107261657715
-9.70568561553955
-9.703646659851074
-9.724370002746582
-9.682682991027832
-9.691685676574707
-9.665990829467773
-9.60503101348877
-9.561792373657227
-9.56607437133789
-9.607845306396484
-9.613743782043457
-9.633939743041992
-9.650615692138672
-9.667283058166504
-9.647727966308594
-9.61232852935791
-9.646737098693848
-9.653460502624512
-9.69838809967041
-9.652012825012207
-9.589799880981445
-9.58206844329834
-9.603113174438477
-9.690631866455078
-9.698291778564453
-9.666449546813965
-9.611652374267578
-9.535179138183594
-9.630227088928223
-9.721601486206055
-9.74638843536377
-9.736464500427246
-9.722311973571777
-9.714427947998047
-9.751914024353027
-9.746319770812988
-9.713129043579102
-9.693042755126953
-9.582626342773438
-9.520773887634277
-9.524628639221191
-9.691508293151855
-9.724729537963867
-9.728475570678711
-9.769645690917969
-9.7501859664917
-9.71939468383789
-9.743277549743652
-9.7368803024292
-9.715781211853027
-9.719491958618164
-9.593955993652344
-9.408944129943848
-9.676701545715332
-9.743102073669434
-9.648487091064453
-9.344751358032227
-9.5037841796875
-9.722587585449219
-9.681262969970703
-9.477355003356934
-9.578310012817383
-9.698974609375
-9.71958065032959
-9.530604362487793
-9.423723220825195
-9.683093070983887
-9.734198570251465
-9.664493560791016
-9.577118873596191
-9.582527160644531
-9.683188438415527
-9.733949661254883
-9.727675437927246
-9.622987747192383
-9.5429105758667
-9.603933334350586
-9.660107612609863
-9.716533660888672
-9.742765426635742
-9.741922378540039
-9.72938060760498
-9.683060646057129
-9.526420593261719
-9.566680908203125
-9.627887725830078
-9.683683395385742
-9.744161605834961
-9.734480857849121
-9.731104850769043
-9.720488548278809
-9.675095558166504
-9.609373092651367
-9.57710075378418
-9.60112190246582
-9.678679466247559
-9.715575218200684
-9.720446586608887
-9.69835376739502
-9.650532722473145
-9.530978202819824
-9.542080879211426
-9.658912658691406
-9.697442054748535
-9.759263038635254
-9.70614242553711
-9.750031471252441
-9.728704452514648
-9.732316017150879
-9.660907745361328
-9.571014404296875
-9.562509536743164
-9.620899200439453
-9.65233325958252
-9.647006034851074
-9.641336441040039
-9.650347709655762
-9.587675094604492
-9.592842102050781
-9.667202949523926
-9.767280578613281
-9.738228797912598
-9.653228759765625
-9.566559791564941
-9.616083145141602
-9.694425582885742
-9.752301216125488
-9.711540222167969
-9.563060760498047
-9.515416145324707
-9.622698783874512
-9.730118751525879
-9.734023094177246
-9.733197212219238
-9.712054252624512
-9.59097957611084
-9.596714973449707
-9.605339050292969
-9.710911750793457
-9.74876880645752
-9.737709045410156
-9.686779975891113
-9.574304580688477
-9.584339141845703
-9.660667419433594
-9.717192649841309
-9.75229263305664
-9.737580299377441
-9.692327499389648
-9.704705238342285
-9.670384407043457
-9.54294204711914
-9.618810653686523
-9.694007873535156
-9.723893165588379
-9.750378608703613
-9.726417541503906
-9.511889457702637
-9.464699745178223
-9.704583168029785
-9.69064712524414
-9.470057487487793
-9.546976089477539
-9.712319374084473
-9.769513130187988
-9.651050567626953
-9.51441478729248
-9.678016662597656
-9.744065284729004
-9.754477500915527
-9.742727279663086
-9.76562213897705
-9.751527786254883
-9.704952239990234
-9.675627708435059
-9.560955047607422
-9.647125244140625
-9.65703296661377
-9.746879577636719
-9.74476146697998
-9.70600700378418
-9.600179672241211
-9.516075134277344
-9.605547904968262
-9.71016788482666
-9.733985900878906
-9.753093719482422
-9.721067428588867
-9.648290634155273
-9.602957725524902
-9.622888565063477
-9.68504524230957
-9.659997940063477
-9.688882827758789
-9.705615997314453
-9.732726097106934
-9.691330909729004
-9.670422554016113
-9.645434379577637
-9.636786460876465
-9.708824157714844
-9.734278678894043
-9.719334602355957
-9.654680252075195
-9.70064926147461
-9.661314010620117
-9.692788124084473
-9.681574821472168
-9.598316192626953
-9.599108695983887
-9.662169456481934
-9.729686737060547
-9.749780654907227
-9.732242584228516
-9.709775924682617
-9.66579818725586
-9.632920265197754
-9.64196491241455
-9.673059463500977
-9.744378089904785
-9.72085952758789
-9.675285339355469
-9.675666809082031
-9.729454040527344
-9.700196266174316
-9.692240715026855
-9.637690544128418
-9.558125495910645
-9.622708320617676
-9.716474533081055
-9.740893363952637
-9.7520112991333
-9.720564842224121
-9.56843376159668
-9.51154613494873
-9.696638107299805
-9.766772270202637
-9.72034740447998
-9.662569046020508
-9.601242065429688
-9.670231819152832
-9.713303565979004
-9.68687915802002
-9.712311744689941
-9.688821792602539
-9.686692237854004
-9.709959030151367
-9.720779418945312
-9.759786605834961
-9.751903533935547
-9.759029388427734
-9.731159210205078
-9.70351505279541
-9.606124877929688
-9.656116485595703
-9.673272132873535
-9.69027328491211
-9.67876148223877
-9.679258346557617
-9.689676284790039
-9.708126068115234
-9.677003860473633
-9.7388916015625
-9.731818199157715
-9.767306327819824
-9.758024215698242
-9.760725975036621
-9.780396461486816
-9.753360748291016
-9.700153350830078
-9.547412872314453
-9.491142272949219
-9.673380851745605
-9.761489868164062
-9.753677368164062
-9.582313537597656
-9.503040313720703
-9.715328216552734
-9.731463432312012
-9.707902908325195
-9.569916725158691
-9.567837715148926
-9.73010540008545
-9.770469665527344
-9.739786148071289
-9.445436477661133
-9.53282356262207
-9.761468887329102
-9.682182312011719
-9.434209823608398
-9.694803237915039
-9.726787567138672
-9.47996997833252
-9.61260986328125
-9.757796287536621
-9.76471996307373
-9.592718124389648
-9.474873542785645
-9.677127838134766
-9.768632888793945
-9.719199180603027
-9.640551567077637
-9.586341857910156
-9.623697280883789
-9.728442192077637
-9.746543884277344
-9.758374214172363
-9.717290878295898
-9.672433853149414
-9.63222599029541
-9.661690711975098
-9.706442832946777
-9.69716739654541
-9.729781150817871
-9.713250160217285
-9.618255615234375
-9.562817573547363
-9.67181396484375
-9.757203102111816
-9.775036811828613
-9.73159408569336
-9.608675956726074
-9.532218933105469
-9.723306655883789
-9.78466796875
-9.77865219116211
-9.692587852478027
-9.605997085571289
-9.620604515075684
-9.691100120544434
-9.77341079711914
-9.773441314697266
-9.764461517333984
-9.761700630187988
-9.790928840637207
-9.759496688842773
-9.69340991973877
-9.68762493133545
-9.644071578979492
-9.557974815368652
-9.640158653259277
-9.694332122802734
-9.741026878356934
-9.750004768371582
-9.725274085998535
-9.733449935913086
-9.69692325592041
-9.632001876831055
-9.603490829467773
-9.696667671203613
-9.719223022460938
-9.778889656066895
-9.776765823364258
-9.759491920471191
-9.699604034423828
-9.58995532989502
-9.658363342285156
-9.75087833404541
-9.748431205749512
-9.735786437988281
-9.73819637298584
-9.723443984985352
-9.629732131958008
-9.639368057250977
-9.6972017288208
-9.76172924041748
-9.787651062011719
-9.76583480834961
-9.725987434387207
-9.693864822387695
-9.591842651367188
-9.648009300231934
-9.696304321289062
-9.678079605102539
-9.698962211608887
-9.73486328125
-9.740801811218262
-9.743934631347656
-9.732674598693848
-9.775070190429688
-9.770215034484863
-9.68128776550293
-9.564888954162598
-9.630189895629883
-9.745759963989258
-9.786290168762207
-9.752860069274902
-9.740187644958496
-9.693614959716797
-9.62965202331543
-9.673218727111816
-9.713812828063965
-9.775785446166992
-9.770591735839844
-9.764593124389648
-9.761452674865723
-9.695365905761719
-9.609969139099121
-9.581957817077637
-9.657699584960938
-9.757993698120117
-9.786836624145508
-9.804655075073242
-9.811954498291016
-9.79871654510498
-9.776008605957031
-9.769563674926758
-9.70089054107666
-9.53441333770752
-9.602574348449707
-9.706456184387207
-9.747031211853027
-9.777883529663086
-9.758777618408203
-9.741777420043945
-9.744385719299316
-9.630990028381348
-9.626007080078125
-9.700024604797363
-9.736218452453613
-9.762285232543945
-9.798090934753418
-9.794244766235352
-9.783849716186523
-9.77933120727539
-9.732123374938965
-9.60699462890625
-9.571005821228027
-9.726856231689453
-9.772196769714355
-9.792388916015625
-9.768232345581055
-9.808403968811035
-9.808544158935547
-9.796736717224121
-9.810208320617676
-9.818694114685059
-9.78685188293457
-9.736085891723633
-9.561745643615723
-9.497037887573242
-9.654200553894043
-9.782862663269043
-9.783170700073242
-9.75502872467041
-9.6714448928833
-9.638809204101562
-9.73694896697998
-9.768990516662598
-9.790374755859375
-9.790938377380371
-9.789875984191895
-9.696280479431152
-9.580358505249023
-9.59694766998291
-9.663870811462402
-9.743986129760742
-9.782421112060547
-9.78218936920166
-9.810930252075195
-9.797409057617188
-9.818643569946289
-9.779808044433594
-9.790072441101074
-9.711787223815918
-9.715688705444336
-9.626094818115234
-9.548076629638672
-9.616499900817871
-9.735103607177734
-9.75760269165039
-9.825570106506348
-9.801421165466309
-9.766481399536133
-9.72573184967041
-9.618654251098633
-9.72779655456543
-9.794050216674805
-9.787415504455566
-9.733234405517578
-9.56965446472168
-9.644762992858887
-9.720272064208984
-9.787749290466309
-9.794203758239746
-9.711387634277344
-9.45345401763916
-9.58358383178711
-9.767826080322266
-9.718111038208008
-9.488802909851074
-9.631614685058594
-9.752667427062988
-9.807982444763184
-9.738485336303711
-9.626501083374023
-9.630502700805664
-9.717105865478516
-9.777911186218262
-9.794717788696289
-9.775644302368164
-9.736875534057617
-9.631706237792969
-9.688676834106445
-9.72969913482666
-9.798707962036133
-9.782438278198242
-9.802469253540039
-9.722726821899414
-9.514202117919922
-9.6513090133667
-9.752581596374512
-9.803810119628906
-9.790124893188477
-9.820751190185547
-9.805171012878418
-9.802711486816406
-9.807581901550293
-9.740172386169434
-9.669411659240723
-9.601283073425293
-9.678964614868164
-9.730899810791016
-9.781423568725586
-9.741724014282227
-9.668027877807617
-9.577130317687988
-9.692375183105469
-9.782706260681152
-9.779794692993164
-9.758316040039062
-9.7918701171875
-9.776030540466309
-9.810626029968262
-9.792515754699707
-9.748875617980957
-9.658016204833984
-9.57673454284668
-9.662229537963867
-9.732197761535645
-9.77428150177002
-9.759495735168457
-9.705879211425781
-9.720541954040527
-9.722027778625488
-9.726845741271973
-9.702306747436523
-9.71595287322998
-9.742643356323242
-9.79196834564209
-9.764561653137207
-9.774778366088867
-9.728409767150879
-9.666325569152832
-9.64456558227539
-9.655862808227539
-9.739612579345703
-9.807437896728516
-9.800878524780273
-9.78695011138916
-9.728191375732422
-9.558541297912598
-9.633981704711914
-9.752690315246582
-9.78061294555664
-9.714672088623047
-9.553610801696777
-9.56683349609375
-9.753135681152344
-9.802750587463379
-9.75162410736084
-9.659335136413574
-9.626792907714844
-9.683099746704102
-9.796738624572754
-9.792367935180664
-9.802894592285156
-9.744482040405273
-9.6799955368042
-9.669624328613281
-9.689201354980469
-9.780436515808105
-9.78679370880127
-9.793439865112305
-9.79078483581543
-9.76950454711914
-9.67817497253418
-9.626399993896484
-9.675251960754395
-9.721603393554688
-9.741127014160156
-9.7514066696167
-9.73171615600586
-9.76928424835205
-9.782078742980957
-9.792500495910645
-9.787972450256348
-9.711475372314453
-9.609692573547363
-9.663126945495605
-9.704668045043945
-9.772370338439941
-9.824624061584473
-9.785451889038086
-9.817785263061523
-9.799976348876953
-9.79405403137207
-9.757184982299805
-9.691049575805664
-9.643431663513184
-9.674129486083984
-9.715057373046875
-9.707633972167969
-9.726019859313965
-9.767451286315918
-9.693263053894043
-9.656481742858887
-9.716447830200195
-9.772639274597168
-9.78970718383789
-9.807438850402832
-9.725278854370117
-9.649017333984375
-9.662583351135254
-9.6880521774292
-9.775352478027344
-9.806378364562988
-9.823450088500977
-9.788287162780762
-9.650421142578125
-9.591451644897461
-9.627710342407227
-9.7958402633667
-9.82596206665039
-9.760205268859863
-9.694694519042969
-9.647672653198242
-9.632253646850586
-9.673489570617676
-9.74079704284668
-9.77764892578125
-9.813704490661621
-9.80985164642334
-9.75953483581543
-9.678658485412598
-9.625866889953613
-9.713676452636719
-9.761335372924805
-9.7669038772583
-9.806431770324707
-9.820366859436035
-9.80396842956543
-9.7555570602417
-9.698253631591797
-9.633923530578613
-9.677705764770508
-9.707446098327637
-9.761374473571777
-9.832645416259766
-9.803743362426758
-9.80770492553711
-9.819497108459473
-9.772150039672852
-9.621397972106934
-9.547286987304688
-9.657670021057129
-9.824295043945312
-9.77238655090332
-9.58056926727295
-9.652138710021973
-9.769010543823242
-9.81290054321289
-9.80215835571289
-9.704784393310547
-9.6675443649292
-9.685519218444824
-9.783214569091797
-9.828155517578125
-9.799560546875
-9.734013557434082
-9.734813690185547
-9.719700813293457
-9.712347984313965
-9.702670097351074
-9.688749313354492
-9.733416557312012
-9.786445617675781
-9.827486991882324
-9.823862075805664
-9.754456520080566
-9.649441719055176
-9.667036056518555
-9.724291801452637
-9.808103561401367
-9.833024024963379
-9.812867164611816
-9.680851936340332
-9.586058616638184
-9.632936477661133
-9.710323333740234
-9.821836471557617
-9.826886177062988
-9.816232681274414
-9.785528182983398
-9.782825469970703
-9.717645645141602
-9.651458740234375
-9.685574531555176
-9.714889526367188
-9.803277969360352
-9.8065185546875
-9.807574272155762
-9.768326759338379
-9.715906143188477
-9.636612892150879
-9.752598762512207
-9.812283515930176
-9.827491760253906
-9.824403762817383
-9.827288627624512
-9.821409225463867
-9.776477813720703
-9.685957908630371
-9.669692039489746
-9.661563873291016
-9.743673324584961
-9.746321678161621
-9.725028038024902
-9.70165729522705
-9.748250007629395
-9.795809745788574
-9.787548065185547
-9.781599044799805
-9.747553825378418
-9.697091102600098
-9.72822093963623
-9.76962947845459
-9.77499008178711
-9.78739070892334
-9.702825546264648
-9.714117050170898
-9.705589294433594
-9.745322227478027
-9.761479377746582
-9.699113845825195
-9.696876525878906
-9.746049880981445
-9.782411575317383
-9.763915061950684
-9.738396644592285
-9.706596374511719
-9.734193801879883
-9.754404067993164
-9.778114318847656
-9.786101341247559
-9.8004789352417
-9.751935958862305
-9.676045417785645
-9.682649612426758
-9.765724182128906
-9.817464828491211
-9.837789535522461
-9.789610862731934
-9.702552795410156
-9.639077186584473
-9.735089302062988
-9.793498992919922
-9.829706192016602
-9.837729454040527
-9.834709167480469
-9.795530319213867
-9.700989723205566
-9.605240821838379
-9.743277549743652
-9.822234153747559
-9.844040870666504
-9.841567993164062
-9.809128761291504
-9.797018051147461
-9.736061096191406
-9.631162643432617
-9.67166805267334
-9.740023612976074
-9.772699356079102
-9.805815696716309
-9.813364028930664
-9.85903549194336
-9.83671760559082
-9.837300300598145
-9.855650901794434
-9.836642265319824
-9.853107452392578
-9.789902687072754
-9.752572059631348
-9.624321937561035
-9.659619331359863
-9.702077865600586
-9.775595664978027
-9.795806884765625
-9.837118148803711
-9.846212387084961
-9.830273628234863
-9.835461616516113
-9.823493957519531
-9.811660766601562
-9.752758979797363
-9.6603364944458
-9.649754524230957
-9.740943908691406
-9.785110473632812
-9.769953727722168
-9.707551956176758
-9.701264381408691
-9.739325523376465
-9.817798614501953
-9.803860664367676
-9.799904823303223
-9.713309288024902
-9.652342796325684
-9.760810852050781
-9.814865112304688
-9.815793991088867
-9.858072280883789
-9.792668342590332
-9.689230918884277
-9.632940292358398
-9.741903305053711
-9.8297119140625
-9.83094596862793
-9.836298942565918
-9.830982208251953
-9.782808303833008
-9.69085693359375
-9.674323081970215
-9.714948654174805
-9.799336433410645
-9.8126859664917
-9.85824966430664
-9.837441444396973
-9.844390869140625
-9.838134765625
-9.7593412399292
-9.648011207580566
-9.626056671142578
-9.790472984313965
-9.857978820800781
-9.84051513671875
-9.8126859664917
-9.689692497253418
-9.681703567504883
-9.726311683654785
-9.770697593688965
-9.792686462402344
-9.814263343811035
-9.803373336791992
-9.787430763244629
-9.74807071685791
-9.652173042297363
-9.642264366149902
-9.794178009033203
-9.85644817352295
-9.825474739074707
-9.713115692138672
-9.628374099731445
-9.718636512756348
-9.797504425048828
-9.760643005371094
-9.760748863220215
-9.747126579284668
-9.721762657165527
-9.72109603881836
-9.718338012695312
-9.77284049987793
-9.822376251220703
-9.731086730957031
-9.679655075073242
-9.767350196838379
-9.735251426696777
-9.731110572814941
-9.766205787658691
-9.792888641357422
-9.801870346069336
-9.792810440063477
-9.728052139282227
-9.697538375854492
-9.687366485595703
-9.777521133422852
-9.84502124786377
-9.853063583374023
-9.845260620117188
-9.799206733703613
-9.71267032623291
-9.656597137451172
-9.71306037902832
-9.746025085449219
-9.81820297241211
-9.857365608215332
-9.851066589355469
-9.833930969238281
-9.715774536132812
-9.642791748046875
-9.702559471130371
-9.834394454956055
-9.860260963439941
-9.75167465209961
-9.632102966308594
-9.656147003173828
-9.81885814666748
-9.84428596496582
-9.765890121459961
-9.569595336914062
-9.654858589172363
-9.843469619750977
-9.774657249450684
-9.543523788452148
-9.765090942382812
-9.840193748474121
-9.7534818649292
-9.51869010925293
-9.684282302856445
-9.853535652160645
-9.736603736877441
-9.491430282592773
-9.82142448425293
-9.75196647644043
-9.476017951965332
-9.806468963623047
-9.791797637939453
-9.531310081481934
-9.735718727111816
-9.857712745666504
-9.817548751831055
-9.690433502197266
-9.653216361999512
-9.796798706054688
-9.850698471069336
-9.819915771484375
-9.728560447692871
-9.636059761047363
-9.758408546447754
-9.809488296508789
-9.854873657226562
-9.85781192779541
-9.812074661254883
-9.727473258972168
-9.661502838134766
-9.7416353225708
-9.8120756149292
-9.799306869506836
-9.783792495727539
-9.71143913269043
-9.676039695739746
-9.77005672454834
-9.847930908203125
-9.825677871704102
-9.780311584472656
-9.646577835083008
-9.72225570678711
-9.825994491577148
-9.834665298461914
-9.862322807312012
-9.853970527648926
-9.851258277893066
-9.837749481201172
-9.809759140014648
-9.709329605102539
-9.614866256713867
-9.792131423950195
-9.84243392944336
-9.845890045166016
-9.755331993103027
-9.639204978942871
-9.700660705566406
-9.815640449523926
-9.849360466003418
-9.862173080444336
-9.860366821289062
-9.861409187316895
-9.872776985168457
-9.868380546569824
-9.845030784606934
-9.838294982910156
-9.808160781860352
-9.794024467468262
-9.64684772491455
-9.649828910827637
-9.761194229125977
-9.83747673034668
-9.859789848327637
-9.85733699798584
-9.830283164978027
-9.752236366271973
-9.650424003601074
-9.720853805541992
-9.798872947692871
-9.834209442138672
-9.86215591430664
-9.85062026977539
-9.862786293029785
-9.84827709197998
-9.859583854675293
-9.804678916931152
-9.794838905334473
-9.713205337524414
-9.706085205078125
-9.754196166992188
-9.789480209350586
-9.786128044128418
-9.852202415466309
-9.855810165405273
-9.831084251403809
-9.819868087768555
-9.788580894470215
-9.698514938354492
-9.757330894470215
-9.797428131103516
-9.829153060913086
-9.83725643157959
-9.865964889526367
-9.864212036132812
-9.798595428466797
-9.680190086364746
-9.646036148071289
-9.789154052734375
-9.858206748962402
-9.857297897338867
-9.805048942565918
-9.736886978149414
-9.671774864196777
-9.793431282043457
-9.832497596740723
-9.839651107788086
-9.810072898864746
-9.820075035095215
-9.829422950744629
-9.84507942199707
-9.851887702941895
-9.781065940856934
-9.686779022216797
-9.707356452941895
-9.778404235839844
-9.835511207580566
-9.846418380737305
-9.843746185302734
-9.815221786499023
-9.801973342895508
-9.689230918884277
-9.685657501220703
-9.78487491607666
-9.825693130493164
-9.85180377960205
-9.844586372375488
-9.830836296081543
-9.756990432739258
-9.779958724975586
-9.78590202331543
-9.763930320739746
-9.759562492370605
-9.763561248779297
-9.715130805969238
-9.708292961120605
-9.791892051696777
-9.790589332580566
-9.8500394821167
-9.85356616973877
-9.811807632446289
-9.609822273254395
-9.605020523071289
-9.860305786132812
-9.737704277038574
-9.48131275177002
-9.85683822631836
-9.718953132629395
-9.380682945251465
-9.858637809753418
-9.66489028930664
-9.442610740661621
-9.818543434143066
-9.5472412109375
-9.562277793884277
-9.860618591308594
-9.674817085266113
-9.509434700012207
-9.858705520629883
-9.745238304138184
-9.562029838562012
-9.812654495239258
-9.861127853393555
-9.70004653930664
-9.635644912719727
-9.767475128173828
-9.835512161254883
-9.871467590332031
-9.842090606689453
-9.879963874816895
-9.850946426391602
-9.820521354675293
-9.811861991882324
-9.715361595153809
-9.702349662780762
-9.783560752868652
-9.835619926452637
-9.857796669006348
-9.833039283752441
-9.805636405944824
-9.751153945922852
-9.764016151428223
-9.743285179138184
-9.813544273376465
-9.812868118286133
-9.882493019104004
-9.873926162719727
-9.87088394165039
-9.845229148864746
-9.802117347717285
-9.773944854736328
-9.70090389251709
-9.770484924316406
-9.832294464111328
-9.84420394897461
-9.858368873596191
-9.830404281616211
-9.835028648376465
-9.830798149108887
-9.753210067749023
-9.680163383483887
-9.711613655090332
-9.757200241088867
-9.872132301330566
-9.850621223449707
-9.636809349060059
-9.722909927368164
-9.835192680358887
-9.868313789367676
-9.906656265258789
-9.872300148010254
-9.847846031188965
-9.773333549499512
-9.741239547729492
-9.762929916381836
-9.81566333770752
-9.810001373291016
-9.874792098999023
-9.877134323120117
-9.859264373779297
-9.838098526000977
-9.778396606445312
-9.648285865783691
-9.74538516998291
-9.855398178100586
-9.86098575592041
-9.905045509338379
-9.867597579956055
-9.765225410461426
-9.655838012695312
-9.74163818359375
-9.828311920166016
-9.858034133911133
-9.845145225524902
-9.83259105682373
-9.845297813415527
-9.8134183883667
-9.729084968566895
-9.730594635009766
-9.776239395141602
-9.838043212890625
-9.868829727172852
-9.915523529052734
-9.890557289123535
-9.900115966796875
-9.875479698181152
-9.855535507202148
-9.828163146972656
-9.721644401550293
-9.630581855773926
-9.755706787109375
-9.861146926879883
-9.884657859802246
-9.902438163757324
-9.821059226989746
-9.677562713623047
-9.682817459106445
-9.815315246582031
-9.84726333618164
-9.8418607711792
-9.842208862304688
-9.828437805175781
-9.772778511047363
-9.726856231689453
-9.775720596313477
-9.814994812011719
-9.853419303894043
-9.831189155578613
-9.814839363098145
-9.783414840698242
-9.743339538574219
-9.745033264160156
-9.778568267822266
-9.765213966369629
-9.771843910217285
-9.738829612731934
-9.7360200881958
-9.790067672729492
-9.809649467468262
-9.862333297729492
-9.897775650024414
-9.903334617614746
-9.906889915466309
-9.899547576904297
-9.898833274841309
-9.888018608093262
-9.84505558013916
-9.763114929199219
-9.664998054504395
-9.668373107910156
-9.855168342590332
-9.898454666137695
-9.866999626159668
-9.718750953674316
-9.616463661193848
-9.829389572143555
-9.874303817749023
-9.771075248718262
-9.629926681518555
-9.747010231018066
-9.851152420043945
-9.879867553710938
-9.893636703491211
-9.85973834991455
-9.819401741027832
-9.75625228881836
-9.81418514251709
-9.79354476928711
-9.8319673538208
-9.865657806396484
-9.84128189086914
-9.830442428588867
-9.729876518249512
-9.693553924560547
-9.742137908935547
-9.757020950317383
-9.822035789489746
-9.842460632324219
-9.841172218322754
-9.797529220581055
-9.74040412902832
-9.719379425048828
-9.814303398132324
-9.855772018432617
-9.896380424499512
-9.881739616394043
-9.870473861694336
-9.830933570861816
-9.771979331970215
-9.727228164672852
-9.768359184265137
-9.82966423034668
-9.882046699523926
-9.893415451049805
-9.853801727294922
-9.795464515686035
-9.755809783935547
-9.669590950012207
-9.752873420715332
-9.854677200317383
-9.916681289672852
-9.871600151062012
-9.693950653076172
-9.593416213989258
-9.861739158630371
-9.887062072753906
-9.753795623779297
-9.684700965881348
-9.76892375946045
-9.900306701660156
-9.865665435791016
-9.716680526733398
-9.704122543334961
-9.815799713134766
-9.835050582885742
-9.834147453308105
-9.807673454284668
-9.823152542114258
-9.842644691467285
-9.889708518981934
-9.900116920471191
-9.90223503112793
-9.880890846252441
-9.8295259475708
-9.634099960327148
-9.583499908447266
-9.87319564819336
-9.86856746673584
-9.687244415283203
-9.58775520324707
-9.817697525024414
-9.903130531311035
-9.885490417480469
-9.740645408630371
-9.650821685791016
-9.764861106872559
-9.878023147583008
-9.913466453552246
-9.879310607910156
-9.746166229248047
-9.654876708984375
-9.807867050170898
-9.915068626403809
-9.918303489685059
-9.85974407196045
-9.708165168762207
-9.721049308776855
-9.828003883361816
-9.874201774597168
-9.826287269592285
-9.666585922241211
-9.677989959716797
-9.80156135559082
-9.88168716430664
-9.896841049194336
-9.826160430908203
-9.72685718536377
-9.674721717834473
-9.833290100097656
-9.88902759552002
-9.843661308288574
-9.799735069274902
-9.720053672790527
-9.788374900817871
-9.857065200805664
-9.925830841064453
-9.832352638244629
-9.671030044555664
-9.76055908203125
-9.884971618652344
-9.893887519836426
-9.728981018066406
-9.586660385131836
-9.831286430358887
-9.923673629760742
-9.749656677246094
-9.655522346496582
-9.789026260375977
-9.917553901672363
-9.850642204284668
-9.695961952209473
-9.755314826965332
-9.818948745727539
-9.787830352783203
-9.810491561889648
-9.856645584106445
-9.878034591674805
-9.893568992614746
-9.897514343261719
-9.930089950561523
-9.908794403076172
-9.895540237426758
-9.843192100524902
-9.662324905395508
-9.656538009643555
-9.849603652954102
-9.905938148498535
-9.877274513244629
-9.84554672241211
-9.739300727844238
-9.746869087219238
-9.818949699401855
-9.875840187072754
-9.848106384277344
-9.895545959472656
-9.915654182434082
-9.897026062011719
-9.8900785446167
-9.924328804016113
-9.906665802001953
-9.931936264038086
-9.919702529907227
-9.899785995483398
-9.84372329711914
-9.642258644104004
-9.628390312194824
-9.844688415527344
-9.901410102844238
-9.843685150146484
-9.675220489501953
-9.644726753234863
-9.844237327575684
-9.896528244018555
-9.778252601623535
-9.695581436157227
-9.707158088684082
-9.852192878723145
-9.895879745483398
-9.870888710021973
-9.71491813659668
-9.734770774841309
-9.845479965209961
-9.912785530090332
-9.909379005432129
-9.787148475646973
-9.67877197265625
-9.816598892211914
-9.889241218566895
-9.911864280700684
-9.89239501953125
-9.866597175598145
-9.73066234588623
-9.665191650390625
-9.828462600708008
-9.898472785949707
-9.92111873626709
-9.895516395568848
-9.805421829223633
-9.74250602722168
-9.735549926757812
-9.840306282043457
-9.912020683288574
-9.91351318359375
-9.92838191986084
-9.8833646774292
-9.85965633392334
-9.778202056884766
-9.71306037902832
-9.773348808288574
-9.82541561126709
-9.85020637512207
-9.834298133850098
-9.788195610046387
-9.819197654724121
-9.829366683959961
-9.863896369934082
-9.89146614074707
-9.844430923461914
-9.790257453918457
-9.784212112426758
-9.772238731384277
-9.836889266967773
-9.905441284179688
-9.91760540008545
-9.805888175964355
-9.688763618469238
-9.739008903503418
-9.834607124328613
-9.91311264038086
-9.855984687805176
-9.667569160461426
-9.746806144714355
-9.856926918029785
-9.934493064880371
-9.880562782287598
-9.83661937713623
-9.682348251342773
-9.675163269042969
-9.87630558013916
-9.91550064086914
-9.875277519226074
-9.752676010131836
-9.721709251403809
-9.825422286987305
-9.92601203918457
-9.849142074584961
-9.675504684448242
-9.7648344039917
-9.889385223388672
-9.917403221130371
-9.883432388305664
-9.70068073272705
-9.589590072631836
-9.891956329345703
-9.764782905578613
-9.450460433959961
-9.917353630065918
-9.656693458557129
-9.530816078186035
-9.892121315002441
-9.370134353637695
-9.822134971618652
-9.78654670715332
-9.389370918273926
-9.882861137390137
-9.49447250366211
-9.727217674255371
-9.894474983215332
-9.666029930114746
-9.679762840270996
-9.90593433380127
-9.82451343536377
-9.622673034667969
-9.794164657592773
-9.916647911071777
-9.908714294433594
-9.801413536071777
-9.711501121520996
-9.796062469482422
-9.900948524475098
-9.927547454833984
-9.900073051452637
-9.90712833404541
-9.880683898925781
-9.862543106079102
-9.842778205871582
-9.793278694152832
-9.767483711242676
-9.86754035949707
-9.864042282104492
-9.902807235717773
-9.926929473876953
-9.904571533203125
-9.883081436157227
-9.805724143981934
-9.700704574584961
-9.841435432434082
-9.87800407409668
-9.913618087768555
-9.939172744750977
-9.928771018981934
-9.91343879699707
-9.779561042785645
-9.640109062194824
-9.858508110046387
-9.927417755126953
-9.884683609008789
-9.840880393981934
-9.695928573608398
-9.731895446777344
-9.860984802246094
-9.920244216918945
-9.907930374145508
-9.87744140625
-9.824731826782227
-9.767836570739746
-9.84562873840332
-9.910850524902344
-9.915573120117188
-9.8827486038208
-9.803077697753906
-9.75221061706543
-9.779765129089355
-9.86355972290039
-9.884313583374023
-9.859321594238281
-9.87492561340332
-9.906388282775879
-9.87802505493164
-9.830169677734375
-9.76103401184082
-9.83230209350586
-9.885566711425781
-9.88675594329834
-9.846372604370117
-9.735992431640625
-9.757183074951172
-9.781472206115723
-9.881065368652344
-9.918675422668457
-9.917739868164062
-9.88641357421875
-9.883566856384277
-9.847227096557617
-9.72386360168457
-9.76742935180664
-9.860713005065918
-9.883757591247559
-9.919626235961914
-9.887347221374512
-9.884906768798828
-9.845010757446289
-9.73573112487793
-9.767621040344238
-9.811102867126465
-9.859635353088379
-9.90194320678711
-9.909317016601562
-9.905282974243164
-9.93379020690918
-9.93624496459961
-9.9096097946167
-9.867083549499512
-9.765437126159668
-9.720355033874512
-9.816841125488281
-9.884471893310547
-9.91572093963623
-9.924382209777832
-9.929323196411133
-9.927485466003418
-9.921051025390625
-9.897513389587402
-9.798858642578125
-9.711411476135254
-9.805712699890137
-9.857563972473145
-9.900003433227539
-9.88519287109375
-9.906804084777832
-9.91712474822998
-9.924601554870605
-9.934444427490234
-9.94127368927002
-9.939375877380371
-9.93557071685791
-9.932511329650879
-9.950094223022461
-9.920891761779785
-9.89498519897461
-9.637365341186523
-9.550573348999023
-9.918964385986328
-9.834866523742676
-9.468404769897461
-9.884627342224121
-9.817326545715332
-9.458661079406738
-9.876520156860352
-9.816705703735352
-9.565650939941406
-9.897297859191895
-9.8240327835083
-9.503158569335938
-9.8519287109375
-9.87283992767334
-9.54796028137207
-9.859322547912598
-9.93785572052002
-9.771413803100586
-9.697176933288574
-9.833990097045898
-9.917762756347656
-9.928677558898926
-9.925798416137695
-9.89933967590332
-9.788139343261719
-9.735946655273438
-9.79325008392334
-9.897825241088867
-9.940814971923828
-9.93063735961914
-9.936088562011719
-9.927037239074707
-9.946669578552246
-9.94686508178711
-9.932629585266113
-9.962037086486816
-9.947391510009766
-9.8768949508667
-9.677677154541016
-9.666091918945312
-9.817605972290039
-9.869339942932129
-9.868029594421387
-9.831279754638672
-9.776527404785156
-9.812141418457031
-9.862512588500977
-9.870604515075684
-9.913225173950195
-9.905016899108887
-9.912549018859863
-9.91421127319336
-9.92148208618164
-9.924077987670898
-9.869772911071777
-9.815571784973145
-9.746219635009766
-9.811762809753418
-9.843001365661621
-9.897899627685547
-9.925777435302734
-9.897712707519531
-9.866785049438477
-9.81855583190918
-9.768552780151367
-9.83203411102295
-9.871506690979004
-9.8958740234375
-9.913726806640625
-9.923924446105957
-9.916337013244629
-9.883907318115234
-9.843839645385742
-9.817360877990723
-9.776578903198242
-9.872342109680176
-9.884575843811035
-9.931461334228516
-9.898844718933105
-9.903095245361328
-9.805392265319824
-9.739330291748047
-9.773717880249023
-9.916884422302246
-9.941122055053711
-9.955437660217285
-9.9180908203125
-9.914959907531738
-9.757280349731445
-9.65284538269043
-9.908562660217285
-9.954035758972168
-9.8692626953125
-9.68426513671875
-9.7562837600708
-9.867549896240234
-9.917327880859375
-9.898435592651367
-9.646759033203125
-9.611370086669922
-9.912651062011719
-9.891894340515137
-9.707925796508789
-9.740880012512207
-9.9124174118042
-9.94137954711914
-9.94791316986084
-9.94596004486084
-9.928143501281738
-9.894633293151855
-9.853187561035156
-9.815579414367676
-9.755517959594727
-9.815999031066895
-9.90589714050293
-9.926154136657715
-9.8998441696167
-9.825908660888672
-9.70515251159668
-9.804754257202148
-9.906465530395508
-9.935158729553223
-9.937054634094238
-9.84221076965332
-9.775776863098145
-9.801619529724121
-9.882521629333496
-9.907486915588379
-9.937994003295898
-9.947357177734375
-9.935708999633789
-9.903409957885742
-9.787565231323242
-9.68522834777832
-9.831700325012207
-9.908019065856934
-9.95948314666748
-9.948173522949219
-9.956401824951172
-9.947456359863281
-9.939408302307129
-9.95499324798584
-9.875449180603027
-9.6744384765625
-9.776036262512207
-9.84867000579834
-9.884834289550781
-9.906206130981445
-9.859195709228516
-9.865377426147461
-9.818341255187988
-9.756865501403809
-9.861825942993164
-9.901373863220215
-9.893396377563477
-9.896848678588867
-9.919454574584961
-9.881508827209473
-9.832947731018066
-9.762643814086914
-9.765096664428711
-9.853328704833984
-9.910269737243652
-9.910696983337402
-9.9546537399292
-9.94575309753418
-9.95065975189209
-9.947958946228027
-9.805012702941895
-9.739834785461426
-9.753623962402344
-9.943119049072266
-9.927309036254883
-9.786757469177246
-9.588785171508789
-9.837581634521484
-9.911651611328125
-9.93971061706543
-9.955682754516602
-9.900893211364746
-9.88493537902832
-9.767349243164062
-9.677180290222168
-9.868513107299805
-9.940539360046387
-9.899792671203613
-9.81186294555664
-9.75749397277832
-9.854065895080566
-9.914640426635742
-9.956806182861328
-9.946761131286621
-9.94071102142334
-9.85999584197998
-9.685272216796875
-9.800308227539062
-9.888144493103027
-9.942525863647461
-9.946946144104004
-9.957148551940918
-9.912184715270996
-9.787774085998535
-9.739370346069336
-9.816265106201172
-9.894811630249023
-9.895668029785156
-9.863327980041504
-9.849658012390137
-9.878482818603516
-9.866663932800293
-9.840746879577637
-9.846636772155762
-9.856932640075684
-9.891538619995117
-9.89798355102539
-9.874042510986328
-9.869657516479492
-9.839816093444824
-9.868170738220215
-9.893631935119629
-9.930675506591797
-9.924376487731934
-9.959090232849121
-9.935627937316895
-9.958086013793945
-9.946781158447266
-9.898642539978027
-9.792732238769531
-9.63223934173584
-9.894203186035156
-9.96868896484375
-9.915909767150879
-9.910971641540527
-9.812783241271973
-9.7240629196167
-9.744059562683105
-9.834168434143066
-9.902226448059082
-9.905730247497559
-9.936066627502441
-9.925768852233887
-9.878448486328125
-9.86082935333252
-9.819584846496582
-9.81832218170166
-9.854413986206055
-9.892558097839355
-9.928009033203125
-9.953221321105957
-9.959944725036621
-9.95191764831543
-9.958958625793457
-9.948507308959961
-9.8825101852417
-9.819475173950195
-9.7650785446167
-9.736071586608887
-9.8756685256958
-9.926590919494629
-9.950700759887695
-9.95239543914795
-9.961118698120117
-9.904924392700195
-9.809781074523926
-9.725187301635742
-9.851369857788086
-9.89720344543457
-9.92526626586914
-9.986748695373535
-9.980473518371582
-9.946073532104492
-9.897075653076172
-9.819684982299805
-9.723917007446289
-9.830072402954102
-9.92401123046875
-9.936628341674805
-9.966415405273438
-9.910327911376953
-9.857268333435059
-9.800559043884277
-9.741796493530273
-9.89902114868164
-9.956196784973145
-9.954797744750977
-9.962345123291016
-9.920578002929688
-9.895586013793945
-9.824007034301758
-9.835803985595703
-9.826056480407715
-9.859630584716797
-9.878826141357422
-9.872391700744629
-9.838939666748047
-9.766992568969727
-9.798752784729004
-9.9230318069458
-9.91919994354248
-9.942768096923828
-9.90797233581543
-9.768969535827637
-9.710987091064453
-9.812752723693848
-9.89268684387207
-9.892200469970703
-9.914105415344238
-9.908202171325684
-9.91893482208252
-9.877792358398438
-9.896013259887695
-9.871233940124512
-9.90568733215332
-9.899724006652832
-9.935542106628418
-9.93917179107666
-9.833233833312988
-9.75145435333252
-9.764703750610352
-9.886603355407715
-9.935893058776855
-9.957223892211914
-9.96588134765625
-9.97089672088623
-9.93591594696045
-9.934869766235352
-9.79378890991211
-9.78319263458252
-9.830398559570312
-9.899397850036621
-9.912970542907715
-9.897073745727539
-9.873106002807617
-9.74288272857666
-9.742219924926758
-9.928465843200684
-9.968091011047363
-9.898178100585938
-9.811393737792969
-9.716526985168457
-9.869356155395508
-9.94536304473877
-9.98422622680664
-9.944249153137207
-9.85439395904541
-9.770589828491211
-9.802772521972656
-9.913311958312988
-9.955668449401855
-9.95359992980957
-9.925300598144531
-9.826971054077148
-9.732474327087402
-9.778401374816895
-9.926310539245605
-9.966217994689941
-9.971175193786621
-9.943034172058105
-9.83798599243164
-9.808892250061035
-9.801321983337402
-9.888431549072266
-9.937050819396973
-9.915379524230957
-9.88095760345459
-9.842963218688965
-9.785709381103516
-9.886189460754395
-9.904916763305664
-9.952887535095215
-9.904247283935547
-9.766813278198242
-9.813913345336914
-9.907205581665039
-9.957340240478516
-9.957127571105957
-9.93911361694336
-9.852351188659668
-9.775408744812012
-9.824045181274414
-9.853340148925781
-9.89017105102539
-9.89601993560791
-9.873199462890625
-9.863058090209961
-9.7919282913208
-9.795210838317871
-9.90810775756836
-9.973068237304688
-9.978571891784668
-9.93795108795166
-9.881385803222656
-9.795117378234863
-9.785886764526367
-9.800106048583984
-9.882349014282227
-9.934747695922852
-9.969735145568848
-9.962454795837402
-9.923465728759766
-9.839873313903809
-9.801331520080566
-9.858043670654297
-9.89498519897461
-9.941767692565918
-9.978121757507324
-9.950811386108398
-9.972908020019531
-9.922164916992188
-9.780067443847656
-9.69384479522705
-9.829176902770996
-9.932888984680176
-9.973008155822754
-9.98056411743164
-9.955915451049805
-9.93903923034668
-9.749808311462402
-9.741300582885742
-9.914130210876465
-9.958586692810059
-9.921879768371582
-9.791352272033691
-9.704828262329102
-9.91370964050293
-9.963043212890625
-9.898454666137695
-9.672710418701172
-9.722336769104004
-9.955404281616211
-9.919916152954102
-9.741929054260254
-9.74255084991455
-9.889689445495605
-9.945252418518066
-9.955343246459961
-9.937914848327637
-9.825544357299805
-9.742595672607422
-9.820274353027344
-9.891611099243164
-9.942967414855957
-9.932317733764648
-9.902024269104004
-9.786362648010254
-9.75740909576416
-9.84782600402832
-9.968745231628418
-9.972554206848145
-9.97961711883545
-9.910799980163574
-9.829398155212402
-9.745413780212402
-9.834495544433594
-9.9552001953125
-9.987297058105469
-9.970108032226562
-9.970726013183594
-9.956038475036621
-9.87606143951416
-9.755702018737793
-9.795928001403809
-9.892845153808594
-9.907094955444336
-9.904623031616211
-9.915068626403809
-9.903217315673828
-9.895435333251953
-9.851696014404297
-9.879302024841309
-9.88818073272705
-9.873176574707031
-9.824212074279785
-9.763788223266602
-9.858353614807129
-9.956713676452637
-9.95399284362793
-9.940897941589355
-9.951355934143066
-9.929591178894043
-9.894752502441406
-9.807662010192871
-9.75418472290039
-9.727717399597168
-9.903813362121582
-9.963191032409668
-9.938904762268066
-9.939190864562988
-9.903912544250488
-9.854757308959961
-9.818574905395508
-9.90535831451416
-9.95510196685791
-9.971895217895508
-9.952224731445312
-9.926431655883789
-9.828825950622559
-9.660195350646973
-9.846674919128418
-9.939986228942871
-9.977252960205078
-9.977360725402832
-9.95721435546875
-9.990142822265625
-9.977784156799316
-9.976163864135742
-9.95587158203125
-9.823930740356445
-9.773256301879883
-9.812381744384766
-9.912845611572266
-9.94478988647461
-9.910287857055664
-9.831392288208008
-9.847371101379395
-9.901780128479004
-9.92622184753418
-9.930301666259766
-9.944066047668457
-9.891448020935059
-9.900620460510254
-9.88349723815918
-9.857148170471191
-9.844680786132812
-9.867663383483887
-9.843098640441895
-9.83541202545166
-9.853455543518066
-9.914464950561523
-9.925395965576172
-9.947066307067871
-9.987064361572266
-9.971884727478027
-9.977818489074707
-9.915092468261719
-9.78978157043457
-9.841926574707031
-9.90910530090332
-9.9265775680542
-9.84896469116211
-9.8251953125
-9.792924880981445
-9.823151588439941
-9.886955261230469
-9.967438697814941
-9.994787216186523
-9.97835922241211
-9.913443565368652
-9.78071403503418
-9.786276817321777
-9.87769889831543
-9.91285514831543
-9.923921585083008
-9.890397071838379
-9.884041786193848
-9.877021789550781
-9.845081329345703
-9.877007484436035
-9.882670402526855
-9.842583656311035
-9.805388450622559
-9.882928848266602
-9.924588203430176
-9.91308307647705
-9.892704963684082
-9.783764839172363
-9.738628387451172
-9.956549644470215
-9.97095012664795
-9.92017650604248
-9.83940315246582
-9.76615047454834
-9.881522178649902
-9.953023910522461
-9.963838577270508
-9.951772689819336
-9.9365816116333
-9.926325798034668
-9.901561737060547
-9.889342308044434
-9.864849090576172
-9.856368064880371
-9.94607162475586
-9.963306427001953
-9.868983268737793
-9.663102149963379
-9.762022972106934
-9.997331619262695
-9.856180191040039
-9.522664070129395
-9.996100425720215
-9.817992210388184
-9.490181922912598
-9.980557441711426
-9.435943603515625
-9.833230018615723
-9.946182250976562
-9.676920890808105
-9.745396614074707
-9.936800003051758
-9.919703483581543
-9.770211219787598
-9.880853652954102
-9.950901985168457
-10.006416320800781
-9.928982734680176
-9.767694473266602
-9.727174758911133
-9.868873596191406
-9.952008247375488
-9.996694564819336
-9.931636810302734
-9.795182228088379
-9.69681453704834
-9.911952018737793
-9.962407112121582
-9.917484283447266
-9.752350807189941
-9.749126434326172
-9.95626449584961
-9.9381742477417
-9.648504257202148
-9.791136741638184
-9.9801025390625
-9.971031188964844
-9.931445121765137
-9.913995742797852
-9.916699409484863
-9.909978866577148
-9.964097023010254
-9.971957206726074
-9.975287437438965
-9.993953704833984
-9.973749160766602
-9.97679328918457
-9.914838790893555
-9.760910987854004
-9.739006042480469
-9.889928817749023
-9.951480865478516
-9.973727226257324
-9.976540565490723
-9.96447467803955
-9.971582412719727
-9.957001686096191
-9.905108451843262
-9.856831550598145
-9.816781044006348
-9.832578659057617
-9.88215446472168
-9.850091934204102
-9.92798900604248
-9.925432205200195
-9.93609619140625
-9.945470809936523
-9.950531005859375
-9.933359146118164
-9.892962455749512
-9.850132942199707
-9.884319305419922
-9.924040794372559
-9.907426834106445
-9.900436401367188
-9.896139144897461
-9.956913948059082
-9.972658157348633
-9.961338996887207
-9.933794021606445
-9.889674186706543
-9.87641429901123
-9.810885429382324
-9.861162185668945
-9.893424987792969
-9.943614959716797
-9.951936721801758
-9.990556716918945
-9.949403762817383
-9.93647575378418
-9.848306655883789
-9.851570129394531
-9.868922233581543
-9.902260780334473
-9.923398971557617
-9.957858085632324
-9.962101936340332
-9.95229721069336
-9.92313289642334
-9.88270378112793
-9.82548999786377
-9.859808921813965
-9.885995864868164
-9.972955703735352
-9.983625411987305
-9.96661376953125
-9.90361499786377
-9.743321418762207
-9.79433536529541
-9.90162181854248
-9.919745445251465
-9.970526695251465
-9.990923881530762
-9.920702934265137
-9.763711929321289
-9.88010025024414
-9.935622215270996
-9.973494529724121
-9.967812538146973
-9.945271492004395
-9.83874797821045
-9.72291374206543
-9.872010231018066
-9.94601058959961
-10.003209114074707
-9.925403594970703
-9.670092582702637
-9.834840774536133
-9.94384765625
-10.007427215576172
-9.956008911132812
-9.872117042541504
-9.810722351074219
-9.8452787399292
-9.915143966674805
-9.956246376037598
-9.979071617126465
-9.98198413848877
-9.969182014465332
-9.939476013183594
-9.980831146240234
-9.984694480895996
-9.980433464050293
-9.938114166259766
-9.767848014831543
-9.642129898071289
-9.944282531738281
-10.000905990600586
-9.94085693359375
-9.74876594543457
-9.716968536376953
-9.93139362335205
-9.97813892364502
-9.841246604919434
-9.723267555236816
-9.890130996704102
-9.98924446105957
-9.992761611938477
-9.934640884399414
-9.818750381469727
-9.78148365020752
-9.900022506713867
-9.97402572631836
-9.996099472045898
-10.00169563293457
-9.967445373535156
-9.865401268005371
-9.812051773071289
-9.863616943359375
-9.872002601623535
-9.923515319824219
-9.933260917663574
-9.87466049194336
-9.827701568603516
-9.802980422973633
-9.88005542755127
-9.973933219909668
-9.993061065673828
-9.95543384552002
-9.841309547424316
-9.735578536987305
-9.947539329528809
-9.985665321350098
-9.90679931640625
-9.689637184143066
-9.80237865447998
-9.996522903442383
-9.9546537399292
-9.769499778747559
-9.81893539428711
-9.947653770446777
-9.983207702636719
-9.98525619506836
-9.993642807006836
-9.912936210632324
-9.84699821472168
-9.787993431091309
-9.82873249053955
-9.928545951843262
-10.00557804107666
-10.01182746887207
-9.988837242126465
-9.906142234802246
-9.809514999389648
-9.795998573303223
-9.93057918548584
-9.990447998046875
-10.006500244140625
-9.970410346984863
-9.885266304016113
-9.83661937713623
-9.831119537353516
-9.90678596496582
-9.921392440795898
-9.955081939697266
-9.972244262695312
-9.957693099975586
-9.919872283935547
-9.846816062927246
-9.873555183410645
-9.904364585876465
-9.932636260986328
-9.980942726135254
-9.954765319824219
-9.926437377929688
-9.865058898925781
-9.872933387756348
-9.874103546142578
-9.858778953552246
-9.858747482299805
-9.927839279174805
-9.9400053024292
-9.967955589294434
-9.947421073913574
-9.93187427520752
-9.908266067504883
-9.906044960021973
-9.910724639892578
-9.984156608581543
-9.991734504699707
-9.97761344909668
-9.976280212402344
-9.944147109985352
-9.881438255310059
-9.797989845275879
-9.77540111541748
-9.920527458190918
-9.985994338989258
-10.017544746398926
-10.0027437210083
-10.001709938049316
-9.986356735229492
-9.982653617858887
-9.945999145507812
-9.743979454040527
-9.696619987487793
-9.986422538757324
-9.95806884765625
-9.700207710266113
-9.796079635620117
-9.967209815979004
-9.996232986450195
-9.96816349029541
-9.923907279968262
-9.862139701843262
-9.905252456665039
-9.956600189208984
-9.977450370788574
-9.970964431762695
-9.960975646972656
-9.886797904968262
-9.782309532165527
-9.842659950256348
-9.907634735107422
-9.888132095336914
-9.883320808410645
-9.873006820678711
-9.906329154968262
-9.945557594299316
-9.976375579833984
-9.985509872436523
-10.008325576782227
-10.006741523742676
-9.988408088684082
-9.958780288696289
-9.91327953338623
-9.809449195861816
-9.838576316833496
-9.928409576416016
-9.96068000793457
-9.984539031982422
-9.997271537780762
-9.990493774414062
-9.992807388305664
-9.937163352966309
-9.832509994506836
-9.790825843811035
-9.918414115905762
-9.965900421142578
-9.976020812988281
-9.947888374328613
-9.896739959716797
-9.864728927612305
-9.85494327545166
-9.932296752929688
-9.95889949798584
-10.009662628173828
-9.98671817779541
-9.853626251220703
-9.752209663391113
-9.9359769821167
-9.99936294555664
-9.957100868225098
-9.83311939239502
-9.66455364227295
-9.9515380859375
-10.011215209960938
-9.870408058166504
-9.677566528320312
-9.825681686401367
-10.00806999206543
-9.960899353027344
-9.799641609191895
-9.84766960144043
-9.959120750427246
-10.00373649597168
-9.966119766235352
-9.728471755981445
-9.824411392211914
-9.985528945922852
-9.996549606323242
-9.978432655334473
-9.899894714355469
-9.852415084838867
-9.827980995178223
-9.897186279296875
-9.916060447692871
-9.987469673156738
-10.00341510772705
-9.998557090759277
-9.999184608459473
-9.938584327697754
-9.8141450881958
-9.770303726196289
-9.960853576660156
-10.007640838623047
-10.00181770324707
-9.995749473571777
-9.892340660095215
-9.794656753540039
-9.78390884399414
-9.952299118041992
-10.01470947265625
-9.998246192932129
-9.954683303833008
-9.836488723754883
-9.889243125915527
-9.923882484436035
-9.98245620727539
-9.984108924865723
-9.938889503479004
-9.855634689331055
-9.883819580078125
-9.935739517211914
-9.954218864440918
-9.98171615600586
-9.999445915222168
-10.012757301330566
-10.00883674621582
-9.955768585205078
-9.90298843383789
-9.872989654541016
-9.920328140258789
-9.936568260192871
-9.908896446228027
-9.855395317077637
-9.779318809509277
-9.82525634765625
-9.973739624023438
-10.004358291625977
-10.015548706054688
-9.971209526062012
-9.83690357208252
-9.799592018127441
-9.884381294250488
-9.972317695617676
-9.993227005004883
-10.004321098327637
-9.86152458190918
-9.736955642700195
-9.911775588989258
-9.996188163757324
-9.987659454345703
-9.893648147583008
-9.786995887756348
-9.892589569091797
-9.984539031982422
-10.011090278625488
-9.989384651184082
-9.870318412780762
-9.811327934265137
-9.862028121948242
-9.916460990905762
-9.934417724609375
-9.93391227722168
-9.900479316711426
-9.946968078613281
-9.935589790344238
-10.003179550170898
-10.007325172424316
-10.002422332763672
-10.008634567260742
-10.006832122802734
-9.917722702026367
-9.766663551330566
-9.845011711120605
-9.924720764160156
-9.962907791137695
-10.024091720581055
-9.97922134399414
-9.94111442565918
-9.920653343200684
-9.828300476074219
-9.84804916381836
-9.953625679016113
-9.948843955993652
-9.978167533874512
-9.970441818237305
-9.896429061889648
-9.822681427001953
-9.800605773925781
-9.931485176086426
-10.001660346984863
-9.9686861038208
-9.876575469970703
-9.771474838256836
-9.864480018615723
-9.957587242126465
-10.016603469848633
-10.00747013092041
-9.995902061462402
-9.882575035095215
-9.808115005493164
-9.863816261291504
-9.963117599487305
-10.0068998336792
-9.96616268157959
-9.871782302856445
-9.800854682922363
-9.90130615234375
-9.990675926208496
-10.011567115783691
-9.90279483795166
-9.737982749938965
-9.818442344665527
-9.991803169250488
-9.96370792388916
-9.784502983093262
-9.667685508728027
-9.924973487854004
-10.024369239807129
-9.903675079345703
-9.715667724609375
-9.914080619812012
-10.024056434631348
-9.991153717041016
-9.900594711303711
-9.83134651184082
-9.932058334350586
-10.006964683532715
-9.984649658203125
-9.989681243896484
-9.95824146270752
-9.941157341003418
-9.867230415344238
-9.816874504089355
-9.92245864868164
-9.957877159118652
-9.987736701965332
-9.97712230682373
-9.9398832321167
-9.87415599822998
-9.846208572387695
-9.86816120147705
-9.960367202758789
-9.993144989013672
-10.010736465454102
-10.029169082641602
-10.008495330810547
-9.990297317504883
-9.970901489257812
-9.878453254699707
-9.842331886291504
-9.841418266296387
-9.877301216125488
-9.941607475280762
-9.981374740600586
-9.969902038574219
-9.908239364624023
-9.858814239501953
-9.940250396728516
-9.96627426147461
-10.000717163085938
-10.00857162475586
-9.997847557067871
-9.999591827392578
-9.991808891296387
-9.937047004699707
-9.864151000976562
-9.792832374572754
-9.926037788391113
-9.996430397033691
-9.971235275268555
-9.884415626525879
-9.79096794128418
-9.852230072021484
-9.956659317016602
-9.984864234924316
-9.990291595458984
-10.018216133117676
-10.014219284057617
-9.96419620513916
-9.899356842041016
-9.825379371643066
-9.83154010772705
-9.98460578918457
-10.01742172241211
-10.000360488891602
-9.954628944396973
-9.849202156066895
-9.823122024536133
-9.88778305053711
-9.958944320678711
-9.981395721435547
-9.978507041931152
-9.89829158782959
-9.91612434387207
-9.927311897277832
-9.953219413757324
-9.994996070861816
-9.996776580810547
-9.947546005249023
-9.87535285949707
-9.82577133178711
-9.922639846801758
-9.930733680725098
-9.971759796142578
-9.993742942810059
-10.01133918762207
-9.990313529968262
-9.958344459533691
-9.922910690307617
-9.83437442779541
-9.828990936279297
-9.976771354675293
-10.01406478881836
-10.021151542663574
-10.04051685333252
-9.970250129699707
-9.93912124633789
-9.837920188903809
-9.799971580505371
-9.911458969116211
-9.988505363464355
-10.025666236877441
-10.00839614868164
-9.978232383728027
-9.960939407348633
-9.893746376037598
-9.86361312866211
-9.866040229797363
-9.893820762634277
-9.92895793914795
-9.98416805267334
-9.976667404174805
-9.919245719909668
-9.856075286865234
-9.872584342956543
-9.876228332519531
-9.967657089233398
-10.01073932647705
-10.00001335144043
-9.882574081420898
-9.753175735473633
-9.944940567016602
-10.022689819335938
-10.00406551361084
-9.98494815826416
-9.900023460388184
-9.830785751342773
-9.81905746459961
-9.977639198303223
-10.022400856018066
-9.994887351989746
-10.027310371398926
-9.986061096191406
-9.905383110046387
-9.876520156860352
-9.861162185668945
-9.898964881896973
-9.918671607971191
-9.990522384643555
-9.984685897827148
-9.98663330078125
-9.964875221252441
-9.873234748840332
-9.789071083068848
-9.926265716552734
-10.00352954864502
-10.02672290802002
-10.026652336120605
-9.997833251953125
-9.950705528259277
-9.889080047607422
-9.84264087677002
-9.868169784545898
-9.957232475280762
-10.014495849609375
-10.036535263061523
-10.010810852050781
-9.976679801940918
-9.85118579864502
-9.766911506652832
-9.961455345153809
-10.034529685974121
-9.998512268066406
-9.870084762573242
-9.726858139038086
-9.963936805725098
-10.004091262817383
-9.897035598754883
-9.76914119720459
-9.888668060302734
-9.998383522033691
-10.031224250793457
-10.018020629882812
-10.01973819732666
-10.017269134521484
-10.00788688659668
-10.023016929626465
-10.013391494750977
-9.88858413696289
-9.712178230285645
-9.820867538452148
-9.97302532196045
-10.022420883178711
-10.02598762512207
-10.020062446594238
-9.987286567687988
-9.88361644744873
-9.716645240783691
-9.975824356079102
-10.027335166931152
-9.96357250213623
-9.826112747192383
-9.780988693237305
-9.927627563476562
-10.007248878479004
-9.936017036437988
-9.779823303222656
-9.824234962463379
-9.978462219238281
-10.013785362243652
-10.005401611328125
-9.999049186706543
-9.882080078125
-9.845512390136719
-9.912163734436035
-9.986740112304688
-9.995462417602539
-9.991362571716309
-9.991273880004883
-10.029706001281738
-10.031062126159668
-10.023731231689453
-9.924361228942871
-9.768844604492188
-9.878351211547852
-9.96688175201416
-10.007213592529297
-9.97351360321045
-9.949573516845703
-9.879975318908691
-9.896531105041504
-9.904248237609863
-9.96441650390625
-9.97519588470459
-9.935935974121094
-9.920546531677246
-9.815750122070312
-9.832110404968262
-9.955259323120117
-10.012385368347168
-10.02269172668457
-10.026522636413574
-9.950685501098633
-9.861665725708008
-9.85861587524414
-9.968253135681152
-10.001791000366211
-10.038735389709473
-10.004255294799805
-9.960896492004395
-9.859766006469727
-9.828764915466309
-9.929704666137695
-10.013083457946777
-10.032288551330566
-10.049333572387695
-10.022600173950195
-9.938301086425781
-9.866503715515137
-9.809672355651855
-9.936528205871582
-9.991790771484375
-9.977194786071777
-9.929492950439453
-9.835583686828613
-9.889503479003906
-9.952378273010254
-10.010143280029297
-10.005694389343262
-10.012429237365723
-9.950275421142578
-9.862420082092285
-9.876310348510742
-9.95142936706543
-9.982771873474121
-9.987342834472656
-9.97953987121582
-9.9442138671875
-9.94399642944336
-9.951663970947266
-9.95368766784668
-9.888747215270996
-9.919058799743652
-9.929179191589355
-9.969167709350586
-9.966838836669922
-9.982711791992188
-9.948941230773926
-9.902390480041504
-9.879890441894531
-9.942282676696777
-9.975641250610352
-10.014080047607422
-10.010713577270508
-9.98366928100586
-9.909747123718262
-9.882874488830566
-9.89238452911377
-9.881341934204102
-9.897046089172363
-9.971983909606934
-9.97658920288086
-9.983753204345703
-9.959588050842285
-9.91903018951416
-9.869343757629395
-9.88952922821045
-9.933592796325684
-9.980985641479492
-10.027165412902832
-10.022040367126465
-10.023670196533203
-10.003639221191406
-9.993589401245117
-9.914164543151855
-9.893485069274902
-9.86807918548584
-9.94340991973877
-9.958362579345703
-9.970992088317871
-9.929463386535645
-9.885297775268555
-9.890048027038574
-9.956164360046387
-9.978677749633789
-9.989326477050781
-9.9621000289917
-9.935873985290527
-9.924933433532715
-9.871114730834961
-9.935185432434082
-9.966439247131348
-9.99018383026123
-10.00557804107666
-9.962603569030762
-9.933058738708496
-9.873153686523438
-9.871748924255371
-9.897890090942383
-9.927460670471191
-9.965900421142578
-9.996858596801758
-10.007526397705078
-9.990758895874023
-9.924108505249023
-9.84990119934082
-9.887971878051758
-9.993515968322754
-10.044705390930176
-10.046586990356445
-10.004415512084961
-9.856793403625488
-9.856902122497559
-9.874948501586914
-9.96911907196045
-10.014677047729492
-10.03990364074707
-10.047560691833496
-10.046538352966309
-10.002516746520996
-9.894731521606445
-9.795973777770996
-9.922658920288086
-10.003523826599121
-10.027877807617188
-10.019615173339844
-10.000089645385742
-9.898418426513672
-9.8201265335083
-9.84560775756836
-9.984203338623047
-10.017492294311523
-9.975639343261719
-9.735698699951172
-9.839838981628418
-10.010144233703613
-10.033682823181152
-9.992878913879395
-9.936087608337402
-9.857427597045898
-9.889991760253906
-9.961596488952637
-10.00264835357666
-9.980485916137695
-10.0165376663208
-9.994722366333008
-10.011773109436035
-10.029139518737793
-10.04137897491455
-10.023222923278809
-9.95329761505127
-9.84484577178955
-9.870625495910645
-9.918366432189941
-9.985713005065918
-10.0302095413208
-10.038698196411133
-10.021093368530273
-10.008881568908691
-9.919610977172852
-9.854517936706543
-9.889261245727539
-10.00333309173584
-10.011012077331543
-10.02712345123291
-10.021358489990234
-10.00222110748291
-9.952254295349121
-9.821711540222168
-9.840864181518555
-9.976818084716797
-10.048360824584961
-10.026167869567871
-10.001408576965332
-9.889702796936035
-9.832834243774414
-9.880997657775879
-9.977700233459473
-9.987161636352539
-10.0073823928833
-10.003430366516113
-9.987472534179688
-9.910232543945312
-9.878340721130371
-9.937328338623047
-10.002464294433594
-10.042713165283203
-10.059751510620117
-10.042729377746582
-9.96678638458252
-9.838613510131836
-9.781333923339844
-9.940500259399414
-10.047093391418457
-10.048733711242676
-10.013449668884277
-9.857648849487305
-9.854394912719727
-9.933696746826172
-10.010968208312988
-10.016973495483398
-10.024988174438477
-10.004634857177734
-9.911399841308594
-9.805965423583984
-9.866936683654785
-10.02234172821045
-10.0442476272583
-10.04976749420166
-9.95711898803711
-9.818873405456543
-9.89573860168457
-9.938048362731934
-9.97200870513916
-10.002907752990723
-10.01135540008545
-9.991923332214355
-9.911946296691895
-9.855082511901855
-9.961265563964844
-10.040946006774902
-10.040334701538086
-10.02967357635498
-10.008463859558105
-9.921110153198242
-9.869309425354004
-9.866108894348145
-9.891575813293457
-9.989934921264648
-10.04613208770752
-9.963502883911133
-9.962592124938965
-9.916324615478516
-9.905166625976562
-9.940467834472656
-9.97974967956543
-10.014411926269531
-10.044439315795898
-10.062514305114746
-10.065996170043945
-10.053664207458496
-10.081753730773926
-10.063302040100098
-10.065549850463867
-10.011320114135742
-10.02643871307373
-9.953095436096191
-9.853296279907227
-9.70626163482666
-9.958908081054688
-10.027606010437012
-10.053199768066406
-10.027325630187988
-9.890608787536621
-9.907812118530273
-9.94594669342041
-10.017428398132324
-10.04584789276123
-10.053655624389648
-9.945114135742188
-9.783557891845703
-9.903865814208984
-10.009228706359863
-10.035359382629395
-9.988381385803223
-9.77971363067627
-9.900782585144043
-9.979837417602539
-9.966876983642578
-9.994441032409668
-9.993611335754395
-9.905342102050781
-9.858057022094727
-9.861825942993164
-9.973406791687012
-10.017904281616211
-10.043553352355957
-10.059429168701172
-10.034316062927246
-10.03728199005127
-10.017438888549805
-9.922256469726562
-9.786599159240723
-9.858959197998047
-9.914306640625
-9.962035179138184
-9.979938507080078
-9.990724563598633
-10.02585220336914
-10.02837085723877
-10.012402534484863
-10.008474349975586
-9.938187599182129
-9.941084861755371
-9.909388542175293
-9.931930541992188
-9.926055908203125
-9.931533813476562
-9.91321086883545
-9.936203956604004
-9.93973445892334
-9.953763961791992
-9.923635482788086
-9.916504859924316
-9.969557762145996
-9.968901634216309
-9.902775764465332
-9.905322074890137
-9.949782371520996
-10.020772933959961
-10.043127059936523
-10.045886039733887
-10.050155639648438
-10.032805442810059
-10.00076675415039
-9.909507751464844
-9.747062683105469
-9.88570785522461
-10.010885238647461
-10.033135414123535
-9.897499084472656
-9.816793441772461
-9.841570854187012
-9.981269836425781
-10.027887344360352
-9.975909233093262
-9.870792388916016
-9.842118263244629
-9.94751262664795
-10.009167671203613
-10.045003890991211
-10.058643341064453
-10.022144317626953
-9.976052284240723
-9.708662986755371
-9.818072319030762
-10.04223918914795
-10.036842346191406
-9.922024726867676
-9.82429027557373
-9.853071212768555
-10.021385192871094
-10.04362964630127
-10.01011848449707
-9.942679405212402
-9.886916160583496
-9.905613899230957
-9.929854393005371
-9.998899459838867
-9.99388313293457
-9.987268447875977
-9.956931114196777
-9.955859184265137
-9.951275825500488
-9.978862762451172
-10.011144638061523
-9.968259811401367
-9.922727584838867
-9.928951263427734
-9.943254470825195
-9.994135856628418
-10.038548469543457
-9.944416999816895
-9.843084335327148
-9.909723281860352
-10.008010864257812
-10.054343223571777
-9.99329662322998
-9.815792083740234
-9.822392463684082
-9.970867156982422
-10.035186767578125
-10.022232055664062
-10.022218704223633
-10.001243591308594
-9.971297264099121
-9.878294944763184
-9.88470458984375
-9.933815002441406
-9.912592887878418
-9.947197914123535
-9.94551944732666
-9.958648681640625
-9.965996742248535
-9.976823806762695
-10.008788108825684
-10.039405822753906
-10.041269302368164
-10.05466365814209
-10.01725959777832
-10.011844635009766
-9.978388786315918
-9.915995597839355
-9.785038948059082
-9.9153470993042
-9.972214698791504
-9.999746322631836
-9.982538223266602
-9.987020492553711
-9.89816951751709
-9.942743301391602
-9.98933219909668
-9.978121757507324
-9.956311225891113
-9.95949649810791
-9.98764705657959
-9.956487655639648
-9.958335876464844
-9.974858283996582
-9.986194610595703
-10.014424324035645
-10.00412654876709
-10.022048950195312
-10.044156074523926
-10.003193855285645
-9.927224159240723
-9.806788444519043
-9.849181175231934
-10.005859375
-10.060107231140137
-10.053625106811523
-10.013932228088379
-9.88634967803955
-9.827658653259277
-9.942244529724121
-10.038692474365234
-10.067325592041016
-10.042661666870117
-10.058794975280762
-9.993632316589355
-9.919061660766602
-9.84231185913086
-9.943279266357422
-9.989145278930664
-9.964879989624023
-9.939209938049316
-9.949304580688477
-9.975011825561523
-9.988329887390137
-10.022465705871582
-10.05479907989502
-10.046136856079102
-10.058313369750977
-10.022717475891113
-9.928661346435547
-9.853413581848145
-9.918045997619629
-9.947678565979004
-9.971208572387695
-9.970892906188965
-9.970499038696289
-9.89255142211914
-9.918757438659668
-9.94982624053955
-10.036108016967773
-10.074848175048828
-10.061575889587402
-10.007184028625488
-9.941206932067871
-9.839215278625488
-9.864434242248535
-9.966808319091797
-10.040579795837402
-10.053915023803711
-10.04427433013916
-10.050006866455078
-10.033577919006348
-9.924437522888184
-9.872882843017578
-9.860654830932617
-9.939784049987793
-9.979476928710938
-9.979433059692383
-9.911568641662598
-9.922100067138672
-9.947847366333008
-10.052743911743164
-10.0078763961792
-9.823343276977539
-9.824584007263184
-9.972254753112793
-10.009723663330078
-10.003865242004395
-10.019792556762695
-10.002483367919922
-9.987900733947754
-9.944781303405762
-9.928658485412598
-9.904226303100586
-10.033050537109375
-10.057357788085938
-10.057535171508789
-10.051657676696777
-10.04977035522461
-10.032380104064941
-9.930732727050781
-9.825620651245117
-9.850922584533691
-10.00444507598877
-10.063993453979492
-10.0497465133667
-10.041122436523438
-9.868768692016602
-9.800098419189453
-9.89120864868164
-10.003740310668945
-10.049363136291504
-10.04719352722168
-9.990320205688477
-9.880141258239746
-9.850083351135254
-9.96098518371582
-10.028223991394043
-10.030272483825684
-10.063920974731445
-10.048121452331543
-10.069573402404785
-10.065239906311035
-9.967912673950195
-9.871838569641113
-9.832503318786621
-9.946616172790527
-10.006978988647461
-10.046124458312988
-10.072431564331055
-10.072361946105957
-9.984971046447754
-9.925724029541016
-9.840716361999512
-9.843823432922363
-10.001360893249512
-10.058304786682129
-10.055167198181152
-10.056290626525879
-10.076862335205078
-10.059432983398438
-10.028097152709961
-10.060285568237305
-10.02639389038086
-9.912843704223633
-9.845598220825195
-9.851515769958496
-9.977705955505371
-10.037728309631348
-10.051963806152344
-10.050036430358887
-10.02115249633789
-9.952789306640625
-9.805658340454102
-9.866913795471191
-10.002612113952637
-10.0362548828125
-10.029455184936523
-10.064887046813965
-10.088976860046387
-10.050498962402344
-10.05909538269043
-10.03368854522705
-9.980057716369629
-9.889281272888184
-9.8608980178833
-9.89442253112793
-10.004189491271973
-10.0491943359375
-10.062752723693848
-10.023587226867676
-9.910831451416016
-9.864768981933594
-9.907151222229004
-9.980855941772461
-9.997936248779297
-10.042301177978516
-10.073514938354492
-10.08155632019043
-10.066507339477539
-10.046113967895508
-10.033910751342773
-9.936189651489258
-9.790867805480957
-9.94194221496582
-10.01148796081543
-10.067054748535156
-10.06275749206543
-10.074590682983398
-10.04734992980957
-9.997795104980469
-9.787293434143066
-9.752141952514648
-10.007272720336914
-10.073005676269531
-10.056425094604492
-9.908604621887207
-9.767965316772461
-9.947184562683105
-10.042977333068848
-10.086163520812988
-10.00489330291748
-9.830126762390137
-9.847525596618652
-9.988221168518066
-10.047131538391113
-10.06359577178955
-10.08142375946045
-10.076407432556152
-10.02578067779541
-9.999870300292969
-9.828970909118652
-9.730348587036133
-10.033963203430176
-10.066749572753906
-9.866561889648438
-9.764013290405273
-9.980978012084961
-10.05160140991211
-9.977598190307617
-9.782665252685547
-9.937676429748535
-10.068230628967285
-10.080190658569336
-10.019891738891602
-9.910840034484863
-9.858718872070312
-9.930952072143555
-10.024188041687012
-10.047599792480469
-10.077768325805664
-10.07351303100586
-10.055802345275879
-10.03678035736084
-10.0090913772583
-9.817591667175293
-9.772241592407227
-10.010422706604004
-10.028995513916016
-9.849113464355469
-9.781764030456543
-9.974976539611816
-10.044139862060547
-10.056707382202148
-9.88752269744873
-9.813209533691406
-9.97680377960205
-10.050766944885254
-10.055237770080566
-10.009446144104004
-9.855445861816406
-9.851447105407715
-9.99852180480957
-10.085248947143555
-9.958128929138184
-9.870893478393555
-9.895526885986328
-10.030157089233398
-10.056825637817383
-10.059820175170898
-10.018512725830078
-9.948707580566406
-9.867035865783691
-9.897360801696777
-9.998700141906738
-10.04781436920166
-10.084775924682617
-10.085494041442871
-10.086133003234863
-10.062492370605469
-10.036885261535645
-9.927353858947754
-9.759136199951172
-9.923254013061523
-10.048749923706055
-10.033514976501465
-10.047514915466309
-10.047473907470703
-10.068583488464355
-10.059595108032227
-10.073871612548828
-10.026403427124023
-9.880476951599121
-9.789159774780273
-9.884654998779297
-10.006839752197266
-10.037498474121094
-10.08642864227295
-10.079337120056152
-10.010183334350586
-9.904911994934082
-9.791923522949219
-9.973567962646484
-10.085649490356445
-10.05659008026123
-10.054305076599121
-10.014449119567871
-9.935924530029297
-9.835649490356445
-9.968432426452637
-10.026620864868164
-10.025017738342285
-9.994104385375977
-9.964383125305176
-9.909131050109863
-9.95583724975586
-10.029876708984375
-10.01171588897705
-10.023005485534668
-9.985424995422363
-9.935998916625977
-9.929240226745605
-9.950645446777344
-9.979874610900879
-9.953943252563477
-9.895966529846191
-9.899911880493164
-9.961861610412598
-9.998129844665527
-10.044835090637207
-10.05801773071289
-10.077574729919434
-9.969151496887207
-9.79336929321289
-9.924859046936035
-10.048274040222168
-10.053409576416016
-10.075133323669434
-10.053333282470703
-10.060546875
-10.017353057861328
-9.980646133422852
-9.91394329071045
-9.91340160369873
-9.945140838623047
-9.959901809692383
-9.953442573547363
-9.934078216552734
-9.920169830322266
-9.9762544631958
-9.983823776245117
-10.020082473754883
-9.994769096374512
-10.001879692077637
-9.959783554077148
-9.967008590698242
-9.994307518005371
-10.049620628356934
-10.040946006774902
-9.963186264038086
-9.893793106079102
-9.899208068847656
-9.952895164489746
-9.989728927612305
-10.051888465881348
-10.048943519592285
-10.055485725402832
-9.979933738708496
-9.870096206665039
-9.848031044006348
-9.996073722839355
-10.057158470153809
-10.080934524536133
-10.034841537475586
-9.925722122192383
-9.8245849609375
-9.928288459777832
-10.048165321350098
-10.065218925476074
-10.085160255432129
-10.047640800476074
-9.959088325500488
-9.835155487060547
-9.871698379516602
-10.06581974029541
-10.07870101928711
-9.975335121154785
-9.70460319519043
-9.911972999572754
-10.083850860595703
-10.04638671875
-9.913708686828613
-9.820984840393066
-9.961458206176758
-10.096282005310059
-10.038122177124023
-9.84656810760498
-9.883123397827148
-10.02662467956543
-10.060026168823242
-10.063701629638672
-10.080963134765625
-10.081071853637695
-10.066705703735352
-10.064369201660156
-10.000101089477539
-9.86336898803711
-9.869600296020508
-9.951021194458008
-10.028733253479004
-10.052924156188965
-9.995071411132812
-9.921759605407715
-9.945247650146484
-9.982909202575684
-9.981982231140137
-9.943510055541992
-9.954102516174316
-9.964860916137695
-9.967486381530762
-9.928525924682617
-10.011332511901855
-10.074146270751953
-10.033343315124512
-9.934393882751465
-9.905067443847656
-9.936594009399414
-10.033886909484863
-10.069782257080078
-10.06607437133789
-10.020605087280273
-9.988764762878418
-9.905401229858398
-9.913695335388184
-9.977803230285645
-10.047884941101074
-10.062041282653809
-10.046493530273438
-9.925625801086426
-9.675481796264648
-10.040273666381836
-9.982037544250488
-9.647958755493164
-9.938712120056152
-10.081565856933594
-9.935033798217773
-9.722433090209961
-9.952339172363281
-10.060441970825195
-9.930069923400879
-9.822731971740723
-9.980231285095215
-10.054426193237305
-10.068299293518066
-10.07809829711914
-10.066071510314941
-10.047037124633789
-10.0326566696167
-9.986220359802246
-9.910417556762695
-9.860856056213379
-9.993951797485352
-10.078699111938477
-9.99400520324707
-9.802684783935547
-9.7940034866333
-10.040820121765137
-10.07436752319336
-9.951692581176758
-9.824529647827148
-9.894257545471191
-10.052091598510742
-10.090252876281738
-10.068004608154297
-10.071585655212402
-10.088583946228027
-10.063970565795898
-10.01659870147705
-9.959487915039062
-9.829815864562988
-9.908823013305664
-9.9893217086792
-10.029656410217285
-10.062332153320312
-10.056201934814453
-10.023077964782715
-10.012694358825684
-9.92197322845459
-9.926889419555664
-9.942581176757812
-10.002840042114258
-10.037117004394531
-9.990968704223633
-9.953681945800781
-9.904853820800781
-9.918754577636719
-10.010589599609375
-10.05335807800293
-10.084826469421387
-10.096545219421387
-10.046293258666992
-9.983057022094727
-9.885929107666016
-9.941515922546387
-9.984451293945312
-10.018165588378906
-10.047677040100098
-9.944255828857422
-9.858515739440918
-9.954505920410156
-10.073393821716309
-10.056161880493164
-9.972309112548828
-9.82575511932373
-9.96981430053711
-10.056685447692871
-10.05412483215332
-10.087102890014648
-10.054926872253418
-9.996129035949707
-9.811112403869629
-9.840225219726562
-10.02244758605957
-10.075844764709473
-10.07297420501709
-10.072660446166992
-9.935018539428711
-9.856099128723145
-9.879770278930664
-10.055536270141602
-9.993316650390625
-9.729806900024414
-9.981478691101074
-10.092706680297852
-10.073145866394043
-9.99441909790039
-9.877801895141602
-9.939801216125488
-10.004794120788574
-10.044286727905273
-10.065131187438965
-10.08200454711914
-10.075374603271484
-9.996268272399902
-9.857644081115723
-9.982829093933105
-10.033713340759277
-10.0614013671875
-10.00632381439209
-9.975078582763672
-9.912115097045898
-9.966989517211914
-9.988771438598633
-10.026905059814453
-10.051989555358887
-10.079686164855957
-10.05631160736084
-10.0517578125
-9.996286392211914
-9.910362243652344
-9.885916709899902
-9.97441577911377
-10.01964282989502
-10.07741641998291
-10.068334579467773
-10.07447624206543
-10.037696838378906
-10.016560554504395
-9.950807571411133
-9.860586166381836
-9.906219482421875
-10.023669242858887
-10.075182914733887
-10.08611011505127
-10.076881408691406
-10.092669486999512
-10.098295211791992
-10.103350639343262
-10.098912239074707
-10.085026741027832
-10.072848320007324
-10.017149925231934
-9.928638458251953
-9.778882026672363
-9.995326042175293
-10.064806938171387
-10.053703308105469
-10.036565780639648
-10.003382682800293
-9.919841766357422
-10.02541446685791
-10.067084312438965
-10.04991626739502
-9.97425651550293
-9.883462905883789
-9.973128318786621
-9.954120635986328
-9.85855770111084
-9.757431983947754
-10.025972366333008
-10.063385963439941
-9.951568603515625
-9.85498046875
-9.976781845092773
-10.067285537719727
-10.048386573791504
-10.00295639038086
-9.949850082397461
-9.910860061645508
-9.987207412719727
-10.062233924865723
-10.061469078063965
-10.102860450744629
-10.070655822753906
-10.025225639343262
-9.889952659606934
-9.787871360778809
-10.049729347229004
-10.05402946472168
-9.867813110351562
-9.800769805908203
-9.981880187988281
-10.058825492858887
-10.082557678222656
-10.079519271850586
-10.091752052307129
-10.080257415771484
-10.095730781555176
-10.040899276733398
-9.977951049804688
-9.913801193237305
-9.900073051452637
-9.954187393188477
-9.977843284606934
-9.918844223022461
-9.96331787109375
-9.99770450592041
-10.030243873596191
-10.02719497680664
-9.978708267211914
-9.961084365844727
-10.006718635559082
-10.03366470336914
-10.028477668762207
-10.013606071472168
-9.981189727783203
-9.934900283813477
-9.929001808166504
-9.995534896850586
-9.989375114440918
-10.058757781982422
-10.031698226928711
-10.014298439025879
-10.020567893981934
-9.910943031311035
-9.896442413330078
-9.950688362121582
-10.031523704528809
-10.053396224975586
-10.05221939086914
-10.010686874389648
-9.92026424407959
-9.818018913269043
-10.049938201904297
-10.092012405395508
-9.922795295715332
-9.782343864440918
-9.997138977050781
-10.091323852539062
-10.041788101196289
-9.846245765686035
-9.927631378173828
-10.053425788879395
-10.076404571533203
-10.09739875793457
-10.078336715698242
-10.066909790039062
-10.033233642578125
-10.0226469039917
-9.889819145202637
-9.818432807922363
-10.01240348815918
-10.079704284667969
-10.075718879699707
-10.085074424743652
-10.039276123046875
-9.963688850402832
-9.9369478225708
-9.935962677001953
-10.006468772888184
-10.026803016662598
-9.9736909866333
-9.923501968383789
-10.013639450073242
-10.048344612121582
-10.080334663391113
-10.089207649230957
-10.100702285766602
-10.092042922973633
-10.069437980651855
-10.034265518188477
-9.898940086364746
-9.835394859313965
-10.004326820373535
-10.08436393737793
-10.101448059082031
-10.08986759185791
-10.072470664978027
-9.988529205322266
-9.849675178527832
-9.906620025634766
-10.00549602508545
-10.050766944885254
-10.067225456237793
-10.068765640258789
-10.056682586669922
-10.036406517028809
-9.969749450683594
-9.941320419311523
-9.92482852935791
-10.066368103027344
-10.085960388183594
-10.07612133026123
-9.953300476074219
-9.778881072998047
-9.950663566589355
-10.066136360168457
-10.059890747070312
-10.087152481079102
-10.08238697052002
-10.07325267791748
-10.03036117553711
-9.966126441955566
-9.894861221313477
-10.036396026611328
-10.067378997802734
-10.089702606201172
-9.986557006835938
-9.77786922454834
-9.864522933959961
-10.027345657348633
-10.062087059020996
-10.087857246398926
-10.01386833190918
-9.926700592041016
-9.872249603271484
-9.973319053649902
-10.06156063079834
-10.095057487487793
-10.093914985656738
-10.117488861083984
-10.101297378540039
-10.086366653442383
-10.07702350616455
-9.983569145202637
-9.967923164367676
-9.907326698303223
-9.937259674072266
-9.94162368774414
-10.005973815917969
-9.989195823669434
-9.952503204345703
-9.955809593200684
-10.03409481048584
-10.042574882507324
-10.074024200439453
-10.096179008483887
-10.076505661010742
-10.059774398803711
-10.013425827026367
-9.92611026763916
-9.894912719726562
-9.955371856689453
-10.015311241149902
-10.045509338378906
-10.099217414855957
-10.089229583740234
-10.027360916137695
-9.848206520080566
-9.861515998840332
-9.987738609313965
-10.05076789855957
-10.07572078704834
-10.099957466125488
-10.087913513183594
-10.09250259399414
-10.066556930541992
-9.958318710327148
-9.929977416992188
-9.934845924377441
-10.049498558044434
-10.094588279724121
-10.098560333251953
-9.983112335205078
-9.720873832702637
-9.981410026550293
-10.097929954528809
-10.07547664642334
-10.031391143798828
-9.98617935180664
-9.99212646484375
-9.989646911621094
-9.989090919494629
-9.985925674438477
-9.957189559936523
-9.960329055786133
-10.002685546875
-10.046137809753418
-10.044830322265625
-10.029099464416504
-9.978278160095215
-9.957915306091309
-10.059887886047363
-10.066956520080566
-10.096076965332031
-10.107982635498047
-10.087940216064453
-10.096803665161133
-10.016854286193848
-9.868051528930664
-9.88598346710205
-9.952797889709473
-10.007851600646973
-10.048964500427246
-10.042475700378418
-9.96203899383545
-9.913265228271484
-9.932555198669434
-10.041898727416992
-10.050240516662598
-10.077794075012207
-10.061972618103027
-10.081266403198242
-10.060150146484375
-10.034502029418945
-9.937944412231445
-9.88260555267334
-9.983173370361328
-10.075535774230957
-10.091255187988281
-10.109197616577148
-10.07752513885498
-9.980602264404297
-9.866130828857422
-9.887451171875
-10.017934799194336
-10.10068416595459
-10.114587783813477
-10.118610382080078
-10.105965614318848
-10.108576774597168
-10.110383987426758
-10.084373474121094
-10.05400276184082
-9.955187797546387
-9.845559120178223
-9.880948066711426
-10.000873565673828
-10.099631309509277
-10.080321311950684
-10.056756019592285
-10.010039329528809
-9.960877418518066
-9.966031074523926
-9.994256019592285
-10.027515411376953
-9.991482734680176
-10.024639129638672
-10.003814697265625
-9.965490341186523
-9.97432804107666
-10.004287719726562
-10.038308143615723
-10.019585609436035
-9.974424362182617
-9.966277122497559
-10.015746116638184
-10.05173397064209
-10.044634819030762
-10.042871475219727
-9.999908447265625
-9.934892654418945
-9.943477630615234
-9.983351707458496
-10.070008277893066
-10.09131145477295
-10.099384307861328
-9.954463005065918
-9.793228149414062
-9.91882610321045
-10.072108268737793
-10.1015043258667
-10.105573654174805
-10.098161697387695
-10.066558837890625
-10.014123916625977
-9.898017883300781
-9.92438793182373
-9.989690780639648
-10.070269584655762
-10.073760032653809
-10.05020809173584
-9.980705261230469
-9.898799896240234
-9.894684791564941
-10.03152084350586
-10.089821815490723
-10.10850715637207
-10.098132133483887
-10.11477279663086
-10.08765983581543
-10.053531646728516
-9.972211837768555
-9.849867820739746
-9.895296096801758
-10.034917831420898
-10.073477745056152
-10.056570053100586
-10.028779983520508
-9.932917594909668
-9.892534255981445
-10.005953788757324
-10.065553665161133
-10.079384803771973
-10.079476356506348
-10.069404602050781
-10.00792407989502
-9.941313743591309
-9.896058082580566
-10.04687213897705
-10.099132537841797
-10.095035552978516
-10.059276580810547
-10.034831047058105
-9.944893836975098
-9.907228469848633
-9.95891284942627
-10.04542064666748
-10.099782943725586
-10.116086959838867
-10.117194175720215
-10.101740837097168
-10.095446586608887
-10.074836730957031
-9.885934829711914
-9.780068397521973
-10.008312225341797
-10.120912551879883
-10.085057258605957
-9.897934913635254
-9.695960998535156
-10.086623191833496
-10.010414123535156
-9.664581298828125
-10.037361145019531
-10.044034957885742
-9.791046142578125
-10.003209114074707
-10.094404220581055
-10.05357551574707
-9.796208381652832
-9.914827346801758
-10.089177131652832
-10.034448623657227
-9.817873001098633
-9.981375694274902
-10.097373008728027
-10.096270561218262
-9.950718879699707
-9.805776596069336
-10.028083801269531
-10.129233360290527
-10.071327209472656
-9.903371810913086
-9.875844955444336
-10.027192115783691
-10.075733184814453
-10.038745880126953
-10.00963306427002
-9.955018043518066
-9.997479438781738
-10.031682014465332
-10.049736022949219
-10.066680908203125
-10.06365966796875
-10.057543754577637
-10.003743171691895
-9.984325408935547
-9.996865272521973
-9.958037376403809
-9.92737865447998
-9.981006622314453
-10.021120071411133
-10.021194458007812
-10.008315086364746
-10.012825012207031
-9.998263359069824
-9.981124877929688
-9.985891342163086
-10.012914657592773
-10.075968742370605
-10.07559871673584
-10.0695161819458
-10.045121192932129
-9.9633150100708
-9.951925277709961
-9.979479789733887
-10.056992530822754
-10.073357582092285
-10.051639556884766
-9.964344024658203
-9.960798263549805
-10.0077543258667
-10.0525541305542
-10.06787109375
-10.10815715789795
-10.115676879882812
-10.125425338745117
-10.128005981445312
-10.099383354187012
-10.021700859069824
-9.866659164428711
-9.916412353515625
-10.022724151611328
-10.037222862243652
-10.036767959594727
-10.036706924438477
-9.983468055725098
-10.033880233764648
-10.071727752685547
-10.068367958068848
-9.989386558532715
-9.93163776397705
-9.894163131713867
-10.018688201904297
-10.0774564743042
-10.092527389526367
-10.101329803466797
-10.144057273864746
-10.125226020812988
-10.106510162353516
-10.013422966003418
-9.82714557647705
-9.89276123046875
-10.006282806396484
-10.051139831542969
-10.069929122924805
-10.068930625915527
-10.07150936126709
-10.072120666503906
-10.046161651611328
-10.06580924987793
-10.02246379852295
-9.993168830871582
-9.935956001281738
-10.020096778869629
-10.047004699707031
-10.037257194519043
-9.933084487915039
-10.005542755126953
-10.035147666931152
-10.094330787658691
-10.078146934509277
-10.031689643859863
-9.977742195129395
-9.88605785369873
-9.937052726745605
-10.067022323608398
-10.107019424438477
-10.114129066467285
-10.094112396240234
-10.037931442260742
-9.980379104614258
-9.946117401123047
-10.028255462646484
-10.056891441345215
-10.085076332092285
-10.09074592590332
-10.082096099853516
-10.096020698547363
-10.00556755065918
-9.814035415649414
-9.891914367675781
-10.03305721282959
-10.095839500427246
-10.093588829040527
-10.115680694580078
-10.141361236572266
-10.109304428100586
-10.10054874420166
-10.04211711883545
-9.911486625671387
-9.90126895904541
-9.922304153442383
-10.051335334777832
-10.081151008605957
-10.138153076171875
-10.011802673339844
-9.773862838745117
-10.000916481018066
-10.11665153503418
-10.110316276550293
-10.001182556152344
-9.873590469360352
-9.973592758178711
-10.098347663879395
-10.1123628616333
-10.13253402709961
-10.102169036865234
-9.978919982910156
-9.835307121276855
-10.000128746032715
-10.074678421020508
-10.112035751342773
-10.09505844116211
-9.984779357910156
-9.833914756774902
-9.86424446105957
-10.084202766418457
-10.116838455200195
-10.090907096862793
-10.044588088989258
-9.942541122436523
-9.88791561126709
-9.972921371459961
-10.070161819458008
-10.10256576538086
-10.140630722045898
-10.042798042297363
-9.875822067260742
-9.911648750305176
-10.012696266174316
-10.089691162109375
-10.107542991638184
-10.087847709655762
-10.064522743225098
-9.93276309967041
-9.911316871643066
-10.00343132019043
-10.116151809692383
-10.130188941955566
-10.110856056213379
-10.074115753173828
-9.96661376953125
-9.885501861572266
-9.989087104797363
-10.06981372833252
-10.09559440612793
-10.111191749572754
-10.092700958251953
-10.074530601501465
-9.892298698425293
-9.831879615783691
-10.056808471679688
-10.098382949829102
-10.095766067504883
-9.958710670471191
-9.787958145141602
-10.069928169250488
-10.116707801818848
-9.972588539123535
-9.85547161102295
-9.938583374023438
-10.05423641204834
-10.108888626098633
-10.092154502868652
-10.08000373840332
-10.046141624450684
-10.059147834777832
-10.040634155273438
-10.056133270263672
-10.061360359191895
-10.039249420166016
-10.029866218566895
-9.958525657653809
-9.946269989013672
-10.025693893432617
-10.068699836730957
-10.085480690002441
-10.078822135925293
-10.006159782409668
-9.977555274963379
-9.981077194213867
-10.041559219360352
-10.067361831665039
-10.090149879455566
-10.108189582824707
-10.105143547058105
-10.11424732208252
-10.111515045166016
-10.093429565429688
-9.988982200622559
-9.795391082763672
-9.870932579040527
-10.080411911010742
-10.126922607421875
-10.150089263916016
-10.112153053283691
-10.130908966064453
-10.11474895477295
-10.037515640258789
-9.975678443908691
-9.90211296081543
-9.983534812927246
-10.054022789001465
-10.084883689880371
-10.097735404968262
-9.99638843536377
-9.871391296386719
-9.949178695678711
-10.0194673538208
-10.071388244628906
-10.090734481811523
-10.095480918884277
-10.12536907196045
-10.114152908325195
-10.08313274383545
-10.0922212600708
-10.025700569152832
-9.991628646850586
-9.903849601745605
-10.027395248413086
-10.088171005249023
-10.105582237243652
-9.946049690246582
-9.679481506347656
-10.061675071716309
-10.053497314453125
-9.652904510498047
-10.029054641723633
-10.07239818572998
-9.787494659423828
-9.927383422851562
-10.073349952697754
-10.096203804016113
-9.991790771484375
-9.79935073852539
-10.012722969055176
-10.10119342803955
-10.11068058013916
-10.041656494140625
-9.922218322753906
-9.924661636352539
-10.024914741516113
-10.113382339477539
-10.12736701965332
-10.061166763305664
-9.93839168548584
-9.898889541625977
-10.027312278747559
-10.07191276550293
-10.09700870513916
-10.101876258850098
-10.075128555297852
-9.994783401489258
-9.878374099731445
-9.947226524353027
-10.055303573608398
-10.075714111328125
-10.0895357131958
-10.06924057006836
-10.053791999816895
-9.995743751525879
-9.981322288513184
-10.0021333694458
-10.013270378112793
-10.026132583618164
-9.993803024291992
-10.009054183959961
-10.018527030944824
-10.019733428955078
-10.085856437683105
-10.108695030212402
-10.079051971435547
-10.00676155090332
-9.994099617004395
-9.986907005310059
-10.023874282836914
-10.04517650604248
-10.079869270324707
-10.107780456542969
-10.113395690917969
-10.079952239990234
-10.06296157836914
-10.02558422088623
-9.922735214233398
-9.899344444274902
-10.029510498046875
-10.098360061645508
-10.120776176452637
-10.071752548217773
-10.04525089263916
-9.995862007141113
-9.924798965454102
-9.969663619995117
-10.065711975097656
-10.096478462219238
-10.101775169372559
-10.053777694702148
-10.000361442565918
-9.893665313720703
-9.991541862487793
-10.097384452819824
-10.094740867614746
-10.078367233276367
-9.985520362854004
-9.868724822998047
-9.985958099365234
-10.073351860046387
-10.113160133361816
-10.136370658874512
-10.136942863464355
-10.105541229248047
-10.032519340515137
-9.897433280944824
-9.885590553283691
-10.031838417053223
-10.08778190612793
-10.084755897521973
-10.076703071594238
-10.055095672607422
-10.000341415405273
-10.01386833190918
-9.990385055541992
-9.977145195007324
-10.012763977050781
-10.037168502807617
-10.03999137878418
-10.098079681396484
-10.08192253112793
-10.066282272338867
-10.02133560180664
-10.020808219909668
-10.01567268371582
-10.0458345413208
-10.012933731079102
-10.017868995666504
-9.951810836791992
-9.999502182006836
-10.041744232177734
-10.114448547363281
-10.11614990234375
-10.078516960144043
-9.973578453063965
-9.926766395568848
-10.027180671691895
-10.09299373626709
-10.120108604431152
-10.10523796081543
-10.106743812561035
-10.060358047485352
-10.062236785888672
-10.010011672973633
-9.988362312316895
-9.968399047851562
-9.98659896850586
-9.98388671875
-10.005729675292969
-9.990541458129883
-9.974078178405762
-10.000215530395508
-10.057245254516602
-10.048727989196777
-10.076991081237793
-10.043512344360352
-10.011185646057129
-10.035181045532227
-9.963351249694824
-9.98438835144043
-10.092790603637695
-10.12380599975586
-10.12212085723877
-10.124741554260254
-10.123231887817383
-10.09240436553955
-10.06286907196045
-9.968770027160645
-9.924137115478516
-10.010955810546875
-10.088561058044434
-10.111149787902832
-10.120305061340332
-10.128994941711426
-10.059456825256348
-9.883228302001953
-9.908326148986816
-10.023667335510254
-10.095024108886719
-10.111401557922363
-10.045559883117676
-9.903151512145996
-9.943122863769531
-10.068923950195312
-10.108494758605957
-10.132081985473633
-10.108777046203613
-10.032087326049805
-9.93164348602295
-9.987606048583984
-10.088186264038086
-10.11343002319336
-10.134023666381836
-10.146090507507324
-10.108973503112793
-10.137138366699219
-10.086027145385742
-9.931381225585938
-9.87271785736084
-9.9739990234375
-10.082419395446777
-10.12447452545166
-10.1423921585083
-10.12825870513916
-10.12704086303711
-10.036291122436523
-9.892756462097168
-9.995820045471191
-10.064083099365234
-10.118449211120605
-10.133687019348145
-10.139579772949219
-10.117313385009766
-10.1270751953125
-10.056770324707031
-9.871838569641113
-9.954258918762207
-10.037125587463379
-10.094637870788574
-10.10622787475586
-10.107412338256836
-10.067906379699707
-10.051447868347168
-9.977927207946777
-9.981043815612793
-9.975927352905273
-10.041029930114746
-10.078301429748535
-10.079523086547852
-10.013919830322266
-9.978996276855469
-9.963827133178711
-10.104487419128418
-10.132076263427734
-10.083847045898438
-10.087712287902832
-10.105951309204102
-10.008560180664062
-9.795930862426758
-9.978592872619629
-10.111927032470703
-10.096028327941895
-10.07875919342041
-10.011280059814453
-9.974384307861328
-9.988838195800781
-10.078567504882812
-10.106796264648438
-10.126338958740234
-10.139570236206055
-10.124361038208008
-10.088434219360352
-10.05769157409668
-9.952176094055176
-9.898146629333496
-10.015411376953125
-10.110275268554688
-10.131503105163574
-10.11316967010498
-9.939635276794434
-9.909528732299805
-9.994566917419434
-10.099475860595703
-10.126521110534668
-10.120306968688965
-9.96959400177002
-9.828536033630371
-10.010210037231445
-10.092951774597168
-10.13242244720459
-10.136606216430664
-10.136039733886719
-10.135701179504395
-10.096840858459473
-10.110288619995117
-10.058753967285156
-9.915958404541016
-9.872356414794922
-10.057861328125
-10.123610496520996
-10.140115737915039
-10.125247955322266
-10.088953971862793
-9.89669132232666
-9.788080215454102
-10.088781356811523
-10.137989044189453
-9.989485740661621
-9.921165466308594
-9.964128494262695
-10.100790023803711
-10.131200790405273
-10.095297813415527
-9.975974082946777
-9.842256546020508
-10.020272254943848
-10.117535591125488
-10.160382270812988
-10.126251220703125
-10.020636558532715
-9.972952842712402
-9.983931541442871
-10.059355735778809
-10.097311019897461
-10.086353302001953
-10.03651237487793
-9.923077583312988
-9.9144926071167
-10.043073654174805
-10.10576057434082
-10.135238647460938
-10.139586448669434
-10.128562927246094
-10.079813957214355
-9.950105667114258
-9.881839752197266
-10.011847496032715
-10.064482688903809
-10.078367233276367
-10.062786102294922
-9.926957130432129
-9.903230667114258
-10.023503303527832
-10.108552932739258
-10.12122631072998
-10.010123252868652
-9.856934547424316
-9.957265853881836
-10.106195449829102
-10.149446487426758
-10.12058162689209
-10.14408016204834
-10.111333847045898
-10.131304740905762
-10.08205509185791
-10.011207580566406
-9.861857414245605
-10.0184326171875
-10.079974174499512
-10.132641792297363
-10.13265609741211
-10.043525695800781
-9.899701118469238
-9.883393287658691
-10.058591842651367
-10.115184783935547
-9.976436614990234
-9.878721237182617
-9.995597839355469
-10.050031661987305
-10.08009147644043
-10.076033592224121
-10.054020881652832
-10.024894714355469
-10.01475715637207
-10.054143905639648
-10.093682289123535
-10.092059135437012
-10.088155746459961
-10.060574531555176
-9.969539642333984
-9.987970352172852
-9.976263046264648
-10.137271881103516
-10.151830673217773
-10.127798080444336
-10.086939811706543
-9.95030403137207
-9.94021224975586
-10.005313873291016
-10.079118728637695
-10.092330932617188
-10.073939323425293
-10.085795402526855
-10.007530212402344
-9.939929962158203
-9.98495101928711
-10.040816307067871
-10.068562507629395
-10.125784873962402
-10.130037307739258
-10.103569030761719
-10.132878303527832
-10.12761116027832
-10.061741828918457
-9.970091819763184
-9.857322692871094
-9.899913787841797
-10.079682350158691
-10.11021900177002
-10.143238067626953
-10.074509620666504
-9.94253158569336
-9.977142333984375
-10.023604393005371
-10.059070587158203
-10.054320335388184
-10.073094367980957
-10.0485258102417
-10.021306991577148
-9.993847846984863
-10.04902172088623
-10.090313911437988
-10.066953659057617
-9.974847793579102
-10.009319305419922
-10.070451736450195
-10.086958885192871
-10.081533432006836
-10.117753028869629
-10.09661865234375
-10.123185157775879
-10.057157516479492
-9.938193321228027
-9.841890335083008
-10.07091999053955
-10.114339828491211
-10.113563537597656
-10.126518249511719
-10.124101638793945
-10.136890411376953
-10.14250373840332
-10.133382797241211
-10.052812576293945
-9.933548927307129
-9.915900230407715
-10.055350303649902
-10.109284400939941
-10.121822357177734
-10.147109031677246
-10.13554573059082
-10.05333137512207
-9.922468185424805
-9.885293960571289
-10.073433876037598
-10.131673812866211
-10.109732627868652
-9.928223609924316
-9.769333839416504
-10.13094711303711
-10.024365425109863
-9.623887062072754
-10.123159408569336
-9.893121719360352
-9.639653205871582
-10.122565269470215
-9.527777671813965
-10.085803031921387
-9.942452430725098
-9.72171401977539
-10.080440521240234
-10.0381441116333
-9.746763229370117
-10.063485145568848
-10.094332695007324
-9.911782264709473
-9.903130531311035
-10.097228050231934
-10.110855102539062
-10.01668930053711
-9.937978744506836
-9.978479385375977
-10.113085746765137
-10.119218826293945
-10.056839942932129
-9.898310661315918
-9.881356239318848
-10.107827186584473
-10.135627746582031
-10.067510604858398
-9.908625602722168
-9.887710571289062
-10.064559936523438
-10.141308784484863
-10.129436492919922
-10.135664939880371
-10.062421798706055
-9.994468688964844
-9.930622100830078
-9.957959175109863
-10.051021575927734
-10.135113716125488
-10.159643173217773
-10.095674514770508
-9.989095687866211
-9.837644577026367
-10.060186386108398
-10.137838363647461
-10.135457038879395
-10.071310997009277
-9.986833572387695
-9.91524600982666
-10.007902145385742
-10.118280410766602
-10.12077808380127
-10.127202033996582
-10.125102043151855
-10.08064079284668
-10.01343059539795
-9.966758728027344
-9.984639167785645
-10.02831745147705
-10.089011192321777
-10.076042175292969
-10.050830841064453
-9.974241256713867
-9.892193794250488
-9.999602317810059
-10.105568885803223
-10.139652252197266
-10.142029762268066
-10.154725074768066
-10.13904857635498
-10.073349952697754
-10.039939880371094
-9.997284889221191
-9.988802909851074
-9.98030948638916
-10.066254615783691
-10.12191390991211
-10.110678672790527
-10.117453575134277
-10.08401107788086
-10.00210952758789
-9.978802680969238
-9.99230670928955
-10.09304141998291
-10.12305736541748
-10.125531196594238
-10.129827499389648
-10.072668075561523
-10.006049156188965
-9.945433616638184
-9.965622901916504
-10.038281440734863
-10.096551895141602
-10.060426712036133
-10.056503295898438
-10.071917533874512
-10.055547714233398
-10.036053657531738
-10.027994155883789
-10.09595012664795
-10.092780113220215
-10.110161781311035
-10.072942733764648
-9.99704360961914
-9.899068832397461
-10.072258949279785
-10.135363578796387
-10.146696090698242
-10.14216423034668
-10.119803428649902
-10.054608345031738
-9.911876678466797
-9.980613708496094
-10.063194274902344
-10.130658149719238
-10.151302337646484
-10.150970458984375
-10.163309097290039
-10.15514087677002
-10.12488079071045
-10.099554061889648
-9.986200332641602
-9.853205680847168
-9.957151412963867
-10.106035232543945
-10.130762100219727
-10.124231338500977
-10.111968994140625
-10.041007041931152
-9.99704360961914
-9.980876922607422
-10.054278373718262
-10.050353050231934
-10.034130096435547
-10.072404861450195
-10.095712661743164
-10.09591293334961
-10.067362785339355
-10.000490188598633
-10.04118537902832
-10.03947925567627
-10.022445678710938
-10.021378517150879
-9.979107856750488
-10.021873474121094
-10.070385932922363
-10.085509300231934
-10.092642784118652
-10.109234809875488
-10.094464302062988
-10.09670639038086
-10.095573425292969
-10.074444770812988
-10.000826835632324
-9.947548866271973
-10.022368431091309
-10.102560043334961
-10.081541061401367
-10.074515342712402
-9.991948127746582
-9.946389198303223
-10.037567138671875
-10.113076210021973
-10.153851509094238
-10.141454696655273
-10.105560302734375
-9.997533798217773
-9.882377624511719
-10.032500267028809
-10.111133575439453
-10.13162612915039
-10.122379302978516
-10.099149703979492
-10.00861930847168
-9.957141876220703
-9.951946258544922
-10.063505172729492
-10.121721267700195
-10.138178825378418
-10.077857971191406
-9.954618453979492
-9.957520484924316
-10.01710033416748
-10.142906188964844
-10.130640983581543
-10.078256607055664
-9.986776351928711
-9.967321395874023
-10.034282684326172
-10.087689399719238
-10.072519302368164
-10.069756507873535
-9.977679252624512
-9.89902400970459
-9.98095703125
-10.106470108032227
-10.135684967041016
-9.983583450317383
-9.877077102661133
-10.092079162597656
-10.150534629821777
-10.108551025390625
-9.841554641723633
-9.878175735473633
-10.134486198425293
-10.045527458190918
-9.656704902648926
-10.128181457519531
-10.033574104309082
-9.640670776367188
-10.093284606933594
-10.064508438110352
-9.818832397460938
-10.076369285583496
-10.095325469970703
-9.8657865524292
-10.06245231628418
-10.140061378479004
-10.113957405090332
-10.042118072509766
-9.9712495803833
-10.095067024230957
-10.144610404968262
-10.122138977050781
-10.101581573486328
-10.065712928771973
-9.988367080688477
-10.0587797164917
-10.098152160644531
-10.081026077270508
-10.03524112701416
-10.047442436218262
-10.014106750488281
-9.974640846252441
-9.99176025390625
-10.085945129394531
-10.110426902770996
-10.143218040466309
-10.102365493774414
-9.96024227142334
-9.881898880004883
-10.067005157470703
-10.14344596862793
-10.14853572845459
-10.108455657958984
-10.022358894348145
-10.005640029907227
-10.014657974243164
-10.087931632995605
-10.129129409790039
-10.113065719604492
-10.116616249084473
-10.081089973449707
-9.990150451660156
-9.985963821411133
-10.031512260437012
-10.09235954284668
-10.08448314666748
-10.074480056762695
-10.042471885681152
-10.002695083618164
-10.004913330078125
-10.073295593261719
-10.093670845031738
-10.133190155029297
-10.149313926696777
-10.156079292297363
-10.139228820800781
-10.173578262329102
-10.141477584838867
-10.189356803894043
-10.161442756652832
-10.141663551330566
-10.03599739074707
-9.826095581054688
-10.037013053894043
-10.115249633789062
-10.165824890136719
-10.162957191467285
-10.118875503540039
-10.034589767456055
-9.894830703735352
-10.003626823425293
-10.067249298095703
-10.087799072265625
-10.114689826965332
-10.128875732421875
-10.12863826751709
-10.141246795654297
-10.163398742675781
-10.114083290100098
-10.033160209655762
-9.841132164001465
-9.955872535705566
-10.081233978271484
-10.11830997467041
-10.152003288269043
-10.141312599182129
-10.091845512390137
-10.053872108459473
-9.943004608154297
-10.0183687210083
-10.092752456665039
-10.146307945251465
-10.14155101776123
-10.111666679382324
-10.080436706542969
-9.984484672546387
-9.948592185974121
-10.009453773498535
-10.061600685119629
-10.139657974243164
-10.148578643798828
-10.147199630737305
-10.159872055053711
-10.103462219238281
-10.01030158996582
-9.976430892944336
-9.972198486328125
-10.050919532775879
-10.092363357543945
-10.074387550354004
-10.038126945495605
-10.031622886657715
-10.02531623840332
-10.03999137878418
-10.082581520080566
-10.127148628234863
-10.13235855102539
-10.14340591430664
-10.090751647949219
-9.982131958007812
-9.905386924743652
-10.033885955810547
-10.122697830200195
-10.166498184204102
-10.17275333404541
-10.178260803222656
-10.151045799255371
-10.136578559875488
-10.031496047973633
-9.842353820800781
-10.039852142333984
-10.118400573730469
-10.11607837677002
-10.120573997497559
-9.997088432312012
-9.909314155578613
-10.052523612976074
-10.119519233703613
-10.14220905303955
-10.161126136779785
-10.152230262756348
-10.094006538391113
-10.006491661071777
-9.9733247756958
-9.974382400512695
-10.0930757522583
-10.126887321472168
-10.130546569824219
-10.109114646911621
-10.0398588180542
-9.921377182006836
-10.025147438049316
-10.124176025390625
-10.133393287658691
-10.130359649658203
-10.039244651794434
-9.999971389770508
-10.019527435302734
-9.998217582702637
-10.032852172851562
-10.090587615966797
-10.14261245727539
-10.175677299499512
-10.16054916381836
-10.092792510986328
-9.991579055786133
-9.977057456970215
-10.030577659606934
-10.045638084411621
-10.06157398223877
-10.040119171142578
-9.956777572631836
-9.935476303100586
-10.109122276306152
-10.133344650268555
-10.152666091918945
-10.141823768615723
-10.067252159118652
-9.96530818939209
-9.974143981933594
-10.109036445617676
-10.162267684936523
-10.079327583312988
-9.922882080078125
-9.862436294555664
-10.148015022277832
-10.097512245178223
-9.81668472290039
-10.029181480407715
-10.1329927444458
-10.114775657653809
-9.983699798583984
-9.925161361694336
-10.085923194885254
-10.12138843536377
-10.124025344848633
-10.127485275268555
-10.118778228759766
-10.060994148254395
-10.068906784057617
-10.043954849243164
-10.012115478515625
-10.018489837646484
-10.074385643005371
-10.1363525390625
-10.148480415344238
-10.113083839416504
-9.98929214477539
-9.940083503723145
-10.008419036865234
-10.116128921508789
-10.140653610229492
-10.112066268920898
-9.965095520019531
-9.825864791870117
-10.081544876098633
-10.146095275878906
-10.160216331481934
-10.123059272766113
-10.051511764526367
-9.994348526000977
-10.024349212646484
-10.114606857299805
-10.146836280822754
-10.156974792480469
-10.145410537719727
-10.130696296691895
-10.090153694152832
-9.929322242736816
-9.865351676940918
-10.097914695739746
-10.13945484161377
-10.084085464477539
-9.803193092346191
-9.947705268859863
-10.13028335571289
-10.08761215209961
-9.842808723449707
-10.03737735748291
-10.152812957763672
-10.111618995666504
-9.973220825195312
-9.900010108947754
-10.092357635498047
-10.157510757446289
-10.149083137512207
-10.082829475402832
-9.937202453613281
-10.042985916137695
-10.105704307556152
-10.129612922668457
-10.127931594848633
-10.130938529968262
-10.079605102539062
-10.072022438049316
-10.020877838134766
-10.036231994628906
-10.0546236038208
-10.090185165405273
-10.052346229553223
-10.036151885986328
-10.010074615478516
-10.062820434570312
-10.0556058883667
-10.085308074951172
-10.090154647827148
-10.119961738586426
-10.120018005371094
-10.065825462341309
-9.987761497497559
-10.03223705291748
-10.096684455871582
-10.134990692138672
-10.147832870483398
-10.115793228149414
-10.038037300109863
-9.97751235961914
-9.9791898727417
-10.078801155090332
-10.094253540039062
-10.033102035522461
-9.945901870727539
-9.998980522155762
-10.0698823928833
-10.095829010009766
-10.063530921936035
-10.069698333740234
-10.050932884216309
-10.043688774108887
-10.038505554199219
-10.099996566772461
-10.111090660095215
-10.1217679977417
-10.095563888549805
-10.13576602935791
-10.137524604797363
-10.140281677246094
-10.061166763305664
-10.009798049926758
-10.007586479187012
-10.013259887695312
-10.021627426147461
-10.028892517089844
-10.006635665893555
-10.043290138244629
-10.087268829345703
-10.07149887084961
-10.08935260772705
-10.082586288452148
-10.07296085357666
-10.056429862976074
-10.043007850646973
-10.053350448608398
-10.040602684020996
-10.038799285888672
-10.051058769226074
-10.072696685791016
-10.07914924621582
-9.992431640625
-10.032231330871582
-10.100751876831055
-10.131468772888184
-10.156952857971191
-10.167737007141113
-10.145319938659668
-10.062335014343262
-9.889262199401855
-9.96090030670166
-10.087630271911621
-10.137063026428223
-10.139824867248535
-10.087444305419922
-10.02155590057373
-10.033400535583496
-10.092794418334961
-10.133734703063965
-10.165555953979492
-10.11207389831543
-9.999655723571777
-9.930438041687012
-10.017398834228516
-10.065872192382812
-10.14264965057373
-10.154047012329102
-10.188362121582031
-10.16609001159668
-10.142775535583496
-10.033858299255371
-9.892327308654785
-10.057456970214844
-10.13323974609375
-10.148316383361816
-10.140950202941895
-10.090182304382324
-9.959709167480469
-10.008933067321777
-10.076579093933105
-10.163100242614746
-10.150516510009766
-10.170475006103516
-10.164874076843262
-10.16755199432373
-10.15969181060791
-10.165962219238281
-10.131689071655273
-10.105361938476562
-10.020805358886719
-9.86872673034668
-10.058561325073242
-10.127548217773438
-10.135380744934082
-10.123119354248047
-10.037812232971191
-9.935311317443848
-10.047710418701172
-10.108750343322754
-10.138916015625
-10.108687400817871
-10.05022144317627
-9.983392715454102
-10.079022407531738
-10.118436813354492
-10.127962112426758
-10.151773452758789
-10.1475248336792
-10.174734115600586
-10.170414924621582
-10.124496459960938
-10.051447868347168
-9.877388000488281
-9.995537757873535
-10.100008010864258
-10.146520614624023
-10.154275894165039
-10.153083801269531
-10.058999061584473
-9.937671661376953
-10.00445556640625
-10.077326774597168
-10.126625061035156
-10.112814903259277
-10.109185218811035
-10.087327003479004
-10.112271308898926
-10.053825378417969
-9.996591567993164
-10.024520874023438
-10.050220489501953
-10.07674789428711
-10.083934783935547
-10.066695213317871
-10.075332641601562
-10.041175842285156
-10.050956726074219
-10.054988861083984
-10.069441795349121
-10.06975269317627
-10.118546485900879
-10.142765045166016
-10.111040115356445
-10.007258415222168
-9.950636863708496
-10.047572135925293
-10.118440628051758
-10.13236141204834
-10.172528266906738
-10.160296440124512
-10.173175811767578
-10.171143531799316
-10.15725040435791
-10.086297035217285
-9.961445808410645
-9.877738952636719
-10.102484703063965
-10.152213096618652
-10.1572265625
-10.110742568969727
-9.982399940490723
-9.992391586303711
-10.039562225341797
-10.086397171020508
-10.12730598449707
-10.088011741638184
-10.044235229492188
-10.047782897949219
-10.055760383605957
-10.090420722961426
-10.1134033203125
-10.110724449157715
-10.072121620178223
-10.071063995361328
-10.075559616088867
-10.079987525939941
-10.092129707336426
-10.090543746948242
-10.094056129455566
-10.017678260803223
-10.035449028015137
-10.05550765991211
-10.08153247833252
-10.077598571777344
-10.063204765319824
-10.086519241333008
-10.0736722946167
-10.035292625427246
-9.951505661010742
-10.05735969543457
-10.11805248260498
-10.125096321105957
-10.126849174499512
-10.023660659790039
-9.8960542678833
-10.082890510559082
-10.160776138305664
-10.135705947875977
-10.095280647277832
-9.977005958557129
-10.073957443237305
-10.125201225280762
-10.166512489318848
-10.145774841308594
-10.116076469421387
-10.00767993927002
-9.909671783447266
-10.049988746643066
-10.139657974243164
-10.166485786437988
-10.133151054382324
-10.00139331817627
-9.944748878479004
-10.045339584350586
-10.097503662109375
-10.13249683380127
-10.1444673538208
-10.148599624633789
-10.151662826538086
-10.123708724975586
-10.051922798156738
-9.898491859436035
-9.998401641845703
-10.116175651550293
-10.138044357299805
-10.176047325134277
-10.166021347045898
-10.173735618591309
-10.183687210083008
-10.123666763305664
-10.000569343566895
-9.985312461853027
-10.023406028747559
-10.085836410522461
-10.12646484375
-10.099247932434082
-9.998259544372559
-10.000850677490234
-10.038311004638672
-10.066466331481934
-10.05882453918457
-10.026846885681152
-10.038135528564453
-10.086893081665039
-10.106457710266113
-10.133909225463867
-10.173768043518066
-10.159805297851562
-10.067434310913086
-9.889741897583008
-10.06021499633789
-10.156187057495117
-10.177450180053711
-10.100212097167969
-9.966806411743164
-10.026860237121582
-10.063672065734863
-10.121830940246582
-10.147997856140137
-10.175247192382812
-10.162996292114258
-10.066136360168457
-9.982019424438477
-9.922647476196289
-10.054788589477539
-10.129621505737305
-10.125530242919922
-10.091522216796875
-10.055994033813477
-10.011350631713867
-10.019037246704102
-10.054258346557617
-10.1104736328125
-10.132855415344238
-10.119953155517578
-10.096938133239746
-10.033214569091797
-9.941524505615234
-10.038313865661621
-10.107677459716797
-10.151457786560059
-10.13710880279541
-10.129234313964844
-10.096294403076172
-10.104945182800293
-10.077975273132324
-10.032607078552246
-9.969833374023438
-10.071921348571777
-10.137494087219238
-10.14329719543457
-10.13841724395752
-10.139785766601562
-10.115923881530762
-10.095157623291016
-10.035829544067383
-10.052738189697266
-10.03951644897461
-10.088257789611816
-10.119367599487305
-10.142253875732422
-10.132340431213379
-10.147128105163574
-10.17459774017334
-10.171926498413086
-10.154008865356445
-10.058818817138672
-9.820616722106934
-10.03921890258789
-10.142305374145508
-10.147974014282227
-10.072792053222656
-9.960189819335938
-9.969593048095703
-10.047764778137207
-10.143845558166504
-10.163710594177246
-10.1883544921875
-10.181836128234863
-10.140572547912598
-10.127737998962402
-10.021778106689453
-9.881139755249023
-10.084123611450195
-10.161255836486816
-10.168196678161621
-10.092596054077148
-9.961533546447754
-10.021484375
-10.074291229248047
-10.150958061218262
-10.143721580505371
-10.133594512939453
-10.117881774902344
-10.039449691772461
-9.942061424255371
-10.039556503295898
-10.106380462646484
-10.110115051269531
-10.093098640441895
-10.054184913635254
-10.045456886291504
-10.080266952514648
-10.098194122314453
-10.11845874786377
-10.077455520629883
-10.051586151123047
-10.031855583190918
-10.030206680297852
-10.029499053955078
-10.071564674377441
-10.083688735961914
-10.094942092895508
-10.077181816101074
-10.030980110168457
-10.03351879119873
-10.032652854919434
-10.076624870300293
-10.107458114624023
-10.143559455871582
-10.138472557067871
-10.154450416564941
-10.152957916259766
-10.152397155761719
-10.111700057983398
-9.993849754333496
-9.954874992370605
-10.011419296264648
-10.118230819702148
-10.126925468444824
-10.118865013122559
-10.03148365020752
-10.00944995880127
-10.021671295166016
-10.133522987365723
-10.139856338500977
-10.057106971740723
-9.863866806030273
-9.97865104675293
-10.147494316101074
-10.139939308166504
-10.016719818115234
-9.971722602844238
-10.059530258178711
-10.121015548706055
-10.171216011047363
-10.183876991271973
-10.174132347106934
-10.173477172851562
-10.180270195007324
-10.174156188964844
-10.181961059570312
-10.021327018737793
-9.80692195892334
-10.09042739868164
-10.177436828613281
-10.144563674926758
-9.996668815612793
-9.855926513671875
-10.092572212219238
-10.173999786376953
-10.156455993652344
-10.063273429870605
-9.91844367980957
-10.080504417419434
-10.162864685058594
-10.16911506652832
-10.179630279541016
-10.14802360534668
-10.105646133422852
-10.040905952453613
-9.97451400756836
-10.059784889221191
-10.098596572875977
-10.113086700439453
-10.07235336303711
-10.09264087677002
-10.0774507522583
-10.063526153564453
-10.052507400512695
-10.08078384399414
-10.100110054016113
-10.091896057128906
-10.01611614227295
-10.084564208984375
-10.097783088684082
-10.082194328308105
-10.056717872619629
-10.104748725891113
-10.124259948730469
-10.190960884094238
-10.182069778442383
-10.176309585571289
-10.100616455078125
-9.951292991638184
-9.973583221435547
-10.047983169555664
-10.168272018432617
-10.16210651397705
-10.11298942565918
-10.099944114685059
-10.026413917541504
-10.040594100952148
-10.036151885986328
-10.103907585144043
-10.129372596740723
-10.159019470214844
-10.137289047241211
-10.109703063964844
-10.062095642089844
-9.95262622833252
-10.028534889221191
-10.130876541137695
-10.179353713989258
-10.13964557647705
-10.09151554107666
-9.995001792907715
-10.08424186706543
-10.115323066711426
-10.145198822021484
-10.131330490112305
-10.110260963439941
-10.068102836608887
-9.977498054504395
-9.94680404663086
-10.093229293823242
-10.180036544799805
-10.184952735900879
-10.185672760009766
-10.14488410949707
-10.043569564819336
-9.901864051818848
-10.080489158630371
-10.158746719360352
-10.170662879943848
-10.155686378479004
-10.133615493774414
-10.04023551940918
-9.985294342041016
-10.031290054321289
-10.089282035827637
-10.154463768005371
-10.181617736816406
-10.162110328674316
-10.099858283996582
-9.892014503479004
-9.979459762573242
-10.1473970413208
-10.161378860473633
-10.048731803894043
-9.961941719055176
-10.021120071411133
-10.167096138000488
-10.0934419631958
-9.816351890563965
-9.940420150756836
-10.128173828125
-10.153077125549316
-10.086960792541504
-10.0101318359375
-10.043045997619629
-10.118305206298828
-10.127888679504395
-10.143210411071777
-10.155993461608887
-10.053226470947266
-9.838238716125488
-10.056958198547363
-10.163668632507324
-10.15673828125
-10.17723560333252
-10.166515350341797
-10.017303466796875
-9.907798767089844
-10.084700584411621
-10.171429634094238
-10.175492286682129
-10.181561470031738
-10.159643173217773
-10.028358459472656
-9.8917236328125
-10.046435356140137
-10.117269515991211
-10.167630195617676
-10.14620304107666
-10.148923873901367
-10.099663734436035
-9.994681358337402
-9.96446418762207
-10.06649398803711
-10.140995025634766
-10.180368423461914
-10.143969535827637
-9.99668025970459
-9.93778133392334
-10.030895233154297
-10.139915466308594
-10.194732666015625
-10.173418998718262
-10.138631820678711
-10.12165641784668
-10.047926902770996
-9.933772087097168
-10.044290542602539
-10.09908676147461
-10.169007301330566
-10.164259910583496
-10.17552375793457
-10.09243106842041
-9.892586708068848
-10.031014442443848
-10.131183624267578
-10.192913055419922
-10.18200397491455
-10.09005355834961
-9.947710037231445
-9.948609352111816
-10.158308982849121
-10.190041542053223
-10.091313362121582
-9.848847389221191
-9.989224433898926
-10.171549797058105
-10.118487358093262
-9.908933639526367
-9.94998836517334
-10.125685691833496
-10.176661491394043
-10.117941856384277
-9.92783260345459
-10.050533294677734
-10.141984939575195
-10.14526081085205
-10.121822357177734
-10.031633377075195
-10.045526504516602
-10.08509349822998
-10.136898040771484
-10.163806915283203
-10.185466766357422
-10.170051574707031
-10.13947582244873
-10.02630615234375
-10.007109642028809
-10.029595375061035
-10.117746353149414
-10.150317192077637
-10.131608963012695
-10.041120529174805
-9.90465259552002
-9.958318710327148
-10.129563331604004
-10.19483470916748
-10.179281234741211
-10.147329330444336
-10.096920013427734
-10.025679588317871
-9.992085456848145
-10.015908241271973
-10.09738826751709
-10.159720420837402
-10.161479949951172
-10.189396858215332
-10.13333511352539
-9.998213768005371
-9.94572639465332
-10.029953956604004
-10.15037727355957
-10.181056022644043
-10.163734436035156
-10.163322448730469
-10.171506881713867
-10.096649169921875
-10.001470565795898
-10.01364803314209
-10.062970161437988
-10.056523323059082
-10.016744613647461
-10.076593399047852
-10.10793399810791
-10.125053405761719
-10.14500904083252
-10.148632049560547
-10.14680004119873
-10.170166015625
-10.161589622497559
-10.143258094787598
-10.088748931884766
-10.007503509521484
-9.98492431640625
-10.107461929321289
-10.126875877380371
-10.116413116455078
-10.055936813354492
-10.108563423156738
-10.124324798583984
-10.12287425994873
-10.066048622131348
-9.997905731201172
-10.032958030700684
-10.087098121643066
-10.144014358520508
-10.14919376373291
-10.17382526397705
-10.174798965454102
-10.171661376953125
-10.133171081542969
-10.066634178161621
-9.993925094604492
-9.988435745239258
-10.006256103515625
-10.046163558959961
-10.128661155700684
-10.167330741882324
-10.161900520324707
-10.111791610717773
-9.819184303283691
-10.032366752624512
-10.159271240234375
-10.16417121887207
-10.02816390991211
-9.833717346191406
-10.114849090576172
-10.187925338745117
-10.124340057373047
-9.946319580078125
-9.929322242736816
-10.1642484664917
-10.164716720581055
-10.037225723266602
-9.97574234008789
-10.086663246154785
-10.155509948730469
-10.135138511657715
-9.97019100189209
-10.003141403198242
-10.060408592224121
-10.116215705871582
-10.11607551574707
-10.134510040283203
-10.142983436584473
-10.071996688842773
-9.989601135253906
-10.058744430541992
-10.111994743347168
-10.12769889831543
-10.12929630279541
-10.119281768798828
-10.108527183532715
-10.087285995483398
-10.074423789978027
-10.122919082641602
-10.138181686401367
-10.153624534606934
-10.18521499633789
-10.174942970275879
-10.152570724487305
-10.0911865234375
-9.971691131591797
-10.012564659118652
-10.045602798461914
-10.10713005065918
-10.118476867675781
-10.124600410461426
-10.109800338745117
-10.049501419067383
-9.962471008300781
-10.046979904174805
-10.091558456420898
-10.133132934570312
-10.128435134887695
-10.165548324584961
-10.170132637023926
-10.151391983032227
-10.131988525390625
-10.141711235046387
-10.094372749328613
-10.097355842590332
-10.103203773498535
-10.093987464904785
-10.069331169128418
-10.069795608520508
-10.047745704650879
-10.081560134887695
-10.115147590637207
-10.14810562133789
-10.1641206741333
-10.165152549743652
-10.114021301269531
-9.998743057250977
-9.926618576049805
-10.066741943359375
-10.147297859191895
-10.166385650634766
-10.12181282043457
-10.099238395690918
-10.075019836425781
-10.124223709106445
-10.103804588317871
-10.057084083557129
-10.017273902893066
-10.10346794128418
-10.15401840209961
-10.131780624389648
-10.132905960083008
-10.102630615234375
-10.052082061767578
-10.02438735961914
-10.094915390014648
-10.159090042114258
-10.19508171081543
-10.164471626281738
-10.083756446838379
-9.910685539245605
-9.9861421585083
-10.113805770874023
-10.169775009155273
-10.209053039550781
-10.168601989746094
-10.15005874633789
-10.083847045898438
-9.921796798706055
-10.058232307434082
-10.141374588012695
-10.186826705932617
-10.179444313049316
-10.123491287231445
-9.939374923706055
-9.887240409851074
-10.113920211791992
-10.188629150390625
-10.138665199279785
-10.023004531860352
-10.011446952819824
-10.094943046569824
-10.124617576599121
-10.153300285339355
-10.156064987182617
-10.065930366516113
-9.99052619934082
-10.106913566589355
-10.170958518981934
-10.174036979675293
-10.199482917785645
-10.169756889343262
-10.150450706481934
-10.091780662536621
-10.001910209655762
-10.017971992492676
-10.064926147460938
-10.10441780090332
-10.13388729095459
-10.139802932739258
-10.115935325622559
-10.071402549743652
-10.033419609069824
-10.054100036621094
-10.044486045837402
-10.102248191833496
-10.141190528869629
-10.135172843933105
-10.143892288208008
-10.108977317810059
-10.09740161895752
-10.143902778625488
-10.165884971618652
-10.180642127990723
-10.173641204833984
-10.18002700805664
-10.11922550201416
-10.105674743652344
-10.000207901000977
-9.971430778503418
-10.027926445007324
-10.098784446716309
-10.133018493652344
-10.141095161437988
-10.11114501953125
-10.070239067077637
-10.054468154907227
-10.10686206817627
-10.142406463623047
-10.162797927856445
-10.182284355163574
-10.209821701049805
-10.16312026977539
-10.138381004333496
-10.051674842834473
-9.903078079223633
-10.080771446228027
-10.159698486328125
-10.183124542236328
-10.145068168640137
-10.021210670471191
-9.92979907989502
-10.0346097946167
-10.12379264831543
-10.139374732971191
-10.162994384765625
-10.146145820617676
-10.1134614944458
-10.03441333770752
-10.052229881286621
-10.092729568481445
-10.144192695617676
-10.165038108825684
-10.071222305297852
-9.971287727355957
-9.990777015686035
-10.120356559753418
-10.196138381958008
-10.202458381652832
-10.14085865020752
-10.023673057556152
-9.939414024353027
-10.004986763000488
-10.104870796203613
-10.118849754333496
-10.129382133483887
-10.123469352722168
-10.128033638000488
-10.100273132324219
-10.119559288024902
-10.059679985046387
-10.100955963134766
-10.093979835510254
-10.140033721923828
-10.155068397521973
-10.086441993713379
-10.003009796142578
-10.02110767364502
-10.060851097106934
-10.115644454956055
-10.13753604888916
-10.154052734375
-10.139171600341797
-10.075434684753418
-10.008169174194336
-10.049646377563477
-10.08104419708252
-10.094573974609375
-10.083490371704102
-10.08340835571289
-10.091236114501953
-10.088604927062988
-10.087627410888672
-10.029565811157227
-10.075758934020996
-10.114270210266113
-10.088772773742676
-10.12143325805664
-10.08530330657959
-10.085959434509277
-10.094402313232422
-10.09859848022461
-10.065683364868164
-10.022249221801758
-10.045177459716797
-10.125886917114258
-10.16566276550293
-10.180431365966797
-10.207216262817383
-10.202718734741211
-10.187023162841797
-10.148093223571777
-9.971465110778809
-9.893311500549316
-10.133475303649902
-10.188759803771973
-10.08269214630127
-9.85566234588623
-9.892361640930176
-10.173940658569336
-10.112351417541504
-9.7610502243042
-10.106045722961426
-10.183795928955078
-9.946062088012695
-9.93786334991455
-10.132661819458008
-10.179869651794434
-10.12281322479248
-9.98277473449707
-10.009364128112793
-10.10692310333252
-10.174982070922852
-10.16624641418457
-10.169961929321289
-10.090533256530762
-9.945259094238281
-10.011006355285645
-10.105071067810059
-10.159463882446289
-10.175176620483398
-10.185970306396484
-10.181697845458984
-10.157411575317383
-10.132168769836426
-10.050546646118164
-9.988615989685059
-9.986988067626953
-10.09228229522705
-10.139415740966797
-10.12668228149414
-10.097543716430664
-10.104165077209473
-10.081121444702148
-10.110135078430176
-10.099593162536621
-10.066241264343262
-10.079463005065918
-10.141742706298828
-10.153181076049805
-10.14635181427002
-10.132400512695312
-10.076918601989746
-10.044367790222168
-10.107147216796875
-10.139030456542969
-10.122071266174316
-10.147418022155762
-10.186431884765625
-10.168309211730957
-10.195213317871094
-10.204530715942383
-10.151511192321777
-9.984366416931152
-9.910974502563477
-10.119793891906738
-10.193489074707031
-10.174474716186523
-10.202499389648438
-10.184163093566895
-10.136439323425293
-9.996554374694824
-9.939774513244629
-10.103381156921387
-10.170415878295898
-10.17593765258789
-10.184332847595215
-10.1680269241333
-10.08542251586914
-10.050694465637207
-10.000082969665527
-10.111871719360352
-10.13539981842041
-10.17874526977539
-10.199605941772461
-10.222472190856934
-10.188440322875977
-10.214366912841797
-10.171536445617676
-10.055583953857422
-9.960546493530273
-10.010112762451172
-10.166178703308105
-10.18819522857666
-10.170273780822754
-9.967964172363281
-9.879488945007324
-10.191091537475586
-10.118188858032227
-9.794756889343262
-10.086038589477539
-10.209101676940918
-10.159538269042969
-10.17392635345459
-10.148016929626465
-10.159663200378418
-10.105260848999023
-10.115994453430176
-10.097450256347656
-10.049333572387695
-9.998215675354004
-10.044472694396973
-10.076022148132324
-10.170368194580078
-10.18464183807373
-10.167182922363281
-10.112343788146973
-10.039531707763672
-10.00313949584961
-10.047405242919922
-10.105849266052246
-10.090178489685059
-10.114985466003418
-10.121176719665527
-10.130292892456055
-10.123366355895996
-10.160157203674316
-10.141853332519531
-10.113439559936523
-10.07666015625
-10.100349426269531
-10.127259254455566
-10.16646957397461
-10.192167282104492
-10.199692726135254
-10.203933715820312
-10.177196502685547
-10.036869049072266
-9.884188652038574
-10.020718574523926
-10.179769515991211
-10.185148239135742
-10.021627426147461
-9.916520118713379
-10.057281494140625
-10.196824073791504
-10.146446228027344
-9.950220108032227
-9.964794158935547
-10.115826606750488
-10.185280799865723
-10.161003112792969
-10.014090538024902
-9.883164405822754
-10.089920043945312
-10.150115966796875
-10.175386428833008
-10.158428192138672
-10.110595703125
-10.062374114990234
-10.088397026062012
-10.089930534362793
-10.137566566467285
-10.15696907043457
-10.123295783996582
-10.053707122802734
-10.105978012084961
-10.077727317810059
-10.111953735351562
-10.064314842224121
-10.037155151367188
-10.022429466247559
-10.079880714416504
-10.121164321899414
-10.117446899414062
-10.118849754333496
-10.133151054382324
-10.137181282043457
-10.166165351867676
-10.144139289855957
-10.13892650604248
-10.113277435302734
-10.065244674682617
-10.040071487426758
-10.088373184204102
-10.081330299377441
-10.108217239379883
-10.10139274597168
-10.155495643615723
-10.205109596252441
-10.182450294494629
-10.211385726928711
-10.152947425842285
-9.985233306884766
-9.915947914123535
-10.071440696716309
-10.168893814086914
-10.198229789733887
-10.217794418334961
-10.195747375488281
-10.197818756103516
-10.225218772888184
-10.211552619934082
-10.17411994934082
-10.08183765411377
-9.909507751464844
-9.919514656066895
-10.186829566955566
-10.183178901672363
-10.046706199645996
-9.879586219787598
-10.011503219604492
-10.149113655090332
-10.175922393798828
-10.156002044677734
-10.065459251403809
-10.008365631103516
-10.082682609558105
-10.153691291809082
-10.193690299987793
-10.190784454345703
-10.197829246520996
-10.19293212890625
-10.185481071472168
-10.127498626708984
-9.958589553833008
-9.930910110473633
-10.156882286071777
-10.195658683776855
-10.15262508392334
-9.978018760681152
-9.898064613342285
-10.160272598266602
-10.202670097351074
-10.101012229919434
-9.94813060760498
-10.008058547973633
-10.185189247131348
-10.128207206726074
-9.872903823852539
-9.97899341583252
-10.156271934509277
-10.18659782409668
-10.203696250915527
-10.101531982421875
-9.957932472229004
-10.006880760192871
-10.139877319335938
-10.178536415100098
-10.20069694519043
-10.205663681030273
-10.187049865722656
-10.16557502746582
-10.088019371032715
-9.894227981567383
-9.986927032470703
-10.158366203308105
-10.191911697387695
-10.131233215332031
-9.98946475982666
-10.004449844360352
-10.13176441192627
-10.17908763885498
-10.191167831420898
-10.140134811401367
-9.995190620422363
-10.004690170288086
-10.101004600524902
-10.157083511352539
-10.166396141052246
-10.189977645874023
-10.141796112060547
-10.128278732299805
-10.051041603088379
-10.038018226623535
-10.04226303100586
-10.141019821166992
-10.163156509399414
-10.210309028625488
-10.20468807220459
-10.200325012207031
-10.187450408935547
-10.176658630371094
-10.149438858032227
-10.04830551147461
-9.940925598144531
-10.114011764526367
-10.189273834228516
-10.217452049255371
-10.210382461547852
-10.196549415588379
-10.130623817443848
-9.989556312561035
-10.010697364807129
-10.126673698425293
-10.142641067504883
-10.157018661499023
-10.114529609680176
-10.078913688659668
-10.042780876159668
-10.043661117553711
-10.11371898651123
-10.131996154785156
-10.190683364868164
-10.18820571899414
-10.17956829071045
-10.188626289367676
-10.188346862792969
-10.190267562866211
-10.1575927734375
-10.017071723937988
-9.861776351928711
-10.145905494689941
-10.203027725219727
-10.079362869262695
-9.837331771850586
-10.003098487854004
-10.16865062713623
-10.075579643249512
-9.967531204223633
-10.103442192077637
-10.192462921142578
-10.175887107849121
-10.190007209777832
-10.200152397155762
-10.187889099121094
-10.129647254943848
-9.995710372924805
-9.924030303955078
-10.023759841918945
-10.185956954956055
-10.1764554977417
-10.028193473815918
-9.945671081542969
-10.059266090393066
-10.185090065002441
-10.193452835083008
-10.193979263305664
-10.16162395477295
-10.057158470153809
-9.90770435333252
-9.965636253356934
-10.1693696975708
-10.195280075073242
-10.124496459960938
-9.992142677307129
-10.00631332397461
-10.162826538085938
-10.196669578552246
-10.176301956176758
-10.09579849243164
-9.972535133361816
-10.08725643157959
-10.161378860473633
-10.144479751586914
-10.130027770996094
-10.0828857421875
-10.02962589263916
-10.098097801208496
-10.156030654907227
-10.150300025939941
-10.154303550720215
-10.186144828796387
-10.151118278503418
-10.069639205932617
-9.968415260314941
-10.099916458129883
-10.129364967346191
-10.067397117614746
-9.992032051086426
-10.072595596313477
-10.169049263000488
-10.174306869506836
-10.20393180847168
-10.188791275024414
-10.073762893676758
-9.934229850769043
-10.148880004882812
-10.201820373535156
-10.199681282043457
-10.180522918701172
-10.067218780517578
-10.036327362060547
-10.002693176269531
-10.101869583129883
-10.162651062011719
-10.179716110229492
-10.178434371948242
-10.190139770507812
-10.183777809143066
-10.105361938476562
-9.971567153930664
-10.017184257507324
-10.106382369995117
-10.202888488769531
-10.207420349121094
-10.198104858398438
-10.197138786315918
-10.186063766479492
-10.17294692993164
-10.084146499633789
-9.981180191040039
-9.98947525024414
-10.152275085449219
-10.186664581298828
-10.168339729309082
-10.118558883666992
-10.037555694580078
-9.967806816101074
-10.1321382522583
-10.180303573608398
-10.212532997131348
-10.169928550720215
-9.986732482910156
-9.99177360534668
-10.106706619262695
-10.162222862243652
-10.196908950805664
-10.185964584350586
-10.165780067443848
-10.147711753845215
-10.099488258361816
-10.016057014465332
-10.060657501220703
-10.144134521484375
-10.197785377502441
-10.19443130493164
-10.216927528381348
-10.12842082977295
-10.036443710327148
-9.932610511779785
-10.123359680175781
-10.180466651916504
-10.208572387695312
-10.16480827331543
-10.010695457458496
-9.95098876953125
-10.055644035339355
-10.146668434143066
-10.189053535461426
-10.191213607788086
-10.19006061553955
-10.168606758117676
-10.084831237792969
-9.996936798095703
-10.03079891204834
-10.093206405639648
-10.112680435180664
-10.107206344604492
-10.104368209838867
-10.122960090637207
-10.12269115447998
-10.178662300109863
-10.181138038635254
-10.122037887573242
-10.04163932800293
-9.98911190032959
-10.079057693481445
-10.171737670898438
-10.194793701171875
-10.211869239807129
-10.203909873962402
-10.189146041870117
-10.153576850891113
-10.056693077087402
-9.967249870300293
-10.034790992736816
-10.142243385314941
-10.157795906066895
-10.205748558044434
-10.201326370239258
-10.188254356384277
-10.122450828552246
-10.071869850158691
-9.995750427246094
-10.073965072631836
-10.141392707824707
-10.158456802368164
-10.131948471069336
-10.079612731933594
-10.038853645324707
-10.094478607177734
-10.074363708496094
-10.114421844482422
-10.16176700592041
-10.209293365478516
-10.202367782592773
-10.206374168395996
-10.177562713623047
-10.07073974609375
-10.03009033203125
-10.064239501953125
-10.141288757324219
-10.154569625854492
-10.135061264038086
-10.099305152893066
-10.05588150024414
-10.02841854095459
-10.098306655883789
-10.175699234008789
-10.189022064208984
