loss_total
-18.019655227661133
-18.281761169433594
-18.420305252075195
-18.519384384155273
-18.58629035949707
-18.840848922729492
-18.836074829101562
-19.03179931640625
-19.2102108001709
-19.34705352783203
-19.387332916259766
-19.577985763549805
-19.816009521484375
-19.826757431030273
-19.880550384521484
-20.04065704345703
-20.333297729492188
-20.345434188842773
-20.64040184020996
-20.581668853759766
-20.856348037719727
-20.93151092529297
-20.90553855895996
-21.150665283203125
-21.17015838623047
-21.249252319335938
-21.181978225708008
-21.367416381835938
-21.543516159057617
-21.471115112304688
-21.531429290771484
-21.60439682006836
-21.8211669921875
-21.860645294189453
-21.902332305908203
-22.103687286376953
-22.09600830078125
-22.17527961730957
-22.247312545776367
-22.352813720703125
-22.603578567504883
-22.600393295288086
-22.650651931762695
-22.905166625976562
-22.90880012512207
-23.23700523376465
-23.299388885498047
-23.341556549072266
-23.571176528930664
-23.852123260498047
-23.874250411987305
-24.24165916442871
-24.27806854248047
-24.531227111816406
-24.852773666381836
-24.984201431274414
-25.40926170349121
-25.53030776977539
-25.849777221679688
-26.05707359313965
-26.476701736450195
-27.442607879638672
-27.82366371154785
-28.59433937072754
-29.080949783325195
-29.965173721313477
-30.044218063354492
-29.572711944580078
-29.70437240600586
-29.734600067138672
-29.323312759399414
-29.684751510620117
-30.09705924987793
-30.17761993408203
-30.312490463256836
-30.398752212524414
-30.580013275146484
-30.548229217529297
-30.5341796875
-30.669496536254883
-30.822782516479492
-30.907325744628906
-31.042274475097656
-30.81615447998047
-31.2447566986084
-31.20481300354004
-31.104734420776367
-31.150373458862305
-31.442760467529297
-31.33043670654297
-31.4938907623291
-31.57994270324707
-31.77350616455078
-31.572834014892578
-31.535400390625
-31.73745346069336
-31.915687561035156
-31.98788833618164
-32.00856399536133
-32.05595016479492
-32.21356964111328
-32.29561996459961
-32.37148666381836
-32.35568618774414
-32.64366149902344
-32.40804672241211
-32.3707275390625
-32.643314361572266
-32.63911819458008
-32.68638610839844
-32.971885681152344
-32.8813591003418
-33.020835876464844
-33.280460357666016
-33.27619934082031
-33.409324645996094
-33.5518798828125
-33.26512145996094
-33.62539291381836
-33.66916275024414
-33.5899658203125
-33.778934478759766
-33.90705871582031
-33.61941146850586
-33.916160583496094
-33.841487884521484
-33.92570495605469
-34.189697265625
-34.11064910888672
-34.125694274902344
-34.4433708190918
-34.25276184082031
-34.45621109008789
-34.561370849609375
-34.66173553466797
-34.68402099609375
-34.846866607666016
-34.60930633544922
-34.76493835449219
-34.963218688964844
-35.18349838256836
-35.14970016479492
-35.26423645019531
-35.5116081237793
-35.361995697021484
-35.7598762512207
-35.614742279052734
-35.78299331665039
-35.76074981689453
-35.783077239990234
-36.03778839111328
-36.14895248413086
-36.1535758972168
-36.329219818115234
-36.44945526123047
-36.56972122192383
-36.63838195800781
-36.8701286315918
-36.92464828491211
-37.161888122558594
-37.08374786376953
-37.37419891357422
-37.2091064453125
-37.43212890625
-37.600059509277344
-37.6684455871582
-37.75584030151367
-37.94175338745117
-38.08684158325195
-38.003868103027344
-38.424198150634766
-38.42344665527344
-38.300010681152344
-38.445884704589844
-38.69322204589844
-38.98625564575195
-38.81900405883789
-38.9678840637207
-38.89070129394531
-38.69839096069336
-39.289520263671875
-38.28539276123047
-39.00164031982422
-38.6337890625
-38.74851989746094
-39.37464904785156
-38.82321548461914
-38.80415344238281
-39.3420295715332
-39.20001220703125
-39.12752151489258
-39.618717193603516
-39.59614562988281
-39.490264892578125
-39.5974235534668
-39.73112869262695
-39.91152572631836
-40.056358337402344
-39.92196273803711
-39.884525299072266
-39.955047607421875
-40.054481506347656
-39.8341178894043
-40.37794494628906
-40.17703628540039
-40.26642990112305
-40.2703742980957
-40.2906494140625
-40.482933044433594
-40.370418548583984
-40.61521911621094
-40.51560592651367
-40.54839324951172
-40.6590690612793
-40.83903503417969
-40.84928894042969
-40.93427276611328
-40.98874282836914
-40.88425064086914
-41.118927001953125
-41.09294509887695
-40.94104766845703
-41.2443962097168
-41.130794525146484
-41.16618728637695
-41.26375198364258
-41.27197265625
-41.365020751953125
-41.41193771362305
-41.37718200683594
-41.436824798583984
-41.51949691772461
-41.5997200012207
-41.561073303222656
-41.620994567871094
-41.643131256103516
-41.611663818359375
-41.76716995239258
-41.749820709228516
-41.8547477722168
-41.80235290527344
-41.88972473144531
-41.8422737121582
-41.77830123901367
-41.92103958129883
-41.81550216674805
-42.141700744628906
-41.96820831298828
-42.12102127075195
-42.0020751953125
-42.14665222167969
-42.193138122558594
-42.30964660644531
-42.19386672973633
-42.360694885253906
-42.32140350341797
-42.40123748779297
-42.51944351196289
-42.385623931884766
-42.47499084472656
-42.53379821777344
-42.68144607543945
-42.83470916748047
-42.76654052734375
-42.818599700927734
-42.762916564941406
-43.02994155883789
-42.92192077636719
-42.95610809326172
-43.00694274902344
-43.209476470947266
-43.18114471435547
-43.49214172363281
-43.21352005004883
-43.265357971191406
-43.49251174926758
-43.34630584716797
-43.47489929199219
-43.610313415527344
-43.445682525634766
-43.7557373046875
-43.73133850097656
-43.71776580810547
-43.987457275390625
-43.944908142089844
-44.14401626586914
-43.81297302246094
-44.087677001953125
-44.07557678222656
-44.00212860107422
-44.25884246826172
-44.13188934326172
-44.281375885009766
-44.21698760986328
-44.26104736328125
-44.22315979003906
-44.509765625
-44.51433181762695
-44.49138259887695
-44.41534423828125
-44.512725830078125
-44.59165573120117
-44.63068771362305
-44.569862365722656
-44.57973098754883
-44.67848587036133
-44.80487060546875
-44.81008529663086
-44.81605529785156
-44.916046142578125
-44.901893615722656
-44.98862838745117
-44.99280548095703
-45.194068908691406
-45.10564422607422
-45.145851135253906
-45.312164306640625
-45.34632873535156
-45.37584686279297
-45.47557067871094
-45.564979553222656
-45.75914001464844
-45.73786544799805
-45.71678924560547
-46.00423049926758
-45.90800476074219
-46.18052673339844
-46.09531784057617
-46.18696212768555
-46.41932678222656
-46.535926818847656
-46.57657241821289
-46.74199676513672
-46.84349060058594
-46.886024475097656
-46.90666961669922
-46.80061340332031
-46.9921760559082
-47.059165954589844
-46.940799713134766
-47.15581512451172
-47.146141052246094
-46.92120361328125
-47.30836868286133
-47.10511016845703
-47.216068267822266
-47.182586669921875
-47.27768325805664
-47.236961364746094
-47.41763687133789
-47.40101623535156
-47.38862228393555
-47.331565856933594
-47.35780715942383
-47.38322830200195
-47.30201721191406
-47.50528335571289
-47.593624114990234
-47.62629699707031
-47.63716506958008
-47.68378829956055
-47.66815948486328
-47.76576232910156
-47.63007736206055
-47.82456588745117
-47.770774841308594
-47.699806213378906
-47.73033142089844
-47.62439727783203
-47.8223876953125
-47.728370666503906
-47.9000244140625
-47.84465408325195
-47.65966796875
-47.91575622558594
-47.79019546508789
-47.92918395996094
-47.99687957763672
-47.92392349243164
-47.86542510986328
-47.969764709472656
-48.12709045410156
-47.90245819091797
-47.92958068847656
-48.0822868347168
-47.8741455078125
-47.94090270996094
-48.036956787109375
-47.6435432434082
-48.17726135253906
-48.061241149902344
-48.09298324584961
-48.062713623046875
-48.094486236572266
-48.095733642578125
-48.23308181762695
-48.0296745300293
-48.179649353027344
-48.21209716796875
-48.21686935424805
-48.13543701171875
-48.19140625
-48.19747543334961
-48.1021614074707
-48.18431091308594
-48.246524810791016
-48.184513092041016
-48.23611068725586
-48.36714553833008
-48.37013244628906
-48.32406234741211
-48.29891586303711
-48.43456268310547
-48.35675048828125
-48.3682861328125
-48.42899703979492
-48.48258590698242
-48.321754455566406
-48.40480041503906
-48.52827453613281
-48.47384262084961
-48.446014404296875
-48.43461608886719
-48.459869384765625
-48.51478958129883
-48.58753204345703
-48.49827575683594
-48.534584045410156
-48.501522064208984
-48.47425842285156
-48.53411102294922
-48.565093994140625
-48.528106689453125
-48.47677993774414
-48.53271484375
-48.63908004760742
-48.3970947265625
-48.634376525878906
-48.643524169921875
-48.54716873168945
-48.53606414794922
-48.52516174316406
-48.55757522583008
-48.71748733520508
-48.6468505859375
-48.57652282714844
-48.68641662597656
-48.503684997558594
-48.578189849853516
-48.652339935302734
-48.69133377075195
-48.61198806762695
-48.684608459472656
-48.66201400756836
-48.59153366088867
-48.73982238769531
-48.741172790527344
-48.73389434814453
-48.77750015258789
-48.621273040771484
-48.6572380065918
-48.81401062011719
-48.739830017089844
-48.798316955566406
-48.792022705078125
-48.93916320800781
-48.59968948364258
-48.716773986816406
-48.833553314208984
-48.755733489990234
-48.831642150878906
-48.905242919921875
-48.83106994628906
-48.904483795166016
-48.84418487548828
-48.880828857421875
-48.9146842956543
-48.90106201171875
-48.88775634765625
-48.8121223449707
-48.94313430786133
-48.927886962890625
-48.89019775390625
-48.89897918701172
-48.949562072753906
-48.97929382324219
-48.90922546386719
-48.94610595703125
-48.947967529296875
-48.92670822143555
-49.01359558105469
-48.908023834228516
-48.899757385253906
-48.967063903808594
-49.04246139526367
-48.944740295410156
-48.93104553222656
-48.99464797973633
-49.01231384277344
-48.951744079589844
-48.95446014404297
-49.022117614746094
-49.00642395019531
-49.04948425292969
-49.064720153808594
-49.07195281982422
-48.89655303955078
-48.99497604370117
-49.04590606689453
-49.07957458496094
-49.03075408935547
-49.06972122192383
-49.10419464111328
-49.03993606567383
-49.086669921875
-49.14545440673828
-49.03730773925781
-49.008460998535156
-49.049659729003906
-49.12977600097656
-49.21435546875
-49.096893310546875
-48.896026611328125
-49.05405044555664
-49.11082458496094
-49.033912658691406
-49.17302703857422
-49.24697494506836
-49.17280197143555
-49.10450744628906
-49.08460998535156
-49.17048645019531
-49.23528289794922
-49.222015380859375
-49.18040084838867
-49.166961669921875
-49.20526885986328
-49.21926498413086
-49.278629302978516
-49.281776428222656
-49.275550842285156
-49.09849166870117
-49.195045471191406
-49.269989013671875
-49.233177185058594
-49.23530578613281
-49.21383285522461
-49.28953170776367
-49.22002410888672
-49.23019790649414
-49.26831817626953
-49.26772689819336
-49.29581069946289
-49.230560302734375
-49.367095947265625
-49.311378479003906
-49.177528381347656
-49.076438903808594
-49.372161865234375
-49.33373260498047
-49.25922393798828
-49.34352493286133
-49.425537109375
-49.20282745361328
-49.282249450683594
-49.37824249267578
-49.233089447021484
-49.18938064575195
-49.31924819946289
-49.23162078857422
-49.34912872314453
-49.32275390625
-49.40364074707031
-49.38682556152344
-49.388572692871094
-49.35148239135742
-49.40825271606445
-49.41445541381836
-49.321929931640625
-49.2374382019043
-49.42664337158203
-49.45528793334961
-49.534507751464844
-49.45669174194336
-49.43025588989258
-49.468502044677734
-49.463958740234375
-49.49714279174805
-49.480438232421875
-49.42405319213867
-49.55036163330078
-49.44099426269531
-49.48070526123047
-49.62449645996094
-49.56419372558594
-49.664451599121094
-49.52885818481445
-49.4765510559082
-49.45415496826172
-49.432315826416016
-49.51762771606445
-49.457908630371094
-49.389801025390625
-49.60647201538086
-49.445640563964844
-49.54765319824219
-49.51538848876953
-49.47635269165039
-49.52643585205078
-49.56056594848633
-49.432533264160156
-49.397804260253906
-49.53977966308594
-49.66921615600586
-49.45018768310547
-49.646728515625
-49.64424133300781
-49.463985443115234
-49.43574523925781
-49.5743408203125
-49.5314826965332
-49.474143981933594
-49.5816650390625
-49.50873947143555
-49.509986877441406
-49.61878967285156
-49.589176177978516
-49.3643913269043
-49.55352020263672
-49.68277359008789
-49.60778045654297
-49.55131912231445
-49.531471252441406
-49.527095794677734
-49.70861053466797
-49.64646911621094
-49.65560531616211
-49.692317962646484
-49.811363220214844
-49.74054718017578
-49.73073959350586
-49.684932708740234
-49.60800552368164
-49.635765075683594
-49.67546081542969
-49.67403030395508
-49.782691955566406
-49.8079948425293
-49.6544189453125
-49.80778884887695
-49.759742736816406
-49.79228973388672
-49.78802490234375
-49.56140899658203
-49.53739929199219
-49.779754638671875
-49.65663528442383
-49.764442443847656
-49.723365783691406
-49.74706268310547
-49.682010650634766
-49.75810241699219
-49.7562370300293
-49.63786315917969
-49.70551300048828
-49.72555160522461
-49.788787841796875
-49.810516357421875
-49.77436447143555
-49.84721374511719
-49.870243072509766
-49.79182052612305
-49.75121307373047
-49.73357391357422
-49.52464294433594
-49.857112884521484
-49.8554573059082
-49.79346466064453
-49.56288528442383
-49.777198791503906
-49.87380599975586
-49.71629333496094
-49.76362991333008
-49.87237548828125
-49.86393737792969
-49.816551208496094
-49.926536560058594
-49.83226013183594
-49.880401611328125
-49.63821792602539
-49.63920974731445
-49.996673583984375
-49.68059539794922
-49.589744567871094
-49.90293502807617
-49.47807693481445
-49.80290985107422
-49.790042877197266
-49.701171875
-49.954097747802734
-49.859962463378906
-49.756370544433594
-49.93714141845703
-49.87800979614258
-49.657569885253906
-49.899513244628906
-49.930908203125
-49.81692123413086
-49.87544250488281
-49.92035675048828
-49.9254264831543
-49.9742546081543
-49.7939453125
-49.86485290527344
-49.985477447509766
-50.009464263916016
-50.007606506347656
-50.020164489746094
-49.9000244140625
-49.869102478027344
-49.93794631958008
-49.98670959472656
-49.8314208984375
-49.82728576660156
-49.798118591308594
-49.765098571777344
-49.97454833984375
-49.921165466308594
-49.89313507080078
-49.90918731689453
-49.983463287353516
-49.93281173706055
-49.98059844970703
-49.92525100708008
-49.91015625
-49.94359588623047
-49.96937561035156
-50.00908660888672
-50.01387023925781
-50.015037536621094
-49.98030090332031
-50.002845764160156
-49.6981315612793
-49.91539001464844
-50.04888916015625
-49.93585968017578
-49.87894821166992
-50.092525482177734
-49.99795913696289
-49.86266326904297
-50.104801177978516
-49.920166015625
-49.90624237060547
-50.08452606201172
-49.954742431640625
-49.97686767578125
-50.094581604003906
-50.043365478515625
-50.07026290893555
-50.0859489440918
-50.105594635009766
-50.08464050292969
-50.08219528198242
-50.07991409301758
-50.067169189453125
-50.11409378051758
-50.128448486328125
-50.12245559692383
-50.081298828125
-50.13105010986328
-50.05720138549805
-50.014163970947266
-49.98412322998047
-50.1324348449707
-50.03240966796875
-49.97682189941406
-49.98320388793945
-50.17558288574219
-50.172035217285156
-50.20009231567383
-50.200313568115234
-50.09873580932617
-50.08695983886719
-50.16871643066406
-50.17321014404297
-50.21617889404297
-50.21526336669922
-50.12492752075195
-50.06874084472656
-50.11165237426758
-50.186519622802734
-50.14250183105469
-50.11318588256836
-50.23044967651367
-50.17930603027344
-50.21905517578125
-50.14795684814453
-50.108795166015625
-50.05696487426758
-50.15154266357422
-50.21380615234375
-50.14016342163086
-50.258785247802734
-50.215335845947266
-50.14781951904297
-50.27302169799805
-50.30793380737305
-50.25535583496094
-50.06040573120117
-49.96995544433594
-50.217041015625
-50.117454528808594
-49.994483947753906
-50.26497268676758
-50.0869140625
-50.019588470458984
-50.23426818847656
-50.102691650390625
-50.10840606689453
-50.24345397949219
-50.21396255493164
-49.9770622253418
-50.28169631958008
-50.19895935058594
-50.17229461669922
-50.27088928222656
-50.244483947753906
-50.21202087402344
-50.22931671142578
-50.26961135864258
-50.24957275390625
-50.228363037109375
-50.32667541503906
-50.24583053588867
-50.298492431640625
-50.2373046875
-50.165130615234375
-50.29732894897461
-50.320152282714844
-50.21277618408203
-50.23973083496094
-50.13646697998047
-50.25145721435547
-50.32059860229492
-50.23461151123047
-50.2529296875
-50.32969665527344
-50.279205322265625
-50.32648468017578
-50.260379791259766
-50.323429107666016
-50.28277587890625
-50.26393127441406
-50.33327102661133
-50.37691116333008
-50.2814826965332
-50.38323211669922
-50.3270149230957
-50.32093811035156
-50.29583740234375
-50.38340759277344
-50.355045318603516
-50.29397201538086
-50.239036560058594
-50.231353759765625
-50.32802200317383
-50.37995910644531
-50.38086700439453
-50.33651351928711
-50.36269760131836
-50.282066345214844
-50.263221740722656
-50.353111267089844
-50.41253662109375
-50.35910415649414
-50.27832794189453
-50.27174377441406
-50.3438720703125
-50.27009201049805
-50.27264404296875
-50.27613830566406
-50.29347610473633
-50.31196594238281
-50.42943572998047
-50.41687774658203
-50.42451095581055
-50.25987243652344
-50.229530334472656
-50.431312561035156
-50.348052978515625
-50.14746856689453
-50.381752014160156
-50.3463020324707
-50.19831848144531
-50.345176696777344
-50.359466552734375
-50.39391326904297
-50.32960510253906
-50.280799865722656
-50.38979721069336
-50.346710205078125
-50.38964080810547
-50.30378723144531
-50.250282287597656
-50.29212951660156
-50.474151611328125
-50.296138763427734
-50.175193786621094
-50.46417999267578
-50.41295623779297
-50.269264221191406
-50.16684341430664
-50.377655029296875
-50.26108169555664
-50.19459915161133
-50.486289978027344
-50.06410217285156
-50.19874572753906
-50.36157989501953
-49.99541473388672
-50.409976959228516
-50.400943756103516
-50.00302505493164
-50.380218505859375
-50.28959655761719
-50.11223602294922
-50.46010971069336
-50.32830047607422
-50.28270721435547
-50.45063781738281
-50.4775390625
-50.335628509521484
-50.40803527832031
-50.483707427978516
-50.45644760131836
-50.45042037963867
-50.474327087402344
-50.50538635253906
-50.46445846557617
-50.47837829589844
-50.40483093261719
-50.52295684814453
-50.496604919433594
-50.51844787597656
-50.35716247558594
-50.31288146972656
-50.503395080566406
-50.55327606201172
-50.43567657470703
-50.39092254638672
-50.328269958496094
-50.49678039550781
-50.48792266845703
-50.39577102661133
-50.44883728027344
-50.574954986572266
-50.54621124267578
-50.479373931884766
-50.53647994995117
-50.41123580932617
-50.44021987915039
-50.58620071411133
-50.522098541259766
-50.42789077758789
-50.4820556640625
-50.58223342895508
-50.586822509765625
-50.47954559326172
-50.56510543823242
-50.50114440917969
-50.555240631103516
-50.58119201660156
-50.589935302734375
-50.5560417175293
-50.46484375
-50.440093994140625
-50.52216339111328
-50.61764144897461
-50.615699768066406
-50.53270721435547
-50.43742752075195
-50.57299041748047
-50.5640869140625
-50.60094451904297
-50.612648010253906
-50.56261444091797
-50.610435485839844
-50.520809173583984
-50.55705261230469
-50.63166046142578
-50.627777099609375
-50.56700897216797
-50.57122802734375
-50.560203552246094
-50.5670166015625
-50.56768798828125
-50.61293411254883
-50.647117614746094
-50.614288330078125
-50.48950958251953
-50.45618438720703
-50.57783889770508
-50.585540771484375
-50.60087203979492
-50.48577880859375
-50.574378967285156
-50.60414123535156
-50.55133056640625
-50.62989044189453
-50.610206604003906
-50.65618896484375
-50.60792541503906
-50.57251739501953
-50.63627624511719
-50.571720123291016
-50.51657485961914
-50.649627685546875
-50.59286880493164
-50.70184326171875
-50.600887298583984
-50.49647521972656
-50.58676528930664
-50.674739837646484
-50.653038024902344
-50.55480194091797
-50.618309020996094
-50.59077072143555
-50.59526443481445
-50.664024353027344
-50.689613342285156
-50.5507698059082
-50.62174606323242
-50.672340393066406
-50.53217315673828
-50.39779281616211
-50.58757400512695
-50.70068359375
-50.475990295410156
-50.6182861328125
-50.68632125854492
-50.546966552734375
-50.46485137939453
-50.53738784790039
-50.4566650390625
-50.48171615600586
-50.50019454956055
-50.5800895690918
-50.54716110229492
-50.53923797607422
-50.680694580078125
-50.74402618408203
-50.590660095214844
-50.5779914855957
-50.68321990966797
-50.65751266479492
-50.630859375
-50.61705780029297
-50.664710998535156
-50.64881896972656
-50.70496368408203
-50.745506286621094
-50.67889404296875
-50.757415771484375
-50.54360580444336
-50.44011688232422
-50.643192291259766
-50.767696380615234
-50.69673538208008
-50.53325653076172
-50.5644645690918
-50.675724029541016
-50.668148040771484
-50.365234375
-50.71746826171875
-50.56418991088867
-50.381141662597656
-50.71343231201172
-50.468894958496094
-50.484962463378906
-50.749237060546875
-50.39656448364258
-50.63483810424805
-50.73180389404297
-50.41904067993164
-50.681861877441406
-50.73862838745117
-50.507469177246094
-50.64188766479492
-50.698307037353516
-50.58133316040039
-50.66334915161133
-50.751800537109375
-50.76903533935547
-50.661678314208984
-50.735408782958984
-50.72267532348633
-50.7955322265625
-50.823577880859375
-50.83686065673828
-50.788002014160156
-50.706783294677734
-50.7796516418457
-50.732521057128906
-50.70623779296875
-50.69598388671875
-50.64319610595703
-50.736942291259766
-50.82188034057617
-50.782222747802734
-50.71194076538086
-50.73984909057617
-50.81103515625
-50.791709899902344
-50.84666442871094
-50.80408477783203
-50.79905319213867
-50.834129333496094
-50.842742919921875
-50.86884307861328
-50.80261993408203
-50.71201705932617
-50.69490051269531
-50.68748474121094
-50.6905517578125
-50.784080505371094
-50.87676239013672
-50.8160514831543
-50.828575134277344
-50.81398391723633
-50.817970275878906
-50.78326416015625
-50.73311996459961
-50.58414077758789
-50.689239501953125
-50.80956268310547
-50.783592224121094
-50.80928039550781
-50.815277099609375
-50.747798919677734
-50.81698226928711
-50.74622344970703
-50.8102912902832
-50.791229248046875
-50.77568817138672
-50.703243255615234
-50.77971649169922
-50.81233596801758
-50.842933654785156
-50.86804962158203
-50.83098602294922
-50.89345932006836
-50.88227844238281
-50.790157318115234
-50.7844123840332
-50.71756362915039
-50.652015686035156
-50.76094055175781
-50.852359771728516
-50.85806655883789
-50.79692077636719
-50.68870544433594
-50.679168701171875
-50.757266998291016
-50.78942108154297
-50.81602096557617
-50.706722259521484
-50.728763580322266
-50.77668762207031
-50.84905242919922
-50.77800750732422
-50.814422607421875
-50.67436981201172
-50.80113983154297
-50.7402458190918
-50.725624084472656
-50.75691604614258
-50.7425537109375
-50.7855110168457
-50.73717498779297
-50.80416488647461
-50.85744857788086
-50.640323638916016
-50.66141128540039
-50.82311248779297
-50.81731414794922
-50.825172424316406
-50.709800720214844
-50.75249099731445
-50.71198272705078
-50.72718048095703
-50.70952606201172
-50.81169891357422
-50.713340759277344
-50.823089599609375
-50.863407135009766
-50.79397964477539
-50.67912673950195
-50.69828796386719
-50.62019348144531
-50.74432373046875
-50.90702819824219
-50.91337585449219
-50.76899337768555
-50.84955596923828
-50.89839172363281
-50.944297790527344
-50.818206787109375
-50.918235778808594
-50.838645935058594
-50.80998992919922
-50.77500915527344
-50.89249801635742
-50.96981430053711
-50.90734100341797
-50.719322204589844
-50.80195617675781
-50.77497100830078
-50.7532844543457
-50.81547546386719
-50.900421142578125
-50.89124298095703
-50.89695739746094
-50.96192932128906
-50.92032241821289
-50.78535079956055
-50.775997161865234
-50.78104782104492
-50.837425231933594
-50.88252639770508
-50.96786880493164
-50.884212493896484
-50.74907684326172
-50.9119873046875
-50.92070388793945
-50.97359085083008
-50.807273864746094
-50.75971984863281
-50.907527923583984
-51.004493713378906
-50.90596008300781
-51.00660705566406
-50.979976654052734
-50.91924285888672
-50.969329833984375
-50.966983795166016
-50.92483901977539
-50.9014892578125
-50.74703598022461
-50.7708740234375
-50.97126388549805
-50.96741485595703
-50.76951217651367
-50.89756393432617
-50.914031982421875
-50.92405319213867
-50.93550109863281
-50.96232986450195
-50.8948860168457
-50.84375762939453
-50.893089294433594
-50.989479064941406
-51.02238464355469
-50.947486877441406
-50.93524169921875
-50.87408447265625
-50.76677322387695
-50.90216064453125
-50.9849853515625
-50.9677848815918
-50.94424819946289
-50.84114456176758
-50.881404876708984
-50.97141647338867
-51.019527435302734
-50.99120330810547
-50.91712188720703
-51.020469665527344
-50.83112716674805
-50.987159729003906
-51.02516174316406
-50.878639221191406
-51.00151824951172
-50.98748779296875
-50.967681884765625
-50.82408142089844
-50.67444610595703
-50.90131759643555
-50.967769622802734
-50.715946197509766
-50.87052536010742
-50.977325439453125
-50.931705474853516
-50.855079650878906
-50.676063537597656
-50.94904327392578
-50.95275115966797
-50.83427047729492
-50.755592346191406
-50.94176483154297
-50.90934753417969
-50.84507751464844
-50.8806037902832
-50.833290100097656
-50.98131561279297
-51.016700744628906
-50.91611862182617
-50.949066162109375
-50.81612014770508
-50.86841583251953
-50.98106002807617
-50.9930419921875
-51.03789520263672
-50.903682708740234
-50.80110168457031
-50.893394470214844
-51.015045166015625
-50.9957160949707
-50.95157241821289
-50.933082580566406
-50.965171813964844
-50.87264633178711
-50.96959686279297
-50.99125289916992
-51.04266357421875
-50.975311279296875
-50.91966247558594
-50.66304397583008
-50.924285888671875
-51.0297737121582
-51.07841873168945
-50.9167366027832
-50.877723693847656
-50.911746978759766
-51.01556396484375
-51.0626220703125
-51.03004837036133
-50.905120849609375
-50.957855224609375
-51.04824447631836
-51.011207580566406
-51.04682922363281
-51.052574157714844
-51.068748474121094
-51.11235046386719
-51.07714080810547
-51.041622161865234
-50.95746612548828
-50.920841217041016
-50.97449493408203
-51.01898193359375
-51.001590728759766
-50.922943115234375
-50.979278564453125
-51.05284118652344
-51.10298538208008
-51.042236328125
-51.071388244628906
-51.013545989990234
-51.03360366821289
-51.08863067626953
-50.987709045410156
-50.9810791015625
-51.008026123046875
-50.98150634765625
-50.9947624206543
-50.98670959472656
-50.96514892578125
-51.05670166015625
-51.09745407104492
-51.10976791381836
-51.095890045166016
-50.94779968261719
-50.94135665893555
-51.08685302734375
-51.0811882019043
-50.99888229370117
-50.89640808105469
-50.986534118652344
-51.084373474121094
-51.003604888916016
-50.99248123168945
-51.028465270996094
-51.052085876464844
-51.085716247558594
-51.146236419677734
-51.10641098022461
-51.09675598144531
-50.92732238769531
-51.003910064697266
-51.03753662109375
-51.07275390625
-51.017181396484375
-51.10176467895508
-51.080196380615234
-51.00838088989258
-50.966007232666016
-50.98626708984375
-51.02012252807617
-51.10591125488281
-51.07708740234375
-51.051414489746094
-51.103370666503906
-51.087642669677734
-51.10430908203125
-50.9315071105957
-51.00004577636719
-51.081085205078125
-51.14512634277344
-51.15818405151367
-51.073822021484375
-51.0953369140625
-51.140350341796875
-51.05030059814453
-51.14667892456055
-51.07798767089844
-51.12518310546875
-51.013702392578125
-50.998313903808594
-51.06196212768555
-51.160064697265625
-51.15567398071289
-51.087608337402344
-50.964847564697266
-50.93006896972656
-51.102867126464844
-51.212547302246094
-51.142154693603516
-51.10200500488281
-51.009071350097656
-51.141693115234375
-51.12761306762695
-51.16182327270508
-51.17927932739258
-51.119834899902344
-51.152496337890625
-51.184173583984375
-51.10177993774414
-51.16516876220703
-51.160194396972656
-51.16825485229492
-51.18015670776367
-51.16136169433594
-51.148887634277344
-51.0543327331543
-50.93761444091797
-50.91983413696289
-51.11370086669922
-51.13630294799805
-50.87286376953125
-50.90672302246094
-51.1063232421875
-51.10005187988281
-51.05732727050781
-51.008113861083984
-51.04193115234375
-51.138954162597656
-51.164573669433594
-51.1097297668457
-50.99534606933594
-51.05808639526367
-51.1367073059082
-51.12329864501953
-51.033546447753906
-50.96223449707031
-51.15996551513672
-51.16322708129883
-51.22013854980469
-51.13127517700195
-51.07539367675781
-51.039955139160156
-51.0444450378418
-51.02326583862305
-51.14139175415039
-51.197731018066406
-51.22258758544922
-51.16598129272461
-51.08936309814453
-50.97308349609375
-50.927085876464844
-51.056854248046875
-51.11056900024414
-51.18180465698242
-51.181907653808594
-51.21046829223633
-51.18965530395508
-51.11134338378906
-51.08713150024414
-51.086585998535156
-51.07136535644531
-51.166015625
-51.203086853027344
-51.134239196777344
-51.18891906738281
-51.18316650390625
-51.09776306152344
-50.96868896484375
-51.041141510009766
-51.032676696777344
-51.21946334838867
-51.080711364746094
-50.853477478027344
-51.00994110107422
-51.18124008178711
-51.17033767700195
-51.05876922607422
-50.96360778808594
-51.087806701660156
-51.12630844116211
-51.12543487548828
-51.161033630371094
-51.21849060058594
-51.24089813232422
-51.14929962158203
-51.086143493652344
-51.08938217163086
-51.16132354736328
-51.21097183227539
-51.18195343017578
-50.96039581298828
-50.94935607910156
-51.12380599975586
-51.09344482421875
-51.09921646118164
-51.069576263427734
-50.98432922363281
-51.02155303955078
-51.18006896972656
-51.234493255615234
-51.198951721191406
-51.15733337402344
-51.18079376220703
-51.07548904418945
-51.21359634399414
-51.29873275756836
-51.22251892089844
-51.067596435546875
-50.89451599121094
-51.09371566772461
-51.27406692504883
-51.123050689697266
-51.11077117919922
-51.05901336669922
-51.142845153808594
-51.19642639160156
-51.013633728027344
-51.155555725097656
-51.17068099975586
-51.23920822143555
-51.1579704284668
-50.974952697753906
-51.2625846862793
-51.18974304199219
-51.051177978515625
-51.08877182006836
-51.2027587890625
-51.21455001831055
-51.05995178222656
-51.01224136352539
-51.259151458740234
-51.187828063964844
-51.10801696777344
-51.05841827392578
-51.104854583740234
-51.262020111083984
-51.2784538269043
-51.18531799316406
-51.10491180419922
-51.00870895385742
-51.135555267333984
-51.17353057861328
-51.268104553222656
-51.02800750732422
-50.985450744628906
-51.14216232299805
-51.234737396240234
-51.13661193847656
-51.058189392089844
-50.92877960205078
-51.08612060546875
-51.20142364501953
-51.161643981933594
-51.04767990112305
-51.121604919433594
-51.2734260559082
-51.23973846435547
-51.2750244140625
-51.20807647705078
-51.13146209716797
-51.10486602783203
-51.162391662597656
-51.26702880859375
-51.2655143737793
-51.29036331176758
-51.265037536621094
-51.184757232666016
-51.12324905395508
-51.10655975341797
-51.25105667114258
-51.323272705078125
-51.277706146240234
-51.31072998046875
-51.34937286376953
-51.30877685546875
-51.28199005126953
-51.298583984375
-51.244449615478516
-51.30733871459961
-51.2593879699707
-51.245784759521484
-51.2665901184082
-51.270450592041016
-51.279083251953125
-51.25514602661133
-51.14177322387695
-51.25524139404297
-51.22406005859375
-51.268611907958984
-51.27429962158203
-51.226078033447266
-51.19435119628906
-51.303157806396484
-51.22348403930664
-51.18913650512695
-51.22069549560547
-51.2719841003418
-51.208744049072266
-51.37934875488281
-51.310516357421875
-51.17005920410156
-51.069374084472656
-51.21983337402344
-51.29486083984375
-51.29792785644531
-51.14537048339844
-51.036075592041016
-51.05467987060547
-51.242210388183594
-51.273590087890625
-51.154998779296875
-51.261661529541016
-51.28836441040039
-51.26993942260742
-51.05049514770508
-50.867855072021484
-51.218994140625
-51.287689208984375
-51.17483139038086
-51.06194305419922
-51.18553161621094
-51.29179382324219
-51.165836334228516
-51.109676361083984
-51.26911926269531
-51.26095199584961
-51.19734191894531
-51.242332458496094
-51.282020568847656
-51.23484802246094
-51.29337692260742
-51.31321334838867
-51.34450912475586
-51.372589111328125
-51.22518539428711
-51.113948822021484
-51.004608154296875
-51.19280242919922
-51.266319274902344
-51.27897644042969
-51.20072937011719
-51.148704528808594
-51.32612991333008
-51.26728057861328
-51.28399658203125
-51.2620964050293
-51.06424331665039
-51.26355743408203
-51.258506774902344
-51.274383544921875
-51.31929016113281
-51.16908264160156
-51.316829681396484
-51.270668029785156
-51.20728302001953
-51.27485656738281
-51.22481155395508
-51.22905731201172
-51.28445816040039
-51.322998046875
-51.37429428100586
-51.36410903930664
-51.36741638183594
-51.379486083984375
-51.334747314453125
-51.36033248901367
-51.30621337890625
-51.16181182861328
-51.03522491455078
-51.244293212890625
-51.308841705322266
-51.33708190917969
-51.27355194091797
-51.30665588378906
-51.37919616699219
-51.32558059692383
-51.246253967285156
-51.238067626953125
-51.2165641784668
-51.147796630859375
-51.177398681640625
-51.32440185546875
-51.26433563232422
-51.043785095214844
-51.181854248046875
-51.16242599487305
-51.258522033691406
-51.126136779785156
-51.159759521484375
-51.351707458496094
-51.25675964355469
-51.03924560546875
-51.13252639770508
-51.36603546142578
-51.34070587158203
-51.21876525878906
-51.15672302246094
-51.2846565246582
-51.356571197509766
-51.32756423950195
-51.158695220947266
-51.13751220703125
-51.303138732910156
-51.328487396240234
-51.402374267578125
-51.34836196899414
-51.29450988769531
-51.237178802490234
-51.17858123779297
-51.303070068359375
-51.394386291503906
-51.371646881103516
-51.32575988769531
-51.371124267578125
-51.404991149902344
-51.37328338623047
-51.36582946777344
-51.34510803222656
-51.21483612060547
-51.194358825683594
-51.329952239990234
-51.373939514160156
-51.33739471435547
-51.13452911376953
-51.17525863647461
-51.369873046875
-51.42095947265625
-51.358482360839844
-51.21955108642578
-51.332557678222656
-51.36050796508789
-51.35239791870117
-51.3155517578125
-51.277862548828125
-51.239376068115234
-51.32703399658203
-51.33308410644531
-51.37868118286133
-51.393463134765625
-51.36211395263672
-51.383544921875
-51.419769287109375
-51.336997985839844
-51.34880828857422
-51.34038543701172
-51.3155517578125
-51.340614318847656
-51.331764221191406
-51.315818786621094
-51.32157516479492
-51.33728790283203
-51.27906799316406
-51.348636627197266
-51.403141021728516
-51.073448181152344
-51.20774841308594
-51.34840393066406
-51.3038444519043
-51.19770431518555
-51.376625061035156
-51.437103271484375
-51.28309631347656
-51.32630920410156
-51.38060760498047
-51.45327377319336
-51.435874938964844
-51.33699417114258
-51.33540344238281
-51.23473358154297
-51.25933837890625
-51.23281478881836
-51.36357116699219
-51.41730880737305
-51.246437072753906
-51.35249710083008
-51.325355529785156
-51.32050704956055
-51.2899284362793
-51.3657112121582
-51.40788650512695
-51.423423767089844
-51.41270446777344
-51.43074035644531
-51.38534164428711
-51.43851089477539
-51.37356948852539
-51.32799530029297
-51.34343719482422
-51.377986907958984
-51.411643981933594
-51.40702819824219
-51.40193176269531
-51.420249938964844
-51.134925842285156
-51.24997329711914
-51.3583869934082
-51.376399993896484
-51.3951301574707
-51.46843719482422
-51.46611022949219
-51.35826110839844
-51.32835388183594
-51.30967712402344
-51.301448822021484
-51.31929397583008
-51.43920135498047
-51.42658233642578
-51.350746154785156
-51.29925537109375
-51.34392547607422
-51.2628173828125
-51.389102935791016
-51.44557571411133
-51.415584564208984
-51.3353157043457
-51.37649917602539
-51.28081512451172
-51.325626373291016
-51.32386779785156
-51.48717498779297
-51.43340301513672
-51.315738677978516
-51.327476501464844
-51.36381530761719
-51.39216613769531
-51.43474578857422
-51.507041931152344
-51.491233825683594
-51.402626037597656
-51.46436309814453
-51.486236572265625
-51.429100036621094
-51.37614059448242
-51.30094909667969
-51.26197052001953
-51.374637603759766
-51.4459228515625
-51.3497314453125
-51.266517639160156
-51.397613525390625
-51.40397644042969
-51.40724563598633
-51.51209259033203
-51.503440856933594
-51.450050354003906
-51.409202575683594
-51.40969467163086
-51.361663818359375
-51.461971282958984
-51.42755126953125
-51.474308013916016
-51.500091552734375
-51.386077880859375
-51.20545959472656
-51.31913757324219
-51.35163116455078
-51.26881790161133
-51.394935607910156
-51.46401596069336
-51.39073181152344
-51.413780212402344
-51.38236618041992
-51.379005432128906
-51.405662536621094
-51.38851547241211
-51.44281768798828
-51.46919250488281
-51.453189849853516
-51.474945068359375
-51.5308723449707
-51.49024963378906
-51.498313903808594
-51.52545928955078
-51.55351257324219
-51.5018310546875
-51.40059280395508
-51.31119155883789
-51.29029083251953
-51.39527893066406
-51.47148895263672
-51.47446060180664
-51.504608154296875
-51.52027893066406
-51.39979553222656
-51.29464340209961
-51.32273864746094
-51.39231872558594
-51.4789924621582
-51.54001235961914
-51.516754150390625
-51.501930236816406
-51.45600128173828
-51.377540588378906
-51.262046813964844
-51.396484375
-51.463191986083984
-51.476951599121094
-51.51765823364258
-51.458900451660156
-51.44219207763672
-51.46177673339844
-51.37234878540039
-51.386085510253906
-51.375938415527344
-51.51080322265625
-51.41468048095703
-51.53382873535156
-51.478004455566406
-51.49350357055664
-51.45039367675781
-51.50110626220703
-51.51039123535156
-51.48016357421875
-51.46615982055664
-51.48219680786133
-51.498992919921875
-51.50310516357422
-51.49212646484375
-51.47337341308594
-51.31237030029297
-51.146575927734375
-51.52925491333008
-51.53593444824219
-51.323490142822266
-51.25259780883789
-51.38114929199219
-51.4524040222168
-51.4799690246582
-51.42023468017578
-51.15779113769531
-51.38967514038086
-51.46693420410156
-51.52100372314453
-51.4453125
-51.38808822631836
-51.44920349121094
-51.37333679199219
-51.40989685058594
-51.48860168457031
-51.42749786376953
-51.36642074584961
-51.318443298339844
-51.34736251831055
-51.55503845214844
-51.52629470825195
-51.45454025268555
-51.332767486572266
-51.136009216308594
-51.416847229003906
-51.529029846191406
-51.350303649902344
-51.10859680175781
-51.27534103393555
-51.45726776123047
-51.399620056152344
-51.2292366027832
-51.47834014892578
-51.50548553466797
-51.37099838256836
-51.29230499267578
-51.433631896972656
-51.552242279052734
-51.507484436035156
-51.321868896484375
-51.34492874145508
-51.52083969116211
-51.52508544921875
-51.304115295410156
-51.261878967285156
-51.52878952026367
-51.508583068847656
-51.331844329833984
-51.477386474609375
-51.51184844970703
-51.49532699584961
-51.542152404785156
-51.479942321777344
-51.50960922241211
-51.46290969848633
-51.461280822753906
-51.41777420043945
-51.5599479675293
-51.549171447753906
-51.49945068359375
-51.52892303466797
-51.43177032470703
-51.37268829345703
-51.420040130615234
-51.492576599121094
-51.52259826660156
-51.5262451171875
-51.52864456176758
-51.53116226196289
-51.5572509765625
-51.54329299926758
-51.52314758300781
-51.55398178100586
-51.56558609008789
-51.52344512939453
-51.42818832397461
-51.249366760253906
-51.46891784667969
-51.573509216308594
-51.52854537963867
-51.40700149536133
-51.32788848876953
-51.4991569519043
-51.57133102416992
-51.51057815551758
-51.38737487792969
-51.42005920410156
-51.50688552856445
-51.53760528564453
-51.60029602050781
-51.537113189697266
-51.456092834472656
-51.39551544189453
-51.44882583618164
-51.49199676513672
-51.58858108520508
-51.60650634765625
-51.40234375
-51.39531707763672
-51.502105712890625
-51.42041015625
-51.51754379272461
-51.41925048828125
-51.269554138183594
-51.4208984375
-51.486473083496094
-51.47350311279297
-51.184715270996094
-51.355804443359375
-51.499305725097656
-51.574180603027344
-51.363304138183594
-51.43998718261719
-51.48686981201172
-51.48042297363281
-51.53938674926758
-51.51210403442383
-51.49386978149414
-51.3775749206543
-51.45728302001953
-51.52249526977539
-51.56202697753906
-51.58058166503906
-51.527557373046875
-51.369873046875
-51.427398681640625
-51.54271697998047
-51.563201904296875
-51.56122970581055
-51.50166320800781
-51.42369079589844
-51.39013671875
-51.43142318725586
-51.55097198486328
-51.50910949707031
-51.56045913696289
-51.52379608154297
-51.49473571777344
-51.42666244506836
-51.45246887207031
-51.504669189453125
-51.5152702331543
-51.539913177490234
-51.54257583618164
-51.598793029785156
-51.35649108886719
-51.32857894897461
-51.49592590332031
-51.55070114135742
-51.5516471862793
-51.53907775878906
-51.4588508605957
-51.45307922363281
-51.49639892578125
-51.529361724853516
-51.58381652832031
-51.61216735839844
-51.56468200683594
-51.58673095703125
-51.50115203857422
-51.36495590209961
-51.35884094238281
-51.45741271972656
-51.58019256591797
-51.558860778808594
-51.54400634765625
-51.295162200927734
-51.30705642700195
-51.47806930541992
-51.46277618408203
-51.32732391357422
-51.46232223510742
-51.6192626953125
-51.53047561645508
-51.42285919189453
-51.4511604309082
-51.601200103759766
-51.61118698120117
-51.549774169921875
-51.424407958984375
-51.36112976074219
-51.604740142822266
-51.60564422607422
-51.4679069519043
-51.438053131103516
-51.491268157958984
-51.46223068237305
-51.48688888549805
-51.4789924621582
-51.48743438720703
-51.44816970825195
-51.48505401611328
-51.54393005371094
-51.61069107055664
-51.509212493896484
-51.39623260498047
-51.47715759277344
-51.538753509521484
-51.58088302612305
-51.63470458984375
-51.62535095214844
-51.65074920654297
-51.556148529052734
-51.47877883911133
-51.40784454345703
-51.358787536621094
-51.50162887573242
-51.623199462890625
-51.61585235595703
-51.61608123779297
-51.65283966064453
-51.66277313232422
-51.562496185302734
-51.59202575683594
-51.59144592285156
-51.504722595214844
-51.35367202758789
-51.4515380859375
-51.59188461303711
-51.678375244140625
-51.555572509765625
-51.59571838378906
-51.56290817260742
-51.52899932861328
-51.33518600463867
-51.4840087890625
-51.58613586425781
-51.544837951660156
-51.46458053588867
-51.566444396972656
-51.557472229003906
-51.54008102416992
-51.488121032714844
-51.43414306640625
-51.411956787109375
-51.392417907714844
-51.628623962402344
-51.6614875793457
-51.654632568359375
-51.55472183227539
-51.56902313232422
-51.52434539794922
-51.485286712646484
-51.517913818359375
-51.57679748535156
-51.62527084350586
-51.62879943847656
-51.60039138793945
-51.61260986328125
-51.65982437133789
-51.628089904785156
-51.621009826660156
-51.586669921875
-51.437255859375
-51.493080139160156
-51.57126998901367
-51.51776123046875
-51.55724334716797
-51.629600524902344
-51.642364501953125
-51.62220001220703
-51.59577178955078
-51.50989532470703
-51.47721862792969
-51.495269775390625
-51.53623962402344
-51.61378860473633
-51.638893127441406
-51.56904602050781
-51.418190002441406
-51.46455764770508
-51.52586364746094
-51.649497985839844
-51.63978576660156
-51.585323333740234
-51.54741668701172
-51.49736785888672
-51.52277374267578
-51.54405212402344
-51.577030181884766
-51.558738708496094
-51.5834846496582
-51.63446807861328
-51.61298751831055
-51.60951614379883
-51.64931106567383
-51.61298370361328
-51.55537414550781
-51.43910217285156
-51.46038818359375
-51.607757568359375
-51.596824645996094
-51.612125396728516
-51.50839614868164
-51.378231048583984
-51.5693359375
-51.645198822021484
-51.68869400024414
-51.65977478027344
-51.504493713378906
-51.492488861083984
-51.58682632446289
-51.65773010253906
-51.666473388671875
-51.59270095825195
-51.48461151123047
-51.457977294921875
-51.56565856933594
-51.661895751953125
-51.68621063232422
-51.62015151977539
-51.43960952758789
-51.47509002685547
-51.622283935546875
-51.688621520996094
-51.671714782714844
-51.71318054199219
-51.58613204956055
-51.5233154296875
-51.645912170410156
-51.64785385131836
-51.646392822265625
-51.663509368896484
-51.59983825683594
-51.605621337890625
-51.60323715209961
-51.589534759521484
-51.615291595458984
-51.65870666503906
-51.60319137573242
-51.60366439819336
-51.564273834228516
-51.56489181518555
-51.59185791015625
-51.59089660644531
-51.59975051879883
-51.616241455078125
-51.53329849243164
-51.460411071777344
-51.48419952392578
-51.55287170410156
-51.64898681640625
-51.62284851074219
-51.66033935546875
-51.51683044433594
-51.48003387451172
-51.59934616088867
-51.6805419921875
-51.549537658691406
-51.520484924316406
-51.59507751464844
-51.6397705078125
-51.61457824707031
-51.56492233276367
-51.674869537353516
-51.67020034790039
-51.646453857421875
-51.436317443847656
-51.46661376953125
-51.60584259033203
-51.64560317993164
-51.674503326416016
-51.66658020019531
-51.68395233154297
-51.58079528808594
-51.65774917602539
-51.59114456176758
-51.45594024658203
-51.56452178955078
-51.641963958740234
-51.6529541015625
-51.66862869262695
-51.646820068359375
-51.58734130859375
-51.600189208984375
-51.62004470825195
-51.615936279296875
-51.58528518676758
-51.60667419433594
-51.645713806152344
-51.62122344970703
-51.621246337890625
-51.66733169555664
-51.525028228759766
-51.564544677734375
-51.61274719238281
-51.55784225463867
-51.572120666503906
-51.59768295288086
-51.6765022277832
-51.704307556152344
-51.70738983154297
-51.68233108520508
-51.58916473388672
-51.57939147949219
-51.62001037597656
-51.67621612548828
-51.65863800048828
-51.73275375366211
-51.60304260253906
-51.43698501586914
-51.424713134765625
-51.49856185913086
-51.581172943115234
-51.66664123535156
-51.70354080200195
-51.613983154296875
-51.615787506103516
-51.57487869262695
-51.600250244140625
-51.634132385253906
-51.72303009033203
-51.727195739746094
-51.705291748046875
-51.634559631347656
-51.63723373413086
-51.580562591552734
-51.449920654296875
-51.55617141723633
-51.668556213378906
-51.66925811767578
-51.66545867919922
-51.673072814941406
-51.582820892333984
-51.559837341308594
-51.64458084106445
-51.61787414550781
-51.68687438964844
-51.62158966064453
-51.55001449584961
-51.430381774902344
-51.6158332824707
-51.52337646484375
-51.64292907714844
-51.653560638427734
-51.65618896484375
-51.64366149902344
-51.64799499511719
-51.6192626953125
-51.53151321411133
-51.518699645996094
-51.64604187011719
-51.69705581665039
-51.68471908569336
-51.75984573364258
-51.7269172668457
-51.701751708984375
-51.69562530517578
-51.5533332824707
-51.43118667602539
-51.65608215332031
-51.73017883300781
-51.688232421875
-51.73723220825195
-51.7003173828125
-51.61958694458008
-51.676239013671875
-51.686641693115234
-51.67711639404297
-51.63679122924805
-51.64020919799805
-51.692352294921875
-51.72893142700195
-51.745731353759766
-51.62912368774414
-51.635223388671875
-51.659027099609375
-51.712284088134766
-51.68183135986328
-51.745452880859375
-51.747276306152344
-51.755645751953125
-51.62877655029297
-51.64309310913086
-51.621826171875
-51.47535705566406
-51.452667236328125
-51.64097213745117
-51.64547348022461
-51.691810607910156
-51.66440200805664
-51.61515808105469
-51.56624221801758
-51.43604278564453
-51.63235092163086
-51.70625305175781
-51.639915466308594
-51.47026824951172
-51.487060546875
-51.54673767089844
-51.57853317260742
-51.558250427246094
-51.46974182128906
-51.68861389160156
-51.659854888916016
-51.59947204589844
-51.37936019897461
-51.52546310424805
-51.69401550292969
-51.73896408081055
-51.714176177978516
-51.51659393310547
-51.55747985839844
-51.65398406982422
-51.71153259277344
-51.68804168701172
-51.59904098510742
-51.593727111816406
-51.686737060546875
-51.71582794189453
-51.60691452026367
-51.41090393066406
-51.587833404541016
-51.71672439575195
-51.65329360961914
-51.413841247558594
-51.525726318359375
-51.704010009765625
-51.67771911621094
-51.50025939941406
-51.49855041503906
-51.679443359375
-51.69609069824219
-51.58047866821289
-51.58906936645508
-51.700355529785156
-51.549705505371094
-51.469764709472656
-51.49132537841797
-51.61061477661133
-51.7412109375
-51.657222747802734
-51.54460906982422
-51.61871337890625
-51.66663360595703
-51.687904357910156
-51.74753189086914
-51.74235534667969
-51.76323699951172
-51.68184280395508
-51.47825622558594
-51.51483917236328
-51.683963775634766
-51.74018096923828
-51.719451904296875
-51.77198791503906
-51.73811340332031
-51.7281494140625
-51.78489303588867
-51.75391387939453
-51.76376724243164
-51.71968460083008
-51.6003532409668
-51.54330825805664
-51.54878234863281
-51.67167282104492
-51.767696380615234
-51.75810241699219
-51.78693389892578
-51.75475311279297
-51.7110595703125
-51.552425384521484
-51.57460021972656
-51.6981201171875
-51.66069030761719
-51.692928314208984
-51.694149017333984
-51.61528015136719
-51.66106414794922
-51.60370635986328
-51.499847412109375
-51.62694549560547
-51.74968719482422
-51.745155334472656
-51.63580322265625
-51.534053802490234
-51.58738708496094
-51.7470588684082
-51.5772819519043
-51.54479217529297
-51.736328125
-51.65099334716797
-51.38078689575195
-51.68885803222656
-51.711544036865234
-51.510650634765625
-51.64176559448242
-51.78499984741211
-51.725990295410156
-51.55961608886719
-51.67353057861328
-51.78464126586914
-51.781272888183594
-51.68770980834961
-51.64948654174805
-51.6652717590332
-51.750022888183594
-51.729976654052734
-51.753841400146484
-51.783119201660156
-51.72829055786133
-51.64276885986328
-51.66328048706055
-51.60422897338867
-51.64627456665039
-51.62984848022461
-51.70997619628906
-51.74363708496094
-51.75787353515625
-51.69915008544922
-51.615177154541016
-51.664886474609375
-51.68986511230469
-51.75998306274414
-51.755760192871094
-51.741600036621094
-51.75381851196289
-51.704124450683594
-51.724639892578125
-51.631103515625
-51.53687286376953
-51.65193557739258
-51.73759841918945
-51.720970153808594
-51.66446304321289
-51.59600830078125
-51.48292922973633
-51.61143493652344
-51.79936981201172
-51.78092956542969
-51.713348388671875
-51.697967529296875
-51.734066009521484
-51.754791259765625
-51.79494094848633
-51.75578689575195
-51.812957763671875
-51.77984619140625
-51.834861755371094
-51.83442306518555
-51.78685760498047
-51.799129486083984
-51.74085998535156
-51.64220428466797
-51.53761672973633
-51.68602752685547
-51.71389389038086
-51.772178649902344
-51.7630615234375
-51.770320892333984
-51.772762298583984
-51.79887771606445
-51.792816162109375
-51.82196044921875
-51.77174758911133
-51.79103088378906
-51.674583435058594
-51.5583381652832
-51.68022155761719
-51.8017463684082
-51.797142028808594
-51.69459915161133
-51.772457122802734
-51.78033447265625
-51.78093719482422
-51.77446746826172
-51.68791580200195
-51.62582015991211
-51.57247543334961
-51.71028137207031
-51.65851593017578
-51.64627456665039
-51.602935791015625
-51.70654296875
-51.68572998046875
-51.696903228759766
-51.73142623901367
-51.752593994140625
-51.75745391845703
-51.795875549316406
-51.73249053955078
-51.677040100097656
-51.61088943481445
-51.63423156738281
-51.79682922363281
-51.791534423828125
-51.79670715332031
-51.80570602416992
-51.816200256347656
-51.7627067565918
-51.68446350097656
-51.66557312011719
-51.66773223876953
-51.728023529052734
-51.69401168823242
-51.667598724365234
-51.76596450805664
-51.77241134643555
-51.78537368774414
-51.76548767089844
-51.6851921081543
-51.68500518798828
-51.7853889465332
-51.789756774902344
-51.746253967285156
-51.604522705078125
-51.676246643066406
-51.63349151611328
-51.62859344482422
-51.72351837158203
-51.79958724975586
-51.7591438293457
-51.70470428466797
-51.728919982910156
-51.673770904541016
-51.54914093017578
-51.65203857421875
-51.79059600830078
-51.72487258911133
-51.806968688964844
-51.72458267211914
-51.5923957824707
-51.58909606933594
-51.70682144165039
-51.79725646972656
-51.824371337890625
-51.7944221496582
-51.764652252197266
-51.77421569824219
-51.75474548339844
-51.714786529541016
-51.67484664916992
-51.60344314575195
-51.724300384521484
-51.74913787841797
-51.732139587402344
-51.72408676147461
-51.73525619506836
-51.730384826660156
-51.70895004272461
-51.814208984375
-51.81599807739258
-51.804107666015625
-51.8096809387207
-51.8428955078125
-51.802520751953125
-51.71735763549805
-51.5755729675293
-51.61483383178711
-51.75857925415039
-51.82440185546875
-51.660888671875
-51.63783264160156
-51.68995666503906
-51.7841911315918
-51.81349182128906
-51.832733154296875
-51.82233810424805
-51.86240005493164
-51.84745407104492
-51.83370590209961
-51.747222900390625
-51.783119201660156
-51.70647048950195
-51.78758239746094
-51.68449783325195
-51.75496292114258
-51.73469543457031
-51.675537109375
-51.737911224365234
-51.67668914794922
-51.65929412841797
-51.743011474609375
-51.806678771972656
-51.792991638183594
-51.86072540283203
-51.81032180786133
-51.8709831237793
-51.85209274291992
-51.85828399658203
-51.85066223144531
-51.78944778442383
-51.73130798339844
-51.61345672607422
-51.48601531982422
-51.76754379272461
-51.837188720703125
-51.84580993652344
-51.779903411865234
-51.659236907958984
-51.64696502685547
-51.72415542602539
-51.76078414916992
-51.81913757324219
-51.79981231689453
-51.875099182128906
-51.83873748779297
-51.895748138427734
-51.854461669921875
-51.748779296875
-51.723201751708984
-51.716915130615234
-51.6706428527832
-51.73992156982422
-51.7742805480957
-51.76516342163086
-51.820579528808594
-51.839717864990234
-51.781192779541016
-51.74163818359375
-51.754451751708984
-51.743282318115234
-51.75458908081055
-51.85258483886719
-51.80268859863281
-51.80442428588867
-51.79697036743164
-51.717559814453125
-51.76253128051758
-51.747406005859375
-51.81458282470703
-51.820343017578125
-51.81780242919922
-51.77325439453125
-51.786651611328125
-51.80213928222656
-51.77388000488281
-51.79426574707031
-51.76755142211914
-51.76921844482422
-51.75326919555664
-51.73098373413086
-51.796173095703125
-51.91270446777344
-51.76539993286133
-51.688232421875
-51.578285217285156
-51.81439208984375
-51.8680534362793
-51.84090805053711
-51.74479675292969
-51.70337677001953
-51.745033264160156
-51.801300048828125
-51.822776794433594
-51.790462493896484
-51.74369812011719
-51.741119384765625
-51.79119873046875
-51.787452697753906
-51.74024200439453
-51.7501335144043
-51.72330093383789
-51.74140930175781
-51.802921295166016
-51.7792854309082
-51.88361358642578
-51.83631134033203
-51.72581100463867
-51.59988021850586
-51.652130126953125
-51.79115295410156
-51.744266510009766
-51.70159912109375
-51.7984504699707
-51.82453155517578
-51.755672454833984
-51.70074462890625
-51.69639205932617
-51.767059326171875
-51.82748031616211
-51.86807632446289
-51.87607955932617
-51.871883392333984
-51.874900817871094
-51.749935150146484
-51.640953063964844
-51.76665496826172
-51.800235748291016
-51.82781219482422
-51.800907135009766
-51.72752380371094
-51.5744514465332
-51.60096740722656
-51.776424407958984
-51.797908782958984
-51.83084487915039
-51.80991744995117
-51.69035720825195
-51.68394470214844
-51.77280044555664
-51.799285888671875
-51.83090591430664
-51.75632095336914
-51.81576156616211
-51.645530700683594
-51.761043548583984
-51.787078857421875
-51.750396728515625
-51.82184600830078
-51.72166442871094
-51.69512176513672
-51.75321578979492
-51.827606201171875
-51.851051330566406
-51.844268798828125
-51.80278015136719
-51.78407287597656
-51.69413757324219
-51.66915512084961
-51.84727478027344
-51.850379943847656
-51.86427307128906
-51.77299499511719
-51.668556213378906
-51.61707305908203
-51.70374298095703
-51.80402374267578
-51.905738830566406
-51.82140350341797
-51.78833770751953
-51.85944366455078
-51.85750198364258
-51.77015686035156
-51.800926208496094
-51.67940902709961
-51.65410232543945
-51.73461151123047
-51.81922149658203
-51.8242073059082
-51.92632293701172
-51.859458923339844
-51.92052459716797
-51.73676300048828
-51.52735137939453
-51.7204475402832
-51.8349723815918
-51.800994873046875
-51.816650390625
-51.845176696777344
-51.72911834716797
-51.57373809814453
-51.80141830444336
-51.834346771240234
-51.8062629699707
-51.873809814453125
-51.88917922973633
-51.77014923095703
-51.836387634277344
-51.70328903198242
-51.84355545043945
-51.78974914550781
-51.74749755859375
-51.77250289916992
-51.76477813720703
-51.746482849121094
-51.73394775390625
-51.83731460571289
-51.830223083496094
-51.875396728515625
-51.78117370605469
-51.90121078491211
-51.90729904174805
-51.84251403808594
-51.85417556762695
-51.89829635620117
-51.849788665771484
-51.740745544433594
-51.740474700927734
-51.71053695678711
-51.81732177734375
-51.797401428222656
-51.84785079956055
-51.76236343383789
-51.76632308959961
-51.81435012817383
-51.88127899169922
-51.85664367675781
-51.90810775756836
-51.89405822753906
-51.89365005493164
-51.870994567871094
-51.764686584472656
-51.63735580444336
-51.80863952636719
-51.92638397216797
-51.82925796508789
-51.5994873046875
-51.71940612792969
-51.906436920166016
-51.885074615478516
-51.72612762451172
-51.627410888671875
-51.840980529785156
-51.93327331542969
-51.84018325805664
-51.696258544921875
-51.81092071533203
-51.85620880126953
-51.899383544921875
-51.79719924926758
-51.72804260253906
-51.82514953613281
-51.940895080566406
-51.92646026611328
-51.84290313720703
-51.6822509765625
-51.777225494384766
-51.87089920043945
-51.920772552490234
-51.91798782348633
-51.87969970703125
-51.869781494140625
-51.83061981201172
-51.86616516113281
-51.83168029785156
-51.86201477050781
-51.86338806152344
-51.88880157470703
-51.924137115478516
-51.95594787597656
-51.969093322753906
-51.951934814453125
-51.90034866333008
-51.92517852783203
-51.89861297607422
-51.825469970703125
-51.70557403564453
-51.61039733886719
-51.67779541015625
-51.82099914550781
-51.87995529174805
-51.794979095458984
-51.72382354736328
-51.686370849609375
-51.790687561035156
-51.8434944152832
-51.83833312988281
-51.87049865722656
-51.896392822265625
-51.7916259765625
-51.81132888793945
-51.78605651855469
-51.69759750366211
-51.80434036254883
-51.88762664794922
-51.79780960083008
-51.854896545410156
-51.83257293701172
-51.8724365234375
-51.87022399902344
-51.85118865966797
-51.84736251831055
-51.80216979980469
-51.76872253417969
-51.78369903564453
-51.84601593017578
-51.88257598876953
-51.838050842285156
-51.80388259887695
-51.818084716796875
-51.80652618408203
-51.81801223754883
-51.72983169555664
-51.81074523925781
-51.86572265625
-51.91769790649414
-51.93954086303711
-51.96588897705078
-51.870140075683594
-51.82197570800781
-51.798316955566406
-51.74555969238281
-51.703067779541016
-51.80249786376953
-51.89608383178711
-51.93104553222656
-51.866973876953125
-51.8487663269043
-51.757659912109375
-51.739925384521484
-51.722373962402344
-51.71552276611328
-51.850460052490234
-51.94839096069336
-51.83014678955078
-51.88316345214844
-51.98090744018555
-51.887664794921875
-51.89633560180664
-51.905548095703125
-51.80486297607422
-51.636566162109375
-51.794254302978516
-51.88202667236328
-51.90398025512695
-51.88878631591797
-51.859893798828125
-51.78696823120117
-51.75775909423828
-51.917266845703125
-51.86309814453125
-51.893882751464844
-51.86469650268555
-51.78599166870117
-51.77336502075195
-51.78715133666992
-51.840721130371094
-51.902191162109375
-51.868648529052734
-51.838897705078125
-51.872314453125
-51.87263488769531
-51.83191680908203
-51.77497100830078
-51.820648193359375
-51.87481689453125
-51.82615661621094
-51.83793258666992
-51.869293212890625
-51.89487838745117
-51.70987319946289
-51.6126708984375
-51.75648498535156
-51.88285827636719
-51.92969512939453
-51.784393310546875
-51.60926818847656
-51.61824417114258
-51.870574951171875
-51.90962600708008
-51.711570739746094
-51.57782745361328
-51.74848937988281
-51.883628845214844
-51.836334228515625
-51.87490463256836
-51.905860900878906
-51.73637390136719
-51.818931579589844
-51.91265869140625
-51.92416763305664
-51.929039001464844
-51.962493896484375
-51.9616813659668
-51.92333221435547
-51.9979248046875
-51.96612548828125
-51.920318603515625
-51.86517333984375
-51.73191452026367
-51.573822021484375
-51.91679763793945
-52.00050354003906
-51.947998046875
-51.9080924987793
-51.74652862548828
-51.665225982666016
-51.86777114868164
-51.98503112792969
-51.94041061401367
-51.83779525756836
-51.77830505371094
-51.82252502441406
-51.905635833740234
-51.9721565246582
-51.95123291015625
-51.90941619873047
-51.92624282836914
-51.844207763671875
-51.832984924316406
-51.81194305419922
-51.81986999511719
-51.84523391723633
-51.87959289550781
-51.92618942260742
-51.895381927490234
-51.89004135131836
-51.88584518432617
-51.76588439941406
-51.90299606323242
-51.94770050048828
-51.90691375732422
-51.96427917480469
-51.93352508544922
-51.841041564941406
-51.77397155761719
-51.76721954345703
-51.727684020996094
-51.747196197509766
-51.889732360839844
-51.95279312133789
-51.90242385864258
-51.89220428466797
-51.79868698120117
-51.78481674194336
-51.86040496826172
-51.91380310058594
-51.907222747802734
-51.94157028198242
-51.93621826171875
-51.815311431884766
-51.70680618286133
-51.89961624145508
-51.946746826171875
-51.91358184814453
-51.74600601196289
-51.654972076416016
-51.91780090332031
-51.95686340332031
-51.795597076416016
-51.75620651245117
-51.930397033691406
-51.97956085205078
-51.967315673828125
-51.97219467163086
-51.90924835205078
-51.9043083190918
-51.88603973388672
-51.912166595458984
-51.942840576171875
-51.97045135498047
-51.990970611572266
-51.966365814208984
-51.96258544921875
-51.896305084228516
-51.788909912109375
-51.83989715576172
-51.91651153564453
-51.91587829589844
-51.96554946899414
-51.99009704589844
-51.89365005493164
-51.901546478271484
-51.9396858215332
-51.923606872558594
-51.79496383666992
-51.76515197753906
-51.84078598022461
-51.8668098449707
-51.86716079711914
-51.88227844238281
-51.92387390136719
-51.91840744018555
-51.869384765625
-51.89857482910156
-51.90478515625
-51.88021469116211
-51.96036148071289
-51.89434814453125
-51.83617401123047
-51.782936096191406
-51.83570861816406
-51.939735412597656
-51.93086624145508
-51.91044616699219
-51.890811920166016
-51.76539611816406
-51.8728141784668
-51.95972442626953
-51.98411178588867
-52.01577377319336
-51.98036193847656
-52.0030517578125
-52.03437042236328
-51.990901947021484
-51.99163818359375
-51.92525100708008
-51.85799026489258
-51.73328399658203
-51.77598190307617
-51.94402313232422
-51.96653747558594
-51.960723876953125
-52.02190399169922
-51.95376968383789
-51.997039794921875
-51.981201171875
-51.9755973815918
-51.996036529541016
-51.9375
-51.86017608642578
-51.668365478515625
-51.947452545166016
-51.96036148071289
-51.8929328918457
-51.57939910888672
-51.74891662597656
-51.991668701171875
-51.8666877746582
-51.74018096923828
-51.79193115234375
-51.958194732666016
-51.93305206298828
-51.786231994628906
-51.718711853027344
-51.755340576171875
-51.942283630371094
-51.866695404052734
-51.78546905517578
-51.775611877441406
-51.95015335083008
-51.965675354003906
-51.94834518432617
-51.88397216796875
-51.80209732055664
-51.84259796142578
-51.91128921508789
-51.95763397216797
-51.995574951171875
-51.934478759765625
-51.93595886230469
-51.92597198486328
-51.75688934326172
-51.7901611328125
-51.8746223449707
-51.93213653564453
-51.93653869628906
-51.93672180175781
-52.005943298339844
-51.990516662597656
-51.90809631347656
-51.83375549316406
-51.82354736328125
-51.910865783691406
-51.93563461303711
-51.90937805175781
-51.990699768066406
-51.924537658691406
-51.86284255981445
-51.7587890625
-51.77301788330078
-51.87437438964844
-51.954280853271484
-52.00187301635742
-51.960811614990234
-52.017921447753906
-52.003944396972656
-52.004913330078125
-51.972904205322266
-51.79036331176758
-51.777976989746094
-51.82423400878906
-51.87043380737305
-51.91291046142578
-51.91612243652344
-51.91875457763672
-51.8480224609375
-51.79727554321289
-51.9205436706543
-51.99131393432617
-51.99530029296875
-51.928314208984375
-51.820899963378906
-51.861961364746094
-51.908416748046875
-51.97028732299805
-51.945960998535156
-51.7958869934082
-51.7380256652832
-51.88912582397461
-52.030704498291016
-51.92129135131836
-51.95595169067383
-51.997737884521484
-51.86569595336914
-51.69717025756836
-51.78114700317383
-51.915828704833984
-51.89405059814453
-51.93336486816406
-51.92992401123047
-51.83099365234375
-51.75672912597656
-51.89033126831055
-51.98408889770508
-51.98930358886719
-51.99073791503906
-51.926177978515625
-51.98992156982422
-51.923526763916016
-51.80765151977539
-51.86930847167969
-51.93677520751953
-51.967926025390625
-52.01801681518555
-51.96989059448242
-51.769798278808594
-51.741607666015625
-51.95115661621094
-51.94404983520508
-51.709659576416016
-51.76722717285156
-51.97800064086914
-52.00653839111328
-51.93885803222656
-51.792259216308594
-51.91849899291992
-51.99919128417969
-52.03498077392578
-52.01548767089844
-52.0340690612793
-52.012916564941406
-51.97080612182617
-51.936683654785156
-51.84025192260742
-51.9149169921875
-51.94912338256836
-51.9928092956543
-52.00811767578125
-51.955116271972656
-51.864044189453125
-51.77775955200195
-51.88314437866211
-51.98615264892578
-52.0091552734375
-52.01668167114258
-51.983558654785156
-51.92717742919922
-51.855960845947266
-51.90202331542969
-51.94877624511719
-51.96257019042969
-51.96446228027344
-51.987754821777344
-52.020816802978516
-51.951148986816406
-51.910091400146484
-51.909019470214844
-51.878021240234375
-51.870155334472656
-52.00505828857422
-51.967689514160156
-51.944580078125
-51.96977233886719
-51.93043518066406
-51.925689697265625
-51.92363357543945
-51.89331817626953
-51.869110107421875
-51.93638610839844
-51.98324966430664
-52.02105712890625
-52.00577926635742
-51.91761779785156
-51.92873764038086
-51.894203186035156
-51.856502532958984
-51.93854522705078
-52.01801681518555
-51.9673957824707
-51.927734375
-51.97541809082031
-51.968231201171875
-51.96015167236328
-51.85285568237305
-51.890045166015625
-51.74821853637695
-51.879520416259766
-51.94744873046875
-52.00466537475586
-52.03440475463867
-51.82233428955078
-51.797332763671875
-51.737545013427734
-51.89189910888672
-52.048282623291016
-52.031639099121094
-51.87647247314453
-51.82252883911133
-51.89492416381836
-51.887908935546875
-51.92335510253906
-51.954505920410156
-51.94214630126953
-51.91310119628906
-51.932769775390625
-51.926841735839844
-51.97618103027344
-51.99093246459961
-52.03628158569336
-52.02253341674805
-51.92991638183594
-51.86043167114258
-51.93320846557617
-51.91651153564453
-51.93672180175781
-51.93416213989258
-51.956932067871094
-51.96662139892578
-51.95155715942383
-51.85301208496094
-52.00381088256836
-51.94347381591797
-51.99833679199219
-52.02653503417969
-52.032493591308594
-51.96484375
-51.97547912597656
-51.95415115356445
-51.820369720458984
-51.675437927246094
-51.95328903198242
-52.01808166503906
-51.90958786010742
-51.80316162109375
-51.76481246948242
-51.980804443359375
-52.008201599121094
-51.97184753417969
-51.86420440673828
-51.87175750732422
-52.00894546508789
-52.050331115722656
-52.022438049316406
-51.698768615722656
-51.823036193847656
-52.050384521484375
-51.95195007324219
-51.732948303222656
-51.99745178222656
-52.05363845825195
-51.7105827331543
-51.86101150512695
-52.05207824707031
-51.97592544555664
-51.87566375732422
-51.75374221801758
-51.93979263305664
-52.02012634277344
-52.01225662231445
-51.909061431884766
-51.86163330078125
-51.91815948486328
-51.97554016113281
-52.04031753540039
-52.0657844543457
-51.99999237060547
-51.95310974121094
-51.902626037597656
-51.95634078979492
-52.010650634765625
-51.96544647216797
-52.035362243652344
-52.0046501159668
-51.90616226196289
-51.79043960571289
-51.933876037597656
-52.02919006347656
-52.024906158447266
-51.97397994995117
-51.85819625854492
-51.77184295654297
-51.96565246582031
-52.089210510253906
-52.01743698120117
-51.96636199951172
-51.87096405029297
-51.87929153442383
-51.95901870727539
-52.04074478149414
-52.07573318481445
-52.02153396606445
-52.0219612121582
-52.051109313964844
-52.00445556640625
-51.97406768798828
-51.94198989868164
-51.881980895996094
-51.80441665649414
-51.89973449707031
-51.94963836669922
-52.029502868652344
-52.05622863769531
-51.9929084777832
-51.971710205078125
-51.94418716430664
-51.894317626953125
-51.870391845703125
-51.94419860839844
-51.988853454589844
-52.06328201293945
-52.02021789550781
-52.02122497558594
-51.98784255981445
-51.88737487792969
-51.93517303466797
-52.072898864746094
-52.05241012573242
-52.03403091430664
-51.98197937011719
-51.991302490234375
-51.90562438964844
-51.931549072265625
-51.97636032104492
-52.033390045166016
-52.08819580078125
-52.05607986450195
-52.01371383666992
-51.99378967285156
-51.89167785644531
-51.92506408691406
-51.9632453918457
-51.97273254394531
-51.9386100769043
-51.99030685424805
-51.99189376831055
-51.99252700805664
-52.031436920166016
-52.06396484375
-52.06410598754883
-51.998878479003906
-51.834285736083984
-51.92865753173828
-52.03269958496094
-52.09671401977539
-52.04970932006836
-52.027706146240234
-51.95436477661133
-51.91155242919922
-51.952693939208984
-51.950809478759766
-52.04582977294922
-52.06840515136719
-51.97382354736328
-52.02757263183594
-52.00935363769531
-51.891666412353516
-51.85580825805664
-51.91903305053711
-52.055694580078125
-52.03684997558594
-52.052574157714844
-52.08436965942383
-52.07375717163086
-52.0533561706543
-52.06182098388672
-51.9871711730957
-51.76506423950195
-51.90016555786133
-52.009605407714844
-52.009639739990234
-52.049644470214844
-52.029537200927734
-51.98725128173828
-52.023223876953125
-51.88665771484375
-51.894561767578125
-52.007442474365234
-52.07135009765625
-52.037208557128906
-52.09021759033203
-52.05066680908203
-52.054351806640625
-52.024452209472656
-51.987056732177734
-51.80237579345703
-51.78112030029297
-51.95975112915039
-52.064552307128906
-52.05908203125
-52.02510070800781
-52.10272979736328
-52.131568908691406
-52.00233840942383
-52.03940963745117
-52.03456115722656
-52.006568908691406
-52.016456604003906
-51.78196716308594
-51.73811340332031
-51.94559860229492
-52.06962585449219
-52.0504150390625
-52.01380157470703
-51.97325897216797
-51.89873504638672
-52.03284454345703
-52.06614685058594
-52.07123565673828
-52.09953689575195
-52.07289505004883
-51.982810974121094
-51.884193420410156
-51.87223815917969
-51.95359802246094
-52.01966094970703
-52.076717376708984
-52.08342361450195
-52.11466979980469
-52.10000991821289
-52.08921813964844
-52.06827926635742
-52.101131439208984
-51.95563888549805
-52.00439453125
-51.90750503540039
-51.84498977661133
-51.861053466796875
-52.03396987915039
-52.07062530517578
-52.039817810058594
-52.12081527709961
-52.07438659667969
-52.02710723876953
-51.98188018798828
-51.990386962890625
-52.094482421875
-52.06834411621094
-52.013545989990234
-51.83116149902344
-51.944183349609375
-52.023258209228516
-52.04801559448242
-52.04800033569336
-51.95162582397461
-51.710533142089844
-51.742469787597656
-52.055931091308594
-52.027191162109375
-51.7212028503418
-51.88102340698242
-52.01634216308594
-52.026065826416016
-51.962554931640625
-51.84895324707031
-51.929954528808594
-51.93777847290039
-52.02214050292969
-52.066184997558594
-52.03721618652344
-51.999061584472656
-51.926963806152344
-51.99340057373047
-52.058692932128906
-52.026283264160156
-52.01062774658203
-52.05534362792969
-51.982696533203125
-51.762393951416016
-51.91999435424805
-52.04576873779297
-52.057464599609375
-52.114280700683594
-52.08736038208008
-52.12607192993164
-52.106285095214844
-52.079532623291016
-52.04866027832031
-51.880096435546875
-51.90095901489258
-51.93363952636719
-52.0245246887207
-52.075782775878906
-52.038734436035156
-51.971221923828125
-51.852054595947266
-51.98202896118164
-52.06169509887695
-52.0635986328125
-52.03254699707031
-52.084041595458984
-52.047821044921875
-52.1257209777832
-52.089969635009766
-52.0512580871582
-51.93806457519531
-51.89043426513672
-51.92822265625
-52.0104866027832
-52.0368537902832
-52.03125
-52.04074478149414
-52.00439453125
-51.97337341308594
-52.0212516784668
-52.00669860839844
-52.01266098022461
-52.00584411621094
-52.06684112548828
-52.08411407470703
-52.03484344482422
-51.94483947753906
-51.94150924682617
-51.94636917114258
-51.84486389160156
-51.89688491821289
-52.11769485473633
-52.08617401123047
-51.992183685302734
-51.97599411010742
-51.90170669555664
-51.786476135253906
-51.88217544555664
-52.044918060302734
-52.024200439453125
-51.778011322021484
-51.78010559082031
-52.03740310668945
-52.10060119628906
-52.05131912231445
-51.683597564697266
-51.86054992675781
-51.986572265625
-52.00959014892578
-52.02155303955078
-52.13233184814453
-52.00697326660156
-51.97175598144531
-51.94732666015625
-51.8653564453125
-52.04036331176758
-52.00836944580078
-52.03379821777344
-51.96593475341797
-52.0517578125
-51.92256164550781
-51.83485412597656
-51.997154235839844
-51.96017837524414
-52.05830001831055
-51.984920501708984
-51.95315933227539
-52.01996994018555
-51.98845291137695
-52.07988739013672
-52.060150146484375
-52.01926040649414
-51.89604568481445
-51.97651290893555
-52.02099609375
-52.07866668701172
-52.15055465698242
-52.053367614746094
-52.128028869628906
-52.1260986328125
-52.100303649902344
-52.079315185546875
-52.030662536621094
-51.93817901611328
-51.96712875366211
-52.017276763916016
-52.015018463134766
-52.01003646850586
-52.020931243896484
-51.956642150878906
-51.927268981933594
-52.03865051269531
-52.07821273803711
-52.10834503173828
-52.129146575927734
-51.999359130859375
-51.94668960571289
-51.905269622802734
-51.96209716796875
-52.07404708862305
-52.11268997192383
-52.0870361328125
-52.083404541015625
-51.94976806640625
-51.84007263183594
-51.81220245361328
-52.03030776977539
-52.09965133666992
-52.032535552978516
-52.00605773925781
-51.92279052734375
-51.82874298095703
-51.80598068237305
-52.05467224121094
-52.11614990234375
-52.0390625
-52.01978302001953
-52.04133605957031
-51.987972259521484
-51.9251823425293
-51.89927291870117
-51.968414306640625
-51.99288558959961
-52.149662017822266
-52.13965606689453
-52.15419006347656
-52.03707504272461
-51.97977066040039
-51.87254333496094
-51.97090148925781
-52.00336837768555
-52.05998992919922
-52.12322235107422
-52.09381103515625
-52.092987060546875
-52.101112365722656
-52.09326171875
-51.925113677978516
-51.86592483520508
-52.013397216796875
-52.105186462402344
-52.11212921142578
-51.877132415771484
-51.97016525268555
-52.07391357421875
-52.12981414794922
-52.09580612182617
-52.015804290771484
-51.975460052490234
-51.976383209228516
-52.071678161621094
-52.09873580932617
-52.10223388671875
-52.0419921875
-52.024261474609375
-52.07332992553711
-52.00746154785156
-52.01013946533203
-52.005859375
-52.0591926574707
-52.081634521484375
-52.14487838745117
-52.12663269042969
-52.08045196533203
-51.926048278808594
-51.97480010986328
-52.048606872558594
-52.07518768310547
-52.15011215209961
-52.145225524902344
-52.01002883911133
-51.895423889160156
-51.93694305419922
-51.950340270996094
-52.11097717285156
-52.081295013427734
-51.97589111328125
-52.058998107910156
-52.05680847167969
-51.962890625
-51.884796142578125
-51.953556060791016
-52.00475311279297
-52.10320281982422
-52.05842590332031
-52.09898376464844
-51.982444763183594
-51.961387634277344
-51.914520263671875
-52.042171478271484
-51.979244232177734
-52.065040588378906
-52.123687744140625
-52.08475875854492
-52.11235046386719
-52.045257568359375
-51.96692657470703
-51.93700408935547
-51.93903732299805
-52.067779541015625
-52.031951904296875
-52.040828704833984
-52.000919342041016
-52.00442886352539
-52.091556549072266
-52.10689926147461
-52.08534240722656
-52.0230827331543
-51.982967376708984
-52.03114700317383
-51.99764633178711
-52.053775787353516
-52.095550537109375
-51.891761779785156
-51.96624755859375
-51.986061096191406
-52.077674865722656
-51.979454040527344
-51.95088195800781
-52.02189636230469
-52.00016784667969
-52.108314514160156
-51.94437789916992
-52.03619384765625
-51.870059967041016
-51.98553466796875
-52.047119140625
-52.08586502075195
-52.08057403564453
-52.15091323852539
-52.03007507324219
-52.00786590576172
-51.99437713623047
-52.02073669433594
-52.14399719238281
-52.13850402832031
-52.04130935668945
-51.94960021972656
-51.93293762207031
-52.01142501831055
-52.033443450927734
-52.14955139160156
-52.13383865356445
-52.0695686340332
-52.112464904785156
-52.0006103515625
-51.93758773803711
-52.03497314453125
-52.14356231689453
-52.18663787841797
-52.168540954589844
-52.1167106628418
-52.10265350341797
-52.05799865722656
-51.93360137939453
-51.995758056640625
-52.08796691894531
-52.06550598144531
-52.13612747192383
-52.13709259033203
-52.15389633178711
-52.16925811767578
-52.1468391418457
-52.13460922241211
-52.10552215576172
-52.12590408325195
-52.032257080078125
-52.01454162597656
-51.94102478027344
-51.982948303222656
-51.99153137207031
-52.09298324584961
-52.128456115722656
-52.1583251953125
-52.15991973876953
-52.135414123535156
-52.13846969604492
-52.12052917480469
-52.12236022949219
-52.066741943359375
-51.977413177490234
-51.964393615722656
-52.06584930419922
-52.047874450683594
-52.04447555541992
-51.95030975341797
-51.956939697265625
-52.04378128051758
-52.15675354003906
-52.14604187011719
-52.1024169921875
-52.003196716308594
-51.98525619506836
-52.04676055908203
-52.105323791503906
-52.10620880126953
-52.14338684082031
-52.099037170410156
-52.00421905517578
-51.9716796875
-52.05729675292969
-52.14354705810547
-52.149330139160156
-52.117591857910156
-52.1168098449707
-52.070411682128906
-52.00718688964844
-51.98148727416992
-52.031715393066406
-52.091163635253906
-52.02267074584961
-52.12847900390625
-52.15304183959961
-52.14994812011719
-52.12013244628906
-51.961063385009766
-51.90119552612305
-51.935184478759766
-52.123470306396484
-52.11018371582031
-52.090274810791016
-52.06936264038086
-52.00713348388672
-51.992469787597656
-52.06278991699219
-51.9990348815918
-52.06059265136719
-52.10861587524414
-51.99198913574219
-52.10244369506836
-51.961490631103516
-51.86988830566406
-51.8961181640625
-52.10671615600586
-52.121219635009766
-52.06711959838867
-52.060482025146484
-51.89024353027344
-52.028873443603516
-52.068016052246094
-52.01624298095703
-52.091819763183594
-52.007537841796875
-51.99002456665039
-52.00949478149414
-52.003482818603516
-52.120018005371094
-52.09525680541992
-52.053123474121094
-51.96575164794922
-52.03199005126953
-52.035179138183594
-52.06052017211914
-52.0799446105957
-52.08415222167969
-52.16474914550781
-52.12068176269531
-52.033164978027344
-51.975868225097656
-51.99594497680664
-52.08147430419922
-52.185237884521484
-52.20501708984375
-52.16812515258789
-52.12386703491211
-52.050994873046875
-51.9789924621582
-52.037696838378906
-52.06101989746094
-52.15776824951172
-52.20103454589844
-52.18007278442383
-52.106937408447266
-52.02864074707031
-51.96999740600586
-52.04851531982422
-52.18305206298828
-52.159088134765625
-52.03485870361328
-51.962501525878906
-51.96360778808594
-52.1406364440918
-52.179718017578125
-52.098472595214844
-51.900787353515625
-51.933284759521484
-52.16913604736328
-52.10908508300781
-51.86125183105469
-52.06620407104492
-52.15930938720703
-52.09160614013672
-51.85015106201172
-52.03544616699219
-52.19382858276367
-52.00580596923828
-51.822303771972656
-52.06468963623047
-52.03521728515625
-51.756568908691406
-52.137699127197266
-52.06609344482422
-51.793243408203125
-52.019073486328125
-52.15793228149414
-52.11885070800781
-52.04250717163086
-52.0159797668457
-52.13658142089844
-52.197906494140625
-52.157997131347656
-52.06132125854492
-51.98075866699219
-52.05780029296875
-52.14695739746094
-52.199745178222656
-52.202484130859375
-52.10986328125
-52.014896392822266
-51.97211456298828
-52.03575134277344
-52.127437591552734
-52.10057830810547
-52.12498474121094
-51.99737548828125
-51.99343490600586
-52.11496353149414
-52.16782760620117
-52.189918518066406
-52.072513580322266
-51.981529235839844
-52.04568862915039
-52.135108947753906
-52.15967559814453
-52.19405746459961
-52.197017669677734
-52.18599319458008
-52.15392303466797
-52.15131378173828
-52.05656433105469
-51.95470428466797
-52.12762451171875
-52.204402923583984
-52.19397735595703
-52.11448669433594
-52.00602722167969
-52.007362365722656
-52.136505126953125
-52.18999099731445
-52.20060729980469
-52.214847564697266
-52.182552337646484
-52.221805572509766
-52.21433639526367
-52.192405700683594
-52.18181610107422
-52.14630126953125
-52.11017608642578
-51.98162078857422
-52.01637268066406
-52.099456787109375
-52.14799499511719
-52.20737075805664
-52.203025817871094
-52.10330581665039
-52.035125732421875
-51.98945999145508
-52.06584167480469
-52.092811584472656
-52.15554428100586
-52.199302673339844
-52.18496322631836
-52.131683349609375
-52.201385498046875
-52.14329528808594
-52.12230682373047
-51.973121643066406
-52.0372314453125
-52.05500030517578
-52.058956146240234
-52.11567687988281
-52.14470291137695
-52.1651496887207
-52.21905517578125
-52.01183319091797
-52.103515625
-52.073814392089844
-51.99578857421875
-51.9444465637207
-52.01369857788086
-52.179039001464844
-52.15000915527344
-52.165428161621094
-52.210731506347656
-52.07761764526367
-52.03496551513672
-51.99909210205078
-52.09895324707031
-52.191864013671875
-52.153167724609375
-52.164546966552734
-52.051246643066406
-51.98216247558594
-52.176612854003906
-52.122093200683594
-52.147735595703125
-52.11381912231445
-52.174232482910156
-52.18297576904297
-52.17334747314453
-52.169498443603516
-52.12492370605469
-52.019134521484375
-51.993499755859375
-52.05565643310547
-52.136417388916016
-52.191192626953125
-52.172367095947266
-52.145652770996094
-52.16400146484375
-52.0263786315918
-52.03837203979492
-52.12077331542969
-52.14403533935547
-52.15780258178711
-52.1312141418457
-52.168460845947266
-52.148292541503906
-52.0660400390625
-52.11583709716797
-52.028724670410156
-52.06755447387695
-52.08219909667969
-52.04349136352539
-52.03463363647461
-52.084842681884766
-52.11037826538086
-52.186920166015625
-52.189910888671875
-52.148170471191406
-51.9256706237793
-51.95299530029297
-52.1668701171875
-52.041748046875
-51.781227111816406
-52.11988830566406
-51.97443389892578
-51.669403076171875
-52.13418197631836
-51.94951248168945
-51.718135833740234
-52.181793212890625
-51.855594635009766
-51.855838775634766
-52.15806579589844
-51.97139358520508
-51.856266021728516
-52.152809143066406
-52.025611877441406
-51.89205551147461
-52.1748046875
-52.09599304199219
-51.98585510253906
-51.90924072265625
-52.05013656616211
-52.04833221435547
-52.083740234375
-52.11579132080078
-52.21323776245117
-52.15196990966797
-52.0986328125
-52.123268127441406
-51.98054504394531
-51.974185943603516
-52.0732421875
-52.19063186645508
-52.147491455078125
-52.1455192565918
-52.15300750732422
-52.07228088378906
-52.07033920288086
-52.04217529296875
-52.10861587524414
-52.111671447753906
-52.17151641845703
-52.16960906982422
-52.19069290161133
-52.182682037353516
-52.10468673706055
-52.121158599853516
-52.024192810058594
-52.07688522338867
-52.16132736206055
-52.148780822753906
-52.166385650634766
-52.17253875732422
-52.15748596191406
-52.18781661987305
-52.105735778808594
-52.007137298583984
-52.05384826660156
-52.09685516357422
-52.22250747680664
-52.136009216308594
-51.95098114013672
-52.044464111328125
-52.153987884521484
-52.20163345336914
-52.274147033691406
-52.1962890625
-52.195316314697266
-52.11434555053711
-52.0006103515625
-52.103904724121094
-52.12863540649414
-52.1126594543457
-52.195335388183594
-52.22083282470703
-52.198429107666016
-52.183563232421875
-52.11931228637695
-51.978511810302734
-52.09243392944336
-52.21751403808594
-52.20006561279297
-52.25981521606445
-52.20713806152344
-52.10647964477539
-51.992652893066406
-52.068748474121094
-52.1683464050293
-52.201202392578125
-52.186397552490234
-52.16773223876953
-52.21141052246094
-52.0532112121582
-52.122379302978516
-52.05236053466797
-52.13652038574219
-52.20161056518555
-52.229576110839844
-52.2637939453125
-52.1806526184082
-52.212364196777344
-52.15579605102539
-52.21684265136719
-52.18128204345703
-52.05772018432617
-51.94160079956055
-52.075016021728516
-52.18461608886719
-52.214271545410156
-52.1767578125
-52.145484924316406
-52.03376388549805
-52.00188446044922
-52.072017669677734
-52.20871353149414
-52.16625213623047
-52.18363571166992
-52.16966247558594
-52.09360885620117
-52.09495162963867
-52.09697723388672
-52.16555404663086
-52.19881820678711
-52.18564987182617
-52.14175033569336
-52.100791931152344
-52.0678825378418
-52.091339111328125
-52.0758171081543
-52.08887481689453
-52.124820709228516
-52.082557678222656
-52.06341552734375
-52.130035400390625
-52.14784622192383
-52.16304016113281
-52.2296142578125
-52.214725494384766
-52.18990707397461
-52.17210006713867
-52.175437927246094
-52.22818374633789
-52.17467498779297
-52.124183654785156
-51.952091217041016
-51.9106330871582
-52.06550216674805
-52.173248291015625
-52.19446563720703
-52.041473388671875
-51.98141860961914
-52.177833557128906
-52.21379089355469
-52.05928421020508
-51.96173095703125
-52.05419158935547
-52.17125701904297
-52.16334533691406
-52.2025146484375
-52.19393539428711
-52.1445198059082
-52.08069610595703
-52.14360046386719
-52.15034484863281
-52.13504409790039
-52.12398910522461
-52.11922836303711
-52.12159729003906
-52.06806182861328
-52.01842498779297
-51.97596740722656
-51.945045471191406
-52.074256896972656
-52.1008186340332
-52.156028747558594
-52.15625
-52.07085418701172
-52.03127670288086
-52.09456253051758
-52.142303466796875
-52.221954345703125
-52.25285720825195
-52.204689025878906
-52.13029098510742
-51.9925537109375
-51.981903076171875
-52.093711853027344
-52.176353454589844
-52.245994567871094
-52.21819305419922
-52.14988708496094
-52.113304138183594
-52.063011169433594
-51.96234130859375
-52.101776123046875
-52.189453125
-52.229461669921875
-52.21862030029297
-51.97777557373047
-51.874122619628906
-52.17235565185547
-52.24067687988281
-52.10519027709961
-52.032161712646484
-52.11656951904297
-52.24250030517578
-52.22977828979492
-52.067283630371094
-52.05261993408203
-52.15587615966797
-52.18260192871094
-52.17296600341797
-52.08834457397461
-52.1217041015625
-52.21294021606445
-52.22172164916992
-52.20989227294922
-52.239837646484375
-52.2196044921875
-52.130306243896484
-51.982139587402344
-51.952117919921875
-52.16781234741211
-52.25006103515625
-52.05026626586914
-51.958953857421875
-52.16020202636719
-52.261863708496094
-52.225975036621094
-52.118289947509766
-52.00275421142578
-52.129302978515625
-52.25395202636719
-52.278724670410156
-52.2534065246582
-52.027217864990234
-52.028873443603516
-52.17991638183594
-52.25074768066406
-52.240596771240234
-52.20728302001953
-52.04265213012695
-52.06993865966797
-52.15363311767578
-52.23785400390625
-52.15129852294922
-51.98719024658203
-52.01154708862305
-52.11304473876953
-52.2186279296875
-52.254730224609375
-52.16658020019531
-52.12523651123047
-52.006195068359375
-52.172462463378906
-52.25124740600586
-52.16877746582031
-52.06288146972656
-52.098236083984375
-52.153621673583984
-52.149391174316406
-52.22324752807617
-52.210391998291016
-52.02964782714844
-52.143272399902344
-52.19651412963867
-52.28004837036133
-52.09242630004883
-51.9290771484375
-52.191890716552734
-52.29113006591797
-52.12178039550781
-52.00107192993164
-52.15625762939453
-52.3035888671875
-52.199832916259766
-52.07740020751953
-52.131961822509766
-52.16957092285156
-52.13432693481445
-52.158058166503906
-52.21379852294922
-52.232627868652344
-52.25194549560547
-52.22059631347656
-52.26847839355469
-52.2823600769043
-52.26276397705078
-52.19779968261719
-52.00836181640625
-51.998199462890625
-52.23345947265625
-52.276824951171875
-52.247737884521484
-52.20536422729492
-52.09282302856445
-52.11008071899414
-52.16641616821289
-52.2092399597168
-52.18397903442383
-52.2144775390625
-52.24842834472656
-52.23856735229492
-52.223026275634766
-52.26856994628906
-52.23447799682617
-52.2864990234375
-52.27642059326172
-52.236663818359375
-52.204246520996094
-51.89460754394531
-51.99449157714844
-52.20063781738281
-52.24342346191406
-52.167808532714844
-52.023685455322266
-51.96982192993164
-52.15433883666992
-52.22021484375
-52.084075927734375
-52.052581787109375
-52.05983352661133
-52.22446060180664
-52.25213623046875
-52.18427276611328
-52.039398193359375
-52.05873489379883
-52.17683410644531
-52.24574661254883
-52.261905670166016
-52.13822937011719
-52.00822830200195
-52.17121887207031
-52.21324157714844
-52.27831268310547
-52.2496452331543
-52.261573791503906
-52.1281852722168
-52.03313446044922
-52.22105407714844
-52.236507415771484
-52.285911560058594
-52.23985290527344
-52.12406921386719
-52.08503723144531
-52.10171890258789
-52.18051528930664
-52.25541305541992
-52.27005386352539
-52.27911376953125
-52.17817306518555
-52.21090316772461
-52.14064407348633
-52.06219482421875
-52.11415100097656
-52.20011520385742
-52.222694396972656
-52.20068359375
-52.14815902709961
-52.18690490722656
-52.117462158203125
-52.19939041137695
-52.13629150390625
-52.15251922607422
-52.13747024536133
-52.06976318359375
-52.07386016845703
-52.200889587402344
-52.24189758300781
-52.2464599609375
-52.10342788696289
-52.02315139770508
-52.05891418457031
-52.21792221069336
-52.17593002319336
-52.227840423583984
-51.987548828125
-51.957054138183594
-52.132041931152344
-52.1613655090332
-52.152549743652344
-52.16897201538086
-52.040748596191406
-51.92207717895508
-52.17993927001953
-52.189361572265625
-52.1705436706543
-52.12498474121094
-52.03150177001953
-52.15586853027344
-52.208587646484375
-52.12731170654297
-51.974327087402344
-52.0444221496582
-52.22597885131836
-52.261932373046875
-52.213401794433594
-51.97081756591797
-51.84300231933594
-52.16828536987305
-52.10580062866211
-51.82630920410156
-52.21839904785156
-51.92982482910156
-51.82925033569336
-52.17512512207031
-51.665809631347656
-52.22802734375
-52.12091064453125
-51.716312408447266
-52.25289535522461
-51.844154357910156
-52.077545166015625
-52.25485610961914
-51.983402252197266
-52.03468322753906
-52.23854064941406
-52.18037033081055
-51.98107147216797
-52.155120849609375
-52.27506637573242
-52.17866134643555
-52.0604362487793
-52.06001281738281
-52.048458099365234
-52.25128173828125
-52.2729377746582
-52.28608703613281
-52.25541305541992
-52.085594177246094
-52.11622619628906
-52.18233108520508
-52.089447021484375
-52.04178237915039
-52.21966552734375
-52.23340606689453
-52.21263885498047
-52.22843551635742
-52.24054718017578
-52.26892852783203
-52.10516357421875
-52.0250244140625
-52.15066909790039
-52.18206787109375
-52.2542724609375
-52.26222229003906
-52.30010223388672
-52.18291473388672
-52.09663391113281
-51.99959945678711
-52.206851959228516
-52.195194244384766
-52.23468780517578
-52.22978973388672
-52.00885772705078
-51.99477767944336
-52.20369338989258
-52.26002502441406
-52.16487121582031
-52.259765625
-52.181907653808594
-52.12359619140625
-52.05463409423828
-52.28639221191406
-52.28969192504883
-52.25129699707031
-52.169429779052734
-52.13023376464844
-52.16082000732422
-52.27531051635742
-52.225128173828125
-52.183067321777344
-52.25343322753906
-52.237030029296875
-52.232177734375
-52.204444885253906
-52.14112854003906
-52.19351577758789
-52.25032043457031
-52.20928955078125
-52.236122131347656
-52.12311553955078
-52.13203048706055
-52.1652946472168
-52.246368408203125
-52.259788513183594
-52.30225372314453
-52.27775192260742
-52.26400375366211
-52.181617736816406
-52.095054626464844
-52.15026092529297
-52.224403381347656
-52.26042938232422
-52.27178192138672
-52.22513961791992
-52.186954498291016
-52.20508575439453
-52.086822509765625
-52.133113861083984
-52.19017028808594
-52.17959976196289
-52.27394104003906
-52.23944091796875
-52.25044250488281
-52.28387451171875
-52.30184555053711
-52.24147415161133
-52.22568893432617
-52.11020278930664
-52.044071197509766
-52.10868835449219
-52.243709564208984
-52.27207946777344
-52.31660842895508
-52.31083679199219
-52.29515838623047
-52.263790130615234
-52.22956848144531
-52.14881896972656
-52.0704231262207
-52.141571044921875
-52.1848030090332
-52.21788787841797
-52.244083404541016
-52.23726272583008
-52.27934646606445
-52.281185150146484
-52.26993179321289
-52.26384735107422
-52.24342346191406
-52.28719711303711
-52.25450897216797
-52.29862976074219
-52.27151107788086
-52.246952056884766
-51.98712921142578
-51.90240478515625
-52.2360954284668
-52.19893264770508
-51.83587646484375
-52.19084930419922
-52.17042922973633
-51.86135482788086
-52.234619140625
-52.21112823486328
-51.946109771728516
-52.27839660644531
-52.207828521728516
-51.846275329589844
-52.23096466064453
-52.19602966308594
-51.871116638183594
-52.14795684814453
-52.22370529174805
-52.024925231933594
-51.98242950439453
-52.15705871582031
-52.168968200683594
-52.26742172241211
-52.23523712158203
-52.225975036621094
-52.086936950683594
-52.06830596923828
-52.17723846435547
-52.256080627441406
-52.3055419921875
-52.28651428222656
-52.29291534423828
-52.316871643066406
-52.301368713378906
-52.30801010131836
-52.31528091430664
-52.34577941894531
-52.27370834350586
-52.22471237182617
-52.044708251953125
-52.04369354248047
-52.06282043457031
-52.22806167602539
-52.215091705322266
-52.172447204589844
-52.146934509277344
-52.163455963134766
-52.23896789550781
-52.242462158203125
-52.27765655517578
-52.261810302734375
-52.26464080810547
-52.26011657714844
-52.23976516723633
-52.302703857421875
-52.25389099121094
-52.18178176879883
-52.13485336303711
-52.20659637451172
-52.20640182495117
-52.27143478393555
-52.270530700683594
-52.27128601074219
-52.20271301269531
-52.154266357421875
-52.08464813232422
-52.16805648803711
-52.19928741455078
-52.234649658203125
-52.27528381347656
-52.26007843017578
-52.250587463378906
-52.189144134521484
-52.21784973144531
-52.16852951049805
-52.139686584472656
-52.221435546875
-52.225074768066406
-52.28787612915039
-52.18308639526367
-52.21768569946289
-52.17613983154297
-52.070770263671875
-52.101783752441406
-52.264854431152344
-52.260704040527344
-52.23724365234375
-52.27801513671875
-52.29204559326172
-52.03753662109375
-52.037498474121094
-52.27594757080078
-52.333194732666016
-52.24592590332031
-52.04179763793945
-52.12424850463867
-52.24632263183594
-52.2855110168457
-52.28650665283203
-52.03248977661133
-51.95895004272461
-52.246917724609375
-52.26910400390625
-52.04377746582031
-52.100887298583984
-52.29066848754883
-52.29041290283203
-52.32445526123047
-52.27368927001953
-52.29375457763672
-52.270694732666016
-52.2370491027832
-52.20539474487305
-52.149993896484375
-52.191070556640625
-52.27539825439453
-52.315093994140625
-52.2671012878418
-52.196895599365234
-52.07488250732422
-52.14592742919922
-52.238525390625
-52.33307647705078
-52.23222732543945
-52.199493408203125
-52.12670135498047
-52.18158721923828
-52.24011993408203
-52.28081130981445
-52.289634704589844
-52.36711120605469
-52.33148193359375
-52.213890075683594
-52.12706756591797
-52.063011169433594
-52.171077728271484
-52.217041015625
-52.29004669189453
-52.33877182006836
-52.34038162231445
-52.351802825927734
-52.31546401977539
-52.322601318359375
-52.22263717651367
-52.01921463012695
-52.13753890991211
-52.221778869628906
-52.24980545043945
-52.259239196777344
-52.219932556152344
-52.226776123046875
-52.21121597290039
-52.120445251464844
-52.24903869628906
-52.26640319824219
-52.253135681152344
-52.27587890625
-52.22065734863281
-52.24024963378906
-52.15887451171875
-52.09869384765625
-52.11717987060547
-52.171085357666016
-52.26968002319336
-52.26158905029297
-52.305843353271484
-52.306793212890625
-52.28055191040039
-52.326480865478516
-52.13977813720703
-52.07247543334961
-52.09218978881836
-52.260231018066406
-52.277870178222656
-52.06679153442383
-51.99425506591797
-52.221412658691406
-52.27851867675781
-52.27942657470703
-52.222862243652344
-52.20021057128906
-52.18511962890625
-52.049652099609375
-52.01923370361328
-52.235450744628906
-52.26777267456055
-52.23161697387695
-52.21995162963867
-52.126380920410156
-52.22571563720703
-52.28822326660156
-52.315643310546875
-52.32067108154297
-52.3033561706543
-52.236446380615234
-52.03966522216797
-52.14125061035156
-52.261966705322266
-52.336769104003906
-52.186248779296875
-52.28934097290039
-52.268211364746094
-52.22249221801758
-52.016868591308594
-52.13407516479492
-52.288291931152344
-52.255802154541016
-52.140830993652344
-52.18273162841797
-52.25175476074219
-52.20564270019531
-52.090843200683594
-52.22103500366211
-52.22410583496094
-52.26116943359375
-52.21250534057617
-52.19176483154297
-52.22666931152344
-52.1904411315918
-52.24761199951172
-52.27977752685547
-52.326725006103516
-52.30329132080078
-52.308021545410156
-52.27604293823242
-52.246307373046875
-52.2679557800293
-52.26874542236328
-52.18086242675781
-52.03080368041992
-52.28028869628906
-52.330101013183594
-52.28412628173828
-52.244754791259766
-52.16029357910156
-52.09300231933594
-52.10166549682617
-52.168968200683594
-52.19186019897461
-52.21623992919922
-52.25983810424805
-52.30080795288086
-52.26554870605469
-52.221595764160156
-52.153282165527344
-52.14578628540039
-52.192596435546875
-52.2722053527832
-52.32183074951172
-52.333030700683594
-52.33055877685547
-52.34131622314453
-52.27079772949219
-52.30238342285156
-52.24262619018555
-52.21759033203125
-52.15285110473633
-52.0518913269043
-52.24647903442383
-52.320919036865234
-52.28436279296875
-52.249515533447266
-52.32440948486328
-52.267974853515625
-52.16328811645508
-52.11717987060547
-52.21967315673828
-52.23719024658203
-52.287601470947266
-52.39805221557617
-52.35190200805664
-52.17424011230469
-52.25760269165039
-52.204917907714844
-52.09246063232422
-52.07086944580078
-52.271095275878906
-52.3194580078125
-52.27452087402344
-52.26865005493164
-52.21229934692383
-52.14542770385742
-52.04363250732422
-52.273406982421875
-52.34518051147461
-52.334007263183594
-52.3468017578125
-52.32219696044922
-52.27361297607422
-52.182395935058594
-52.22433090209961
-52.19959259033203
-52.246097564697266
-52.26979064941406
-52.21125793457031
-52.19676971435547
-52.098968505859375
-52.146629333496094
-52.27290725708008
-52.26539993286133
-52.26146697998047
-52.225120544433594
-52.153263092041016
-52.05080795288086
-52.17049026489258
-52.27934265136719
-52.23503875732422
-52.31098556518555
-52.25435256958008
-52.2765007019043
-52.27798843383789
-52.17304992675781
-52.199951171875
-52.24651336669922
-52.25583267211914
-52.239654541015625
-52.27191162109375
-52.21054458618164
-52.041202545166016
-52.080322265625
-52.235347747802734
-52.28988265991211
-52.31488037109375
-52.307350158691406
-52.336524963378906
-52.32146453857422
-52.28612518310547
-52.164894104003906
-52.14051818847656
-52.236358642578125
-52.276458740234375
-52.3023681640625
-52.28668975830078
-52.235626220703125
-52.12410354614258
-52.10975646972656
-52.27924346923828
-52.36104202270508
-52.2886848449707
-52.21128845214844
-52.10665512084961
-52.282630920410156
-52.3544807434082
-52.37703323364258
-52.33631896972656
-52.22582244873047
-52.15605163574219
-52.20415115356445
-52.29558563232422
-52.34365463256836
-52.327186584472656
-52.32661819458008
-52.2210693359375
-52.11666488647461
-52.17935562133789
-52.316768646240234
-52.349693298339844
-52.3582878112793
-52.331485748291016
-52.19935989379883
-52.16250991821289
-52.151756286621094
-52.24566650390625
-52.295738220214844
-52.28960418701172
-52.228179931640625
-52.217899322509766
-52.18144607543945
-52.26316452026367
-52.28575897216797
-52.311431884765625
-52.24974822998047
-52.09032440185547
-52.172386169433594
-52.30278015136719
-52.31827163696289
-52.265159606933594
-52.2619743347168
-52.15031814575195
-52.11815643310547
-52.16510772705078
-52.23979568481445
-52.27486801147461
-52.27830505371094
-52.2560920715332
-52.194053649902344
-52.13328552246094
-52.1102180480957
-52.21369171142578
-52.31170654296875
-52.346439361572266
-52.31403350830078
-52.212425231933594
-52.13636779785156
-52.09368896484375
-52.0623664855957
-52.25635528564453
-52.32592010498047
-52.34077453613281
-52.33174133300781
-52.30234146118164
-52.18701171875
-52.2078742980957
-52.269466400146484
-52.30988693237305
-52.31072235107422
-52.32947540283203
-52.31645202636719
-52.34950637817383
-52.25044250488281
-52.1152458190918
-52.06602478027344
-52.219383239746094
-52.30377197265625
-52.321102142333984
-52.286293029785156
-52.31475067138672
-52.309303283691406
-52.13062286376953
-52.09400939941406
-52.27238464355469
-52.30095291137695
-52.272056579589844
-52.12797164916992
-52.10242462158203
-52.25402069091797
-52.223915100097656
-52.203857421875
-52.02113723754883
-52.105186462402344
-52.275146484375
-52.14185333251953
-51.978973388671875
-52.12942886352539
-52.17720031738281
-52.21632385253906
-52.23933410644531
-52.2662239074707
-52.187721252441406
-52.02204513549805
-52.12363052368164
-52.20500183105469
-52.25075912475586
-52.275123596191406
-52.23893356323242
-52.076812744140625
-52.06582260131836
-52.15575408935547
-52.303043365478516
-52.20720672607422
-52.22684097290039
-52.262298583984375
-52.191165924072266
-52.059940338134766
-52.06816101074219
-52.26421356201172
-52.368953704833984
-52.29690933227539
-52.2161750793457
-52.25989532470703
-52.246490478515625
-52.00099182128906
-52.04313659667969
-52.198081970214844
-52.21336364746094
-52.1304931640625
-52.194244384765625
-52.261837005615234
-52.20412063598633
-52.043643951416016
-52.24860382080078
-52.24838638305664
-52.226131439208984
-52.16226577758789
-52.10520935058594
-52.197906494140625
-52.3068733215332
-52.33430480957031
-52.30587387084961
-52.31824493408203
-52.29093551635742
-52.27405548095703
-52.158935546875
-52.13328552246094
-52.12178421020508
-52.280548095703125
-52.354515075683594
-52.312599182128906
-52.3145751953125
-52.28960418701172
-52.229515075683594
-52.18902587890625
-52.27396011352539
-52.339012145996094
-52.34559631347656
-52.360816955566406
-52.29161071777344
-52.223045349121094
-52.055015563964844
-52.24580383300781
-52.310997009277344
-52.361019134521484
-52.35942459106445
-52.343910217285156
-52.369197845458984
-52.34958267211914
-52.326194763183594
-52.348968505859375
-52.22271728515625
-52.12950134277344
-52.22087097167969
-52.27119827270508
-52.31766891479492
-52.30701446533203
-52.239219665527344
-52.264869689941406
-52.29914855957031
-52.30943298339844
-52.3451042175293
-52.3505973815918
-52.30646514892578
-52.29896545410156
-52.27350616455078
-52.26200866699219
-52.23796081542969
-52.252601623535156
-52.25337600708008
-52.237037658691406
-52.2589225769043
-52.32231140136719
-52.32717514038086
-52.35634231567383
-52.37510681152344
-52.39098358154297
-52.38359451293945
-52.30028533935547
-52.215301513671875
-52.257293701171875
-52.31962585449219
-52.31425857543945
-52.24091720581055
-52.22980499267578
-52.180572509765625
-52.21129608154297
-52.27787780761719
-52.30607604980469
-52.377655029296875
-52.38576889038086
-52.31123352050781
-52.1700439453125
-52.17951965332031
-52.26490020751953
-52.268287658691406
-52.32664489746094
-52.30164337158203
-52.28828430175781
-52.233741760253906
-52.22602844238281
-52.26997375488281
-52.2861213684082
-52.127838134765625
-52.19860076904297
-52.30426788330078
-52.3245735168457
-52.31403350830078
-52.28578567504883
-52.15232849121094
-52.141849517822266
-52.341270446777344
-52.36507034301758
-52.326072692871094
-52.24236297607422
-52.16914367675781
-52.279029846191406
-52.34346008300781
-52.36754608154297
-52.35729217529297
-52.3521842956543
-52.32981872558594
-52.314231872558594
-52.280399322509766
-52.257347106933594
-52.26502990722656
-52.30120086669922
-52.343719482421875
-52.24654006958008
-52.04707336425781
-52.14970779418945
-52.39661407470703
-52.219215393066406
-51.911434173583984
-52.36393356323242
-52.23073959350586
-51.86528778076172
-52.38786697387695
-51.8336296081543
-52.23399353027344
-52.364540100097656
-52.06582260131836
-52.11857986450195
-52.3377685546875
-52.316219329833984
-52.170379638671875
-52.28874206542969
-52.35369873046875
-52.41017150878906
-52.28090286254883
-52.160186767578125
-52.12285614013672
-52.24065017700195
-52.35908126831055
-52.405113220214844
-52.326019287109375
-52.1462516784668
-52.06580352783203
-52.282989501953125
-52.26716232299805
-52.31611251831055
-52.13223648071289
-52.12046813964844
-52.26430130004883
-52.2922248840332
-52.02461242675781
-52.06379699707031
-52.264976501464844
-52.33167266845703
-52.320613861083984
-52.28086853027344
-52.27672576904297
-52.30340576171875
-52.34911346435547
-52.273502349853516
-52.3648681640625
-52.40049362182617
-52.37335205078125
-52.37638854980469
-52.311973571777344
-52.13772201538086
-52.14588928222656
-52.2794189453125
-52.31135940551758
-52.32527542114258
-52.284183502197266
-52.256900787353516
-52.29187774658203
-52.322776794433594
-52.30744552612305
-52.200462341308594
-52.22452163696289
-52.230308532714844
-52.23413848876953
-52.26686096191406
-52.316463470458984
-52.352439880371094
-52.310142517089844
-52.35285186767578
-52.35783767700195
-52.318878173828125
-52.27034378051758
-52.26362228393555
-52.243534088134766
-52.261383056640625
-52.2911376953125
-52.28916931152344
-52.27598571777344
-52.30256271362305
-52.34142303466797
-52.37261199951172
-52.34724426269531
-52.23233413696289
-52.26200485229492
-52.229793548583984
-52.20677947998047
-52.25000762939453
-52.31276321411133
-52.35187530517578
-52.358001708984375
-52.36473846435547
-52.299903869628906
-52.235862731933594
-52.24722671508789
-52.194705963134766
-52.29993438720703
-52.25505065917969
-52.30807876586914
-52.33125686645508
-52.376060485839844
-52.285316467285156
-52.28501892089844
-52.23080825805664
-52.18181610107422
-52.29645538330078
-52.341270446777344
-52.33941650390625
-52.34453582763672
-52.321170806884766
-52.06610107421875
-52.0932502746582
-52.29780960083008
-52.26665496826172
-52.336448669433594
-52.3817138671875
-52.30245590209961
-52.18897247314453
-52.273006439208984
-52.312904357910156
-52.398685455322266
-52.364933013916016
-52.31684875488281
-52.233482360839844
-52.12696075439453
-52.26499938964844
-52.32780075073242
-52.40011215209961
-52.2722053527832
-52.03538513183594
-52.185272216796875
-52.323482513427734
-52.40207290649414
-52.32475280761719
-52.275962829589844
-52.194087982177734
-52.23932647705078
-52.31135559082031
-52.288124084472656
-52.32787322998047
-52.32973861694336
-52.343082427978516
-52.270538330078125
-52.34217834472656
-52.333106994628906
-52.353633880615234
-52.32324981689453
-52.15157699584961
-52.060508728027344
-52.34728240966797
-52.35784912109375
-52.36359786987305
-52.10584259033203
-52.127235412597656
-52.32558822631836
-52.380367279052734
-52.25269317626953
-52.139591217041016
-52.31377410888672
-52.39149475097656
-52.429664611816406
-52.273193359375
-52.18700408935547
-52.1630859375
-52.176361083984375
-52.357295989990234
-52.395851135253906
-52.368370056152344
-52.349124908447266
-52.2462272644043
-52.218406677246094
-52.20896911621094
-52.276206970214844
-52.28849411010742
-52.34098434448242
-52.169063568115234
-52.168033599853516
-52.167076110839844
-52.2641716003418
-52.347572326660156
-52.35573196411133
-52.36488342285156
-52.282203674316406
-52.026771545410156
-52.34731674194336
-52.38703918457031
-52.27690505981445
-52.01171112060547
-52.21342086791992
-52.40514373779297
-52.353294372558594
-52.132591247558594
-52.22792053222656
-52.33467102050781
-52.36212158203125
-52.38211441040039
-52.403472900390625
-52.3167839050293
-52.23260498046875
-52.20405197143555
-52.15867233276367
-52.290287017822266
-52.3685188293457
-52.41096496582031
-52.38175582885742
-52.32002639770508
-52.24156951904297
-52.203330993652344
-52.29194641113281
-52.39570617675781
-52.4056396484375
-52.31446075439453
-52.29582214355469
-52.23505783081055
-52.22039794921875
-52.23845672607422
-52.30939483642578
-52.36358642578125
-52.34783935546875
-52.309043884277344
-52.2192497253418
-52.24413299560547
-52.2027702331543
-52.28874588012695
-52.33647918701172
-52.37425231933594
-52.30415344238281
-52.29613494873047
-52.243751525878906
-52.24906539916992
-52.2354850769043
-52.19662094116211
-52.21050262451172
-52.315101623535156
-52.32301712036133
-52.37236022949219
-52.370487213134766
-52.3078498840332
-52.334617614746094
-52.341041564941406
-52.331912994384766
-52.40437698364258
-52.390071868896484
-52.39130401611328
-52.37457275390625
-52.32972717285156
-52.29718780517578
-52.1403923034668
-52.18624496459961
-52.285438537597656
-52.33210754394531
-52.3269157409668
-52.30460739135742
-52.3452262878418
-52.352333068847656
-52.35007095336914
-52.30254364013672
-52.152008056640625
-52.050315856933594
-52.231571197509766
-52.24609375
-52.03235626220703
-52.15965270996094
-52.23101806640625
-52.30413818359375
-52.29917907714844
-52.2354621887207
-52.2025032043457
-52.21607208251953
-52.33921813964844
-52.280513763427734
-52.26178741455078
-52.33958053588867
-52.28493118286133
-52.1901969909668
-52.19077682495117
-52.27754592895508
-52.28619384765625
-52.3036003112793
-52.19957733154297
-52.30561828613281
-52.35504913330078
-52.368377685546875
-52.398399353027344
-52.37791442871094
-52.42974090576172
-52.361148834228516
-52.365211486816406
-52.30391311645508
-52.21143341064453
-52.250755310058594
-52.322853088378906
-52.3564453125
-52.40427017211914
-52.29545211791992
-52.2994384765625
-52.3604736328125
-52.305999755859375
-52.16099548339844
-52.226497650146484
-52.316104888916016
-52.37371063232422
-52.4031982421875
-52.281097412109375
-52.28694534301758
-52.24864959716797
-52.22840118408203
-52.336143493652344
-52.31140899658203
-52.38788604736328
-52.318824768066406
-52.23381042480469
-52.151527404785156
-52.35382843017578
-52.356422424316406
-52.31488037109375
-52.15981674194336
-52.01715087890625
-52.316871643066406
-52.38789367675781
-52.243812561035156
-52.10580062866211
-52.221107482910156
-52.380035400390625
-52.34606170654297
-52.16875076293945
-52.23736572265625
-52.36791229248047
-52.389678955078125
-52.324989318847656
-52.09889221191406
-52.191162109375
-52.36444854736328
-52.398460388183594
-52.3973388671875
-52.28095245361328
-52.19410705566406
-52.15617752075195
-52.233184814453125
-52.23125457763672
-52.381282806396484
-52.3706169128418
-52.30066680908203
-52.40264129638672
-52.333560943603516
-52.176326751708984
-52.13468933105469
-52.38410949707031
-52.43065643310547
-52.34759521484375
-52.28807830810547
-52.280662536621094
-52.169189453125
-52.059139251708984
-52.29435729980469
-52.417301177978516
-52.400569915771484
-52.26426696777344
-52.24919128417969
-52.2731819152832
-52.29447937011719
-52.258663177490234
-52.329681396484375
-52.31974411010742
-52.284934997558594
-52.223419189453125
-52.286476135253906
-52.36520767211914
-52.42218017578125
-52.17489242553711
-52.37488555908203
-52.39672088623047
-52.34792709350586
-52.1695671081543
-52.33403015136719
-52.28083038330078
-52.29925537109375
-52.31108856201172
-52.19679260253906
-52.151512145996094
-52.22417449951172
-52.37202453613281
-52.383522033691406
-52.35553741455078
-52.3513069152832
-52.22262191772461
-52.170494079589844
-52.2199592590332
-52.301727294921875
-52.42057800292969
-52.317481994628906
-52.184234619140625
-52.0699462890625
-52.2730712890625
-52.34081268310547
-52.21474075317383
-52.19084930419922
-52.165916442871094
-52.19751739501953
-52.33302688598633
-52.376155853271484
-52.35211944580078
-52.187129974365234
-52.19636154174805
-52.288909912109375
-52.25624465942383
-52.29759979248047
-52.32457733154297
-52.3026123046875
-52.35053253173828
-52.26167297363281
-52.39747619628906
-52.35393524169922
-52.34065628051758
-52.33198547363281
-52.35334396362305
-52.27794647216797
-52.185035705566406
-52.22265625
-52.24879455566406
-52.25727844238281
-52.32562255859375
-52.35468673706055
-52.27751159667969
-52.10352325439453
-52.09783935546875
-52.23210144042969
-52.31199264526367
-52.29519271850586
-52.32134246826172
-52.33094787597656
-52.27204895019531
-52.15658187866211
-52.11929702758789
-52.33736801147461
-52.3181266784668
-52.28542709350586
-52.190223693847656
-52.076927185058594
-52.19246292114258
-52.330528259277344
-52.41425323486328
-52.363380432128906
-52.37265396118164
-52.20335388183594
-52.205970764160156
-52.2183723449707
-52.347801208496094
-52.40363693237305
-52.34375762939453
-52.17364501953125
-52.15286636352539
-52.284461975097656
-52.395103454589844
-52.37236022949219
-52.29819107055664
-52.12057876586914
-52.137672424316406
-52.338470458984375
-52.36286163330078
-52.181087493896484
-52.076499938964844
-52.32380294799805
-52.387142181396484
-52.2581787109375
-52.10549545288086
-52.32204055786133
-52.373023986816406
-52.387081146240234
-52.27360534667969
-52.20124816894531
-52.295066833496094
-52.406639099121094
-52.38258743286133
-52.39084243774414
-52.35224533081055
-52.320926666259766
-52.24853515625
-52.22568893432617
-52.355831146240234
-52.40095901489258
-52.37059020996094
-52.368873596191406
-52.37791061401367
-52.281795501708984
-52.282142639160156
-52.29058074951172
-52.32176971435547
-52.425113677978516
-52.400634765625
-52.40556335449219
-52.412540435791016
-52.428749084472656
-52.372108459472656
-52.31985092163086
-52.272300720214844
-52.26013946533203
-52.28902816772461
-52.37491226196289
-52.3939208984375
-52.38385772705078
-52.30614471435547
-52.2678108215332
-52.3704719543457
-52.377437591552734
-52.383087158203125
-52.4057731628418
-52.398983001708984
-52.374351501464844
-52.42335891723633
-52.38359451293945
-52.270904541015625
-52.205162048339844
-52.34370040893555
-52.40028381347656
-52.382164001464844
-52.30706024169922
-52.21881866455078
-52.27408981323242
-52.3521728515625
-52.41273880004883
-52.40389633178711
-52.44497299194336
-52.42078399658203
-52.370243072509766
-52.27505111694336
-52.22868728637695
-52.23012924194336
-52.43213653564453
-52.41636657714844
-52.417144775390625
-52.3712272644043
-52.254844665527344
-52.23724365234375
-52.277713775634766
-52.38679504394531
-52.400848388671875
-52.39306640625
-52.326210021972656
-52.362327575683594
-52.338218688964844
-52.345096588134766
-52.42427444458008
-52.394798278808594
-52.329315185546875
-52.310577392578125
-52.24409866333008
-52.33814239501953
-52.30278396606445
-52.37275314331055
-52.45030975341797
-52.358482360839844
-52.404197692871094
-52.35749816894531
-52.33610534667969
-52.2284049987793
-52.20813751220703
-52.31718444824219
-52.44503402709961
-52.43599319458008
-52.45944595336914
-52.388919830322266
-52.3636589050293
-52.266212463378906
-52.216529846191406
-52.311767578125
-52.4331169128418
-52.445838928222656
-52.4747200012207
-52.38307189941406
-52.38410949707031
-52.26658248901367
-52.26642990112305
-52.29937744140625
-52.3223991394043
-52.35377883911133
-52.38541793823242
-52.351295471191406
-52.342803955078125
-52.24191665649414
-52.281246185302734
-52.31562805175781
-52.36619567871094
-52.41981506347656
-52.41832733154297
-52.306434631347656
-52.152366638183594
-52.35691833496094
-52.421932220458984
-52.44929504394531
-52.24095153808594
-52.26991653442383
-52.238563537597656
-52.230106353759766
-52.27320098876953
-52.32146072387695
-52.413429260253906
-52.39592361450195
-52.323143005371094
-52.292049407958984
-52.30009460449219
-52.231689453125
-52.272769927978516
-52.33135223388672
-52.41607666015625
-52.39323425292969
-52.366310119628906
-52.394020080566406
-52.286903381347656
-52.2205924987793
-52.29690933227539
-52.42912292480469
-52.45644760131836
-52.44701385498047
-52.391685485839844
-52.3640022277832
-52.30126190185547
-52.259361267089844
-52.29796600341797
-52.3629035949707
-52.40138244628906
-52.434837341308594
-52.402137756347656
-52.34861373901367
-52.19968795776367
-52.130733489990234
-52.34935760498047
-52.43486022949219
-52.432823181152344
-52.279693603515625
-52.162506103515625
-52.35102844238281
-52.40827941894531
-52.27166748046875
-52.16415786743164
-52.250240325927734
-52.34743881225586
-52.41950988769531
-52.43959045410156
-52.33545684814453
-52.43564224243164
-52.42872619628906
-52.44535827636719
-52.37970733642578
-52.25334548950195
-52.10175323486328
-52.224876403808594
-52.36886215209961
-52.42356872558594
-52.41919708251953
-52.44164276123047
-52.37701416015625
-52.259151458740234
-52.130096435546875
-52.35008239746094
-52.440467834472656
-52.369956970214844
-52.26624298095703
-52.19227600097656
-52.2906379699707
-52.38417434692383
-52.35907745361328
-52.20358657836914
-52.22099685668945
-52.36872863769531
-52.428009033203125
-52.429718017578125
-52.36953353881836
-52.22821044921875
-52.26428985595703
-52.28844451904297
-52.277984619140625
-52.370628356933594
-52.394065856933594
-52.35417938232422
-52.41758728027344
-52.42012405395508
-52.46432876586914
-52.335243225097656
-52.13812255859375
-52.15125274658203
-52.304718017578125
-52.31886672973633
-52.26509475708008
-52.29784393310547
-52.26211929321289
-52.237762451171875
-52.24592590332031
-52.3408203125
-52.34846496582031
-52.37071228027344
-52.27483367919922
-52.191768646240234
-52.20881652832031
-52.31758117675781
-52.357269287109375
-52.437721252441406
-52.45518112182617
-52.31707000732422
-52.13716125488281
-52.178466796875
-52.26682662963867
-52.361961364746094
-52.42205810546875
-52.336830139160156
-52.33745193481445
-52.18476867675781
-52.19448471069336
-52.328819274902344
-52.32979202270508
-52.45801544189453
-52.412086486816406
-52.355621337890625
-52.27910614013672
-52.21359634399414
-52.19266128540039
-52.20549392700195
-52.38994216918945
-52.31755065917969
-52.26845169067383
-52.1252326965332
-52.18184280395508
-52.36395263671875
-52.40766525268555
-52.385250091552734
-52.301658630371094
-52.28498458862305
-52.25920867919922
-52.291831970214844
-52.27943420410156
-52.32209777832031
-52.35034942626953
-52.208465576171875
-52.22677230834961
-52.31350326538086
-52.321102142333984
-52.25702667236328
-52.24721145629883
-52.267478942871094
-52.30690002441406
-52.36421203613281
-52.2961311340332
-52.273101806640625
-52.335086822509766
-52.26152038574219
-52.29585647583008
-52.271209716796875
-52.377044677734375
-52.42292404174805
-52.39625549316406
-52.395938873291016
-52.282527923583984
-52.28324890136719
-52.29983901977539
-52.266380310058594
-52.263553619384766
-52.351898193359375
-52.381591796875
-52.401878356933594
-52.32597351074219
-52.318721771240234
-52.282989501953125
-52.28548049926758
-52.3359375
-52.381980895996094
-52.422603607177734
-52.40454864501953
-52.405067443847656
-52.433990478515625
-52.38348388671875
-52.33145523071289
-52.252445220947266
-52.23124694824219
-52.31280517578125
-52.3397102355957
-52.364871978759766
-52.3472785949707
-52.326438903808594
-52.31784439086914
-52.36634826660156
-52.37690734863281
-52.4168815612793
-52.35580825805664
-52.33969497680664
-52.32203674316406
-52.304542541503906
-52.3349723815918
-52.37683868408203
-52.432777404785156
-52.384727478027344
-52.34450912475586
-52.27942657470703
-52.27480697631836
-52.28031539916992
-52.34148406982422
-52.363800048828125
-52.37857437133789
-52.417015075683594
-52.41651153564453
-52.43450164794922
-52.36015319824219
-52.27332305908203
-52.27771759033203
-52.42118453979492
-52.456607818603516
-52.458984375
-52.37168884277344
-52.279273986816406
-52.20553970336914
-52.274322509765625
-52.37846374511719
-52.421363830566406
-52.427391052246094
-52.409488677978516
-52.474510192871094
-52.42823028564453
-52.259925842285156
-52.22032928466797
-52.336692810058594
-52.42587661743164
-52.441497802734375
-52.436729431152344
-52.420013427734375
-52.34613800048828
-52.224124908447266
-52.28009796142578
-52.42009353637695
-52.440574645996094
-52.381954193115234
-52.14807891845703
-52.23750305175781
-52.370750427246094
-52.44465637207031
-52.40410232543945
-52.326473236083984
-52.261802673339844
-52.31355285644531
-52.38414001464844
-52.3477783203125
-52.39069366455078
-52.440914154052734
-52.353843688964844
-52.401832580566406
-52.41779708862305
-52.45992660522461
-52.46303176879883
-52.26750183105469
-52.230690002441406
-52.28813171386719
-52.2823371887207
-52.35697555541992
-52.39488983154297
-52.447044372558594
-52.41960906982422
-52.40632629394531
-52.335357666015625
-52.27540588378906
-52.25738525390625
-52.350311279296875
-52.442073822021484
-52.460968017578125
-52.4197883605957
-52.39847946166992
-52.38525390625
-52.236656188964844
-52.217506408691406
-52.397823333740234
-52.48883056640625
-52.41520690917969
-52.33346176147461
-52.31731414794922
-52.24644470214844
-52.28833770751953
-52.423641204833984
-52.420501708984375
-52.421451568603516
-52.44050216674805
-52.36602783203125
-52.290794372558594
-52.29007339477539
-52.313472747802734
-52.37890625
-52.44050979614258
-52.44715118408203
-52.34022903442383
-52.27009201049805
-52.201438903808594
-52.113624572753906
-52.22821044921875
-52.4312629699707
-52.47914123535156
-52.32638168334961
-52.144508361816406
-52.20457458496094
-52.35349655151367
-52.42533493041992
-52.329925537109375
-52.31744384765625
-52.36553192138672
-52.31597900390625
-52.196041107177734
-52.18424606323242
-52.35663986206055
-52.464473724365234
-52.484031677246094
-52.37675094604492
-52.150081634521484
-52.22435760498047
-52.321197509765625
-52.40176010131836
-52.42489242553711
-52.393653869628906
-52.383384704589844
-52.3115119934082
-52.283504486083984
-52.386356353759766
-52.46467208862305
-52.47306823730469
-52.446563720703125
-52.427303314208984
-52.34417724609375
-52.30229568481445
-52.30014419555664
-52.31753158569336
-52.40424346923828
-52.4796028137207
-52.43042755126953
-52.36658477783203
-52.34346008300781
-52.33042907714844
-52.34071350097656
-52.381683349609375
-52.45130157470703
-52.49561309814453
-52.46440505981445
-52.483489990234375
-52.46984100341797
-52.54201889038086
-52.400936126708984
-52.423988342285156
-52.437355041503906
-52.44527053833008
-52.33870315551758
-52.19560241699219
-52.12773513793945
-52.366539001464844
-52.30240249633789
-52.4210090637207
-52.44194793701172
-52.27191162109375
-52.203773498535156
-52.20240020751953
-52.41908645629883
-52.44102096557617
-52.352020263671875
-52.267425537109375
-52.199466705322266
-52.346981048583984
-52.37348556518555
-52.27212142944336
-52.35161590576172
-52.205379486083984
-52.27684020996094
-52.263160705566406
-52.27723693847656
-52.38441467285156
-52.3813591003418
-52.240875244140625
-52.27403259277344
-52.282073974609375
-52.38093185424805
-52.408668518066406
-52.41999435424805
-52.46827697753906
-52.44184875488281
-52.4183235168457
-52.43395233154297
-52.340858459472656
-52.22999954223633
-52.25811767578125
-52.2806510925293
-52.401023864746094
-52.42641830444336
-52.431488037109375
-52.440399169921875
-52.406375885009766
-52.41659164428711
-52.430076599121094
-52.40373229980469
-52.35403823852539
-52.29841232299805
-52.361995697021484
-52.345130920410156
-52.323463439941406
-52.29855728149414
-52.347354888916016
-52.373695373535156
-52.334808349609375
-52.35435485839844
-52.327781677246094
-52.37609100341797
-52.39905548095703
-52.3034553527832
-52.32862091064453
-52.360137939453125
-52.420936584472656
-52.454925537109375
-52.45949172973633
-52.46661376953125
-52.452796936035156
-52.36692428588867
-52.32722854614258
-52.19211959838867
-52.30615997314453
-52.41992950439453
-52.44936752319336
-52.34386444091797
-52.19407653808594
-52.22724533081055
-52.384090423583984
-52.4490966796875
-52.41239929199219
-52.30396270751953
-52.2477912902832
-52.363502502441406
-52.407737731933594
-52.456016540527344
-52.47638702392578
-52.457733154296875
-52.380149841308594
-52.10932159423828
-52.21403884887695
-52.45412826538086
-52.451011657714844
-52.35032272338867
-52.25135040283203
-52.27812957763672
-52.445960998535156
-52.47964096069336
-52.44903564453125
-52.37422180175781
-52.305789947509766
-52.3206901550293
-52.345069885253906
-52.421974182128906
-52.41569519042969
-52.392677307128906
-52.365901947021484
-52.39045333862305
-52.36457061767578
-52.41396713256836
-52.43659210205078
-52.36756896972656
-52.327232360839844
-52.297454833984375
-52.33039093017578
-52.41525650024414
-52.415138244628906
-52.4039192199707
-52.181396484375
-52.264427185058594
-52.40510559082031
-52.44200134277344
-52.294620513916016
-52.12438201904297
-52.19074249267578
-52.34703826904297
-52.374176025390625
-52.452877044677734
-52.43107604980469
-52.38378143310547
-52.358299255371094
-52.26421356201172
-52.32328796386719
-52.35439682006836
-52.32405471801758
-52.3326301574707
-52.347843170166016
-52.31638717651367
-52.28799057006836
-52.347625732421875
-52.4517707824707
-52.464603424072266
-52.292762756347656
-52.39250183105469
-52.401710510253906
-52.39509963989258
-52.30450439453125
-52.186065673828125
-52.217620849609375
-52.260494232177734
-52.2939453125
-52.379600524902344
-52.417884826660156
-52.373130798339844
-52.3010139465332
-52.310646057128906
-52.40962219238281
-52.3982048034668
-52.28847122192383
-52.364601135253906
-52.40250015258789
-52.35841369628906
-52.36525344848633
-52.34546661376953
-52.405189514160156
-52.436676025390625
-52.45029830932617
-52.39503479003906
-52.45924758911133
-52.29045104980469
-52.29132080078125
-52.20183181762695
-52.28519058227539
-52.39589309692383
-52.440269470214844
-52.455345153808594
-52.382564544677734
-52.22319412231445
-52.26185607910156
-52.3807373046875
-52.48737716674805
-52.43497848510742
-52.383644104003906
-52.44916534423828
-52.41081619262695
-52.303009033203125
-52.26778030395508
-52.37801742553711
-52.38243103027344
-52.36542510986328
-52.30303192138672
-52.393409729003906
-52.32801055908203
-52.35929489135742
-52.442909240722656
-52.458717346191406
-52.378578186035156
-52.409461975097656
-52.439727783203125
-52.32688903808594
-52.229740142822266
-52.30079650878906
-52.391456604003906
-52.399627685546875
-52.357139587402344
-52.33172607421875
-52.32658386230469
-52.36222457885742
-52.230960845947266
-52.37785339355469
-52.4512939453125
-52.43505096435547
-52.31193542480469
-52.27564239501953
-52.261226654052734
-52.234859466552734
-52.31387710571289
-52.494667053222656
-52.483863830566406
-52.4966926574707
-52.37982177734375
-52.43390655517578
-52.35401153564453
-52.301170349121094
-52.279945373535156
-52.31827926635742
-52.39311599731445
-52.414756774902344
-52.30961608886719
-52.3297004699707
-52.386634826660156
-52.51312255859375
-52.3960075378418
-52.28105163574219
-52.24607849121094
-52.370365142822266
-52.414093017578125
-52.43973159790039
-52.446434020996094
-52.457462310791016
-52.396827697753906
-52.377403259277344
-52.36886978149414
-52.35530090332031
-52.44632339477539
-52.4752311706543
-52.50068664550781
-52.495121002197266
-52.462154388427734
-52.47210693359375
-52.35495376586914
-52.188087463378906
-52.27012634277344
-52.42156219482422
-52.430747985839844
-52.464088439941406
-52.4067268371582
-52.232177734375
-52.14529800415039
-52.21758270263672
-52.35065460205078
-52.42756271362305
-52.45677185058594
-52.39222717285156
-52.299278259277344
-52.267005920410156
-52.3470458984375
-52.424434661865234
-52.382633209228516
-52.43390655517578
-52.44160079956055
-52.473724365234375
-52.45103454589844
-52.37489318847656
-52.30351257324219
-52.22589111328125
-52.33244323730469
-52.406455993652344
-52.43565368652344
-52.45857238769531
-52.46165466308594
-52.40069580078125
-52.3360595703125
-52.25175857543945
-52.22785568237305
-52.39295196533203
-52.48625183105469
-52.47214889526367
-52.41164016723633
-52.46234130859375
-52.50591278076172
-52.44536590576172
-52.458763122558594
-52.41615676879883
-52.3431396484375
-52.27057647705078
-52.2518310546875
-52.38898468017578
-52.45629119873047
-52.46759033203125
-52.45689392089844
-52.466556549072266
-52.388771057128906
-52.228843688964844
-52.306724548339844
-52.42605972290039
-52.4871826171875
-52.469146728515625
-52.50682830810547
-52.51629638671875
-52.4643440246582
-52.47529602050781
-52.44876480102539
-52.398929595947266
-52.32041931152344
-52.28043746948242
-52.320228576660156
-52.43159484863281
-52.445858001708984
-52.48984909057617
-52.43342590332031
-52.35976028442383
-52.28839111328125
-52.306392669677734
-52.40089416503906
-52.42914962768555
-52.483131408691406
-52.51493835449219
-52.51275634765625
-52.521209716796875
-52.491172790527344
-52.46849060058594
-52.375152587890625
-52.23996353149414
-52.373497009277344
-52.454803466796875
-52.51972579956055
-52.44879913330078
-52.51731872558594
-52.476715087890625
-52.42096710205078
-52.22488021850586
-52.178558349609375
-52.44895935058594
-52.528743743896484
-52.52171325683594
-52.339111328125
-52.21428680419922
-52.37437057495117
-52.49172592163086
-52.5167236328125
-52.43378448486328
-52.243377685546875
-52.27260971069336
-52.42433166503906
-52.47142791748047
-52.50328063964844
-52.51081085205078
-52.510597229003906
-52.46222686767578
-52.43595504760742
-52.27568817138672
-52.20795440673828
-52.484779357910156
-52.415557861328125
-52.321563720703125
-52.21272277832031
-52.42871856689453
-52.440711975097656
-52.402381896972656
-52.2125358581543
-52.36868667602539
-52.44383239746094
-52.50318145751953
-52.4083251953125
-52.358489990234375
-52.297828674316406
-52.359336853027344
-52.3924674987793
-52.46063232421875
-52.48645782470703
-52.46775436401367
-52.47026443481445
-52.47932815551758
-52.43309783935547
-52.24672317504883
-52.17517852783203
-52.40515899658203
-52.388729095458984
-52.24657440185547
-52.20503616333008
-52.395626068115234
-52.45853805541992
-52.45349884033203
-52.260189056396484
-52.100120544433594
-52.32712936401367
-52.44334411621094
-52.488914489746094
-52.32916259765625
-52.14185333251953
-52.235023498535156
-52.39978790283203
-52.4256591796875
-52.35495376586914
-52.27698516845703
-52.224884033203125
-52.432769775390625
-52.32799530029297
-52.46986389160156
-52.3994026184082
-52.28230285644531
-52.226932525634766
-52.273277282714844
-52.424415588378906
-52.435359954833984
-52.40492248535156
-52.52116394042969
-52.49094009399414
-52.409793853759766
-52.37032699584961
-52.31941604614258
-52.145076751708984
-52.334266662597656
-52.4462890625
-52.461883544921875
-52.45521545410156
-52.46181106567383
-52.476722717285156
-52.504798889160156
-52.502254486083984
-52.4537353515625
-52.31245422363281
-52.21693420410156
-52.33759689331055
-52.42570114135742
-52.491111755371094
-52.506404876708984
-52.45968246459961
-52.448402404785156
-52.344947814941406
-52.2014274597168
-52.36878204345703
-52.46791076660156
-52.4612922668457
-52.47346496582031
-52.41620635986328
-52.4005012512207
-52.29426574707031
-52.391845703125
-52.441322326660156
-52.4398193359375
-52.42279052734375
-52.36640167236328
-52.26092529296875
-52.39433670043945
-52.45388412475586
-52.445926666259766
-52.44121170043945
-52.39728927612305
-52.371055603027344
-52.32780075073242
-52.33279800415039
-52.41376495361328
-52.370361328125
-52.22418212890625
-52.245452880859375
-52.39274978637695
-52.4114875793457
-52.40864562988281
-52.40328598022461
-52.48000717163086
-52.3424186706543
-52.16716384887695
-52.31463623046875
-52.48509979248047
-52.463157653808594
-52.49324035644531
-52.51853561401367
-52.51935958862305
-52.48246383666992
-52.40010070800781
-52.35907745361328
-52.357765197753906
-52.37405014038086
-52.365455627441406
-52.40625762939453
-52.387638092041016
-52.35963821411133
-52.4329948425293
-52.43174743652344
-52.462318420410156
-52.464012145996094
-52.4139404296875
-52.34435272216797
-52.39845275878906
-52.445987701416016
-52.44769287109375
-52.484458923339844
-52.38731384277344
-52.294097900390625
-52.33717346191406
-52.3934326171875
-52.29639434814453
-52.49049758911133
-52.41127395629883
-52.453433990478516
-52.37049865722656
-52.26628875732422
-52.25376892089844
-52.38283157348633
-52.460479736328125
-52.456459045410156
-52.369956970214844
-52.333534240722656
-52.18466567993164
-52.34556198120117
-52.46577835083008
-52.45564270019531
-52.526039123535156
-52.45092010498047
-52.317893981933594
-52.27363967895508
-52.256927490234375
-52.509056091308594
-52.44782257080078
-52.38807678222656
-52.128211975097656
-52.33710861206055
-52.510494232177734
-52.4815673828125
-52.3614387512207
-52.252532958984375
-52.36890411376953
-52.50940704345703
-52.47492980957031
-52.262447357177734
-52.33699035644531
-52.46250915527344
-52.49726104736328
-52.50251007080078
-52.491943359375
-52.49064636230469
-52.526947021484375
-52.47454071044922
-52.40576934814453
-52.29348373413086
-52.30315399169922
-52.36592102050781
-52.43442916870117
-52.485626220703125
-52.45994567871094
-52.344505310058594
-52.39216232299805
-52.412601470947266
-52.42428207397461
-52.39153289794922
-52.39801025390625
-52.457183837890625
-52.35599136352539
-52.359405517578125
-52.46103286743164
-52.52107238769531
-52.422508239746094
-52.2725715637207
-52.3194580078125
-52.29895782470703
-52.388877868652344
-52.45412826538086
-52.53078079223633
-52.396575927734375
-52.35057067871094
-52.27339172363281
-52.23492431640625
-52.377010345458984
-52.484291076660156
-52.403831481933594
-52.27968215942383
-52.186954498291016
-52.03990173339844
-52.40061950683594
-52.17721939086914
-51.93805694580078
-52.3492546081543
-52.450225830078125
-52.168113708496094
-52.013954162597656
-52.34484100341797
-52.4261474609375
-52.280517578125
-52.20520782470703
-52.387847900390625
-52.46363830566406
-52.386268615722656
-52.42694091796875
-52.468406677246094
-52.47332000732422
-52.33537292480469
-52.30271911621094
-52.310760498046875
-52.29719543457031
-52.405357360839844
-52.47248840332031
-52.434104919433594
-52.19780349731445
-52.137611389160156
-52.38976287841797
-52.4759635925293
-52.380165100097656
-52.241600036621094
-52.21723556518555
-52.43372344970703
-52.510711669921875
-52.47856903076172
-52.51786422729492
-52.50312805175781
-52.49275207519531
-52.4531135559082
-52.35810470581055
-52.2857666015625
-52.26145935058594
-52.380191802978516
-52.46922302246094
-52.51471710205078
-52.46992492675781
-52.38426971435547
-52.448341369628906
-52.361637115478516
-52.334205627441406
-52.38761520385742
-52.41246795654297
-52.46622085571289
-52.418548583984375
-52.37698745727539
-52.347381591796875
-52.361083984375
-52.44983673095703
-52.50590515136719
-52.535491943359375
-52.530765533447266
-52.507713317871094
-52.42582702636719
-52.33479690551758
-52.34067916870117
-52.392364501953125
-52.45368957519531
-52.49424743652344
-52.38645553588867
-52.315982818603516
-52.34990310668945
-52.510498046875
-52.525413513183594
-52.4332389831543
-52.1626091003418
-52.35128402709961
-52.52263641357422
-52.473289489746094
-52.4971923828125
-52.47057342529297
-52.42255401611328
-52.24932861328125
-52.23880386352539
-52.426979064941406
-52.505836486816406
-52.45044708251953
-52.48756408691406
-52.35511779785156
-52.28566360473633
-52.31779479980469
-52.41856384277344
-52.41164779663086
-52.11235046386719
-52.37252426147461
-52.51811218261719
-52.510555267333984
-52.41098403930664
-52.29570770263672
-52.360164642333984
-52.4417839050293
-52.459678649902344
-52.49761962890625
-52.52811050415039
-52.470191955566406
-52.37266540527344
-52.247806549072266
-52.39493942260742
-52.46345138549805
-52.49571228027344
-52.444610595703125
-52.38163757324219
-52.35667419433594
-52.413429260253906
-52.38359832763672
-52.337120056152344
-52.429080963134766
-52.438560485839844
-52.488826751708984
-52.46635055541992
-52.46070098876953
-52.346961975097656
-52.24112319946289
-52.406105041503906
-52.44045639038086
-52.48772430419922
-52.52893829345703
-52.480255126953125
-52.48735427856445
-52.45375442504883
-52.371795654296875
-52.24847412109375
-52.35612869262695
-52.446224212646484
-52.466773986816406
-52.53662872314453
-52.526756286621094
-52.523765563964844
-52.52252960205078
-52.53602600097656
-52.52151107788086
-52.51271438598633
-52.42818832397461
-52.4444465637207
-52.32991409301758
-52.22234344482422
-52.41558074951172
-52.51137924194336
-52.50278854370117
-52.4757080078125
-52.41917037963867
-52.36863708496094
-52.463924407958984
-52.47191619873047
-52.430660247802734
-52.369285583496094
-52.330909729003906
-52.41347885131836
-52.35741424560547
-52.19893264770508
-52.20602798461914
-52.46202087402344
-52.50105285644531
-52.30126953125
-52.301658630371094
-52.43260955810547
-52.459381103515625
-52.4189453125
-52.451717376708984
-52.37944793701172
-52.324180603027344
-52.42823028564453
-52.51445007324219
-52.52377700805664
-52.53208541870117
-52.518890380859375
-52.43601989746094
-52.30683898925781
-52.197113037109375
-52.48870849609375
-52.479957580566406
-52.327293395996094
-52.23823928833008
-52.400733947753906
-52.476478576660156
-52.53276062011719
-52.53966522216797
-52.51673889160156
-52.495994567871094
-52.51536178588867
-52.43334197998047
-52.37285232543945
-52.34828186035156
-52.31991195678711
-52.37512969970703
-52.370845794677734
-52.3211669921875
-52.372291564941406
-52.44449234008789
-52.46709060668945
-52.451873779296875
-52.37574768066406
-52.32489013671875
-52.417964935302734
-52.47580337524414
-52.46685028076172
-52.39297866821289
-52.39845275878906
-52.36906433105469
-52.35984802246094
-52.39899444580078
-52.43116760253906
-52.474098205566406
-52.481727600097656
-52.447879791259766
-52.4646110534668
-52.34607696533203
-52.35023498535156
-52.40726852416992
-52.481163024902344
-52.503318786621094
-52.47797775268555
-52.48359680175781
-52.355499267578125
-52.24985122680664
-52.4345817565918
-52.52265167236328
-52.35776138305664
-52.096195220947266
-52.41501998901367
-52.52403259277344
-52.41870880126953
-52.232295989990234
-52.37678909301758
-52.45158386230469
-52.538570404052734
-52.481834411621094
-52.5325927734375
-52.42985534667969
-52.468528747558594
-52.46160888671875
-52.33609390258789
-52.23488998413086
-52.40997314453125
-52.518157958984375
-52.528751373291016
-52.53981399536133
-52.3932991027832
-52.375274658203125
-52.38126754760742
-52.36528015136719
-52.3610954284668
-52.430999755859375
-52.40433120727539
-52.353858947753906
-52.37633514404297
-52.48512649536133
-52.52153778076172
-52.435325622558594
-52.461639404296875
-52.511260986328125
-52.512081146240234
-52.43214416503906
-52.30149841308594
-52.27914047241211
-52.42926788330078
-52.52886962890625
-52.537254333496094
-52.50545120239258
-52.525394439697266
-52.419673919677734
-52.30299758911133
-52.33518981933594
-52.44645309448242
-52.47309875488281
-52.47346115112305
-52.50836181640625
-52.460853576660156
-52.44172668457031
-52.41204071044922
-52.35321044921875
-52.383567810058594
-52.480079650878906
-52.55277633666992
-52.522830963134766
-52.332000732421875
-52.20691680908203
-52.3626594543457
-52.480255126953125
-52.510894775390625
-52.53868865966797
-52.53878402709961
-52.4419059753418
-52.45357131958008
-52.41908264160156
-52.273345947265625
-52.406558990478516
-52.47841262817383
-52.468692779541016
-52.324432373046875
-52.126407623291016
-52.36150360107422
-52.39954376220703
-52.48432922363281
-52.423240661621094
-52.417572021484375
-52.345394134521484
-52.22981643676758
-52.33808898925781
-52.49778747558594
-52.4333610534668
-52.44140625
-52.45893478393555
-52.55516815185547
-52.51542663574219
-52.379661560058594
-52.39609146118164
-52.38248062133789
-52.3374137878418
-52.3106803894043
-52.3734130859375
-52.43206024169922
-52.43300247192383
-52.34519577026367
-52.396636962890625
-52.4706916809082
-52.512516021728516
-52.522647857666016
-52.5280647277832
-52.51307678222656
-52.48065948486328
-52.448280334472656
-52.357688903808594
-52.31556701660156
-52.38743209838867
-52.431095123291016
-52.47150421142578
-52.46405792236328
-52.48797607421875
-52.43214416503906
-52.24253463745117
-52.24790573120117
-52.341678619384766
-52.47828674316406
-52.49601745605469
-52.50040817260742
-52.5572509765625
-52.48127365112305
-52.44609069824219
-52.367942810058594
-52.31464385986328
-52.348480224609375
-52.52935028076172
-52.53089904785156
-52.55717849731445
-52.40740203857422
-52.17096710205078
-52.42584991455078
-52.51103973388672
-52.51102066040039
-52.42761993408203
-52.42265319824219
-52.44508361816406
-52.42308807373047
-52.37611389160156
-52.39997863769531
-52.37841796875
-52.376441955566406
-52.44310760498047
-52.453861236572266
-52.50628662109375
-52.47330856323242
-52.402687072753906
-52.34499740600586
-52.48884963989258
-52.48912048339844
-52.55350875854492
-52.55623245239258
-52.52619934082031
-52.56090545654297
-52.47411346435547
-52.29673767089844
-52.340023040771484
-52.36268997192383
-52.431602478027344
-52.44232940673828
-52.4268913269043
-52.41648483276367
-52.3631591796875
-52.40045166015625
-52.427696228027344
-52.49753189086914
-52.483516693115234
-52.45158767700195
-52.53558349609375
-52.5522346496582
-52.46141815185547
-52.38511657714844
-52.25799560546875
-52.36731719970703
-52.45834732055664
-52.486515045166016
-52.54545593261719
-52.47066116333008
-52.44843673706055
-52.2933349609375
-52.280189514160156
-52.409019470214844
-52.52803039550781
-52.47541809082031
-52.49967956542969
-52.481807708740234
-52.543922424316406
-52.49066925048828
-52.53165054321289
-52.52894592285156
-52.35232162475586
-52.1810188293457
-52.253116607666016
-52.44688034057617
-52.54880142211914
-52.47886657714844
-52.380645751953125
-52.421180725097656
-52.42033386230469
-52.304752349853516
-52.37620544433594
-52.388980865478516
-52.381980895996094
-52.48771667480469
-52.382110595703125
-52.385597229003906
-52.39220428466797
-52.41400146484375
-52.47169494628906
-52.438289642333984
-52.38429260253906
-52.36314392089844
-52.4607048034668
-52.50014114379883
-52.47703170776367
-52.47716522216797
-52.441383361816406
-52.390472412109375
-52.383853912353516
-52.404537200927734
-52.47087097167969
-52.5246467590332
-52.49684524536133
-52.37543869018555
-52.165626525878906
-52.281002044677734
-52.471927642822266
-52.55946731567383
-52.54913330078125
-52.517311096191406
-52.47488784790039
-52.42753601074219
-52.35344696044922
-52.333885192871094
-52.44129943847656
-52.404788970947266
-52.47919464111328
-52.48878479003906
-52.3812255859375
-52.345584869384766
-52.331642150878906
-52.4345588684082
-52.531925201416016
-52.561424255371094
-52.56236267089844
-52.56125259399414
-52.54706573486328
-52.51775360107422
-52.42975616455078
-52.31109619140625
-52.327392578125
-52.46941375732422
-52.53430938720703
-52.528717041015625
-52.466758728027344
-52.385189056396484
-52.35374450683594
-52.45651626586914
-52.496498107910156
-52.525177001953125
-52.53630447387695
-52.52255630493164
-52.482173919677734
-52.406307220458984
-52.3729248046875
-52.48597717285156
-52.54417419433594
-52.55314636230469
-52.500526428222656
-52.469242095947266
-52.39043426513672
-52.36890411376953
-52.4222526550293
-52.519466400146484
-52.533042907714844
-52.550270080566406
-52.55923843383789
-52.57179641723633
-52.529842376708984
-52.48501205444336
-52.33972930908203
-52.215362548828125
-52.407718658447266
-52.563880920410156
-52.561065673828125
-52.288700103759766
-52.006500244140625
-52.5230712890625
-52.45153045654297
-52.063602447509766
-52.435142517089844
-52.46403503417969
-52.2119255065918
-52.357017517089844
-52.49980163574219
-52.51531219482422
-52.263694763183594
-52.30358123779297
-52.550777435302734
-52.498374938964844
-52.26483917236328
-52.43531799316406
-52.51763916015625
-52.55385208129883
-52.41508483886719
-52.22296142578125
-52.47022247314453
-52.542640686035156
-52.4969367980957
-52.28997039794922
-52.32530975341797
-52.48405075073242
-52.480064392089844
-52.48488998413086
-52.4273681640625
-52.39942169189453
-52.44926834106445
-52.472904205322266
-52.500370025634766
-52.46906280517578
-52.50169372558594
-52.49913787841797
-52.46164321899414
-52.419742584228516
-52.424842834472656
-52.38223648071289
-52.385501861572266
-52.410552978515625
-52.48164367675781
-52.41368103027344
-52.46442413330078
-52.45973587036133
-52.44497299194336
-52.428409576416016
-52.403038024902344
-52.47850036621094
-52.483943939208984
-52.481353759765625
-52.53661346435547
-52.45947265625
-52.3748893737793
-52.40708923339844
-52.43072509765625
-52.511329650878906
-52.45508575439453
-52.518672943115234
-52.4521369934082
-52.41560363769531
-52.45895767211914
-52.4557991027832
-52.513301849365234
-52.53911590576172
-52.555419921875
-52.510887145996094
-52.56208038330078
-52.557010650634766
-52.44770431518555
-52.31049346923828
-52.3536376953125
-52.42564010620117
-52.45603942871094
-52.459556579589844
-52.46509552001953
-52.34444808959961
-52.45765686035156
-52.480384826660156
-52.51184844970703
-52.384029388427734
-52.377357482910156
-52.33592987060547
-52.43047332763672
-52.49139404296875
-52.556365966796875
-52.52542495727539
-52.580684661865234
-52.59553527832031
-52.54116439819336
-52.441829681396484
-52.28268051147461
-52.33855438232422
-52.44045639038086
-52.4798698425293
-52.509620666503906
-52.5394287109375
-52.53668975830078
-52.53400421142578
-52.51469421386719
-52.49186706542969
-52.473270416259766
-52.43281936645508
-52.39450454711914
-52.46382141113281
-52.49187469482422
-52.453285217285156
-52.36119842529297
-52.412010192871094
-52.48748016357422
-52.53779220581055
-52.52469253540039
-52.49723434448242
-52.385650634765625
-52.34136962890625
-52.3808708190918
-52.523101806640625
-52.55912780761719
-52.53828430175781
-52.52682113647461
-52.46435546875
-52.38304138183594
-52.376365661621094
-52.44144821166992
-52.45782470703125
-52.51313400268555
-52.53656768798828
-52.53511047363281
-52.52411651611328
-52.43675231933594
-52.26190185546875
-52.32958984375
-52.44761276245117
-52.54655075073242
-52.5272102355957
-52.59310531616211
-52.57968521118164
-52.584312438964844
-52.55900955200195
-52.49331283569336
-52.3956298828125
-52.34425354003906
-52.347625732421875
-52.507232666015625
-52.52245330810547
-52.563987731933594
-52.465736389160156
-52.22203063964844
-52.41446304321289
-52.547645568847656
-52.508689880371094
-52.44143295288086
-52.314048767089844
-52.432777404785156
-52.501487731933594
-52.56135559082031
-52.50099563598633
-52.473243713378906
-52.382537841796875
-52.268524169921875
-52.489601135253906
-52.514801025390625
-52.58008575439453
-52.537811279296875
-52.37001419067383
-52.22966003417969
-52.315528869628906
-52.488094329833984
-52.56487274169922
-52.575706481933594
-52.41712188720703
-52.268096923828125
-52.29625701904297
-52.44940948486328
-52.487144470214844
-52.4393424987793
-52.52716827392578
-52.49635696411133
-52.271583557128906
-52.29508972167969
-52.36014938354492
-52.48509216308594
-52.501136779785156
-52.56226348876953
-52.44545364379883
-52.368412017822266
-52.329376220703125
-52.38246154785156
-52.54035949707031
-52.59679412841797
-52.565086364746094
-52.51161575317383
-52.410438537597656
-52.32473373413086
-52.427669525146484
-52.5115966796875
-52.54924774169922
-52.56796646118164
-52.518611907958984
-52.516109466552734
-52.27284240722656
-52.23847579956055
-52.4857177734375
-52.5069580078125
-52.561058044433594
-52.42168426513672
-52.246246337890625
-52.523502349853516
-52.56841278076172
-52.41035461425781
-52.30417251586914
-52.3786506652832
-52.50227737426758
-52.54125213623047
-52.535804748535156
-52.46525573730469
-52.43770217895508
-52.53224563598633
-52.461219787597656
-52.48194122314453
-52.41872024536133
-52.49766159057617
-52.432247161865234
-52.37815475463867
-52.37743377685547
-52.46391296386719
-52.515533447265625
-52.5560302734375
-52.513458251953125
-52.434104919433594
-52.40852355957031
-52.424476623535156
-52.45879364013672
-52.512054443359375
-52.557926177978516
-52.53901290893555
-52.5199089050293
-52.579246520996094
-52.545433044433594
-52.50735092163086
-52.4066162109375
-52.24618911743164
-52.30522918701172
-52.53733825683594
-52.58889389038086
-52.58452224731445
-52.54882049560547
-52.559696197509766
-52.561100006103516
-52.462799072265625
-52.385738372802734
-52.32337951660156
-52.42021179199219
-52.50432586669922
-52.54946517944336
-52.52119827270508
-52.436405181884766
-52.30398941040039
-52.35186767578125
-52.464603424072266
-52.4912109375
-52.535789489746094
-52.54316329956055
-52.55549621582031
-52.57159423828125
-52.50986099243164
-52.53605651855469
-52.46432876586914
-52.420654296875
-52.327632904052734
-52.450111389160156
-52.52582550048828
-52.55680465698242
-52.35844039916992
-52.084434509277344
-52.449127197265625
-52.438209533691406
-52.06928634643555
-52.40684509277344
-52.45062255859375
-52.18782424926758
-52.352210998535156
-52.513694763183594
-52.51399612426758
-52.424835205078125
-52.24768829345703
-52.48989486694336
-52.51155471801758
-52.52820587158203
-52.48089599609375
-52.36680221557617
-52.38433074951172
-52.486270904541016
-52.577667236328125
-52.59260559082031
-52.46308898925781
-52.37146759033203
-52.32826232910156
-52.47893524169922
-52.51374816894531
-52.53836441040039
-52.53810501098633
-52.4981689453125
-52.413734436035156
-52.344947814941406
-52.383399963378906
-52.507728576660156
-52.534507751464844
-52.54645538330078
-52.50998306274414
-52.498634338378906
-52.413719177246094
-52.412445068359375
-52.399559020996094
-52.48774719238281
-52.462730407714844
-52.432899475097656
-52.47917175292969
-52.47064971923828
-52.468040466308594
-52.525455474853516
-52.54561233520508
-52.52616882324219
-52.44005584716797
-52.45458984375
-52.43735122680664
-52.47074890136719
-52.487281799316406
-52.52643966674805
-52.503360748291016
-52.5494270324707
-52.55936050415039
-52.47370147705078
-52.474300384521484
-52.38494873046875
-52.2667236328125
-52.357017517089844
-52.513633728027344
-52.52404022216797
-52.49298095703125
-52.47541427612305
-52.413787841796875
-52.35388946533203
-52.37376403808594
-52.461761474609375
-52.55948257446289
-52.51543426513672
-52.46552276611328
-52.42910385131836
-52.35591506958008
-52.40193176269531
-52.519554138183594
-52.52210235595703
-52.494056701660156
-52.377357482910156
-52.234352111816406
-52.42344284057617
-52.495361328125
-52.516117095947266
-52.56198501586914
-52.602779388427734
-52.52320098876953
-52.46992111206055
-52.33962631225586
-52.33440399169922
-52.47364044189453
-52.508079528808594
-52.52760314941406
-52.5302619934082
-52.49203872680664
-52.45094299316406
-52.47822570800781
-52.452392578125
-52.42671585083008
-52.469940185546875
-52.519004821777344
-52.498924255371094
-52.56641387939453
-52.53346252441406
-52.55644226074219
-52.47160339355469
-52.45439529418945
-52.46727752685547
-52.489986419677734
-52.447914123535156
-52.43039321899414
-52.400856018066406
-52.444793701171875
-52.50208282470703
-52.581626892089844
-52.547489166259766
-52.5172004699707
-52.43089294433594
-52.35965347290039
-52.46128463745117
-52.54327392578125
-52.56886672973633
-52.52125549316406
-52.577308654785156
-52.558555603027344
-52.51571273803711
-52.44654083251953
-52.46009063720703
-52.437259674072266
-52.468990325927734
-52.437557220458984
-52.452510833740234
-52.44659423828125
-52.453060150146484
-52.49481964111328
-52.418983459472656
-52.46632385253906
-52.50135803222656
-52.47892761230469
-52.456642150878906
-52.46155548095703
-52.41344451904297
-52.410186767578125
-52.558746337890625
-52.550533294677734
-52.585514068603516
-52.57931900024414
-52.58300018310547
-52.5789680480957
-52.50115966796875
-52.44278335571289
-52.38539505004883
-52.48641586303711
-52.52012252807617
-52.57124710083008
-52.5720100402832
-52.60342025756836
-52.51728439331055
-52.333438873291016
-52.369850158691406
-52.46479797363281
-52.50265121459961
-52.55426788330078
-52.50056838989258
-52.3458137512207
-52.29090118408203
-52.512325286865234
-52.57004165649414
-52.53734588623047
-52.5602912902832
-52.49468231201172
-52.33927536010742
-52.428504943847656
-52.51831817626953
-52.558067321777344
-52.58766174316406
-52.5942268371582
-52.49168014526367
-52.589935302734375
-52.53716278076172
-52.32475662231445
-52.337318420410156
-52.41674041748047
-52.52886199951172
-52.60130310058594
-52.604515075683594
-52.56288146972656
-52.57888412475586
-52.492645263671875
-52.347347259521484
-52.468528747558594
-52.53079605102539
-52.57882308959961
-52.596858978271484
-52.600128173828125
-52.60959243774414
-52.57709503173828
-52.47698974609375
-52.32484817504883
-52.4219970703125
-52.47476577758789
-52.524539947509766
-52.55458450317383
-52.49517059326172
-52.51107406616211
-52.46643829345703
-52.3971061706543
-52.43656539916992
-52.42774200439453
-52.51246643066406
-52.513057708740234
-52.542938232421875
-52.48561477661133
-52.42030715942383
-52.435821533203125
-52.559593200683594
-52.60233688354492
-52.55303955078125
-52.56371307373047
-52.570091247558594
-52.470558166503906
-52.27477264404297
-52.413368225097656
-52.558006286621094
-52.547367095947266
-52.530704498291016
-52.442787170410156
-52.44697189331055
-52.44789505004883
-52.552452087402344
-52.48334884643555
-52.61326217651367
-52.597373962402344
-52.597129821777344
-52.5364990234375
-52.51850891113281
-52.44113540649414
-52.35259246826172
-52.48764419555664
-52.55874252319336
-52.59373092651367
-52.559017181396484
-52.33171844482422
-52.339691162109375
-52.481231689453125
-52.55143356323242
-52.58015823364258
-52.49311828613281
-52.41745376586914
-52.26300048828125
-52.48381805419922
-52.53084945678711
-52.58047103881836
-52.57383728027344
-52.60143280029297
-52.5676155090332
-52.53855895996094
-52.56360626220703
-52.46430587768555
-52.3437385559082
-52.36735916137695
-52.48867416381836
-52.58221435546875
-52.53131866455078
-52.590110778808594
-52.519439697265625
-52.30447769165039
-52.226715087890625
-52.530174255371094
-52.52898406982422
-52.404754638671875
-52.31634521484375
-52.37742614746094
-52.520973205566406
-52.55632781982422
-52.49446105957031
-52.40082931518555
-52.28263854980469
-52.41431427001953
-52.531864166259766
-52.59197235107422
-52.56346893310547
-52.40135955810547
-52.41796112060547
-52.41008758544922
-52.500186920166016
-52.54522705078125
-52.534912109375
-52.377105712890625
-52.317440032958984
-52.314273834228516
-52.46100616455078
-52.548370361328125
-52.5198974609375
-52.49285888671875
-52.516902923583984
-52.52041244506836
-52.404457092285156
-52.28242111206055
-52.341957092285156
-52.407493591308594
-52.52002716064453
-52.52277755737305
-52.39228057861328
-52.36663818359375
-52.46208953857422
-52.46051025390625
-52.47297668457031
-52.378273010253906
-52.273136138916016
-52.40094757080078
-52.542869567871094
-52.51250457763672
-52.543312072753906
-52.57255935668945
-52.550628662109375
-52.53866195678711
-52.42538070678711
-52.37877655029297
-52.28787612915039
-52.48328399658203
-52.505619049072266
-52.455814361572266
-52.48281478881836
-52.47428512573242
-52.334842681884766
-52.284366607666016
-52.43321228027344
-52.47854232788086
-52.404659271240234
-52.235198974609375
-52.30515670776367
-52.44483184814453
-52.49529266357422
-52.54678726196289
-52.49102020263672
-52.429527282714844
-52.42665100097656
-52.540748596191406
-52.52688980102539
-52.44884490966797
-52.508949279785156
-52.5047492980957
-52.405494689941406
-52.389976501464844
-52.40538024902344
-52.56303024291992
-52.579254150390625
-52.59089660644531
-52.556541442871094
-52.34361267089844
-52.31965637207031
-52.47185134887695
-52.517974853515625
-52.41423797607422
-52.49421691894531
-52.5325927734375
-52.43934631347656
-52.369136810302734
-52.44916534423828
-52.459407806396484
-52.54471206665039
-52.593605041503906
-52.51853942871094
-52.460731506347656
-52.52455520629883
-52.55327606201172
-52.44908142089844
-52.349586486816406
-52.25788497924805
-52.23183822631836
-52.51210403442383
-52.55490493774414
-52.486392974853516
-52.54240798950195
-52.35263442993164
-52.30568313598633
-52.48208236694336
-52.31260299682617
-52.52131652832031
-52.510501861572266
-52.43597412109375
-52.49012756347656
-52.413333892822266
-52.462005615234375
-52.55880355834961
-52.48573303222656
-52.42180633544922
-52.45759201049805
-52.48809051513672
-52.55651092529297
-52.5706787109375
-52.54139709472656
-52.58530044555664
-52.61546325683594
-52.522491455078125
-52.36445617675781
-52.28583526611328
-52.52920150756836
-52.59387969970703
-52.499549865722656
-52.53596115112305
-52.6043701171875
-52.58709716796875
-52.54100036621094
-52.594810485839844
-52.52935791015625
-52.37496566772461
-52.372779846191406
-52.510902404785156
-52.56835174560547
-52.57454299926758
-52.61701202392578
-52.555450439453125
-52.52177429199219
-52.377098083496094
-52.36609649658203
-52.52119445800781
-52.577476501464844
-52.57573699951172
-52.39236068725586
-52.21989440917969
-52.58819580078125
-52.48614501953125
-52.10027313232422
-52.582862854003906
-52.358154296875
-52.11785888671875
-52.5440673828125
-52.00650405883789
-52.53902053833008
-52.39590072631836
-52.15198516845703
-52.5587043762207
-52.46208572387695
-52.16358947753906
-52.464473724365234
-52.53005599975586
-52.36273956298828
-52.362361907958984
-52.54668426513672
-52.580726623535156
-52.4706916809082
-52.394248962402344
-52.42109680175781
-52.55504608154297
-52.567237854003906
-52.49803161621094
-52.33871841430664
-52.33146667480469
-52.55256652832031
-52.63129806518555
-52.521759033203125
-52.350311279296875
-52.33018493652344
-52.516807556152344
-52.571807861328125
-52.60711669921875
-52.59202575683594
-52.518310546875
-52.36897277832031
-52.307884216308594
-52.3314094543457
-52.44920349121094
-52.56673812866211
-52.59577941894531
-52.52311706542969
-52.41184997558594
-52.17328643798828
-52.502197265625
-52.61152648925781
-52.49838638305664
-52.51721954345703
-52.45384979248047
-52.41963577270508
-52.424110412597656
-52.53125
-52.61237335205078
-52.60708236694336
-52.58613967895508
-52.52278137207031
-52.467613220214844
-52.377864837646484
-52.42313766479492
-52.47895431518555
-52.511207580566406
-52.543758392333984
-52.52385330200195
-52.453773498535156
-52.376251220703125
-52.42249298095703
-52.52495574951172
-52.53828430175781
-52.56428146362305
-52.59486389160156
-52.56031036376953
-52.504146575927734
-52.4621696472168
-52.43076705932617
-52.416351318359375
-52.39757537841797
-52.507484436035156
-52.547706604003906
-52.60740661621094
-52.587005615234375
-52.561824798583984
-52.49454116821289
-52.45895004272461
-52.47169876098633
-52.562129974365234
-52.5932502746582
-52.594215393066406
-52.60216522216797
-52.575523376464844
-52.49351119995117
-52.422847747802734
-52.446136474609375
-52.492122650146484
-52.531349182128906
-52.529747009277344
-52.48908615112305
-52.54739761352539
-52.54021453857422
-52.478336334228516
-52.50249481201172
-52.572513580322266
-52.579811096191406
-52.58401870727539
-52.47979736328125
-52.460479736328125
-52.35469055175781
-52.52526092529297
-52.606693267822266
-52.62445068359375
-52.62471008300781
-52.602134704589844
-52.5319938659668
-52.37023162841797
-52.41404724121094
-52.537818908691406
-52.571533203125
-52.58561325073242
-52.61592102050781
-52.63226318359375
-52.60030746459961
-52.57755661010742
-52.55561828613281
-52.412986755371094
-52.29072570800781
-52.41905975341797
-52.569664001464844
-52.59111022949219
-52.551597595214844
-52.576690673828125
-52.500282287597656
-52.45620346069336
-52.46078109741211
-52.48766326904297
-52.47140121459961
-52.52684783935547
-52.51288604736328
-52.53063201904297
-52.518821716308594
-52.512428283691406
-52.47337341308594
-52.49980163574219
-52.49198532104492
-52.43965148925781
-52.47272491455078
-52.43003845214844
-52.478511810302734
-52.52705764770508
-52.58209991455078
-52.53611373901367
-52.55073928833008
-52.56222915649414
-52.53592300415039
-52.53957748413086
-52.49489212036133
-52.481285095214844
-52.35213088989258
-52.430580139160156
-52.51820373535156
-52.571258544921875
-52.38728713989258
-52.220394134521484
-52.380638122558594
-52.55223846435547
-52.44134521484375
-52.49188995361328
-52.49565124511719
-52.54882049560547
-52.23009490966797
-52.253395080566406
-52.441383361816406
-52.52959060668945
-52.51670455932617
-52.514461517333984
-52.54573059082031
-52.44312286376953
-52.36800765991211
-52.319393157958984
-52.50413513183594
-52.51750183105469
-52.58201217651367
-52.49579620361328
-52.43543243408203
-52.41635513305664
-52.446746826171875
-52.60224151611328
-52.589420318603516
-52.516502380371094
-52.43695831298828
-52.434051513671875
-52.49465560913086
-52.54228210449219
-52.54273986816406
-52.51084899902344
-52.38113784790039
-52.24025344848633
-52.37989807128906
-52.54407501220703
-52.57990264892578
-52.41529846191406
-52.30381774902344
-52.512115478515625
-52.581111907958984
-52.557804107666016
-52.29712677001953
-52.35130310058594
-52.585567474365234
-52.4747428894043
-52.110660552978516
-52.562156677246094
-52.46799850463867
-52.078346252441406
-52.50724792480469
-52.475120544433594
-52.26491165161133
-52.50299072265625
-52.574180603027344
-52.33877182006836
-52.52606201171875
-52.584617614746094
-52.583248138427734
-52.47768783569336
-52.42271041870117
-52.53248977661133
-52.59512710571289
-52.583709716796875
-52.55714797973633
-52.52131271362305
-52.37262725830078
-52.45866775512695
-52.5352668762207
-52.51336669921875
-52.44340896606445
-52.48744583129883
-52.46175765991211
-52.400211334228516
-52.45226287841797
-52.545597076416016
-52.57282257080078
-52.57511520385742
-52.52276611328125
-52.438987731933594
-52.34502410888672
-52.53153610229492
-52.62476348876953
-52.615848541259766
-52.567657470703125
-52.49256134033203
-52.474937438964844
-52.462371826171875
-52.5225830078125
-52.55647277832031
-52.55706787109375
-52.558738708496094
-52.52301025390625
-52.4119873046875
-52.47154235839844
-52.5045166015625
-52.51055908203125
-52.55013656616211
-52.50542449951172
-52.428558349609375
-52.4752197265625
-52.4703483581543
-52.53193664550781
-52.57942199707031
-52.57870101928711
-52.61925506591797
-52.62942886352539
-52.58744812011719
-52.511680603027344
-52.59278106689453
-52.623416900634766
-52.6107292175293
-52.59737777709961
-52.44342041015625
-52.30702209472656
-52.484310150146484
-52.57319641113281
-52.56219482421875
-52.629783630371094
-52.563575744628906
-52.49370574951172
-52.358489990234375
-52.47194290161133
-52.53628921508789
-52.575340270996094
-52.58417892456055
-52.581451416015625
-52.600486755371094
-52.63481140136719
-52.63412857055664
-52.588096618652344
-52.480430603027344
-52.28187942504883
-52.3922119140625
-52.523277282714844
-52.58209991455078
-52.56965255737305
-52.589900970458984
-52.555641174316406
-52.509307861328125
-52.43391418457031
-52.45661926269531
-52.54933166503906
-52.56879425048828
-52.51765060424805
-52.59712219238281
-52.566810607910156
-52.43324661254883
-52.29956817626953
-52.451290130615234
-52.532196044921875
-52.57856750488281
-52.54172897338867
-52.594879150390625
-52.6126708984375
-52.58062744140625
-52.43909454345703
-52.44202423095703
-52.44202423095703
-52.51711654663086
-52.52814483642578
-52.49110794067383
-52.57184600830078
-52.34247589111328
-52.25859069824219
-52.42675018310547
-52.52381896972656
-52.503944396972656
-52.46824264526367
-52.6085090637207
-52.52375030517578
-52.3828125
-52.3822135925293
-52.44094467163086
-52.53607940673828
-52.621978759765625
-52.54588317871094
-52.56954574584961
-52.54302215576172
-52.5683479309082
-52.49578857421875
-52.27281188964844
-52.51148223876953
-52.56439208984375
-52.55714416503906
-52.574989318847656
-52.475528717041016
-52.34838104248047
-52.514156341552734
-52.53036117553711
-52.51319122314453
-52.56951904296875
-52.55319595336914
-52.495513916015625
-52.39777374267578
-52.425331115722656
-52.42792510986328
-52.461124420166016
-52.583560943603516
-52.57601547241211
-52.501731872558594
-52.48106384277344
-52.33113098144531
-52.433265686035156
-52.604087829589844
-52.551597595214844
-52.53894805908203
-52.432960510253906
-52.381431579589844
-52.475929260253906
-52.3917121887207
-52.462162017822266
-52.57079315185547
-52.59388732910156
-52.6262321472168
-52.58610916137695
-52.496097564697266
-52.43122100830078
-52.37359619140625
-52.430572509765625
-52.4806022644043
-52.501888275146484
-52.515621185302734
-52.38807678222656
-52.398834228515625
-52.527854919433594
-52.52716827392578
-52.58965301513672
-52.57868957519531
-52.506683349609375
-52.44389343261719
-52.44679260253906
-52.57223129272461
-52.642066955566406
-52.55900955200195
-52.3795051574707
-52.28148651123047
-52.58369064331055
-52.54262924194336
-52.247283935546875
-52.477088928222656
-52.60097122192383
-52.562564849853516
-52.44313049316406
-52.399757385253906
-52.567569732666016
-52.58887481689453
-52.58556365966797
-52.550201416015625
-52.60871505737305
-52.507389068603516
-52.419822692871094
-52.437705993652344
-52.445709228515625
-52.451988220214844
-52.431705474853516
-52.55636215209961
-52.62641525268555
-52.485530853271484
-52.41111755371094
-52.38749313354492
-52.40656280517578
-52.58747100830078
-52.56462097167969
-52.57433319091797
-52.453025817871094
-52.294158935546875
-52.52754211425781
-52.623775482177734
-52.61237335205078
-52.56490707397461
-52.402931213378906
-52.391807556152344
-52.4672966003418
-52.5267333984375
-52.55241012573242
-52.63294982910156
-52.6009521484375
-52.60029220581055
-52.5395393371582
-52.36516571044922
-52.3367805480957
-52.55411911010742
-52.633506774902344
-52.546791076660156
-52.23549270629883
-52.364864349365234
-52.534915924072266
-52.52104187011719
-52.30649185180664
-52.545345306396484
-52.639705657958984
-52.53865432739258
-52.38119888305664
-52.3579216003418
-52.511539459228516
-52.602516174316406
-52.59366226196289
-52.54881286621094
-52.40944290161133
-52.46033477783203
-52.51789855957031
-52.5084114074707
-52.54008483886719
-52.57414627075195
-52.56052780151367
-52.531124114990234
-52.409236907958984
-52.46124267578125
-52.506404876708984
-52.55193328857422
-52.48619079589844
-52.45526123046875
-52.42403030395508
-52.49700164794922
-52.52273178100586
-52.56107711791992
-52.52819061279297
-52.541568756103516
-52.57343673706055
-52.55521011352539
-52.457740783691406
-52.472042083740234
-52.55391311645508
-52.611759185791016
-52.62327575683594
-52.51075744628906
-52.40435791015625
-52.45228958129883
-52.344844818115234
-52.4871711730957
-52.55656433105469
-52.46894836425781
-52.36506652832031
-52.41047286987305
-52.440818786621094
-52.579681396484375
-52.545806884765625
-52.48063278198242
-52.483604431152344
-52.507484436035156
-52.497840881347656
-52.573631286621094
-52.50445556640625
-52.584720611572266
-52.54175567626953
-52.58403778076172
-52.57455062866211
-52.61965560913086
-52.55046081542969
-52.47462463378906
-52.46964645385742
-52.46220779418945
-52.475440979003906
-52.48857879638672
-52.491737365722656
-52.485416412353516
-52.54330062866211
-52.537845611572266
-52.54975509643555
-52.55928039550781
-52.56027603149414
-52.48101043701172
-52.44178009033203
-52.4822998046875
-52.457275390625
-52.47283172607422
-52.46488952636719
-52.53574752807617
-52.49674987792969
-52.37068176269531
-52.39923095703125
-52.55119323730469
-52.5557861328125
-52.581459045410156
-52.66386032104492
-52.62751388549805
-52.52479934692383
-52.37785339355469
-52.44668960571289
-52.54481887817383
-52.604095458984375
-52.583335876464844
-52.55744552612305
-52.51853942871094
-52.50518798828125
-52.576812744140625
-52.618431091308594
-52.61084747314453
-52.56499481201172
-52.46747589111328
-52.40799331665039
-52.47346878051758
-52.534095764160156
-52.60406494140625
-52.59148406982422
-52.62949752807617
-52.640830993652344
-52.56059265136719
-52.487022399902344
-52.332401275634766
-52.516353607177734
-52.58842086791992
-52.61017608642578
-52.590354919433594
-52.45854568481445
-52.360191345214844
-52.419986724853516
-52.512413024902344
-52.60813522338867
-52.62179946899414
-52.60382080078125
-52.58900451660156
-52.5897331237793
-52.63493347167969
-52.649627685546875
-52.61498260498047
-52.507591247558594
-52.457252502441406
-52.35926818847656
-52.52173614501953
-52.60469055175781
-52.59383010864258
-52.58883285522461
-52.47327423095703
-52.36098861694336
-52.53012466430664
-52.57389831542969
-52.625732421875
-52.56720733642578
-52.52063751220703
-52.43299865722656
-52.556617736816406
-52.61456298828125
-52.615447998046875
-52.629913330078125
-52.61027145385742
-52.629554748535156
-52.64492416381836
-52.52945327758789
-52.49686050415039
-52.34821701049805
-52.39377975463867
-52.543060302734375
-52.63151550292969
-52.56085205078125
-52.56425476074219
-52.528926849365234
-52.41263198852539
-52.441436767578125
-52.513946533203125
-52.61577606201172
-52.594512939453125
-52.53598403930664
-52.565696716308594
-52.53724670410156
-52.56499481201172
-52.433624267578125
-52.498741149902344
-52.507232666015625
-52.5206413269043
-52.56511688232422
-52.5427131652832
-52.54628372192383
-52.50773620605469
-52.548095703125
-52.55807113647461
-52.54446029663086
-52.56276321411133
-52.58153533935547
-52.61674118041992
-52.58306884765625
-52.489200592041016
-52.43659210205078
-52.5250358581543
-52.604713439941406
-52.59701156616211
-52.668033599853516
-52.63900375366211
-52.66279983520508
-52.65850067138672
-52.604515075683594
-52.52568817138672
-52.437461853027344
-52.35810852050781
-52.572593688964844
-52.63665008544922
-52.639427185058594
-52.55809020996094
-52.4820556640625
-52.36785888671875
-52.50968551635742
-52.562713623046875
-52.61753845214844
-52.57645034790039
-52.44853973388672
-52.50448226928711
-52.52775955200195
-52.553218841552734
-52.5865478515625
-52.56885528564453
-52.57138442993164
-52.54868698120117
-52.55885314941406
-52.528076171875
-52.525596618652344
-52.530242919921875
-52.540077209472656
-52.44521713256836
-52.52738571166992
-52.53025436401367
-52.54050827026367
-52.52550506591797
-52.507625579833984
-52.52660369873047
-52.520423889160156
-52.4840087890625
-52.424713134765625
-52.534637451171875
-52.58391571044922
-52.58758544921875
-52.5997200012207
-52.44837188720703
-52.38358688354492
-52.53128433227539
-52.63133239746094
-52.60997009277344
-52.54972457885742
-52.420040130615234
-52.50952911376953
-52.56975173950195
-52.643184661865234
-52.63587188720703
-52.47877502441406
-52.38938903808594
-52.354583740234375
-52.48292922973633
-52.58055877685547
-52.60710906982422
-52.58529281616211
-52.386531829833984
-52.358551025390625
-52.485984802246094
-52.521446228027344
-52.546749114990234
-52.62944793701172
-52.597816467285156
-52.61988830566406
-52.52287292480469
-52.469791412353516
-52.34907150268555
-52.478389739990234
-52.60348892211914
-52.59230041503906
-52.61247253417969
-52.55901336669922
-52.52645492553711
-52.50880432128906
-52.582176208496094
-52.47709274291992
-52.302215576171875
-52.340980529785156
-52.50810241699219
-52.50841522216797
-52.48723220825195
-52.37489318847656
-52.482173919677734
-52.465030670166016
-52.387794494628906
-52.48865509033203
-52.505531311035156
-52.50254821777344
-52.48701477050781
-52.5731201171875
-52.62109375
-52.65960693359375
-52.66114807128906
-52.493011474609375
-52.37821960449219
-52.5362434387207
-52.627403259277344
-52.646644592285156
-52.55923843383789
-52.44471740722656
-52.52265167236328
-52.526302337646484
-52.57244110107422
-52.620018005371094
-52.63996887207031
-52.61461639404297
-52.56351852416992
-52.447898864746094
-52.38591003417969
-52.52751159667969
-52.59912109375
-52.60997009277344
-52.552425384521484
-52.532997131347656
-52.49830627441406
-52.49525451660156
-52.52046203613281
-52.5756950378418
-52.588523864746094
-52.60404586791992
-52.52880859375
-52.4598503112793
-52.397151947021484
-52.482784271240234
-52.56575393676758
-52.60786437988281
-52.626914978027344
-52.58197784423828
-52.5742073059082
-52.543861389160156
-52.54399490356445
-52.515316009521484
-52.41489791870117
-52.54962158203125
-52.60300064086914
-52.60938262939453
-52.60651779174805
-52.611351013183594
-52.569393157958984
-52.5622444152832
-52.51063537597656
-52.52273178100586
-52.508052825927734
-52.56317901611328
-52.57012176513672
-52.59037780761719
-52.59381103515625
-52.613624572753906
-52.54974365234375
-52.603294372558594
-52.58998107910156
-52.51949691772461
-52.29420852661133
-52.50777816772461
-52.54109191894531
-52.6033935546875
-52.46912384033203
-52.36439895629883
-52.378997802734375
-52.48512649536133
-52.59706497192383
-52.68510437011719
-52.56017303466797
-52.63584899902344
-52.56657409667969
-52.521087646484375
-52.39139175415039
-52.36333465576172
-52.52259063720703
-52.507083892822266
-52.62046813964844
-52.57684326171875
-52.37639617919922
-52.461002349853516
-52.50038528442383
-52.651611328125
-52.59918975830078
-52.58091354370117
-52.506248474121094
-52.510948181152344
-52.4100341796875
-52.46222686767578
-52.518043518066406
-52.590919494628906
-52.5625114440918
-52.51497268676758
-52.486061096191406
-52.589683532714844
-52.57895278930664
-52.526100158691406
-52.538902282714844
-52.558414459228516
-52.55709457397461
-52.51225280761719
-52.51613235473633
-52.56764221191406
-52.554588317871094
-52.57495880126953
-52.55864715576172
-52.49815368652344
-52.52986526489258
-52.4725456237793
-52.52047348022461
-52.56535339355469
-52.57498550415039
-52.587196350097656
-52.63506317138672
-52.62686538696289
-52.62224197387695
-52.55375671386719
-52.44002151489258
-52.42710876464844
-52.488800048828125
-52.528526306152344
-52.48394012451172
-52.55036544799805
-52.49980545043945
-52.437992095947266
-52.50859832763672
-52.43104934692383
-52.47124481201172
-52.41719436645508
-52.32737731933594
-52.459190368652344
-52.53982162475586
-52.597251892089844
-52.4893684387207
-52.40867233276367
-52.49737548828125
-52.565040588378906
-52.6197395324707
-52.64701843261719
-52.621971130371094
-52.65876007080078
-52.634796142578125
-52.58917999267578
-52.672607421875
-52.49086380004883
-52.25236511230469
-52.506256103515625
-52.64698791503906
-52.632164001464844
-52.368709564208984
-52.201515197753906
-52.545955657958984
-52.65751266479492
-52.52988815307617
-52.503021240234375
-52.37030029296875
-52.569297790527344
-52.51287078857422
-52.56050109863281
-52.6172981262207
-52.62519073486328
-52.53583526611328
-52.357662200927734
-52.40523147583008
-52.52427673339844
-52.519248962402344
-52.635799407958984
-52.4040412902832
-52.54032516479492
-52.48526382446289
-52.38058853149414
-52.47639465332031
-52.539283752441406
-52.51631546020508
-52.492767333984375
-52.42941665649414
-52.55318069458008
-52.53300094604492
-52.56686782836914
-52.41417694091797
-52.59236145019531
-52.586734771728516
-52.57631301879883
-52.635231018066406
-52.611656188964844
-52.515960693359375
-52.39690399169922
-52.41643524169922
-52.530555725097656
-52.651451110839844
-52.60143280029297
-52.50807189941406
-52.575286865234375
-52.43987274169922
-52.438880920410156
-52.50368881225586
-52.58332443237305
-52.641143798828125
-52.57561492919922
-52.59178161621094
-52.59677505493164
-52.545745849609375
-52.407894134521484
-52.52168273925781
-52.633445739746094
-52.579261779785156
-52.61251449584961
-52.55670928955078
-52.437068939208984
-52.54357147216797
-52.5446891784668
-52.63053894042969
-52.58770751953125
-52.53855514526367
-52.47707748413086
-52.42948532104492
-52.36166000366211
-52.547454833984375
-52.62628936767578
-52.576541900634766
-52.60786437988281
-52.621551513671875
-52.473052978515625
-52.36355972290039
-52.496177673339844
-52.60626983642578
-52.65924072265625
-52.60068893432617
-52.64349365234375
-52.48345947265625
-52.458396911621094
-52.494163513183594
-52.55434799194336
-52.628578186035156
-52.66044998168945
-52.567665100097656
-52.56037902832031
-52.4074592590332
-52.41931915283203
-52.58879852294922
-52.575469970703125
-52.51359558105469
-52.38583755493164
-52.390464782714844
-52.64662170410156
-52.586769104003906
-52.293827056884766
-52.37876892089844
-52.55520248413086
-52.57344055175781
-52.512046813964844
-52.46788787841797
-52.52564239501953
-52.58245849609375
-52.558895111083984
-52.590293884277344
-52.60861587524414
-52.490760803222656
-52.29414367675781
-52.57357406616211
-52.6612434387207
-52.65641784667969
-52.66755294799805
-52.63312911987305
-52.46543884277344
-52.42020034790039
-52.59979248046875
-52.63750457763672
-52.58917999267578
-52.62772750854492
-52.634071350097656
-52.505592346191406
-52.31144714355469
-52.513240814208984
-52.565216064453125
-52.61227798461914
-52.617794036865234
-52.61741638183594
-52.5762825012207
-52.45995330810547
-52.444175720214844
-52.54097366333008
-52.533626556396484
-52.649757385253906
-52.59543228149414
-52.460933685302734
-52.383392333984375
-52.51757049560547
-52.60546875
-52.65707015991211
-52.66114807128906
-52.607093811035156
-52.59407043457031
-52.5300178527832
-52.40176773071289
-52.51959991455078
-52.518157958984375
-52.636192321777344
-52.65938186645508
-52.55780792236328
-52.57373809814453
-52.386512756347656
-52.53905487060547
-52.53226852416992
-52.599327087402344
-52.64704513549805
-52.58638000488281
-52.343772888183594
-52.36193084716797
-52.62128829956055
-52.67544174194336
-52.45115661621094
-52.254913330078125
-52.458526611328125
-52.606876373291016
-52.56650924682617
-52.389854431152344
-52.45532989501953
-52.56482696533203
-52.64004135131836
-52.56440734863281
-52.40495681762695
-52.51544952392578
-52.57865905761719
-52.62594985961914
-52.609535217285156
-52.503501892089844
-52.52992248535156
-52.55221176147461
-52.61637878417969
-52.63084030151367
-52.66434860229492
-52.60858917236328
-52.62395477294922
-52.50536346435547
-52.464134216308594
-52.485084533691406
-52.544044494628906
-52.64745330810547
-52.585227966308594
-52.53239440917969
-52.334991455078125
-52.38883972167969
-52.62068176269531
-52.61142349243164
-52.61908721923828
-52.588623046875
-52.55118942260742
-52.488224029541016
-52.461002349853516
-52.52140808105469
-52.560394287109375
-52.630889892578125
-52.60100555419922
-52.627410888671875
-52.59828186035156
-52.45821762084961
-52.43822479248047
-52.48563003540039
-52.611541748046875
-52.658668518066406
-52.637569427490234
-52.675148010253906
-52.59276580810547
-52.546417236328125
-52.46025848388672
-52.351802825927734
-52.50388717651367
-52.44376754760742
-52.40655517578125
-52.49236297607422
-52.495208740234375
-52.614662170410156
-52.553977966308594
-52.527408599853516
-52.63974380493164
-52.53852462768555
-52.59706497192383
-52.57057571411133
-52.47404479980469
-52.47974395751953
-52.44084167480469
-52.52600860595703
-52.57740020751953
-52.528018951416016
-52.526756286621094
-52.59598922729492
-52.55356979370117
-52.55330276489258
-52.51441955566406
-52.434566497802734
-52.49906921386719
-52.51625061035156
-52.608299255371094
-52.578216552734375
-52.61320495605469
-52.662567138671875
-52.609493255615234
-52.59113311767578
-52.52349090576172
-52.42607879638672
-52.44371795654297
-52.444725036621094
-52.48957061767578
-52.62639617919922
-52.59174728393555
-52.644805908203125
-52.52825164794922
-52.2499885559082
-52.51715087890625
-52.60401916503906
-52.534461975097656
-52.45371627807617
-52.28270721435547
-52.58031463623047
-52.62660217285156
-52.58061981201172
-52.381507873535156
-52.35646057128906
-52.617584228515625
-52.66558074951172
-52.50165557861328
-52.438995361328125
-52.576698303222656
-52.62483215332031
-52.63286209106445
-52.437957763671875
-52.45964813232422
-52.54230499267578
-52.57724380493164
-52.611602783203125
-52.63115310668945
-52.66312026977539
-52.519081115722656
-52.46025848388672
-52.5147705078125
-52.56133270263672
-52.574493408203125
-52.62041473388672
-52.6072883605957
-52.563636779785156
-52.555091857910156
-52.548362731933594
-52.596832275390625
-52.581512451171875
-52.55585479736328
-52.6685905456543
-52.5872802734375
-52.58861541748047
-52.52537536621094
-52.444156646728516
-52.43941116333008
-52.54566192626953
-52.54736328125
-52.574649810791016
-52.59730911254883
-52.557838439941406
-52.473228454589844
-52.44098663330078
-52.50470733642578
-52.5496826171875
-52.60381317138672
-52.63221740722656
-52.598350524902344
-52.61397171020508
-52.635040283203125
-52.61058044433594
-52.6146354675293
-52.57268142700195
-52.5690803527832
-52.571041107177734
-52.56345748901367
-52.55222702026367
-52.55518341064453
-52.517215728759766
-52.58103942871094
-52.569908142089844
-52.636959075927734
-52.61573791503906
-52.61222839355469
-52.59546661376953
-52.474021911621094
-52.40962219238281
-52.551204681396484
-52.615997314453125
-52.649322509765625
-52.60087585449219
-52.59144592285156
-52.57935333251953
-52.551185607910156
-52.548744201660156
-52.52952194213867
-52.512447357177734
-52.521400451660156
-52.590797424316406
-52.630287170410156
-52.535308837890625
-52.5328254699707
-52.42009353637695
-52.48911666870117
-52.562400817871094
-52.56316375732422
-52.56090545654297
-52.64889907836914
-52.52960205078125
-52.21957015991211
-52.35355758666992
-52.58497619628906
-52.633811950683594
-52.62370300292969
-52.62126541137695
-52.56423568725586
-52.46394729614258
-52.23339080810547
-52.47538757324219
-52.61273193359375
-52.62330627441406
-52.51264190673828
-52.455169677734375
-52.36869812011719
-52.36280059814453
-52.54139709472656
-52.51118469238281
-52.50459671020508
-52.455841064453125
-52.51286697387695
-52.51237487792969
-52.49140548706055
-52.601375579833984
-52.59234619140625
-52.52528762817383
-52.42533874511719
-52.56410217285156
-52.595272064208984
-52.61893844604492
-52.6702766418457
-52.56343460083008
-52.622283935546875
-52.50965881347656
-52.36289596557617
-52.44468307495117
-52.52137756347656
-52.555084228515625
-52.494537353515625
-52.579925537109375
-52.603641510009766
-52.508514404296875
-52.47529602050781
-52.530250549316406
-52.50838088989258
-52.589698791503906
-52.60646057128906
-52.57612228393555
-52.616966247558594
-52.57049560546875
-52.61819076538086
-52.60851287841797
-52.64967727661133
-52.6762809753418
-52.664730072021484
-52.60792541503906
-52.613868713378906
-52.57944869995117
-52.48951721191406
-52.46065902709961
-52.49660110473633
-52.55782699584961
-52.59712600708008
-52.58993148803711
-52.59210205078125
-52.50211715698242
-52.500999450683594
-52.5787353515625
-52.60057830810547
-52.598297119140625
-52.64152145385742
-52.67829895019531
-52.62492370605469
-52.614498138427734
-52.46815872192383
-52.39268493652344
-52.575172424316406
-52.60393524169922
-52.54172134399414
-52.586666107177734
-52.45844268798828
-52.34931945800781
-52.40827560424805
-52.592010498046875
-52.601348876953125
-52.605682373046875
-52.5347900390625
-52.601993560791016
-52.468021392822266
-52.452857971191406
-52.56117248535156
-52.65839767456055
-52.60247802734375
-52.479576110839844
-52.42164993286133
-52.499359130859375
-52.52523422241211
-52.49352264404297
-52.673892974853516
-52.63287353515625
-52.468116760253906
-52.34227752685547
-52.46160125732422
-52.57516098022461
-52.56942367553711
-52.544891357421875
-52.588584899902344
-52.61992645263672
-52.58234405517578
-52.55653762817383
-52.52874755859375
-52.55451583862305
-52.5888557434082
-52.60978698730469
-52.63283920288086
-52.54806137084961
-52.49230194091797
-52.50260543823242
-52.475250244140625
-52.56761932373047
-52.61642074584961
-52.62177276611328
-52.59951400756836
-52.547523498535156
-52.47944641113281
-52.530799865722656
-52.6053352355957
-52.53873062133789
-52.50782775878906
-52.55543899536133
-52.5582160949707
-52.54649353027344
-52.50685501098633
-52.49562072753906
-52.50886535644531
-52.57963943481445
-52.51934814453125
-52.58863067626953
-52.53927230834961
-52.54271697998047
-52.57465362548828
-52.59666061401367
-52.55638885498047
-52.501075744628906
-52.534854888916016
-52.628746032714844
-52.656288146972656
-52.68376159667969
-52.69606018066406
-52.70161437988281
-52.68519592285156
-52.60234069824219
-52.4674186706543
-52.37464904785156
-52.63188552856445
-52.68454360961914
-52.57882308959961
-52.318748474121094
-52.38306427001953
-52.65301513671875
-52.597496032714844
-52.228633880615234
-52.60200119018555
-52.64357376098633
-52.40362548828125
-52.40789794921875
-52.567352294921875
-52.612613677978516
-52.564170837402344
-52.42072296142578
-52.472354888916016
-52.598575592041016
-52.662330627441406
-52.663818359375
-52.65397644042969
-52.551204681396484
-52.372955322265625
-52.42593002319336
-52.55327606201172
-52.63079071044922
-52.65428161621094
-52.66968536376953
-52.672054290771484
-52.62476348876953
-52.59042739868164
-52.50720977783203
-52.47260665893555
-52.47197723388672
-52.51236343383789
-52.60687255859375
-52.581172943115234
-52.57221221923828
-52.547245025634766
-52.554290771484375
-52.61182403564453
-52.50386047363281
-52.53377151489258
-52.558101654052734
-52.57202911376953
-52.50489044189453
-52.560546875
-52.587608337402344
-52.5864372253418
-52.53475570678711
-52.47374725341797
-52.51667785644531
-52.498050689697266
-52.54954528808594
-52.57681655883789
-52.563289642333984
-52.5549430847168
-52.60131072998047
-52.597930908203125
-52.45923614501953
-52.329803466796875
-52.58140182495117
-52.669647216796875
-52.65864562988281
-52.6904182434082
-52.64994430541992
-52.639339447021484
-52.46855163574219
-52.41864013671875
-52.59650802612305
-52.65386962890625
-52.6368522644043
-52.65372085571289
-52.63374710083008
-52.54060745239258
-52.53293228149414
-52.48936080932617
-52.593666076660156
-52.626548767089844
-52.62965393066406
-52.646888732910156
-52.66058349609375
-52.67609405517578
-52.67460632324219
-52.62050247192383
-52.480960845947266
-52.416587829589844
-52.51091384887695
-52.66679763793945
-52.63581466674805
-52.611061096191406
-52.440773010253906
-52.353790283203125
-52.66435241699219
-52.57771301269531
-52.22791290283203
-52.52556610107422
-52.680702209472656
-52.65660858154297
-52.588172912597656
-52.622371673583984
-52.63899612426758
-52.60404968261719
-52.52455139160156
-52.510040283203125
-52.504669189453125
-52.37630081176758
-52.44181823730469
-52.54213333129883
-52.62793731689453
-52.61076354980469
-52.631195068359375
-52.60159683227539
-52.51359176635742
-52.45890426635742
-52.52281188964844
-52.585533142089844
-52.56126403808594
-52.56882095336914
-52.58169937133789
-52.59807586669922
-52.61526107788086
-52.64396667480469
-52.612789154052734
-52.58512878417969
-52.529518127441406
-52.596920013427734
-52.591087341308594
-52.68034744262695
-52.64768981933594
-52.68510437011719
-52.680206298828125
-52.62670135498047
-52.41179275512695
-52.35585021972656
-52.497596740722656
-52.679962158203125
-52.617584228515625
-52.4996337890625
-52.42113494873047
-52.541229248046875
-52.64789962768555
-52.623077392578125
-52.449554443359375
-52.442527770996094
-52.63581848144531
-52.675514221191406
-52.620391845703125
-52.49745178222656
-52.38119125366211
-52.579795837402344
-52.66043472290039
-52.669776916503906
-52.662330627441406
-52.59455871582031
-52.513580322265625
-52.5648078918457
-52.61463928222656
-52.546287536621094
-52.60095977783203
-52.585140228271484
-52.53226852416992
-52.530418395996094
-52.5829963684082
-52.56364059448242
-52.50559997558594
-52.52986145019531
-52.45082092285156
-52.56710433959961
-52.55303955078125
-52.5926628112793
-52.59326934814453
-52.59422302246094
-52.58516311645508
-52.66592025756836
-52.5873908996582
-52.62274169921875
-52.61269760131836
-52.43333435058594
-52.53509521484375
-52.51747131347656
-52.59144592285156
-52.51579284667969
-52.535011291503906
-52.63690185546875
-52.642784118652344
-52.57917785644531
-52.65142059326172
-52.6019172668457
-52.40363311767578
-52.339420318603516
-52.50521469116211
-52.670623779296875
-52.6556510925293
-52.6602783203125
-52.67506408691406
-52.63538360595703
-52.66447830200195
-52.68721008300781
-52.64033508300781
-52.55339050292969
-52.33808517456055
-52.40798568725586
-52.65301513671875
-52.65835952758789
-52.42993927001953
-52.30486297607422
-52.45941162109375
-52.55806350708008
-52.62849807739258
-52.59653091430664
-52.531105041503906
-52.48075485229492
-52.415103912353516
-52.58822250366211
-52.62314987182617
-52.61863327026367
-52.624542236328125
-52.6585693359375
-52.670589447021484
-52.63719940185547
-52.42461395263672
-52.40100860595703
-52.607421875
-52.6557502746582
-52.61625671386719
-52.459285736083984
-52.31496047973633
-52.559959411621094
-52.611759185791016
-52.54283905029297
-52.40593338012695
-52.45460510253906
-52.685455322265625
-52.60068893432617
-52.319358825683594
-52.41166305541992
-52.59629440307617
-52.60834503173828
-52.71415328979492
-52.58098602294922
-52.45276641845703
-52.47596740722656
-52.606971740722656
-52.64282989501953
-52.692344665527344
-52.686920166015625
-52.7123908996582
-52.600608825683594
-52.557403564453125
-52.36363220214844
-52.44279098510742
-52.63814926147461
-52.68584442138672
-52.577064514160156
-52.478492736816406
-52.47362518310547
-52.6247444152832
-52.66415786743164
-52.663612365722656
-52.62577819824219
-52.49602127075195
-52.489776611328125
-52.5938606262207
-52.642478942871094
-52.64875793457031
-52.67918395996094
-52.640830993652344
-52.628562927246094
-52.53874969482422
-52.51673889160156
-52.53392028808594
-52.59931182861328
-52.62248992919922
-52.66781234741211
-52.699066162109375
-52.71663284301758
-52.6391716003418
-52.59046936035156
-52.60118865966797
-52.550880432128906
-52.32599639892578
-52.59375762939453
-52.689659118652344
-52.693702697753906
-52.673988342285156
-52.70372772216797
-52.594112396240234
-52.481842041015625
-52.51190948486328
-52.60798645019531
-52.63301086425781
-52.635841369628906
-52.62311935424805
-52.532630920410156
-52.497196197509766
-52.54042053222656
-52.56149673461914
-52.60952377319336
-52.67778015136719
-52.657108306884766
-52.655216217041016
-52.68038558959961
-52.67662811279297
-52.65882873535156
-52.63823318481445
-52.49700164794922
-52.344764709472656
-52.61859130859375
-52.65504455566406
-52.55406951904297
-52.322288513183594
-52.52123260498047
-52.61441421508789
-52.54450225830078
-52.41765594482422
-52.56327438354492
-52.58701705932617
-52.660579681396484
-52.68378448486328
-52.691864013671875
-52.64866638183594
-52.623130798339844
-52.497352600097656
-52.424476623535156
-52.505157470703125
-52.70170593261719
-52.61600112915039
-52.52260208129883
-52.38616180419922
-52.506046295166016
-52.65162658691406
-52.687339782714844
-52.666831970214844
-52.64339828491211
-52.53744125366211
-52.383506774902344
-52.458133697509766
-52.66306686401367
-52.635528564453125
-52.594913482666016
-52.48551940917969
-52.49460983276367
-52.66535949707031
-52.69038772583008
-52.66371154785156
-52.55034637451172
-52.443397521972656
-52.583099365234375
-52.646278381347656
-52.666015625
-52.604095458984375
-52.56353759765625
-52.512874603271484
-52.58606719970703
-52.64375305175781
-52.618812561035156
-52.650413513183594
-52.673221588134766
-52.63094711303711
-52.565467834472656
-52.4652214050293
-52.564491271972656
-52.607357025146484
-52.523094177246094
-52.476932525634766
-52.5399169921875
-52.64524459838867
-52.65350341796875
-52.688560485839844
-52.669532775878906
-52.55079650878906
-52.428775787353516
-52.61688232421875
-52.666412353515625
-52.6613883972168
-52.65251541137695
-52.564598083496094
-52.51921463012695
-52.47449493408203
-52.57011413574219
-52.587486267089844
-52.636940002441406
-52.646461486816406
-52.654518127441406
-52.601234436035156
-52.57620620727539
-52.487754821777344
-52.45878219604492
-52.53019714355469
-52.64082336425781
-52.6527099609375
-52.65388870239258
-52.63715362548828
-52.681121826171875
-52.64522171020508
-52.54756164550781
-52.40575408935547
-52.47536087036133
-52.59672927856445
-52.61856460571289
-52.613548278808594
-52.57903289794922
-52.4901237487793
-52.42635726928711
-52.59443664550781
-52.687034606933594
-52.68855285644531
-52.61064147949219
-52.4872932434082
-52.460296630859375
-52.59400177001953
-52.670166015625
-52.689361572265625
-52.676002502441406
-52.659908294677734
-52.58584976196289
-52.5794792175293
-52.49631118774414
-52.54697036743164
-52.651161193847656
-52.69654083251953
-52.68619918823242
-52.71146011352539
-52.597259521484375
-52.504371643066406
-52.41114044189453
-52.58118438720703
-52.66554641723633
-52.71802520751953
-52.624671936035156
-52.49761199951172
-52.41941833496094
-52.52040481567383
-52.59489059448242
-52.71946716308594
-52.69194030761719
-52.6844367980957
-52.67568588256836
-52.53734588623047
-52.47823715209961
-52.497711181640625
-52.56358337402344
-52.578460693359375
-52.558067321777344
-52.617431640625
-52.627017974853516
-52.59992980957031
-52.65275573730469
-52.654483795166016
-52.58601379394531
-52.50663757324219
-52.48721694946289
-52.595550537109375
-52.664249420166016
-52.618595123291016
-52.647064208984375
-52.68138122558594
-52.68940734863281
-52.62820816040039
-52.48923873901367
-52.41205596923828
-52.515235900878906
-52.599517822265625
-52.62242889404297
-52.64868927001953
-52.66960906982422
-52.615657806396484
-52.5947265625
-52.496482849121094
-52.469276428222656
-52.48716735839844
-52.5919075012207
-52.63478088378906
-52.62028503417969
-52.482112884521484
-52.48701858520508
-52.53391647338867
-52.5639762878418
-52.60081100463867
-52.654170989990234
-52.691131591796875
-52.70055389404297
-52.69281768798828
-52.661319732666016
-52.57443618774414
-52.495941162109375
-52.56131362915039
-52.596092224121094
-52.641021728515625
-52.61030578613281
-52.54833984375
-52.53459548950195
-52.526649475097656
-52.56886291503906
-52.66191864013672
-52.683170318603516
