loss_s
-3.181009292602539
-3.2121355533599854
-3.227494239807129
-3.298173427581787
-3.2743782997131348
-3.2158164978027344
-3.2046291828155518
-3.233144998550415
-3.239983558654785
-3.3850433826446533
-3.347538471221924
-3.3170228004455566
-3.2507710456848145
-3.312711477279663
-3.293346643447876
-3.306033134460449
-3.2925028800964355
-3.36953067779541
-3.313018798828125
-3.3675384521484375
-3.385443925857544
-3.394965648651123
-3.3513553142547607
-3.353510618209839
-3.329463243484497
-3.3664538860321045
-3.4342827796936035
-3.3796777725219727
-3.3362274169921875
-3.468527317047119
-3.40167498588562
-3.418707847595215
-3.4582810401916504
-3.4535884857177734
-3.440342664718628
-3.505547046661377
-3.5350539684295654
-3.519975423812866
-3.526329755783081
-3.6412994861602783
-3.6227657794952393
-3.725130319595337
-3.8114523887634277
-3.843991994857788
-4.011228084564209
-4.092315673828125
-4.144474506378174
-4.397982597351074
-4.520228862762451
-4.602014541625977
-4.771803855895996
-4.932956218719482
-5.1638922691345215
-5.239918231964111
-5.333001136779785
-5.315509796142578
-5.18189811706543
-5.1550188064575195
-5.084938049316406
-5.063510894775391
-5.067910194396973
-5.144166469573975
-5.2077956199646
-5.305154323577881
-5.321359157562256
-5.4046406745910645
-5.378842353820801
-5.272596836090088
-5.330732822418213
-5.359375
-5.297144412994385
-5.345772743225098
-5.368532180786133
-5.400075435638428
-5.345014572143555
-5.375004768371582
-5.477487087249756
-5.428488254547119
-5.470282077789307
-5.432205677032471
-5.429548740386963
-5.438299179077148
-5.4519572257995605
-5.4809770584106445
-5.506649971008301
-5.520864486694336
-5.574944019317627
-5.53196382522583
-5.585455894470215
-5.576300144195557
-5.581095218658447
-5.621448040008545
-5.635361671447754
-5.63838529586792
-5.633256912231445
-5.672808647155762
-5.682826042175293
-5.697596549987793
-5.7136383056640625
-5.713066101074219
-5.72874641418457
-5.791318416595459
-5.8070549964904785
-5.817324638366699
-5.822546482086182
-5.792652606964111
-5.830075263977051
-5.92677116394043
-5.899284362792969
-5.930010795593262
-6.0193634033203125
-5.982147216796875
-6.079095840454102
-6.041436672210693
-6.161121845245361
-6.102190971374512
-6.211645603179932
-6.201337814331055
-6.2877197265625
-6.301270961761475
-6.291584491729736
-6.437955379486084
-6.395542144775391
-6.461945056915283
-6.56129264831543
-6.552009582519531
-6.675303936004639
-6.611290454864502
-6.6400651931762695
-6.829465866088867
-6.860282897949219
-6.844343185424805
-6.849545001983643
-6.891394138336182
-6.885232448577881
-6.925261974334717
-6.8477959632873535
-6.919119834899902
-6.85972785949707
-6.9026899337768555
-6.843620777130127
-6.8605217933654785
-6.90965461730957
-6.910585880279541
-6.9879279136657715
-6.9521484375
-6.967771053314209
-6.9837260246276855
-7.0500335693359375
-7.009078025817871
-6.990368843078613
-6.90631628036499
-6.979633331298828
-6.953502178192139
-6.9110870361328125
-6.992886543273926
-6.965229511260986
-6.997425556182861
-7.0110578536987305
-6.9397196769714355
-7.014235496520996
-7.0165181159973145
-6.9793314933776855
-6.983572959899902
-6.964066028594971
-7.035116195678711
-6.993649482727051
-6.947847366333008
-7.008069038391113
-6.964319229125977
-6.9795823097229
-7.026439666748047
-7.005841255187988
-6.959408760070801
-6.97505521774292
-6.960845947265625
-7.02276086807251
-6.992701053619385
-6.988990783691406
-6.954543113708496
-7.0327863693237305
-7.020672798156738
-6.992173194885254
-7.03364896774292
-6.936546802520752
-6.998723030090332
-6.942073822021484
-7.028292655944824
-7.02197790145874
-7.040109634399414
-7.0537238121032715
-7.0524797439575195
-7.028082370758057
-6.99081563949585
-7.035284519195557
-6.987167835235596
-7.041156768798828
-7.011040687561035
-6.991867542266846
-7.035466194152832
-7.045046806335449
-7.006529331207275
-6.981577396392822
-7.024906158447266
-7.034451484680176
-7.009268283843994
-6.983241558074951
-7.031316757202148
-7.068263053894043
-6.970823287963867
-7.037296295166016
-6.99777364730835
-7.034491539001465
-6.98764181137085
-7.014806270599365
-7.008328914642334
-7.0504889488220215
-7.070300579071045
-7.004046440124512
-6.962428569793701
-7.021098613739014
-6.9826836585998535
-6.979578495025635
-6.951913356781006
-7.039556980133057
-6.947851181030273
-6.999353885650635
-7.068868160247803
-7.041676998138428
-7.026519775390625
-7.087164402008057
-7.031601428985596
-7.0320820808410645
-6.995508193969727
-7.06048583984375
-7.057868957519531
-7.037783145904541
-7.052394866943359
-7.032782077789307
-6.938103199005127
-7.048589706420898
-7.040133953094482
-7.0143818855285645
-7.03872013092041
-7.066251754760742
-7.06809663772583
-7.024664402008057
-7.094499111175537
-6.996242523193359
-7.048619747161865
-7.076671123504639
-7.0186357498168945
-7.107476234436035
-7.0051350593566895
-7.041015148162842
-7.054222583770752
-7.001742362976074
-6.985047340393066
-7.053471565246582
-7.105504035949707
-7.050070285797119
-7.068592071533203
-7.032510757446289
-7.016079902648926
-7.064959526062012
-7.035275936126709
-7.049261093139648
-7.0775251388549805
-7.066732406616211
-7.02408504486084
-7.063421726226807
-7.069194793701172
-7.065063953399658
-7.0931196212768555
-7.074711799621582
-7.094631195068359
-7.0469512939453125
-7.027781009674072
-7.040868759155273
-7.026610851287842
-7.131596088409424
-7.062403678894043
-7.075823783874512
-7.0446248054504395
-7.009829521179199
-7.062667369842529
-7.017353057861328
-7.067734241485596
-7.04852294921875
-7.068877696990967
-7.073546886444092
-7.024361610412598
-7.061628818511963
-7.103851795196533
-7.003799915313721
-7.027183532714844
-7.026002883911133
-7.011641502380371
-7.050750732421875
-7.066513538360596
-7.028472900390625
-7.047247409820557
-7.107769966125488
-7.071654319763184
-7.069900989532471
-7.102816581726074
-7.032895088195801
-7.167391777038574
-6.988187313079834
-6.95002555847168
-7.062991142272949
-7.033141136169434
-6.938562870025635
-7.036747455596924
-7.1270365715026855
-7.005194664001465
-7.056280136108398
-7.034265518188477
-7.0675740242004395
-7.053792476654053
-7.076770782470703
-7.037471294403076
-7.067991256713867
-6.9860734939575195
-7.046409606933594
-7.118104934692383
-7.026792049407959
-7.0751633644104
-7.072658538818359
-7.111669063568115
-7.0835771560668945
-7.150029182434082
-7.0876784324646
-7.087311267852783
-7.073781967163086
-7.079660415649414
-7.115886211395264
-7.1488542556762695
-7.1303019523620605
-7.0828375816345215
-7.107419967651367
-7.07856559753418
-7.165036678314209
-7.062627792358398
-7.0773115158081055
-7.096741199493408
-7.045529365539551
-7.0984296798706055
-7.151979923248291
-7.146516799926758
-7.021758079528809
-7.055070400238037
-7.106539726257324
-7.00394868850708
-7.02266788482666
-7.080333232879639
-7.090099334716797
-7.042461395263672
-7.004997253417969
-7.10306978225708
-7.045076847076416
-6.928539276123047
-7.090897560119629
-7.091977119445801
-7.000776767730713
-7.095610618591309
-7.10253381729126
-7.079577922821045
-7.102031230926514
-7.08221435546875
-7.045153617858887
-7.099893093109131
-7.098991870880127
-7.097071647644043
-7.1069865226745605
-7.067750453948975
-7.111551284790039
-7.103189468383789
-6.957141399383545
-7.136792182922363
-7.05311918258667
-7.09902811050415
-7.097168922424316
-7.117107391357422
-7.104480266571045
-7.117588520050049
-7.110917091369629
-7.143519878387451
-7.142252445220947
-7.097436904907227
-7.1187238693237305
-7.144029140472412
-7.112717628479004
-7.122787952423096
-7.093565940856934
-7.086541652679443
-7.117456436157227
-7.156033992767334
-7.148553371429443
-7.098208904266357
-7.094759941101074
-7.1202006340026855
-7.067000389099121
-7.121381759643555
-7.100269794464111
-7.07217264175415
-7.136415004730225
-7.0762858390808105
-7.082005023956299
-7.119685173034668
-7.13524055480957
-7.066382884979248
-7.108637809753418
-7.162357330322266
-7.116756916046143
-7.132791996002197
-7.0715861320495605
-7.09733772277832
-7.113101005554199
-7.141258716583252
-7.160368919372559
-7.14327335357666
-7.159037113189697
-7.101449966430664
-7.164481163024902
-7.127509117126465
-7.097236633300781
-7.166126728057861
-7.197995185852051
-7.127377510070801
-7.091317176818848
-7.131044387817383
-7.158743858337402
-7.055033206939697
-7.132285118103027
-7.1512322425842285
-7.107532978057861
-7.07665491104126
-7.141561985015869
-7.183773994445801
-7.0994439125061035
-7.147684097290039
-7.129157543182373
-7.070099830627441
-6.955442905426025
-7.112527847290039
-7.158386707305908
-6.924731254577637
-7.044183254241943
-7.137190818786621
-7.115224838256836
-7.156566143035889
-6.983028888702393
-7.1211628913879395
-7.163509368896484
-6.9744062423706055
-7.021559715270996
-7.152541160583496
-7.1506757736206055
-6.879096031188965
-7.021849155426025
-7.12172269821167
-7.066943168640137
-6.922715187072754
-6.998529434204102
-7.118984699249268
-7.070289134979248
-6.943450927734375
-7.147768974304199
-7.0975871086120605
-7.073914051055908
-7.092313289642334
-7.0716471672058105
-7.1151933670043945
-7.112829208374023
-7.087360382080078
-7.136702060699463
-7.135792255401611
-7.106654167175293
-7.149346828460693
-7.131684303283691
-7.148316383361816
-7.147911071777344
-7.1772565841674805
-7.127517223358154
-7.142102241516113
-7.161098480224609
-7.146996974945068
-7.090283393859863
-7.145981788635254
-7.15304708480835
-7.130952835083008
-7.1493821144104
-7.204529762268066
-7.1657304763793945
-7.146951675415039
-7.154232025146484
-7.152695178985596
-7.132927417755127
-7.0594353675842285
-7.175396919250488
-7.165511131286621
-7.1540656089782715
-7.162494659423828
-7.1323161125183105
-7.14231538772583
-7.118251323699951
-7.162258148193359
-7.0898003578186035
-7.147421836853027
-7.09578275680542
-7.118627071380615
-7.15160608291626
-7.158702850341797
-7.166245937347412
-7.138739109039307
-7.165037631988525
-7.174023151397705
-7.140011787414551
-7.1377716064453125
-7.148476600646973
-7.166958332061768
-7.150725364685059
-7.135822772979736
-7.2127838134765625
-7.113705635070801
-7.169381618499756
-7.1383538246154785
-7.133976459503174
-7.190973281860352
-7.159952163696289
-7.1157708168029785
-7.109474182128906
-7.174695014953613
-7.118266582489014
-7.143712520599365
-7.164752960205078
-7.154181957244873
-7.122257232666016
-7.123798370361328
-7.1334075927734375
-7.132140636444092
-7.151815891265869
-7.154489040374756
-7.154278755187988
-7.125224590301514
-7.091268062591553
-7.145522594451904
-7.146210670471191
-7.195270538330078
-6.987553596496582
-7.125057697296143
-7.149178504943848
-7.0934600830078125
-7.0815534591674805
-7.147526741027832
-7.151360511779785
-7.072717189788818
-7.135568618774414
-7.1463093757629395
-7.156129360198975
-7.164755821228027
-7.16047477722168
-7.188983917236328
-7.191286087036133
-7.190974235534668
-7.150816917419434
-7.136951446533203
-7.134838581085205
-7.137059688568115
-7.054466247558594
-7.053642272949219
-7.176880359649658
-7.039565563201904
-7.005342483520508
-7.148819446563721
-7.125855922698975
-7.015557765960693
-7.067632675170898
-7.181446552276611
-7.153721809387207
-7.150502681732178
-7.094871520996094
-7.131722927093506
-7.169252872467041
-7.12786340713501
-7.085755825042725
-7.162868976593018
-7.137519359588623
-7.160370349884033
-7.124950408935547
-7.175976753234863
-7.174314498901367
-7.129711627960205
-7.142037868499756
-7.099830627441406
-7.180785179138184
-7.124234676361084
-7.077041149139404
-7.124596118927002
-7.1861042976379395
-7.131062030792236
-7.090110778808594
-7.199734687805176
-7.135008335113525
-7.1855292320251465
-7.092232704162598
-6.995177268981934
-7.144061088562012
-7.033007621765137
-7.133755683898926
-7.155107498168945
-7.147904396057129
-7.087440490722656
-7.057852268218994
-7.170988082885742
-7.1768999099731445
-7.162681579589844
-7.148334980010986
-7.170925140380859
-7.157415866851807
-7.1501383781433105
-7.143337726593018
-7.137973785400391
-7.177030563354492
-7.179785251617432
-7.153662204742432
-7.192913055419922
-7.184951305389404
-7.203889846801758
-7.164549827575684
-7.165926456451416
-7.112756252288818
-7.186123847961426
-7.160710334777832
-7.1435770988464355
-7.184791088104248
-7.140024185180664
-7.174562454223633
-7.15174674987793
-7.1715803146362305
-7.186230659484863
-7.213348865509033
-7.165469169616699
-7.143350601196289
-7.188299655914307
-7.132560729980469
-7.133881568908691
-7.170623779296875
-7.182345867156982
-7.150313377380371
-7.187510013580322
-7.180662631988525
-7.155620098114014
-7.113884925842285
-7.174987316131592
-7.181605815887451
-7.18703556060791
-7.183562278747559
-7.132376194000244
-7.152518272399902
-7.175868511199951
-7.13709020614624
-7.1280012130737305
-7.161737442016602
-7.165287494659424
-7.100686073303223
-7.153255939483643
-7.16448450088501
-7.16354513168335
-7.184924125671387
-7.152354717254639
-7.175627708435059
-7.178470611572266
-7.154962539672852
-7.177517890930176
-7.193846702575684
-7.1487274169921875
-7.177039623260498
-7.179880619049072
-7.186434268951416
-7.153392791748047
-7.197038650512695
-7.189638614654541
-7.177999019622803
-7.170166969299316
-7.186112403869629
-7.172035217285156
-7.17716646194458
-7.152834415435791
-7.143406867980957
-7.125802040100098
-7.154534816741943
-7.176186561584473
-7.165929794311523
-7.167437553405762
-7.192373275756836
-7.165340900421143
-7.127472400665283
-7.1304731369018555
-7.181216239929199
-7.0609283447265625
-7.130762577056885
-7.177301406860352
-7.182615756988525
-7.20370626449585
-7.164081573486328
-7.201364040374756
-7.164882183074951
-7.168891429901123
-7.1659111976623535
-7.173881530761719
-7.182063579559326
-7.167969703674316
-7.1530256271362305
-7.205157279968262
-7.198342800140381
-7.164202690124512
-7.169496536254883
-7.177034854888916
-7.182181358337402
-7.194889068603516
-7.163412570953369
-7.18973445892334
-7.197250843048096
-7.165632724761963
-7.193723201751709
-7.187421798706055
-7.196473121643066
-7.183830261230469
-7.188322067260742
-7.160341262817383
-7.187526226043701
-7.166100978851318
-7.181659698486328
-7.177255630493164
-7.17214822769165
-7.215086936950684
-7.200058937072754
-7.176247596740723
-7.190788269042969
-7.178025245666504
-7.2055253982543945
-7.19181489944458
-7.174056053161621
-7.20041036605835
-7.19839334487915
-7.190760135650635
-7.185467720031738
-7.23516845703125
-7.177013397216797
-7.178596496582031
-7.155961036682129
-7.174129962921143
-7.170342922210693
-7.1910481452941895
-7.150698184967041
-7.211597919464111
-7.189184188842773
-7.199633598327637
-7.214376449584961
-7.20095682144165
-7.106095314025879
-7.190163612365723
-7.157578945159912
-7.135114669799805
-7.195492744445801
-7.1847004890441895
-7.153054714202881
-7.143795490264893
-7.209133625030518
-7.18180513381958
-7.120623588562012
-7.170588970184326
-7.194084167480469
-7.164455413818359
-7.075442314147949
-7.188776969909668
-7.190811634063721
-7.223621368408203
-7.128992557525635
-7.155892372131348
-7.182494640350342
-7.145532608032227
-7.1290178298950195
-7.164698600769043
-7.186812400817871
-7.188802242279053
-7.155835151672363
-7.20849609375
-7.204399585723877
-7.20974063873291
-7.153801918029785
-7.2198286056518555
-7.207605838775635
-7.187713623046875
-7.187070846557617
-7.195704460144043
-7.187812805175781
-7.1894636154174805
-7.213113784790039
-7.177302360534668
-7.2061567306518555
-7.198246955871582
-7.193088054656982
-7.193423271179199
-7.197256088256836
-7.194716930389404
-7.204252243041992
-7.201038837432861
-7.207285404205322
-7.1965837478637695
-7.215150833129883
-7.1884589195251465
-7.172266006469727
-7.177117824554443
-7.202090740203857
-7.1514787673950195
-7.180150032043457
-7.195755481719971
-7.197664737701416
-7.18559455871582
-7.165124893188477
-7.174834251403809
-7.1889214515686035
-7.137142658233643
-7.192229270935059
-7.148630619049072
-7.151411056518555
-7.160891532897949
-7.165126323699951
-7.189409255981445
-7.220319747924805
-7.1432671546936035
-7.186629772186279
-7.219765663146973
-7.117780685424805
-7.1204986572265625
-7.181134223937988
-7.1686272621154785
-7.0028815269470215
-7.2096171379089355
-7.189511299133301
-7.151331424713135
-7.108248710632324
-7.225652694702148
-7.182337284088135
-7.173696994781494
-7.2056989669799805
-7.20126485824585
-7.194646835327148
-7.1778717041015625
-7.1951799392700195
-7.197102069854736
-7.16464376449585
-7.188137054443359
-7.201059341430664
-7.221707820892334
-7.221269607543945
-7.2534894943237305
-7.161377906799316
-7.070533752441406
-7.193850517272949
-7.181416988372803
-7.097043037414551
-7.1221208572387695
-7.192352771759033
-7.205944061279297
-7.018382549285889
-7.017976760864258
-7.1407599449157715
-7.162515640258789
-6.981436729431152
-7.082650661468506
-7.187891006469727
-7.149972915649414
-7.098480701446533
-7.114838600158691
-7.144830703735352
-7.137979030609131
-7.161712169647217
-7.145872116088867
-7.202108860015869
-7.177884578704834
-7.17560338973999
-7.191027641296387
-7.239803791046143
-7.196569919586182
-7.200554847717285
-7.181722164154053
-7.207855701446533
-7.226912021636963
-7.203060150146484
-7.173902988433838
-7.22607946395874
-7.231019020080566
-7.194780349731445
-7.183664321899414
-7.20164680480957
-7.219464302062988
-7.182724952697754
-7.217183589935303
-7.216984748840332
-7.188591003417969
-7.192074298858643
-7.189319610595703
-7.19246768951416
-7.200726509094238
-7.195567607879639
-7.213624477386475
-7.236933708190918
-7.204574108123779
-7.199063777923584
-7.19225549697876
-7.211416244506836
-7.189692974090576
-7.170735836029053
-7.163576126098633
-7.197479248046875
-7.221017360687256
-7.2196831703186035
-7.201908111572266
-7.223911285400391
-7.1978888511657715
-7.232902526855469
-7.208319187164307
-7.210688591003418
-7.207739353179932
-7.202758312225342
-7.193234920501709
-7.1597747802734375
-7.186380863189697
-7.207870960235596
-7.118794918060303
-7.150503158569336
-7.229699611663818
-7.185995578765869
-7.130100250244141
-7.190412998199463
-7.214148998260498
-7.204425811767578
-7.1626200675964355
-7.194987773895264
-7.210988521575928
-7.158647537231445
-7.184141159057617
-7.2059326171875
-7.224752426147461
-7.114421367645264
-7.199402332305908
-7.2119927406311035
-7.2104172706604
-7.208303928375244
-7.21780252456665
-7.203368186950684
-7.203277587890625
-7.219460487365723
-7.234137535095215
-7.188137531280518
-7.2122697830200195
-7.210778713226318
-7.228495121002197
-7.212479114532471
-7.192092418670654
-7.193673133850098
-7.242148399353027
-7.150423049926758
-7.101430892944336
-7.204948425292969
-7.178098678588867
-7.095858573913574
-7.208212375640869
-7.185689449310303
-7.188883304595947
-7.190000057220459
-7.232114315032959
-7.229674339294434
-7.229003429412842
-7.215599060058594
-7.206820964813232
-7.195226192474365
-7.235905647277832
-7.232207298278809
-7.233689785003662
-7.241949558258057
-7.242963790893555
-7.206106662750244
-7.1949238777160645
-7.224246978759766
-7.214254856109619
-7.262613296508789
-7.184718608856201
-7.227835178375244
-7.210535049438477
-7.200557708740234
-7.195035934448242
-7.200161933898926
-7.186063289642334
-7.14174222946167
-7.219120979309082
-7.19340705871582
-7.1685895919799805
-7.21605920791626
-7.214026927947998
-7.207018852233887
-7.202602863311768
-7.220466136932373
-7.221630573272705
-7.213227272033691
-7.222542762756348
-7.213079452514648
-7.197443008422852
-7.212454795837402
-7.207780361175537
-7.226633548736572
-7.186715126037598
-7.225362777709961
-7.232452392578125
-7.170368194580078
-7.195660591125488
-7.210738182067871
-7.207065105438232
-7.185521125793457
-7.20918083190918
-7.228662014007568
-7.147834300994873
-7.203812599182129
-7.1772356033325195
-7.179069519042969
-7.200693607330322
-7.03292989730835
-7.238211154937744
-7.206315517425537
-7.132591724395752
-7.180759429931641
-7.208119869232178
-7.166510105133057
-7.201920986175537
-7.171534538269043
-7.200126647949219
-7.180731773376465
-7.1631903648376465
-7.206324100494385
-7.236034393310547
-7.173279762268066
-7.2252421379089355
-7.2213568687438965
-7.2337846755981445
-7.212440013885498
-7.234267711639404
-7.214694023132324
-7.252803325653076
-7.238501071929932
-7.2469892501831055
-7.18380069732666
-7.22835636138916
-7.233189582824707
-7.182069778442383
-7.19956111907959
-7.150574207305908
-7.200353145599365
-7.20361852645874
-7.151049613952637
-7.174217224121094
-7.225746154785156
-7.2025957107543945
-7.224320411682129
-7.217689514160156
-7.20209264755249
-7.221410751342773
-7.2153167724609375
-7.217693328857422
-7.2279767990112305
-7.227494239807129
-7.209108352661133
-7.223144054412842
-7.213655471801758
-7.221142768859863
-7.21841287612915
-7.192376136779785
-7.160983562469482
-7.23196268081665
-7.207959175109863
-7.228085994720459
-7.211765289306641
-7.1924824714660645
-7.23601770401001
-7.225713729858398
-7.168405532836914
-7.189255237579346
-7.229459762573242
-7.176153182983398
-7.167849540710449
-7.215888500213623
-7.198809623718262
-7.192255973815918
-7.202583312988281
-7.217503070831299
-7.2126359939575195
-7.228416442871094
-7.13961935043335
-7.2362589836120605
-7.206023216247559
-7.219008445739746
-7.208581924438477
-7.220395088195801
-7.228307247161865
-7.231215953826904
-7.181312084197998
-7.214239597320557
-7.205221176147461
-7.220141410827637
-7.231905460357666
-7.23684024810791
-7.226377010345459
-7.246354579925537
-7.2126970291137695
-7.233306407928467
-7.231636047363281
-7.226418495178223
-7.1987199783325195
-7.236938953399658
-7.208885192871094
-7.2113938331604
-7.253171443939209
-7.237679958343506
-7.222250461578369
-7.161307334899902
-7.221471786499023
-7.213273048400879
-7.191639423370361
-7.247289180755615
-7.207315921783447
-7.210474491119385
-7.205083847045898
-7.1896162033081055
-7.200602054595947
-7.170611381530762
-7.24960994720459
-7.211612701416016
-7.235654354095459
-7.220769882202148
-7.227260589599609
-7.229554653167725
-7.208724498748779
-7.220848560333252
-7.204611778259277
-7.216628551483154
-7.223437309265137
-7.2359819412231445
-7.219844818115234
-7.194671154022217
-7.233613967895508
-7.243048667907715
-7.221709251403809
-7.217202663421631
-7.217269420623779
-7.22295618057251
-7.224572658538818
-7.239598274230957
-7.224127769470215
-7.227727890014648
-7.237308979034424
-7.217114448547363
-7.215784072875977
-7.225366115570068
-7.220393180847168
-7.233800888061523
-7.236300945281982
-7.251102924346924
-7.2562031745910645
-7.245084285736084
-7.229657173156738
-7.210354804992676
-7.243557929992676
-7.219325065612793
-7.1842169761657715
-7.21238899230957
-7.261974334716797
-7.207525253295898
-7.121618270874023
-7.203587055206299
-7.190945625305176
-7.268298625946045
-7.077962875366211
-7.1783647537231445
-7.238863468170166
-7.162994384765625
-7.1680684089660645
-7.217641353607178
-7.225306034088135
-7.18983793258667
-7.186683654785156
-7.216358661651611
-7.212926387786865
-7.2232584953308105
-7.212557792663574
-7.228111267089844
-7.231672286987305
-7.236039161682129
-7.238861083984375
-7.251430034637451
-7.214328765869141
-7.230457305908203
-7.24705696105957
-7.156135082244873
-7.234200954437256
-7.1626296043396
-7.16431999206543
-7.181374549865723
-7.227418422698975
-7.179909706115723
-7.250635147094727
-7.219340801239014
-7.226738929748535
-7.2514753341674805
-7.215840816497803
-7.234494209289551
-7.218741416931152
-7.225393295288086
-7.229281425476074
-7.198629856109619
-7.203800678253174
-7.236608028411865
-7.190788269042969
-7.150568008422852
-7.219797134399414
-7.23771333694458
-7.211760520935059
-7.137983798980713
-7.208648681640625
-7.24222993850708
-7.190457820892334
-7.242706298828125
-7.216159820556641
-7.209548473358154
-7.215579986572266
-7.132386207580566
-7.212316989898682
-7.253587245941162
-7.1761956214904785
-7.095042705535889
-7.218042373657227
-7.214539527893066
-7.147006988525391
-7.148653984069824
-7.2146711349487305
-7.189855575561523
-7.1375885009765625
-7.191168785095215
-7.231418132781982
-7.225099563598633
-7.181878566741943
-7.226789951324463
-7.235343933105469
-7.2069244384765625
-7.191257476806641
-7.23809814453125
-7.228452205657959
-7.243103981018066
-7.215158939361572
-7.236339092254639
-7.26003360748291
-7.236734867095947
-7.220828533172607
-7.262749671936035
-7.167827129364014
-7.2212677001953125
-7.23358154296875
-7.235329627990723
-7.221453666687012
-7.172481536865234
-7.235830307006836
-7.271137714385986
-7.250301361083984
-7.254664897918701
-7.219052314758301
-7.248218059539795
-7.226790428161621
-7.230477333068848
-7.162262439727783
-7.252691745758057
-7.210257530212402
-7.119723796844482
-7.222909927368164
-7.2106547355651855
-7.1919732093811035
-7.224880218505859
-7.2516021728515625
-7.240401268005371
-7.164292335510254
-7.25666618347168
-7.2602152824401855
-7.273344039916992
-7.262587547302246
-7.214107990264893
-7.227114677429199
-7.2212042808532715
-7.2081732749938965
-7.269072532653809
-7.190522193908691
-7.204934120178223
-7.2367448806762695
-7.186840057373047
-7.205633640289307
-7.228139877319336
-7.250791072845459
-7.2267279624938965
-7.206137180328369
-7.231337547302246
-7.225425720214844
-7.222561836242676
-7.203004837036133
-7.216332912445068
-7.224191665649414
-7.20963716506958
-7.231821537017822
-7.213761806488037
-7.2390007972717285
-7.239433765411377
-7.252690315246582
-7.248019695281982
-7.245673179626465
-7.257279396057129
-7.234722137451172
-7.259219169616699
-7.23979377746582
-7.230916976928711
-7.208496570587158
-7.274951457977295
-7.2163543701171875
-7.256034851074219
-7.265888690948486
-7.209895610809326
-7.189172744750977
-7.231328964233398
-7.190703392028809
-7.252353668212891
-7.234414100646973
-7.233953952789307
-7.267883777618408
-7.185976982116699
-7.171233654022217
-7.246261119842529
-7.223053455352783
-7.140897274017334
-7.1831207275390625
-7.2445549964904785
-7.179563522338867
-7.124822616577148
-7.22862434387207
-7.276205062866211
-7.223175525665283
-7.091854095458984
-7.169548034667969
-7.213681697845459
-7.100636959075928
-7.022811412811279
-7.2018585205078125
-7.24019718170166
-7.101469993591309
-7.001480579376221
-7.146125793457031
-7.239408493041992
-7.0859808921813965
-7.05959415435791
-7.184101581573486
-7.215518951416016
-7.177999973297119
-7.151845932006836
-7.194031715393066
-7.1850714683532715
-7.223752975463867
-7.022242069244385
-7.163898468017578
-7.186678886413574
-7.229139804840088
-7.144382476806641
-7.141378879547119
-7.185791015625
-7.236626625061035
-7.178122520446777
-7.1121416091918945
-7.211117267608643
-7.227417945861816
-7.159703731536865
-7.163893699645996
-7.2464919090271
-7.2733941078186035
-7.124815940856934
-7.2042460441589355
-7.20441198348999
-7.249334812164307
-7.213042259216309
-7.194038391113281
-7.240123748779297
-7.216988563537598
-7.238015651702881
-7.174168586730957
-7.230920791625977
-7.220914363861084
-7.210465908050537
-7.247530937194824
-7.22642707824707
-7.253035545349121
-7.206471920013428
-7.210873126983643
-7.217238426208496
-7.240908145904541
-7.248356819152832
-7.224600791931152
-7.217386245727539
-7.250814914703369
-7.23313570022583
-7.237387180328369
-7.253428936004639
-7.253904819488525
-7.211155891418457
-7.243640422821045
-7.251433372497559
-7.231654167175293
-7.188968181610107
-7.226552486419678
-7.261687278747559
-7.19941520690918
-7.183394908905029
-7.218901634216309
-7.241702556610107
-7.230390548706055
-7.220937728881836
-7.230366230010986
-7.236820220947266
-7.240837574005127
-7.229432106018066
-7.143485069274902
-7.195953369140625
-7.244373321533203
-7.219477653503418
-7.222795486450195
-7.218878746032715
-7.247110366821289
-7.222218990325928
-7.23563289642334
-7.256133556365967
-7.178798198699951
-7.250138759613037
-7.205031871795654
-7.247842788696289
-7.198702812194824
-7.247616767883301
-7.2327704429626465
-7.163971900939941
-7.258259296417236
-7.232641220092773
-7.243108749389648
-7.211082458496094
-7.225318908691406
-7.22833251953125
-7.22389554977417
-7.251908302307129
-7.263647556304932
-7.201076507568359
-7.2102251052856445
-7.24440336227417
-7.210206508636475
-7.1911211013793945
-7.2606048583984375
-7.218127727508545
-7.122293472290039
-7.195407390594482
-7.249872207641602
-7.228010654449463
-7.194000244140625
-7.176646709442139
-7.2363739013671875
-7.2497878074646
-7.1092753410339355
-7.143636703491211
-7.241194725036621
-7.151023864746094
-7.179851055145264
-7.171146869659424
-7.237250328063965
-7.24478006362915
-7.176794052124023
-7.139195442199707
-7.223640441894531
-7.23156213760376
-7.146461009979248
-7.224198341369629
-7.235209941864014
-7.266117572784424
-7.249092102050781
-7.136597156524658
-7.1257500648498535
-7.231564998626709
-7.19796895980835
-7.152731895446777
-7.156489849090576
-7.252922058105469
-7.2504096031188965
-7.136331081390381
-7.046313285827637
-7.206826686859131
-7.197910308837891
-7.165769100189209
-7.198479652404785
-7.240258693695068
-7.20114278793335
-7.206661701202393
-7.232724666595459
-7.22016716003418
-7.240175247192383
-7.205923557281494
-7.228166580200195
-7.232108116149902
-7.21217155456543
-7.236231803894043
-7.24634313583374
-7.249597072601318
-7.212244033813477
-7.257053375244141
-7.236763954162598
-7.244372367858887
-7.237244606018066
-7.221218585968018
-7.232596397399902
-7.248723983764648
-7.251596450805664
-7.231313705444336
-7.220869541168213
-7.252516269683838
-7.230097770690918
-7.268970966339111
-7.241706371307373
-7.266097545623779
-7.240767478942871
-7.2744293212890625
-7.229298114776611
-7.223739147186279
-7.2264909744262695
-7.198040962219238
-7.278573513031006
-7.179669380187988
-7.228336811065674
-7.18711519241333
-7.209138870239258
-7.162515640258789
-7.235321998596191
-7.203853607177734
-7.21174955368042
-7.22827672958374
-7.248072624206543
-7.2592058181762695
-7.192617893218994
-7.200656414031982
-7.22442626953125
-7.214761734008789
-7.21674919128418
-7.225982666015625
-7.191122531890869
-7.225090503692627
-7.256536960601807
-7.238485336303711
-7.224329471588135
-7.23132848739624
-7.24379301071167
-7.231411933898926
-7.240660190582275
-7.202584266662598
-7.1868062019348145
-7.209196090698242
-7.221118450164795
-7.153007507324219
-7.247769832611084
-7.231952667236328
-7.246897220611572
-7.205900192260742
-7.17557430267334
-7.249817848205566
-7.254922389984131
-7.23799991607666
-7.235645771026611
-7.261901378631592
-7.227772235870361
-7.238955497741699
-7.240574836730957
-7.26714563369751
-7.250571250915527
-7.228579998016357
-7.225491523742676
-7.251450061798096
-7.257971286773682
-7.204507350921631
-7.232619285583496
-7.2648234367370605
-7.210677146911621
-7.192993640899658
-7.2624382972717285
-7.248443603515625
-7.237855911254883
-7.222390651702881
-7.241833209991455
-7.256652355194092
-7.096680164337158
-7.248405933380127
-7.2418975830078125
-7.2248945236206055
-7.261756420135498
-7.274044990539551
-7.215218544006348
-7.236025810241699
-7.252601623535156
-7.22689151763916
-7.214256763458252
-7.255226135253906
-7.265800952911377
-7.25756311416626
-7.234772682189941
-7.212798595428467
-7.232802867889404
-7.239522933959961
-7.230632305145264
-7.258968830108643
-7.252247333526611
-7.255003929138184
-7.257317066192627
-7.246522426605225
-7.212899684906006
-7.238870143890381
-7.232812404632568
-7.2448835372924805
-7.216344356536865
-7.224102020263672
-7.229104518890381
-7.250561714172363
-7.236917972564697
-7.2481184005737305
-7.2159833908081055
-7.2487945556640625
-7.24387264251709
-7.244878768920898
-7.24147891998291
-7.241616249084473
-7.2592692375183105
-7.272892951965332
-7.147266864776611
-7.228852272033691
-7.2356276512146
-7.2334418296813965
-7.2327880859375
-7.198524475097656
-7.180896759033203
-7.255092144012451
-7.240901470184326
-7.168649673461914
-7.177581787109375
-7.251403331756592
-7.235472202301025
-7.2170820236206055
-7.1436238288879395
-7.2353739738464355
-7.236487865447998
-7.221680641174316
-7.2558393478393555
-7.196771621704102
-7.268502235412598
-7.22311544418335
-7.2301106452941895
-7.248263835906982
-7.221949100494385
-7.220439910888672
-7.239744663238525
-7.26240873336792
-7.249281883239746
-7.172926902770996
-7.254580020904541
-7.184243202209473
-7.207611560821533
-7.256645202636719
-7.252833843231201
-7.197903633117676
-7.230035305023193
-7.271702766418457
-7.259832382202148
-7.208024978637695
-7.2205810546875
-7.231137752532959
-7.212684631347656
-7.238630294799805
-7.239134788513184
-7.255890846252441
-7.259346961975098
-7.236406326293945
-7.2073493003845215
-7.221322059631348
-7.261908054351807
-7.241419315338135
-7.239214897155762
-7.27312707901001
-7.222962379455566
-7.245712757110596
-7.225190162658691
-7.266702175140381
-7.236533164978027
-7.210237979888916
-7.209644317626953
-7.2546305656433105
-7.220546722412109
-7.258646011352539
-7.218974590301514
-7.208190441131592
-7.215113162994385
-7.234296798706055
-7.248197555541992
-7.269486904144287
-7.2471842765808105
-7.250871181488037
-7.2467546463012695
-7.238072872161865
-7.2367048263549805
-7.238048553466797
-7.21835994720459
-7.2122931480407715
-7.229487419128418
-7.2615861892700195
-7.1874871253967285
-7.177107810974121
-7.18686056137085
-7.2338104248046875
-7.146777153015137
-7.2106828689575195
-7.229580879211426
-7.2354631423950195
-7.243706226348877
-7.172081470489502
-7.2103095054626465
-7.242865085601807
-7.241355895996094
-7.120243549346924
-7.186220169067383
-7.24422550201416
-7.257564067840576
-7.202279567718506
-7.254897117614746
-7.22134256362915
-7.225551128387451
-7.194532871246338
-7.211416244506836
-7.2551116943359375
-7.24949836730957
-7.250904083251953
-7.2499213218688965
-7.248443126678467
-7.227060794830322
-7.246025562286377
-7.203010559082031
-7.26727294921875
-7.235381603240967
-7.265481472015381
-7.230962753295898
-7.239370822906494
-7.244354248046875
-7.2540388107299805
-7.221235275268555
-7.230016708374023
-7.308355331420898
-7.276759624481201
-7.262355327606201
-7.24397087097168
-7.210141181945801
-7.235559463500977
-7.205883979797363
-7.2262654304504395
-7.253159046173096
-7.232195854187012
-7.234484672546387
-7.275997161865234
-7.291477203369141
-7.231829643249512
-7.156712055206299
-7.207010746002197
-7.254938125610352
-7.178481101989746
-7.0791120529174805
-7.1865458488464355
-7.221504211425781
-7.189098358154297
-7.226593971252441
-7.235804557800293
-7.203690528869629
-7.209692001342773
-7.248857021331787
-7.239080429077148
-7.236893653869629
-7.203888416290283
-7.255167484283447
-7.238924503326416
-7.179958343505859
-7.218449115753174
-7.234284400939941
-7.2526445388793945
-7.176477432250977
-7.1529059410095215
-7.225438594818115
-7.1901116371154785
-7.181904315948486
-7.196086883544922
-7.241089820861816
-7.2162766456604
-7.064126014709473
-7.126099586486816
-7.257911682128906
-7.24318790435791
-7.129589080810547
-7.1425862312316895
-7.269344806671143
-7.241112232208252
-7.200425148010254
-7.160573959350586
-7.242746829986572
-7.257608413696289
-7.2258405685424805
-7.2395172119140625
-7.23287296295166
-7.206328392028809
-7.2542195320129395
-7.253925323486328
-7.237088680267334
-7.249663829803467
-7.233553409576416
-7.265196323394775
-7.218084335327148
-7.251543045043945
-7.2371392250061035
-7.265029430389404
-7.160445213317871
-7.158741474151611
-7.2511796951293945
-7.212827682495117
-7.220977306365967
-7.263436794281006
-7.255748748779297
-7.258423328399658
-7.250955581665039
-7.247893333435059
-7.254197120666504
-7.22228479385376
-7.229774475097656
-7.2586669921875
-7.253791809082031
-7.217501640319824
-7.238986015319824
-7.237193584442139
-7.240362644195557
-7.240738391876221
-7.258059024810791
-7.23569393157959
-7.246092796325684
-7.259128570556641
-7.212320804595947
-7.262695789337158
-7.195651054382324
-7.227000713348389
-7.2374587059021
-7.254791259765625
-7.2591986656188965
-7.270451545715332
-7.234116554260254
-7.228667259216309
-7.2461347579956055
-7.24714469909668
-7.181999683380127
-7.200742721557617
-7.265463352203369
-7.28410530090332
-7.1388139724731445
-7.185807228088379
-7.229616165161133
-7.230563640594482
-7.2356414794921875
-7.2097272872924805
-7.197081565856934
-7.239293575286865
-7.222736835479736
-7.197937488555908
-7.215859889984131
-7.232270240783691
-7.146672248840332
-7.256709098815918
-7.205939292907715
-7.230711460113525
-7.174712657928467
-7.252011299133301
-7.244152069091797
-7.217284679412842
-7.242445945739746
-7.266970157623291
-7.25362491607666
-7.220215320587158
-7.244847297668457
-7.256819725036621
-7.24099063873291
-7.245985507965088
-7.187625408172607
-7.175570964813232
-7.239974498748779
-7.220328330993652
-7.169331073760986
-7.139249801635742
-7.237334251403809
-7.226971626281738
-7.154597282409668
-7.1985883712768555
-7.244322776794434
-7.249782085418701
-7.1879119873046875
-7.15722131729126
-7.264256954193115
-7.220488548278809
-7.209242343902588
-7.230352878570557
-7.247763156890869
-7.251936435699463
-7.269111156463623
-7.259476661682129
-7.2721967697143555
-7.1761980056762695
-7.256021022796631
-7.264758110046387
-7.273536205291748
-7.206465244293213
-7.242251873016357
-7.244184970855713
-7.222711086273193
-7.145359992980957
-7.2470831871032715
-7.238528728485107
-7.200045585632324
-7.241335391998291
-7.246007442474365
-7.246284484863281
-7.23539400100708
-7.260866641998291
-7.194787502288818
-7.260927677154541
-7.212329864501953
-7.2102131843566895
-7.210883617401123
-7.243546485900879
-7.191875457763672
-7.2187628746032715
-7.193212985992432
-7.235133171081543
-7.257856369018555
-7.227354049682617
-7.2664594650268555
-7.209346771240234
-7.237448215484619
-7.219971656799316
-7.286472797393799
-7.209863662719727
-7.251565933227539
-7.248507499694824
-7.256476879119873
-7.239548683166504
-7.245516300201416
-7.253095626831055
-7.263400554656982
-7.241672992706299
-7.21768856048584
-7.255012512207031
-7.223666667938232
-7.257293701171875
-7.275406837463379
-7.276544094085693
-7.250214099884033
-7.189517021179199
-7.236489772796631
-7.210155487060547
-7.266398906707764
-7.255741119384766
-7.26658821105957
-7.233977317810059
-7.208630084991455
-7.246328353881836
-7.242892265319824
-7.21502685546875
-7.226907730102539
-7.256300926208496
-7.2467193603515625
-7.209794521331787
-7.233571529388428
-7.225872993469238
-7.246039390563965
-7.215127944946289
-7.248815536499023
-7.248669147491455
-7.123818874359131
-7.19931173324585
-7.250511169433594
-7.2313055992126465
-7.165101051330566
-7.168844699859619
-7.243892192840576
-7.249755859375
-7.221758842468262
-7.1699042320251465
-7.29119873046875
-7.235361099243164
-7.221518039703369
-7.229548931121826
-7.263900279998779
-7.235699653625488
-7.246258735656738
-7.1912713050842285
-7.18795108795166
-7.279498100280762
-7.246972560882568
-7.234737873077393
-7.263176441192627
-7.230512619018555
-7.222009181976318
-7.23691987991333
-7.206052780151367
-7.2479705810546875
-7.2409162521362305
-7.24967622756958
-7.245652675628662
-7.245847702026367
-7.279562473297119
-7.241239070892334
-7.204738140106201
-7.291775703430176
-7.228658676147461
-7.274497985839844
-7.240540504455566
-7.229719161987305
-7.264509677886963
-7.2598466873168945
-7.232089519500732
-7.212569713592529
-7.2270588874816895
-7.230746746063232
-7.253600597381592
-7.186435699462891
-7.204204559326172
-7.284130096435547
-7.256463527679443
-7.202359199523926
-7.24489164352417
-7.247901916503906
-7.251224994659424
-7.213484764099121
-7.257323741912842
-7.225015640258789
-7.270880699157715
-7.19793701171875
-7.228501796722412
-7.269340515136719
-7.261329174041748
-7.238034248352051
-7.1980743408203125
-7.25849723815918
-7.2910614013671875
-7.244052410125732
-7.200368404388428
-7.246515274047852
-7.224024772644043
-7.245388031005859
-7.228821277618408
-7.230546474456787
-7.219040393829346
-7.223588466644287
-7.230013847351074
-7.224603652954102
-7.2361273765563965
-7.206596851348877
-7.1222243309021
-7.263481140136719
-7.247520923614502
-7.025490760803223
-7.243080139160156
-7.205431938171387
-7.226503372192383
-7.130426406860352
-7.218083381652832
-7.233951091766357
-7.251946449279785
-7.2205939292907715
-7.260100364685059
-7.155399799346924
-7.234909534454346
-7.245972633361816
-7.212525844573975
-7.266730308532715
-7.231068134307861
-7.2494282722473145
-7.252873420715332
-7.2168378829956055
-7.207547187805176
-7.241010665893555
-7.268438339233398
-7.195728302001953
-7.241428375244141
-7.233057975769043
-7.237532138824463
-7.256935119628906
-7.255886554718018
-7.187474727630615
-7.266911506652832
-7.281191349029541
-7.28346061706543
-7.2332963943481445
-7.2234625816345215
-7.251172065734863
-7.204407691955566
-7.200386047363281
-7.21028995513916
-7.251154899597168
-7.274886608123779
-7.222336769104004
-7.188072681427002
-7.252779960632324
-7.239903450012207
-7.2350077629089355
-7.223607063293457
-7.2308478355407715
-7.242316722869873
-7.213548183441162
-7.25584077835083
-7.224360942840576
-7.223316192626953
-7.213268756866455
-7.207941055297852
-7.264543533325195
-7.241088390350342
-7.237027168273926
-7.238987922668457
-7.233553409576416
-7.247235298156738
-7.256300926208496
-7.184125900268555
-7.25959587097168
-7.245517253875732
-7.25800895690918
-7.204015731811523
-7.225569248199463
-7.219021797180176
-7.2255635261535645
-7.1843647956848145
-7.238245964050293
-7.236700534820557
-7.2315354347229
-7.248229026794434
-7.219734191894531
-7.2054853439331055
-7.2423295974731445
-7.250223159790039
-7.230099678039551
-7.225493907928467
-7.255482196807861
-7.224857807159424
-7.236496448516846
-7.241735935211182
-7.251089572906494
-7.264814853668213
-7.243495941162109
-7.237180233001709
-7.22426700592041
-7.214757919311523
-7.279293060302734
-7.254527568817139
-7.181454658508301
-7.23829460144043
-7.249199390411377
-7.263472557067871
-7.240607738494873
-7.218082427978516
-7.24926233291626
-7.263441562652588
-7.227568626403809
-7.225709915161133
-7.2184295654296875
-7.255741596221924
-7.214469909667969
-7.230177879333496
-7.206331253051758
-7.258972644805908
-7.228570938110352
-7.171609401702881
-7.197709560394287
-7.243588447570801
-7.194929599761963
-7.189889907836914
-7.27121639251709
-7.253305435180664
-7.256784915924072
-7.240299701690674
-7.225687026977539
-7.228173732757568
-7.22292947769165
-7.202701091766357
-7.248112678527832
-7.159181594848633
-7.222469806671143
-7.226040840148926
-7.254006385803223
-7.237543106079102
-7.2141218185424805
-7.2372260093688965
-7.215859889984131
-7.247145652770996
-7.274925231933594
-7.243150234222412
-7.243017196655273
-7.254483699798584
-7.188378810882568
-7.2261881828308105
-7.304758548736572
-7.2300567626953125
-7.245091915130615
-7.234383583068848
-7.252429008483887
-7.2176079750061035
-7.251259803771973
-7.238874435424805
-7.278744697570801
-7.225052833557129
-7.2405290603637695
-7.2450127601623535
-7.253867149353027
-7.238924026489258
-7.250843048095703
-7.272106647491455
-7.214540481567383
-7.191453456878662
-7.220839500427246
-7.240536212921143
-7.240124225616455
-7.257106781005859
-7.254714488983154
-7.254694938659668
-7.258452415466309
-7.1455912590026855
-7.2618408203125
-7.231647968292236
-7.184838771820068
-7.278369903564453
-7.255129337310791
-7.250731468200684
-7.240519046783447
-7.261578559875488
-7.248784065246582
-7.22886323928833
-7.2561445236206055
-7.268794059753418
-7.228205680847168
-7.225573539733887
-7.272071361541748
-7.231078147888184
-7.214695930480957
-7.250502586364746
-7.196695327758789
-7.229461669921875
-7.268324851989746
-7.266172885894775
-7.225908279418945
-7.190506935119629
-7.253963947296143
-7.229668617248535
-7.207496643066406
-7.2761549949646
-7.261364459991455
-7.260202884674072
-7.16704797744751
-7.21643590927124
-7.286838054656982
-7.206915378570557
-7.222624778747559
-7.260709285736084
-7.271353244781494
-7.210239887237549
-7.2689056396484375
-7.255760192871094
-7.262379169464111
-7.234523773193359
-7.244846820831299
-7.282820701599121
-7.257697582244873
-7.188587665557861
-7.264767169952393
-7.24055290222168
-7.279177188873291
-7.222130298614502
-7.249294757843018
-7.301597595214844
-7.207565784454346
-7.219388961791992
-7.275524616241455
-7.266147613525391
-7.194559574127197
-7.2553277015686035
-7.212109565734863
-7.229434013366699
-7.20770263671875
-7.26851224899292
-7.247130393981934
-7.271650314331055
-7.2175798416137695
-7.226541042327881
-7.249907970428467
-7.218018531799316
-7.222702503204346
-7.246589660644531
-7.23490047454834
-7.248782157897949
-7.250228404998779
-7.258887767791748
-7.2416863441467285
-7.250278949737549
-7.2316999435424805
-7.223740577697754
-7.261019229888916
-7.244462966918945
-7.266064167022705
-7.277878284454346
-7.262257099151611
-7.23321008682251
-7.24818754196167
-7.25848913192749
-7.230283260345459
-7.22433614730835
-7.255446434020996
-7.2286057472229
-7.1409149169921875
-7.2430419921875
-7.259528160095215
-7.243875980377197
-7.256802558898926
-7.284507751464844
-7.2270331382751465
-7.264552116394043
-7.238953590393066
-7.214592456817627
-7.2828803062438965
-7.2284345626831055
-7.250019073486328
-7.258613109588623
-7.252212047576904
-7.256587028503418
-7.259772300720215
-7.236399173736572
-7.259758472442627
-7.275448799133301
-7.2473602294921875
-7.235382556915283
-7.233860969543457
-7.256874084472656
-7.261727333068848
-7.263941764831543
-7.250970363616943
-7.2754926681518555
-7.215215682983398
-7.237114429473877
-7.269594669342041
-7.258965492248535
-7.212480068206787
-7.254836082458496
-7.222960948944092
-7.215301513671875
-7.246155261993408
-7.23045015335083
-7.272481441497803
-7.181748867034912
-7.252683162689209
-7.228135108947754
-7.237234115600586
-7.258412837982178
-7.247791290283203
-7.241512775421143
-7.254710674285889
-7.2428412437438965
-7.237719535827637
-7.238353729248047
-7.258802890777588
-7.241995811462402
-7.253901958465576
-7.225289821624756
-7.23858118057251
-7.260100841522217
-7.237451553344727
-7.277335166931152
-7.2631635665893555
-7.190915107727051
-7.2927470207214355
-7.267621994018555
-7.250207901000977
-7.296062469482422
-7.24623441696167
-7.2373046875
-7.279945373535156
-7.309651851654053
-7.269606113433838
-7.233611583709717
-7.2060651779174805
-7.206481456756592
-7.231656551361084
-7.187668800354004
-7.269008636474609
-7.274391174316406
-7.208125591278076
-7.235357761383057
-7.24245548248291
-7.260237693786621
-7.1313886642456055
-7.2219414710998535
-7.253591537475586
-7.261861801147461
-7.199115753173828
-7.221807479858398
-7.2576751708984375
-7.242919921875
-7.2571611404418945
-7.204309940338135
-7.22555685043335
-7.259958267211914
-7.1988701820373535
-7.2090582847595215
-7.230990886688232
-7.243150234222412
-7.234353542327881
-7.255851745605469
-7.279072284698486
-7.2432661056518555
-7.231074333190918
-7.245291709899902
-7.237834930419922
-7.2543487548828125
-7.213487148284912
-7.206394195556641
-7.248795986175537
-7.226648330688477
-7.286004066467285
-7.2332987785339355
-7.22683048248291
-7.263198375701904
-7.254517078399658
-7.233541488647461
-7.241274356842041
-7.233525276184082
-7.233330249786377
-7.257236957550049
-7.265965938568115
-7.273852825164795
-7.27024507522583
-7.213027000427246
-7.239871501922607
-7.310203552246094
-7.192268371582031
-7.220845699310303
-7.234410285949707
-7.231428146362305
-7.246932506561279
-7.2542877197265625
-7.258176326751709
-7.239637851715088
-7.234675884246826
-7.255957126617432
-7.242184638977051
-7.2439188957214355
-7.2434983253479
-7.253696441650391
-7.247490882873535
-7.243560791015625
-7.2408671379089355
-7.244478702545166
-7.21610689163208
-7.256707191467285
-7.257419586181641
-7.267812252044678
-7.2034173011779785
-7.273639678955078
-7.265423774719238
-7.234380722045898
-7.254462242126465
-7.234169006347656
-7.256702423095703
-7.2254791259765625
-7.229920864105225
-7.2703351974487305
-7.220941066741943
-7.168656349182129
-7.278112888336182
-7.249159812927246
-7.245729446411133
-7.249368667602539
-7.2249274253845215
-7.248825550079346
-7.2550859451293945
-7.253196716308594
-7.2408127784729
-7.261377334594727
-7.260470390319824
-7.246201515197754
-7.245019435882568
-7.261889457702637
-7.242405414581299
-7.259726047515869
-7.244805335998535
-7.238049507141113
-7.231468200683594
-7.1771440505981445
-7.208868980407715
-7.262263298034668
-7.206886291503906
-7.187154769897461
-7.272154808044434
-7.270566940307617
-7.252594947814941
-7.268974304199219
-7.241048336029053
-7.142251968383789
-7.259997367858887
-7.121384143829346
-7.069398403167725
-7.208302021026611
-7.264003276824951
-7.300807476043701
-7.152804374694824
-7.155867099761963
-7.262302398681641
-7.276190757751465
-7.226293087005615
-7.2311882972717285
-7.119699954986572
-7.254715919494629
-7.216588020324707
-7.221279621124268
-7.17714262008667
-7.235102653503418
-7.220744609832764
-7.196965217590332
-7.208091735839844
-7.246675491333008
-7.23450231552124
-7.199981212615967
-7.215967178344727
-7.2241740226745605
-7.256451606750488
-7.178407669067383
-7.163382530212402
-7.26088809967041
-7.243009567260742
-7.248147964477539
-7.2038679122924805
-7.242282390594482
-7.275087356567383
-7.226938724517822
-7.2060956954956055
-7.183063507080078
-7.2625837326049805
-7.249072074890137
-7.196905136108398
-7.229412078857422
-7.245895862579346
-7.199683666229248
-7.253284454345703
-7.242685794830322
-7.256539344787598
-7.239071846008301
-7.27580451965332
-7.236067771911621
-7.197761058807373
-7.260403633117676
-7.252781867980957
-7.203919887542725
-7.245394706726074
-7.257221221923828
-7.267189025878906
-7.247486591339111
-7.241292953491211
-7.211601734161377
-7.263228893280029
-7.259981632232666
-7.173494815826416
-7.228557109832764
-7.246852874755859
-7.270926475524902
-7.198615550994873
-7.150787353515625
-7.229775428771973
-7.2381272315979
-7.202195167541504
-7.2057623863220215
-7.235755920410156
-7.264463901519775
-7.229564189910889
-7.2334771156311035
-7.283310890197754
-7.2447943687438965
-7.264287948608398
-7.253066062927246
-7.24113130569458
-7.238516807556152
-7.230415344238281
-7.2386579513549805
-7.255697727203369
-7.2293620109558105
-7.224655628204346
-7.2946319580078125
-7.270081043243408
-7.2440409660339355
-7.260381698608398
-7.261622428894043
-7.2640180587768555
-7.235992908477783
-7.238309383392334
-7.24924898147583
-7.236067771911621
-7.314229488372803
-7.238702297210693
-7.192493438720703
-7.2494354248046875
-7.239089012145996
-7.201845169067383
-7.172856330871582
-7.250075817108154
-7.285624027252197
-7.240736484527588
-7.207183837890625
-7.2370381355285645
-7.228512763977051
-7.283684253692627
-7.220821380615234
-7.136957168579102
-7.143865585327148
-7.277970314025879
-7.1484270095825195
-7.120449066162109
-7.25304651260376
-7.248100280761719
-7.2389678955078125
-7.21420431137085
-7.1505279541015625
-7.2470479011535645
-7.238945484161377
-7.133323669433594
-7.2740325927734375
-7.2775797843933105
-7.253668785095215
-7.223893642425537
-7.272795677185059
-7.197068691253662
-7.220064640045166
-7.275779724121094
-7.142629623413086
-7.183897972106934
-7.171355724334717
-7.291214942932129
-7.226974964141846
-7.229496002197266
-7.164559841156006
-7.176058769226074
-7.237104415893555
-7.224636077880859
-7.247562885284424
-7.228795051574707
-7.256191253662109
-7.249459743499756
-7.201322078704834
-7.2481231689453125
-7.200584888458252
-7.179756164550781
-7.203427791595459
-7.263696193695068
-7.247791290283203
-7.229642868041992
-7.259208679199219
-7.252486705780029
-7.273026466369629
-7.255694389343262
-7.222062110900879
-7.241361618041992
-7.2491984367370605
-7.244009494781494
-7.248412609100342
-7.282809734344482
-7.252429008483887
-7.275935649871826
-7.277464389801025
-7.266022205352783
-7.241739273071289
-7.2604660987854
-7.265329837799072
-7.2332000732421875
-7.260026454925537
-7.246509075164795
-7.261902809143066
-7.242780685424805
-7.277132987976074
-7.208036422729492
-7.268444538116455
-7.21747350692749
-7.234256744384766
-7.201531410217285
-7.214324474334717
-7.273608684539795
-7.258406162261963
-7.203521728515625
-7.250650405883789
-7.265931129455566
-7.246875762939453
-7.170451641082764
-7.2317399978637695
-7.224448204040527
-7.2707905769348145
-7.242022514343262
-7.227882385253906
-7.244367599487305
-7.263899326324463
-7.226274013519287
-7.2367939949035645
-7.227101802825928
-7.246212959289551
-7.235908508300781
-7.264576435089111
-7.242094039916992
-7.274359703063965
-7.218570709228516
-7.254638195037842
-7.274856090545654
-7.259544849395752
-7.251366138458252
-7.277347087860107
-7.205974102020264
-7.25435209274292
-7.2769880294799805
-7.251192092895508
-7.221654415130615
-7.258423328399658
-7.2520060539245605
-7.2153096199035645
-7.239924430847168
-7.253545761108398
-7.227972030639648
-7.238811016082764
-7.245807647705078
-7.25752592086792
-7.2493205070495605
-7.265103340148926
-7.21417760848999
-7.249252796173096
-7.255335330963135
-7.28159761428833
-7.196425437927246
-7.1929779052734375
-7.221839427947998
-7.235077857971191
-7.232188701629639
-7.234376907348633
-7.239097595214844
-7.2666521072387695
-7.098174571990967
-7.257136344909668
-7.27332878112793
-7.250888824462891
-7.20334529876709
-7.181482791900635
-7.239555358886719
-7.198301315307617
-7.2372236251831055
-7.227547645568848
-7.249685287475586
-7.246592998504639
-7.224870681762695
-7.243549823760986
-7.238711833953857
-7.250884056091309
-7.247114181518555
-7.253116130828857
-7.276956558227539
-7.264451026916504
-7.241552829742432
-7.259913444519043
-7.25996208190918
-7.247689247131348
-7.2694478034973145
-7.256664276123047
-7.245814323425293
-7.235537528991699
-7.219085693359375
-7.220746994018555
-7.258181571960449
-7.268258094787598
-7.278041839599609
-7.21199369430542
-7.260507583618164
-7.23087215423584
-7.260837078094482
-7.2545247077941895
-7.253942966461182
-7.2312798500061035
-7.248502731323242
-7.253552436828613
-7.210173606872559
-7.174037933349609
-7.243952751159668
-7.265279769897461
-7.1702141761779785
-7.09458065032959
-7.208651542663574
-7.230426788330078
-7.231030464172363
-7.189543724060059
-7.147346019744873
-7.250288486480713
-7.225909233093262
-7.1640214920043945
-7.204947471618652
-7.277910232543945
-7.121841907501221
-7.262441635131836
-7.191811561584473
-7.2526960372924805
-7.240784645080566
-7.121669292449951
-7.185803413391113
-7.238554954528809
-7.281005859375
-7.2063984870910645
-7.272241592407227
-7.298000335693359
-7.307273864746094
-7.264013290405273
-7.211143970489502
-7.26190710067749
-7.2079949378967285
-7.244832515716553
-7.233077526092529
-7.268612384796143
-7.2523884773254395
-7.206035614013672
-7.237421035766602
-7.245333194732666
-7.2260308265686035
-7.247523784637451
-7.230856895446777
-7.24493408203125
-7.229619026184082
-7.253188610076904
-7.231546401977539
-7.237964630126953
-7.2614545822143555
-7.244054794311523
-7.281803131103516
-7.211737632751465
-7.249418258666992
-7.25947380065918
-7.278153896331787
-7.2234296798706055
-7.261257171630859
-7.2626566886901855
-7.201180458068848
-7.277609825134277
-7.252389907836914
-7.245352745056152
-7.236170291900635
-7.256036758422852
-7.223940372467041
-7.220799922943115
-7.246979236602783
-7.294017314910889
-7.285980224609375
-7.2810258865356445
-7.223648548126221
-7.2148823738098145
-7.288918972015381
-7.295135021209717
-7.225969314575195
-7.266491413116455
-7.213260650634766
-7.1969218254089355
-7.2455363273620605
-7.205706596374512
-7.216604232788086
-7.222489833831787
-7.206237316131592
-7.257004737854004
-7.2214131355285645
-7.22377347946167
-7.177272319793701
-7.263428688049316
-7.269172668457031
-7.232337951660156
-7.253052234649658
-7.214707851409912
-7.257236480712891
-7.260421276092529
-7.25527811050415
-7.161136150360107
-7.263773441314697
-7.250854015350342
-7.253558158874512
-7.257748126983643
-7.160651683807373
-7.219762325286865
-7.26242208480835
-7.22874641418457
-7.2668986320495605
-7.276240348815918
-7.257737159729004
-7.287945747375488
-7.238314151763916
-7.261462688446045
-7.236387729644775
-7.222189426422119
-7.231126308441162
-7.266055107116699
-7.142457485198975
-7.17896842956543
-7.282998561859131
-7.245145320892334
-7.212467670440674
-7.215190410614014
-7.235612392425537
-7.218287944793701
-7.239528179168701
-7.242016315460205
-7.25620174407959
-7.23939323425293
-7.247297286987305
-7.279576778411865
-7.244733810424805
-7.217625617980957
-7.2089457511901855
-7.251625061035156
-7.296874523162842
-7.2407355308532715
-7.262197017669678
-7.2197957038879395
-7.2369303703308105
-7.266242980957031
-7.235864162445068
-7.257150173187256
-7.244797229766846
-7.253747940063477
-7.249300479888916
-7.127213478088379
-7.264519691467285
-7.295464515686035
-7.255959987640381
-7.2209696769714355
-7.234492301940918
-7.23189640045166
-7.257016658782959
-7.220357894897461
-7.251775741577148
-7.22883939743042
-7.247617244720459
-7.227885723114014
-7.23386812210083
-7.259039878845215
-7.276673316955566
-7.246728420257568
-7.283052921295166
-7.256654262542725
-7.22274923324585
-7.249872207641602
-7.223854064941406
-7.259556770324707
-7.29392147064209
-7.28879451751709
-7.25217866897583
-7.279303550720215
-7.289473533630371
-7.165924072265625
-7.246262073516846
-7.27204704284668
-7.1883063316345215
-7.17694091796875
-7.1547465324401855
-7.2493896484375
-7.16066837310791
-7.007631778717041
-7.231611251831055
-7.2506103515625
-7.248909950256348
-7.226253032684326
-7.2353315353393555
-7.218770980834961
-7.26323938369751
-7.254919052124023
-7.26804780960083
-7.208959579467773
-7.250377655029297
-7.27803373336792
-7.22297477722168
-7.2121758460998535
-7.237366199493408
-7.1796722412109375
-7.307267189025879
-7.224286079406738
-7.263594627380371
-7.2583537101745605
-7.255641460418701
-7.224729537963867
-7.246248722076416
-7.245464324951172
-7.229282379150391
-7.237325191497803
-7.22661828994751
-7.276848793029785
-7.253641128540039
-7.257745265960693
-7.267080783843994
-7.2432780265808105
-7.2720046043396
-7.244666576385498
-7.236790180206299
-7.241666793823242
-7.2545599937438965
-7.314896583557129
-7.220878601074219
-7.2545247077941895
-7.229869365692139
-7.26401948928833
-7.219581604003906
-7.157831192016602
-7.245757102966309
-7.241340637207031
-7.253358364105225
-7.204164505004883
-7.272336006164551
-7.289632797241211
-7.239574432373047
-7.280370235443115
-7.269469261169434
-7.2389936447143555
-7.256677150726318
-7.26059627532959
-7.237724781036377
-7.244562149047852
-7.250179290771484
-7.25629997253418
-7.2653350830078125
-7.271199703216553
-7.262575149536133
-7.253623008728027
-7.247825622558594
-7.264652252197266
-7.212554454803467
-7.234763145446777
-7.250864028930664
-7.198639392852783
-7.195453643798828
-7.2493720054626465
-7.273910045623779
-7.255581378936768
-7.204093933105469
-7.2966790199279785
-7.276346206665039
-7.246191024780273
-7.263544082641602
-7.280661106109619
-7.239465713500977
-7.2664995193481445
-7.275961875915527
-7.244761943817139
-7.2293548583984375
-7.259605407714844
-7.206402778625488
-7.277090072631836
-7.266315460205078
-7.245061874389648
-7.257091045379639
-7.285426616668701
-7.23942756652832
-7.291628837585449
-7.272643566131592
-7.242170333862305
-7.25459098815918
-7.2696099281311035
-7.247958183288574
-7.256866455078125
-7.274274826049805
-7.212674140930176
-7.219585418701172
-7.28235387802124
-7.272735118865967
-7.255127906799316
-7.220236778259277
-7.247985363006592
-7.245278835296631
-7.20586633682251
-7.217759609222412
-7.238093376159668
-7.252596378326416
-7.243180751800537
-7.2610955238342285
-7.307335376739502
-7.239321708679199
-7.225201606750488
-7.222691059112549
-7.240543842315674
-7.252640724182129
-7.228659629821777
-7.192328929901123
-7.26324462890625
-7.234487533569336
-7.2447381019592285
-7.245948314666748
-7.225865840911865
-7.263329982757568
-7.262211322784424
-7.254045486450195
-7.177569389343262
-7.22260046005249
-7.274935245513916
-7.219846725463867
-7.221858978271484
-7.186465740203857
-7.243691444396973
-7.259069442749023
-7.14992094039917
-7.296135902404785
-7.237893104553223
-7.269378185272217
-7.234438419342041
-7.275500297546387
-7.2715888023376465
-7.276561737060547
-7.2381391525268555
-7.23618745803833
-7.216989994049072
-7.218101978302002
-7.1732401847839355
-7.239926815032959
-7.251062870025635
-7.236771583557129
-7.168446063995361
-7.263495445251465
-7.263734340667725
-7.258375644683838
-7.221639633178711
-7.210128307342529
-7.265904903411865
-7.215647220611572
-7.1847333908081055
-7.199840545654297
-7.223201751708984
-7.1973137855529785
-7.211857795715332
-7.188040733337402
-7.247172832489014
-7.243054389953613
-7.22792387008667
-7.185505390167236
-7.260521411895752
-7.247498512268066
-7.239737510681152
-7.2326788902282715
-7.228366851806641
-7.24320650100708
-7.2489495277404785
-7.269838333129883
-7.263000011444092
-7.244137763977051
-7.265240669250488
-7.293383598327637
-7.2741289138793945
-7.282169818878174
-7.236274719238281
-7.242442607879639
-7.2973833084106445
-7.2741312980651855
-7.24572229385376
-7.251624584197998
-7.2794647216796875
-7.2660932540893555
-7.244795322418213
-7.23344612121582
-7.238033771514893
-7.280471324920654
-7.241333961486816
-7.2735700607299805
-7.271968841552734
-7.21456241607666
-7.258659839630127
-7.25339412689209
-7.265505313873291
-7.2447991371154785
-7.267817974090576
-7.250941276550293
-7.256072044372559
-7.2312798500061035
-7.280035018920898
-7.265690803527832
-7.236250400543213
-7.2607831954956055
-7.244319915771484
-7.240686893463135
-7.250721454620361
-7.279087066650391
-7.28869104385376
-7.241535186767578
-7.1816582679748535
-7.25954532623291
-7.2269744873046875
-7.195940971374512
-7.196950912475586
-7.202900409698486
-7.272638320922852
-7.2153191566467285
-7.267583847045898
-7.16116189956665
-7.286288261413574
-7.248281478881836
-7.247251987457275
-7.239670753479004
-7.265318870544434
-7.255125045776367
-7.251352787017822
-7.258532524108887
-7.2863969802856445
-7.211488246917725
-7.2259297370910645
-7.2293596267700195
-7.294290542602539
-7.2612199783325195
-7.255414009094238
-7.2545623779296875
-7.243642330169678
-7.257342338562012
-7.227228164672852
-7.2613043785095215
-7.251078128814697
-7.270872592926025
-7.255049228668213
-7.260372638702393
-7.263458728790283
-7.255736351013184
-7.249364376068115
-7.248729228973389
-7.236172676086426
-7.263088703155518
-7.258213043212891
-7.257035732269287
-7.289618015289307
-7.2574334144592285
-7.260493278503418
-7.251652717590332
-7.252940654754639
-7.233160018920898
-7.253607749938965
-7.285216331481934
-7.263847827911377
-7.276057243347168
-7.2543230056762695
-7.237770080566406
-7.247337818145752
-7.270090103149414
-7.270862579345703
-7.259207725524902
-7.178288459777832
-7.234848976135254
-7.264957904815674
-7.287967681884766
-7.241446018218994
-7.254413604736328
-7.280036449432373
-7.254569053649902
-7.239478588104248
-7.2507243156433105
-7.2740478515625
-7.252320766448975
-7.242560386657715
-7.243968486785889
-7.266237258911133
-7.292699337005615
-7.246723651885986
-7.270557403564453
-7.240433216094971
-7.279973030090332
-7.238192558288574
-7.25958776473999
-7.253121376037598
-7.2662553787231445
-7.257397174835205
-7.268607139587402
-7.203410625457764
-7.239544868469238
-7.267079830169678
-7.287014484405518
-7.202416896820068
-7.220943927764893
-7.270103454589844
-7.279956340789795
-7.18922233581543
-7.2014923095703125
-7.271095275878906
-7.217165946960449
-7.272551536560059
-7.247533321380615
-7.246577739715576
-7.293224811553955
-7.255181312561035
-7.246342658996582
-7.249457359313965
-7.2325897216796875
-7.25759744644165
-7.240976810455322
-7.28700590133667
-7.1677937507629395
-7.228224754333496
-7.233118057250977
-7.24869966506958
-7.228864669799805
-7.253067970275879
-7.251266956329346
-7.269085884094238
-7.247243881225586
-7.249392032623291
-7.210266590118408
-7.2558207511901855
-7.25438117980957
-7.218681812286377
-7.242427825927734
-7.263571262359619
-7.252038478851318
-7.264725685119629
-7.22669792175293
-7.24745512008667
-7.2462310791015625
-7.250531196594238
-7.25286340713501
-7.258440017700195
-7.26219367980957
-7.2903337478637695
-7.264048099517822
-7.255406379699707
-7.2165398597717285
-7.275475978851318
-7.194973945617676
-7.2494306564331055
-7.252103328704834
-7.267974376678467
-7.281522750854492
-7.325867652893066
-7.239445209503174
-7.2438435554504395
-7.235180377960205
-7.232933044433594
-7.2092814445495605
-7.230957508087158
-7.278208255767822
-7.201586723327637
-7.193138599395752
-7.256018161773682
-7.279766082763672
-7.216455936431885
-7.278810977935791
-7.267117500305176
-7.291123867034912
-7.255062580108643
-7.270139694213867
-7.192960739135742
-7.257845878601074
-7.293048858642578
-7.239868640899658
-7.302155017852783
-7.232991695404053
-7.1880035400390625
-7.26153564453125
-7.257857322692871
-7.274331569671631
-7.2808027267456055
-7.2521257400512695
-7.22778844833374
-7.233153820037842
-7.2632551193237305
-7.244836330413818
-7.205045223236084
-7.26632833480835
-7.251983165740967
-7.2480363845825195
-7.224357604980469
-7.221831321716309
-7.221761226654053
-7.259377956390381
-7.258523941040039
-7.258370399475098
-7.237968444824219
-7.265583038330078
-7.243542194366455
-7.287444591522217
-7.2768025398254395
-7.2809858322143555
-7.259146213531494
-7.275972366333008
-7.279677391052246
-7.254302024841309
-7.255368709564209
-7.257149696350098
-7.246793746948242
-7.230963706970215
-7.276653289794922
-7.250807762145996
-7.18007755279541
-7.223045349121094
-7.268137454986572
-7.275712490081787
-7.244518280029297
-7.173529624938965
-7.24991512298584
-7.302835464477539
-7.183648586273193
-7.141537189483643
-7.144443035125732
-7.240886211395264
-7.203167915344238
-7.1081318855285645
-7.284946918487549
-7.281426906585693
-7.2716474533081055
-7.248856067657471
-7.24082088470459
-7.2759904861450195
-7.2502288818359375
-7.227644920349121
-7.28387975692749
-7.301108360290527
-7.215524673461914
-7.275684833526611
-7.2402496337890625
-7.281520843505859
-7.252838134765625
-7.248223304748535
-7.261758804321289
-7.290780067443848
-7.230725288391113
-7.2233734130859375
-7.302391052246094
-7.289251804351807
-7.2542901039123535
-7.257509231567383
-7.277978420257568
-7.268841743469238
-7.268424034118652
-7.296098709106445
-7.283525466918945
-7.180394649505615
-7.239150524139404
-7.257533550262451
-7.188686847686768
-7.180059432983398
-7.275170803070068
-7.273488998413086
-7.217280387878418
-7.221993446350098
-7.233593463897705
-7.248382091522217
-7.232505798339844
-7.275174617767334
-7.258782386779785
-7.256776332855225
-7.266005516052246
-7.2381744384765625
-7.210394859313965
-7.263528347015381
-7.257280349731445
-7.202803611755371
-7.202714920043945
-7.226836681365967
-7.258327484130859
-7.2286906242370605
-7.154009819030762
-7.148215293884277
-7.245136737823486
-7.251001834869385
-7.213586807250977
-7.2720627784729
-7.289736747741699
-7.276571750640869
-7.259698390960693
-7.211892127990723
-7.198289394378662
-7.234320640563965
-7.246978759765625
-7.250075340270996
-7.201685428619385
-7.264256000518799
-7.253132343292236
-7.246845722198486
-7.26438045501709
-7.245847225189209
-7.280296325683594
-7.278736591339111
-7.237521171569824
-7.112276554107666
-7.238607883453369
-7.20880126953125
-7.227214336395264
-7.231423854827881
-7.273500919342041
-7.259784698486328
-7.167289733886719
-7.145299911499023
-7.241466999053955
-7.164195537567139
-7.115902900695801
-7.23460578918457
-7.248415946960449
-7.230438709259033
-7.254271984100342
-7.229159355163574
-7.2255449295043945
-7.21975040435791
-7.206747531890869
-7.227442264556885
-7.244388103485107
-7.27707052230835
-7.2609992027282715
-7.243777751922607
-7.236587047576904
-7.2342939376831055
-7.293484210968018
-7.2084479331970215
-7.242756366729736
-7.21788215637207
-7.267513275146484
-7.239420413970947
-7.2741875648498535
-7.2500128746032715
-7.247846603393555
-7.260890007019043
-7.265039443969727
-7.220423698425293
-7.249826908111572
-7.264525413513184
-7.263062477111816
-7.240998268127441
-7.239170074462891
-7.244604110717773
-7.261423587799072
-7.251404762268066
-7.244181156158447
-7.290515422821045
-7.290616989135742
-7.256521224975586
-7.314988613128662
-7.245550155639648
-7.2570085525512695
-7.312880516052246
-7.213513374328613
-7.2312116622924805
-7.283154010772705
-7.238051891326904
-7.246189594268799
-7.269205093383789
-7.225259780883789
-7.290456771850586
-7.252163887023926
-7.251382350921631
-7.209953784942627
-7.27635383605957
-7.2412872314453125
-7.232824802398682
-7.244375228881836
-7.2339019775390625
-7.276979923248291
-7.215112686157227
-7.2494964599609375
-7.266397953033447
-7.220616340637207
-7.170961380004883
-7.224426746368408
-7.2448320388793945
-7.209107875823975
-7.164006233215332
-7.248095989227295
-7.2161455154418945
-7.216833114624023
-7.20219612121582
-7.249107360839844
-7.268292427062988
-7.085698127746582
-7.163659572601318
-7.266989707946777
-7.253525733947754
-7.217958450317383
-7.211221694946289
-7.219164848327637
-7.264078617095947
-7.22438907623291
-7.1575446128845215
-7.2375264167785645
-7.200516223907471
-7.200545310974121
-7.253504276275635
-7.230071544647217
-7.27951717376709
-7.297348499298096
-7.308867931365967
-7.1570143699646
-7.13079833984375
-7.257789611816406
-7.282877445220947
-7.088922023773193
-7.279158115386963
-7.266742706298828
-7.2554826736450195
-7.2778849601745605
-7.260277271270752
-7.247918605804443
-7.27498197555542
-7.265255928039551
-7.255237579345703
-7.297893524169922
-7.188578128814697
-7.213597297668457
-7.24155330657959
-7.226528167724609
-7.2692952156066895
-7.221261978149414
-7.236697196960449
-7.221789360046387
-7.236176490783691
-7.258207321166992
-7.26285457611084
-7.241855144500732
-7.233272552490234
-7.258737564086914
-7.24545955657959
-7.214630126953125
-7.2342848777771
-7.259293079376221
-7.256101608276367
-7.2465643882751465
-7.241115570068359
-7.2676496505737305
-7.2573676109313965
-7.257782459259033
-7.295086860656738
-7.257162570953369
-7.239001274108887
-7.2745890617370605
-7.260308742523193
-7.271442413330078
-7.257527828216553
-7.269237518310547
-7.269913673400879
-7.2419538497924805
-7.2392578125
-7.258920192718506
-7.238229274749756
-7.287705898284912
-7.25283670425415
-7.179490566253662
-7.247683048248291
-7.271950721740723
-7.266006946563721
-7.23701286315918
-7.251204967498779
-7.261561870574951
-7.229787826538086
-7.262229919433594
-7.265125751495361
-7.254373073577881
-7.249344825744629
-7.259981632232666
-7.279409408569336
-7.267184257507324
-7.225761890411377
-7.244160175323486
-7.240206241607666
-7.225797176361084
-7.272342205047607
-7.257730484008789
-7.236436367034912
-7.244513988494873
-7.272908687591553
-7.261001110076904
-7.256272792816162
-7.237009048461914
-7.264420986175537
-7.260265827178955
-7.247873306274414
-7.294700622558594
-7.204787254333496
-7.236390113830566
-7.218226909637451
-7.260730266571045
-7.287267684936523
-7.187183856964111
-7.2091569900512695
-7.2365593910217285
-7.259682655334473
-7.263719081878662
-7.249797344207764
-7.285482883453369
-7.268087387084961
-7.228815078735352
-7.2296061515808105
-7.274637699127197
-7.244492053985596
-7.219201564788818
-7.2162065505981445
-7.223879814147949
-7.268536567687988
-7.267850399017334
-7.240185260772705
-7.224376201629639
-7.28119421005249
-7.235514163970947
-7.221212863922119
-7.2631378173828125
-7.282256126403809
-7.2503662109375
-7.196437358856201
-7.256925582885742
-7.242376804351807
-7.254156112670898
-7.165182590484619
-7.205883979797363
-7.245333671569824
-7.253483295440674
-7.275327682495117
-7.209444522857666
-7.215384006500244
-7.249628067016602
-7.262692928314209
-7.221451759338379
-7.240443706512451
-7.28165340423584
-7.267256736755371
-7.266050815582275
-7.214024066925049
-7.193177223205566
-7.2702317237854
-7.232183933258057
-7.231722354888916
-7.195456504821777
-7.275946617126465
-7.295413017272949
-7.175055027008057
-7.08395528793335
-7.271358489990234
-7.244814872741699
-7.196218490600586
-7.266932964324951
-7.164644241333008
-7.249173641204834
-7.237860679626465
-7.258998870849609
-7.148867130279541
-7.237454414367676
-7.256626605987549
-7.192831039428711
-7.22109317779541
-7.269749641418457
-7.266794204711914
-7.22670841217041
-7.251091957092285
-7.284115791320801
-7.2493672370910645
-7.262157440185547
-7.251566410064697
-7.249423503875732
-7.279752254486084
-7.199579238891602
-7.2499613761901855
-7.248406887054443
-7.211827278137207
-7.223054885864258
-7.228338718414307
-7.252506732940674
-7.2507123947143555
-7.262111186981201
-7.258471965789795
-7.194925308227539
-7.241077423095703
-7.260857105255127
-7.233739376068115
-7.236731052398682
-7.260313510894775
-7.231284141540527
-7.259482383728027
-7.260827541351318
-7.244927883148193
-7.264851093292236
-7.245246887207031
-7.246797561645508
-7.258420467376709
-7.266295433044434
-7.289865016937256
-7.264349937438965
-7.296619415283203
-7.217658042907715
-7.2155632972717285
-7.239503383636475
-7.254477024078369
-7.24173641204834
-7.286385536193848
-7.248295783996582
-7.220462799072266
-7.232450008392334
-7.2721052169799805
-7.282029151916504
-7.246458053588867
-7.231112003326416
-7.236869812011719
-7.257011413574219
-7.254106044769287
-7.258394718170166
-7.26535701751709
-7.264505386352539
-7.2344536781311035
-7.269653797149658
-7.2395758628845215
-7.249129772186279
-7.219089508056641
-7.28466272354126
-7.274584770202637
-7.268363952636719
-7.233238220214844
-7.245755195617676
-7.269515037536621
-7.265929222106934
-7.254795074462891
-7.18040657043457
-7.2417449951171875
-7.255758285522461
-7.251948833465576
-7.2876296043396
-7.252473831176758
-7.292191505432129
-7.259238243103027
-7.210327625274658
-7.204437732696533
-7.199294090270996
-7.26254940032959
-7.252871513366699
-7.265007495880127
-7.260656356811523
-7.2446112632751465
-7.253103733062744
-7.23845911026001
-7.218265056610107
-7.234964370727539
-7.24487829208374
-7.262369155883789
-7.185590744018555
-7.254601001739502
-7.2490410804748535
-7.279993534088135
-7.274567604064941
-7.193624019622803
-7.265714645385742
-7.260963439941406
-7.244217395782471
-7.230096340179443
-7.284768581390381
-7.235041618347168
-7.240818023681641
-7.238943576812744
-7.216939449310303
-7.2702436447143555
-7.27415657043457
-7.234533309936523
-7.2557373046875
-7.251458168029785
-7.233808994293213
-7.278515338897705
-7.255609035491943
-7.228220462799072
-7.255014896392822
-7.201057434082031
-7.264962196350098
-7.23887300491333
-7.237076759338379
-7.242919445037842
-7.2610087394714355
-7.244008541107178
-7.234816551208496
-7.265833377838135
-7.294975280761719
-7.253436088562012
-7.290890693664551
-7.2922163009643555
-7.248199462890625
-7.251001358032227
-7.272229194641113
-7.194712162017822
-7.297743797302246
-7.25174617767334
-7.214132308959961
-7.198164939880371
-7.250307083129883
-7.219834327697754
-7.224900245666504
-7.255410194396973
-7.256248474121094
-7.261934757232666
-7.258891582489014
-7.209554672241211
-7.232467174530029
-7.237049102783203
-7.239057540893555
-7.28642463684082
-7.312729358673096
-7.2076592445373535
-7.241881847381592
-7.270193576812744
-7.273016452789307
-7.268807888031006
-7.248442649841309
-7.253544330596924
-7.2043681144714355
-7.245245456695557
-7.259585380554199
-7.2773237228393555
-7.267602443695068
-7.27934455871582
-7.24695348739624
-7.212697982788086
-7.261470794677734
-7.239095211029053
-7.251606464385986
-7.220271110534668
-7.274447917938232
-7.224997043609619
-7.277594566345215
-7.175492763519287
-7.261526584625244
-7.248441219329834
-7.175842761993408
-7.221606731414795
-7.270930767059326
-7.2302937507629395
-7.262512683868408
-7.279472351074219
-7.2568888664245605
-7.265472888946533
-7.2916259765625
-7.248540878295898
-7.218782424926758
-7.2670722007751465
-7.26987886428833
-7.26466178894043
-7.236363410949707
-7.239595413208008
-7.173556327819824
-7.266280651092529
-7.2171502113342285
-7.255129337310791
-7.257694721221924
-7.261159420013428
-7.221846103668213
-7.264108657836914
-7.274345874786377
-7.254505157470703
-7.2656426429748535
-7.26300048828125
-7.229603290557861
-7.272398471832275
-7.246352672576904
-7.2674479484558105
-7.25932502746582
-7.254275321960449
-7.261824607849121
-7.194027900695801
-7.247778415679932
-7.226240634918213
-7.286031723022461
-7.264025688171387
-7.248791694641113
-7.2693400382995605
-7.2445454597473145
-7.251225471496582
-7.259693622589111
-7.253232479095459
-7.2743239402771
-7.171536445617676
-7.205240249633789
-7.270391941070557
-7.166040420532227
-7.161165714263916
-7.262393951416016
-7.26658296585083
-7.278369426727295
-7.221305847167969
-7.197752952575684
-7.23999547958374
-7.2050347328186035
-7.272775650024414
-7.19606876373291
-7.2319207191467285
-7.261171817779541
-7.232686996459961
-7.136274337768555
-7.271240711212158
-7.238134384155273
-7.283307075500488
-7.240074157714844
-7.122445106506348
-7.288302421569824
-7.244792938232422
-7.265689849853516
-7.254940509796143
-7.273378849029541
-7.277066230773926
-7.220484733581543
-7.250281810760498
-7.250405788421631
-7.242189884185791
-7.215576648712158
-7.2508697509765625
-7.244174480438232
-7.254347324371338
-7.259972095489502
-7.258548259735107
-7.2227325439453125
-7.265271186828613
-7.275338172912598
-7.264704704284668
-7.268394470214844
-7.255025386810303
-7.262937068939209
-7.237877368927002
-7.225540637969971
-7.23280143737793
-7.226892471313477
-7.262942314147949
-7.283813953399658
-7.24331521987915
-7.2472028732299805
-7.210387229919434
-7.261466026306152
-7.281651973724365
-7.254191875457764
-7.211270809173584
-7.262510299682617
-7.248385906219482
-7.256945610046387
-7.258636951446533
-7.263511657714844
-7.234177589416504
-7.286513805389404
-7.1945085525512695
-7.25352668762207
-7.254326343536377
-7.283226490020752
-7.300374507904053
-7.272074222564697
-7.243991851806641
-7.19978666305542
-7.264943599700928
-7.231732368469238
-7.173609733581543
-7.2333245277404785
-7.224183082580566
-7.2739763259887695
-7.273569107055664
-7.212251663208008
-7.16883659362793
-7.251248359680176
-7.207897663116455
-7.220579147338867
-7.043033599853516
-7.152201175689697
-7.258150100708008
-7.215548515319824
-7.055591583251953
-7.025457859039307
-7.232944965362549
-7.289196014404297
-7.161512851715088
-7.1370110511779785
-7.257740020751953
-7.281030178070068
-7.151337623596191
-7.190082550048828
-7.199413299560547
-7.267940044403076
-7.280118942260742
-7.097477436065674
-7.320977210998535
-7.098723411560059
-7.235182762145996
-7.254091262817383
-7.20237398147583
-7.18762731552124
-7.118551731109619
-7.265714645385742
-7.243636131286621
-7.160062313079834
-7.266457557678223
-7.23687219619751
-7.266000747680664
-7.193813800811768
-7.100805282592773
-7.33681583404541
-7.256211280822754
-7.212074279785156
-7.243994235992432
-7.272124767303467
-7.20253324508667
-7.264999866485596
-7.232746124267578
-7.21169900894165
-7.20363712310791
-7.2172322273254395
-7.248941898345947
-7.226864814758301
-7.125072002410889
-7.193559169769287
-7.277624130249023
-7.307458877563477
-7.002968788146973
-7.200376987457275
-7.169489860534668
-7.253952980041504
-7.279965400695801
-7.2234086990356445
-7.094135284423828
-7.214556694030762
-7.289272308349609
-7.259782314300537
-7.144179344177246
-7.210751533508301
-7.26261043548584
-7.265507221221924
-7.247646331787109
-7.184381008148193
-7.289083957672119
-7.230665683746338
-7.298028945922852
-7.185575485229492
-7.223791122436523
-7.244634628295898
-7.256145000457764
-7.213883399963379
-7.180290699005127
-7.212144374847412
-7.30011510848999
-7.246992588043213
-7.215446472167969
-7.190470218658447
-7.273375511169434
-7.2595295906066895
-7.222009658813477
-7.276987075805664
-7.183515548706055
-7.27167272567749
-7.277908802032471
-7.22920560836792
-7.185458660125732
-7.23597526550293
-7.257083892822266
-7.1317596435546875
-7.248750686645508
-7.232253551483154
-7.26814603805542
-7.240387916564941
-7.210456848144531
-7.226447582244873
-7.205362796783447
-7.266119956970215
-7.231258392333984
-7.191489219665527
-7.227631092071533
-7.265359878540039
-7.248996257781982
-7.2273688316345215
-7.247659683227539
-7.219542026519775
-7.243792533874512
-7.238976955413818
-7.0705413818359375
-7.202513694763184
-7.258822917938232
-7.23741340637207
-7.258118152618408
-7.303776264190674
-7.189792156219482
-7.2636566162109375
-7.2657012939453125
-7.227554798126221
-7.195197105407715
-7.231805324554443
-7.233677387237549
-7.267693996429443
-7.277805328369141
-7.2497663497924805
-7.153022766113281
-7.254446983337402
-7.235869884490967
-7.212817668914795
-7.274134635925293
-7.301739692687988
-7.208272933959961
-7.251650810241699
-7.245607376098633
-7.239970684051514
-7.268424987792969
-7.22951078414917
-7.257826805114746
-7.273257732391357
-7.194568634033203
-7.211398124694824
-7.258299350738525
-7.212867736816406
-7.26241397857666
-7.103281497955322
-7.137477397918701
-7.255790710449219
-7.248280048370361
-7.271306991577148
-7.20144510269165
-7.181967735290527
-7.243841648101807
-7.249701499938965
-7.295089244842529
-7.281510829925537
-7.309807300567627
-7.246853828430176
-7.212991714477539
-7.269247055053711
-7.256962776184082
-7.249767780303955
-7.183008193969727
-7.237305641174316
-7.262456893920898
-7.242187976837158
-7.287022113800049
-7.17749547958374
-7.269769668579102
-7.237810134887695
-7.258738994598389
-7.2930073738098145
-7.253814220428467
-7.259866237640381
-7.2492852210998535
-7.25072717666626
-7.2408528327941895
-7.292682647705078
-7.283668518066406
-7.3170013427734375
-7.232726097106934
-7.288088321685791
-7.267576694488525
-7.2696638107299805
-7.245390892028809
-7.264426231384277
-7.229440689086914
-7.262657642364502
-7.236763954162598
-7.2392258644104
-7.309560775756836
-7.251155853271484
-7.250844955444336
-7.292240619659424
-7.322043418884277
-7.25044059753418
-7.242372989654541
-7.2888569831848145
-7.283156871795654
-7.267552375793457
-7.279694557189941
-7.277684688568115
-7.206424236297607
-7.269204139709473
-7.278077125549316
-7.2519731521606445
-7.205540180206299
-7.2446064949035645
-7.273960113525391
-7.2300238609313965
-7.273506164550781
-7.25042200088501
-7.226185321807861
-7.278411388397217
-7.2387166023254395
-7.294016361236572
-7.2414727210998535
-7.269879341125488
-7.255100727081299
-7.236431121826172
-7.245930194854736
-7.286083221435547
-7.2297186851501465
-7.254779815673828
-7.280300617218018
-7.280664443969727
-7.297661781311035
-7.220221996307373
-7.273773670196533
-7.297873497009277
-7.229092597961426
-7.168360233306885
-7.279376983642578
-7.238670825958252
-7.247708797454834
-7.261268615722656
-7.282932281494141
-7.253667831420898
-7.267183780670166
-7.285632133483887
-7.1936445236206055
-7.22455358505249
-7.268159866333008
-7.2731404304504395
-7.1985907554626465
-7.232522010803223
-7.271002292633057
-7.262955188751221
-7.247983932495117
-7.246271133422852
-7.2801384925842285
-7.227602005004883
-7.286413669586182
-7.26302433013916
-7.264627933502197
-7.239402770996094
-7.264238357543945
-7.279935359954834
-7.270215034484863
-7.259244441986084
-7.305756568908691
-7.27569580078125
-7.26103401184082
-7.267932891845703
-7.249378681182861
-7.3062238693237305
-7.291553020477295
-7.281076908111572
-7.29969596862793
-7.256702899932861
-7.231150150299072
-7.2614641189575195
-7.2701287269592285
-7.305184841156006
-7.250290870666504
-7.265517711639404
-7.282913684844971
-7.252778053283691
-7.302650451660156
-7.247594833374023
-7.335613250732422
-7.226752281188965
-7.222123622894287
-7.251082420349121
-7.240289688110352
-7.19000244140625
-7.266632556915283
-7.273827075958252
-7.167160511016846
-7.25227689743042
-7.2041521072387695
-7.247282028198242
-7.262726306915283
-7.205827713012695
-7.260069370269775
-7.235389709472656
-7.221842288970947
-7.246159076690674
-7.2537007331848145
-7.258965969085693
-7.256385803222656
-7.263778209686279
-7.199574947357178
-7.283473014831543
-7.232808589935303
-7.212827205657959
-7.226480484008789
-7.259709358215332
-7.255538463592529
-7.278611183166504
-7.266470909118652
-7.185896873474121
-7.2223358154296875
-7.240577697753906
-7.290806293487549
-7.198479652404785
-7.196935176849365
-7.216235160827637
-7.265741348266602
-7.235138893127441
-7.212917327880859
-7.2473297119140625
-7.2637739181518555
-7.279760360717773
-7.278279781341553
-7.25182580947876
-7.258665561676025
-7.216837406158447
-7.259873390197754
-7.256947994232178
-7.197903633117676
-7.305283546447754
-7.245214462280273
-7.259059906005859
-7.235570430755615
-7.177298545837402
-7.25358247756958
-7.2640910148620605
-7.255325794219971
-7.29400634765625
-7.1872334480285645
-7.276203632354736
-7.235045433044434
-7.230867385864258
-7.266750335693359
-7.267679214477539
-7.304887294769287
-7.174310207366943
-7.2561540603637695
-7.245681285858154
-7.272822856903076
-7.214226245880127
-7.199087142944336
-7.269049644470215
-7.26792573928833
-7.208621978759766
-7.223845481872559
-7.275506973266602
-7.24708366394043
-7.172394752502441
-7.206839084625244
-7.232903480529785
-7.295897483825684
-7.16782283782959
-7.243544578552246
-7.211311340332031
-7.2123589515686035
-7.268307209014893
-7.258633613586426
-7.155045986175537
-7.265054702758789
-7.254682540893555
-7.232102870941162
-7.219744682312012
-7.286434173583984
-7.252176761627197
-7.275828838348389
-7.261220932006836
-7.253299236297607
-7.244106769561768
-7.230340003967285
-7.285281181335449
-7.25993537902832
-7.270210266113281
-7.266962051391602
-7.197814464569092
-7.216094970703125
-7.282588481903076
-7.287628650665283
-7.2191877365112305
-7.267665386199951
-7.28878116607666
-7.250973224639893
-7.255161285400391
-7.227423667907715
-7.271816253662109
-7.258082866668701
-7.214576721191406
-7.2349653244018555
-7.264980792999268
-7.224740028381348
-7.211171627044678
-7.261707782745361
-7.2084197998046875
-7.257425785064697
-7.2467265129089355
-7.269886016845703
-7.246260166168213
-7.296489238739014
-7.248154163360596
-7.266841411590576
-7.182206153869629
-7.25609016418457
-7.2575201988220215
-7.246980667114258
-7.19964599609375
-7.311839580535889
-7.255297660827637
-7.257142066955566
-7.268760681152344
-7.219058513641357
-7.236773490905762
-7.29739236831665
-7.241738796234131
-7.293633937835693
-7.198238372802734
-7.2105183601379395
-7.253266334533691
-7.249481678009033
-7.211882591247559
-7.293022632598877
-7.255472183227539
-7.303609371185303
-7.250237941741943
-7.277735710144043
-7.250446796417236
-7.248937129974365
-7.266618251800537
-7.25915002822876
-7.24785041809082
-7.250002861022949
-7.269852638244629
-7.253461837768555
-7.276658058166504
-7.273585796356201
-7.255359649658203
-7.275604248046875
-7.256676197052002
-7.281299114227295
-7.220251560211182
-7.254580020904541
-7.2407636642456055
-7.261107444763184
-7.23591423034668
-7.266692161560059
-7.277469158172607
-7.25512170791626
-7.248324394226074
-7.269808769226074
-7.281437397003174
-7.281268119812012
-7.224004745483398
-7.261291980743408
-7.270879745483398
-7.298018455505371
-7.222848415374756
-7.279226303100586
-7.234365463256836
-7.237603664398193
-7.182582378387451
-7.278834819793701
-7.318197250366211
-7.245949745178223
-7.284773826599121
-7.274148464202881
-7.302049160003662
-7.238717079162598
-7.261625289916992
-7.237919807434082
-7.253727436065674
-7.290044784545898
-7.282528877258301
-7.267069339752197
-7.242077350616455
-7.232223987579346
-7.2696709632873535
-7.265972137451172
-7.280458450317383
-7.229421138763428
-7.260715961456299
-7.258480072021484
-7.26416540145874
-7.168777942657471
-7.255817413330078
-7.244563102722168
-7.251838207244873
-7.284092903137207
-7.228650093078613
-7.327958106994629
-7.224185943603516
-7.194981575012207
-7.326051235198975
-7.2378106117248535
-7.256462574005127
-7.274101257324219
-7.309666156768799
-7.172671794891357
-7.224362373352051
-7.2364182472229
-7.273462295532227
-7.2293243408203125
-7.245176315307617
-7.18990421295166
-7.255602836608887
-7.231263160705566
-7.211266040802002
-7.232857704162598
-7.228460311889648
-7.260764122009277
-7.285087585449219
-7.248297691345215
-7.223295211791992
-7.228323459625244
-7.242525577545166
-7.272955417633057
-7.2836151123046875
-7.226264953613281
-7.215733528137207
-7.260618686676025
-7.278185844421387
-7.231076240539551
-7.1979079246521
-7.263848304748535
-7.291897773742676
-7.266423225402832
-7.237847805023193
-7.2534613609313965
-7.27520227432251
-7.244597911834717
-7.261938571929932
-7.207615375518799
-7.2519731521606445
-7.26480770111084
-7.271751403808594
-7.2608466148376465
-7.272237300872803
-7.259215354919434
-7.250359058380127
-7.261906623840332
-7.265871524810791
-7.258155822753906
-7.289090633392334
-7.284730911254883
-7.268908500671387
-7.242401599884033
-7.268983840942383
-7.321573734283447
-7.208830833435059
-7.17117977142334
-7.267314910888672
-7.244362831115723
-7.264008522033691
-7.236384391784668
-7.284490585327148
-7.296897888183594
-7.2122344970703125
-7.289090156555176
-7.261064529418945
-7.252438545227051
-7.283763885498047
-7.266863822937012
-7.262485504150391
-7.255533218383789
-7.286003589630127
-7.24077844619751
-7.253565311431885
-7.258277893066406
-7.296494960784912
-7.2335710525512695
-7.281490325927734
-7.274934768676758
-7.285734176635742
-7.255499839782715
-7.212788105010986
-7.2409281730651855
-7.190703392028809
-7.242778778076172
-7.233420372009277
-7.260546684265137
-7.269608974456787
-7.206906795501709
-7.26938533782959
-7.25675106048584
-7.2241716384887695
-7.230361461639404
-7.260479927062988
-7.243810653686523
-7.2333807945251465
-7.263117790222168
-7.246626377105713
-7.2634172439575195
-7.267578601837158
-7.28011417388916
-7.264701843261719
-7.16789436340332
-7.235093116760254
-7.259674072265625
-7.242162704467773
-7.297877311706543
-7.215700149536133
-7.254910469055176
-7.238074779510498
-7.197195529937744
-7.286569118499756
-7.256112575531006
-7.260079860687256
-7.2817888259887695
-7.249334335327148
-7.256557464599609
-7.266458988189697
-7.2764739990234375
-7.231992721557617
-7.26483154296875
-7.224040985107422
-7.256752967834473
-7.2160258293151855
-7.2676682472229
-7.218166351318359
-7.220184326171875
-7.260470867156982
-7.277738571166992
-7.222575664520264
-7.259664535522461
-7.2264018058776855
-7.231588840484619
-7.273273468017578
-7.236710071563721
-7.242166042327881
-7.291848659515381
-7.257277488708496
-7.29102897644043
-7.176757335662842
-7.2677321434021
-7.273617744445801
-7.235428333282471
-7.268894672393799
-7.261786460876465
-7.24871826171875
-7.286752700805664
-7.265390872955322
-7.264471054077148
-7.271825313568115
-7.288415431976318
-7.234704971313477
-7.253772735595703
-7.25815486907959
-7.250455379486084
-7.254765510559082
-7.253628730773926
-7.237461090087891
-7.241854190826416
-7.24324369430542
-7.256740093231201
-7.285752296447754
-7.23953914642334
-7.24599027633667
-7.263734817504883
-7.259840965270996
-7.2292985916137695
-7.2529988288879395
-7.22593879699707
-7.214974403381348
-7.256200790405273
-7.267369747161865
-7.2421555519104
-7.216660976409912
-7.274641990661621
-7.237570762634277
-7.252866744995117
-7.258706092834473
-7.2273149490356445
-7.214133262634277
-7.281927585601807
-7.211462020874023
-7.323311805725098
-7.12834358215332
-7.273092269897461
-7.265726566314697
-7.224795341491699
-7.181978702545166
-7.262988090515137
-7.282750129699707
-7.271698951721191
-7.204936981201172
-7.255029678344727
-7.188077926635742
-7.2487473487854
-7.197126865386963
-7.195453643798828
-7.223914623260498
-7.253859043121338
-7.173579216003418
-7.228713035583496
-7.14293098449707
-7.230711936950684
-7.168075084686279
-7.190006256103516
-7.220146179199219
-7.252086639404297
-7.22926664352417
-7.215557098388672
-7.22187614440918
-7.181367874145508
-7.2563276290893555
-7.238918304443359
-7.1454243659973145
-7.249170780181885
-7.2708539962768555
-7.251269340515137
-7.171905040740967
-7.284238815307617
-7.226469993591309
-7.299239158630371
-7.243388652801514
-7.15120267868042
-7.266358852386475
-7.1910858154296875
-7.2581281661987305
-7.303283214569092
-7.248128414154053
-7.193044185638428
-7.271060943603516
-7.22606086730957
-7.251502990722656
-7.258334636688232
-7.218862533569336
-7.208807945251465
-7.25214958190918
-7.276010513305664
-7.278642177581787
-7.260857582092285
-7.283041000366211
-7.194561004638672
-7.268893718719482
-7.260362148284912
-7.279898643493652
-7.235419273376465
-7.23179817199707
-7.355589866638184
-7.24481201171875
-7.222858905792236
-7.216736316680908
-7.196142196655273
-7.2235493659973145
-7.248927593231201
-7.216091156005859
-7.221133232116699
-7.291872501373291
-7.255868911743164
-7.184103965759277
-7.215449333190918
-7.245865345001221
-7.244234085083008
-7.205631256103516
-7.227310657501221
-7.266211032867432
-7.251716613769531
-7.283312797546387
-7.20063591003418
-7.240994453430176
-7.272263050079346
-7.264439582824707
-7.1950364112854
-7.283846855163574
-7.24819803237915
-7.276681900024414
-7.2067718505859375
-7.225016117095947
-7.244169235229492
-7.261477470397949
-7.244279861450195
-7.273860931396484
-7.268288612365723
-7.273685932159424
-7.273852825164795
-7.274275302886963
-7.2626800537109375
-7.26400899887085
-7.291146278381348
-7.225400447845459
-7.242821216583252
-7.272489070892334
-7.257957458496094
-7.246678829193115
-7.209854602813721
-7.215176582336426
-7.265480995178223
-7.257875442504883
-7.221323013305664
-7.265110969543457
-7.231992721557617
-7.314250469207764
-7.273878574371338
-7.292963981628418
-7.307458400726318
-7.289237976074219
-7.268062114715576
-7.131196022033691
-7.263944625854492
-7.316781520843506
-7.1948137283325195
-7.201488018035889
-7.295541763305664
-7.290782928466797
-7.257899284362793
-7.190115451812744
-7.213273048400879
-7.240370750427246
-7.262782573699951
-7.24560546875
-7.2318806648254395
-7.2827467918396
-7.229927062988281
-7.245406627655029
-7.20020866394043
-7.2248053550720215
-7.249087810516357
-7.28062105178833
-7.215987205505371
-7.263184547424316
-7.2384490966796875
-7.241753578186035
-7.220310688018799
-7.265829086303711
-7.286092758178711
-7.235659599304199
-7.257723331451416
-7.299159049987793
-7.302149772644043
-7.155993461608887
-7.276613712310791
-7.326596260070801
-7.278888702392578
-7.251507759094238
-7.290563583374023
-7.257934093475342
-7.237267017364502
-7.24561071395874
-7.283032417297363
-7.25074577331543
-7.288122653961182
-7.260976791381836
-7.247470855712891
-7.280001640319824
-7.263330459594727
-7.252193927764893
-7.278645992279053
-7.302313804626465
-7.228421211242676
-7.245894432067871
-7.263561248779297
-7.274440765380859
-7.2595391273498535
-7.273778915405273
-7.286535263061523
-7.256463050842285
-7.256260395050049
-7.244245529174805
-7.279314994812012
-7.294713497161865
-7.239963531494141
-7.272678375244141
-7.145437240600586
-7.247348785400391
-7.221782684326172
-7.31003999710083
-7.2016801834106445
-7.262819290161133
-7.267235279083252
-7.281476020812988
-7.260851860046387
-7.262335777282715
-7.229739189147949
-7.244848251342773
-7.262195110321045
-7.269840717315674
-7.296076774597168
-7.242542266845703
-7.250478744506836
-7.241021633148193
-7.313930034637451
-7.263881206512451
-7.229555606842041
-7.27156400680542
-7.270678520202637
-7.270303726196289
-7.252408504486084
-7.223097324371338
-7.301445960998535
-7.243988037109375
-7.244563102722168
-7.234411716461182
-7.252471446990967
-7.30503511428833
-7.219508171081543
-7.224575519561768
-7.272378444671631
-7.315793514251709
-7.287449359893799
-7.272091388702393
-7.292209625244141
-7.226694107055664
-7.259902477264404
-7.256560802459717
-7.262049198150635
-7.275556564331055
-7.30235481262207
-7.255668640136719
-7.26010274887085
-7.2385759353637695
-7.251441955566406
-7.244715690612793
-7.245467185974121
-7.265573501586914
-7.262466907501221
-7.208363056182861
-7.279739856719971
-7.1995344161987305
-7.25739860534668
-7.252415657043457
-7.246102809906006
-7.264621257781982
-7.2012834548950195
-7.237157821655273
-7.258166313171387
-7.245585918426514
-7.2485551834106445
-7.254117488861084
-7.266885757446289
-7.270122528076172
-7.270705223083496
-7.307372570037842
-7.226550579071045
-7.229819297790527
-7.268312931060791
-7.218770980834961
-7.24403715133667
-7.197898864746094
-7.233117580413818
-7.194416522979736
-7.184237957000732
-7.207027912139893
-7.277311325073242
-7.289562702178955
-7.172088146209717
-7.290321350097656
-7.199455738067627
-7.247528076171875
-7.255344390869141
-7.249957084655762
-7.171924114227295
-7.259471893310547
-7.251099109649658
-7.25620698928833
-7.262336254119873
-7.229805946350098
-7.262703895568848
-7.262516021728516
-7.246237277984619
-7.2450666427612305
-7.272451877593994
-7.240461349487305
-7.291588306427002
-7.274697780609131
-7.257458686828613
-7.280825138092041
-7.28945255279541
-7.245622634887695
-7.2436323165893555
-7.275417804718018
-7.227224349975586
-7.245944023132324
-7.27687406539917
-7.232419013977051
-7.252891540527344
-7.234898567199707
-7.260193824768066
-7.286827087402344
-7.204168796539307
-7.226146697998047
-7.281108856201172
-7.258583068847656
-7.244797229766846
-7.249340057373047
-7.257205009460449
-7.229140281677246
-7.2630228996276855
-7.258787631988525
-7.234964370727539
-7.261709690093994
-7.258388519287109
-7.253293514251709
-7.253053665161133
-7.26939058303833
-7.293583869934082
-7.263287544250488
-7.223114967346191
-7.263345241546631
-7.251803874969482
-7.260262489318848
-7.266168594360352
-7.247926235198975
-7.257574081420898
-7.278163433074951
-7.248238563537598
-7.264119625091553
-7.280735969543457
-7.291329860687256
-7.210996150970459
-7.214244842529297
-7.2832512855529785
-7.255380630493164
-7.294614791870117
-7.212008953094482
-7.233305931091309
-7.269682884216309
-7.268924236297607
-7.165822505950928
-7.2146077156066895
-7.334270000457764
-7.232907295227051
-7.164449691772461
-7.137664318084717
-7.186781883239746
-7.256224632263184
-7.178542613983154
-7.178018569946289
-7.263391017913818
-7.274296760559082
-7.258564472198486
-7.261754512786865
-7.259124279022217
-7.263187885284424
-7.2321062088012695
-7.201229095458984
-7.228325366973877
-7.240920066833496
-7.268167972564697
-7.207781791687012
-7.273224830627441
-7.232771873474121
-7.227149963378906
-7.220293045043945
-7.2556891441345215
-7.269789218902588
-7.249483585357666
-7.270335674285889
-7.263388633728027
-7.288033962249756
-7.249638080596924
-7.274010181427002
-7.256421089172363
-7.294856548309326
-7.237776279449463
-7.265214443206787
-7.269695281982422
-7.333504676818848
-7.223104953765869
-7.228710651397705
-7.28688383102417
-7.225798606872559
-7.241513729095459
-7.2317376136779785
-7.273125648498535
-7.260216236114502
-7.251468181610107
-7.260968208312988
-7.252252101898193
-7.278994560241699
-7.188312530517578
-7.295825481414795
-7.18800687789917
-7.2793169021606445
-7.23423957824707
-7.230060577392578
-7.278789520263672
-7.25187873840332
-7.272738456726074
-7.153968334197998
-7.233181476593018
-7.269885063171387
-7.230307579040527
-7.193819999694824
-7.284966468811035
-7.280267238616943
-7.238877773284912
-7.249182224273682
-7.260537624359131
-7.2220540046691895
-7.238824844360352
-7.266357421875
-7.2515153884887695
-7.201054573059082
-7.272212505340576
-7.2961249351501465
-7.2213134765625
-7.251391887664795
-7.28593111038208
-7.274252891540527
-7.243112087249756
-7.22963285446167
-7.271759986877441
-7.243642807006836
-7.212693214416504
-7.2707648277282715
-7.298299312591553
-7.269136905670166
-7.244368553161621
-7.2715301513671875
-7.248199462890625
-7.245800495147705
-7.276043891906738
-7.255222797393799
-7.269468784332275
-7.2739176750183105
-7.233340740203857
-7.2342448234558105
-7.254194259643555
-7.252172470092773
-7.251542568206787
-7.233984470367432
-7.237265110015869
-7.269463062286377
-7.206478118896484
-7.26303768157959
-7.267730236053467
-7.282176494598389
-7.222128868103027
-7.249537467956543
-7.261737823486328
-7.282421112060547
-7.2386603355407715
-7.282686710357666
-7.283725738525391
-7.2570085525512695
-7.284122943878174
-7.2544026374816895
-7.24688720703125
-7.286318778991699
-7.214445114135742
-7.284202575683594
-7.267117023468018
-7.252485275268555
-7.230614185333252
-7.21522855758667
-7.274815559387207
-7.229646682739258
-7.246700763702393
-7.273131370544434
-7.267364978790283
-7.267775535583496
-7.255794048309326
-7.246932029724121
-7.240119457244873
-7.238985061645508
-7.29914665222168
-7.161093711853027
-7.247087478637695
-7.257338047027588
-7.244180202484131
-7.275853157043457
-7.226479530334473
-7.269032001495361
-7.292873859405518
-7.262101173400879
-7.244838714599609
-7.294103622436523
-7.251209735870361
-7.157266139984131
-7.200595855712891
-7.2555437088012695
-7.2279510498046875
-7.13580846786499
-7.240273952484131
-7.261178016662598
-7.271245002746582
-7.175051689147949
-7.286560535430908
-7.244985580444336
-7.270742416381836
-7.265625476837158
-7.232841968536377
-7.247368335723877
-7.244570732116699
-7.263433933258057
-7.243506908416748
-7.24614953994751
-7.237936019897461
-7.273080825805664
-7.271104335784912
-7.252542018890381
-7.205521583557129
-7.242190361022949
-7.240467071533203
-7.226318836212158
-7.232824325561523
-7.261112213134766
-7.256931304931641
-7.2830095291137695
-7.215293884277344
-7.204797744750977
-7.247537136077881
-7.2471604347229
-7.196068286895752
-7.243738651275635
-7.264763832092285
-7.257851600646973
-7.254461288452148
-7.258908271789551
-7.257794380187988
-7.287763595581055
-7.265709400177002
-7.2237677574157715
-7.235721111297607
-7.24181604385376
-7.251071929931641
-7.2797980308532715
-7.261865139007568
-7.23339319229126
-7.283182621002197
-7.250602722167969
-7.239645957946777
-7.270021915435791
-7.241887092590332
-7.260987758636475
-7.272637367248535
-7.262866973876953
-7.224576950073242
-7.258856773376465
-7.278636455535889
-7.255895614624023
-7.23101806640625
-7.236481666564941
-7.248020172119141
-7.313870906829834
-7.192406177520752
-7.257302761077881
-7.25195837020874
-7.247345447540283
-7.208371639251709
-7.2200517654418945
-7.291596412658691
-7.2227911949157715
-7.237048149108887
-7.230292320251465
-7.257320880889893
-7.183964729309082
-7.293635368347168
-7.2662739753723145
-7.263107776641846
-7.220531940460205
-7.249172687530518
-7.2908220291137695
-7.25687313079834
-7.2699761390686035
-7.25498104095459
-7.26397180557251
-7.241098403930664
-7.262099742889404
-7.301294326782227
-7.331584930419922
-7.196007251739502
-7.2562103271484375
-7.311291217803955
-7.269428253173828
-7.215497970581055
-7.1965107917785645
-7.282659530639648
-7.259020805358887
-7.17615270614624
-7.233509063720703
-7.276705741882324
-7.225548267364502
-7.303219318389893
-7.160279750823975
-7.187839508056641
-7.2568135261535645
-7.2363176345825195
-7.249752044677734
-7.204185962677002
-7.249870777130127
-7.260985374450684
-7.245757102966309
-7.262152671813965
-7.270105361938477
-7.203937530517578
-7.2609543800354
-7.281173229217529
-7.215777397155762
-7.2200236320495605
-7.241581439971924
-7.255715370178223
-7.248235702514648
-7.11852502822876
-7.3142523765563965
-7.182929515838623
-7.272702217102051
-7.234203338623047
-7.199955940246582
-7.236845970153809
-7.214883804321289
-7.256257057189941
-7.236786842346191
-7.244546413421631
-7.271817684173584
-7.212570667266846
-7.23144006729126
-7.201176166534424
-7.244175434112549
-7.245260238647461
-7.2251877784729
-7.270505428314209
-7.234915256500244
-7.247975826263428
-7.242769718170166
-7.278220176696777
-7.2718610763549805
-7.2793073654174805
-7.291313171386719
-7.2291436195373535
-7.2422356605529785
-7.246209144592285
-7.252397537231445
-7.272768497467041
-7.267078876495361
-7.270628929138184
-7.256006717681885
-7.3053669929504395
-7.268786430358887
-7.283699035644531
-7.199671268463135
-7.295135021209717
-7.2638983726501465
-7.252122402191162
-7.240363121032715
-7.303680896759033
-7.245919704437256
-7.295269966125488
-7.288524150848389
-7.330058574676514
-7.187737941741943
-7.285333156585693
-7.282501220703125
-7.254395484924316
-7.256770133972168
-7.250513553619385
-7.258969306945801
-7.25866174697876
-7.217593669891357
-7.254525661468506
-7.265887260437012
-7.252915859222412
-7.268703460693359
-7.247286319732666
-7.235116958618164
-7.285109043121338
-7.221925735473633
-7.274011611938477
-7.231895446777344
-7.290543079376221
-7.278006553649902
-7.196954250335693
-7.245680809020996
-7.269667148590088
-7.246109485626221
-7.245794296264648
-7.30678129196167
-7.252505302429199
-7.230814456939697
-7.289793014526367
-7.197530269622803
-7.22226619720459
-7.251733303070068
-7.245070934295654
-7.244049072265625
-7.261124134063721
-7.2462053298950195
-7.265589237213135
-7.277246952056885
-7.255476951599121
-7.25396203994751
-7.241173267364502
-7.24690580368042
-7.232231616973877
-7.278329849243164
-7.257569313049316
-7.26582670211792
-7.254180431365967
-7.2681097984313965
-7.241026401519775
-7.2771477699279785
-7.251965522766113
-7.263959884643555
-7.280766010284424
-7.308892250061035
-7.30068826675415
-7.300313472747803
-7.225834369659424
-7.25277042388916
-7.19011926651001
-7.227148532867432
-7.233651161193848
-7.22578239440918
-7.27854585647583
-7.272458553314209
-7.245448589324951
-7.274667263031006
-7.256848335266113
-7.232135772705078
-7.271628379821777
-7.219894886016846
-7.1676554679870605
-7.229307651519775
-7.287397861480713
-7.23095178604126
-7.186680793762207
-7.249724864959717
-7.291993141174316
-7.261115550994873
-7.285302639007568
-7.219909191131592
-7.301835060119629
-7.245062351226807
-7.278518199920654
-7.255430221557617
-7.246130466461182
-7.225575923919678
-7.262785911560059
-7.2922163009643555
-7.274085521697998
-7.24026346206665
-7.262904644012451
-7.256783962249756
-7.265509605407715
-7.264714241027832
-7.256049633026123
-7.254516124725342
-7.262063980102539
-7.270612716674805
-7.242104530334473
-7.239986896514893
-7.248067378997803
-7.261946678161621
-7.267125129699707
-7.243452548980713
-7.247391700744629
-7.238068580627441
-7.243484973907471
-7.248312950134277
-7.247014045715332
-7.2805705070495605
-7.261492729187012
-7.196142673492432
-7.246261119842529
-7.271424293518066
-7.21119499206543
-7.269972324371338
-7.227113246917725
-7.258079528808594
-7.238532066345215
-7.233891487121582
-7.300702095031738
-7.269130229949951
-7.2765302658081055
-7.273043155670166
-7.2692437171936035
-7.263542175292969
-7.200087070465088
-7.240550994873047
-7.259790420532227
-7.257533550262451
-7.270318031311035
-7.2556023597717285
-7.234285831451416
-7.233646869659424
-7.26551628112793
-7.243139743804932
-7.269946575164795
-7.265791893005371
-7.263797760009766
-7.292268753051758
-7.233414649963379
-7.26083517074585
-7.248126029968262
-7.239267826080322
-7.206560134887695
-7.257835865020752
-7.277814865112305
-7.259654998779297
-7.259146690368652
-7.177892208099365
-7.264507293701172
-7.262840270996094
-7.264122486114502
-7.2880330085754395
-7.254574298858643
-7.270398139953613
-7.213551998138428
-7.2765069007873535
-7.2352399826049805
-7.2892560958862305
-7.25581693649292
-7.26874303817749
-7.2680864334106445
-7.280181407928467
-7.286694049835205
-7.2866926193237305
-7.271089553833008
-7.258603572845459
-7.247706413269043
-7.284478187561035
-7.288396835327148
-7.271583080291748
-7.246481418609619
-7.264520645141602
-7.248249530792236
-7.181272983551025
-7.296087741851807
-7.227881908416748
-7.240100860595703
-7.202645301818848
-7.261809825897217
-7.264301776885986
-7.257668972015381
-7.244776248931885
-7.234626770019531
-7.19159460067749
-7.271969318389893
-7.265577793121338
-7.288153171539307
-7.148001194000244
-7.135383129119873
-7.263663291931152
-7.217400550842285
-7.236950874328613
-7.222865104675293
-7.292459487915039
-7.265375137329102
-7.25667142868042
-7.264198303222656
-7.210148334503174
-7.262056350708008
-7.236073017120361
-7.241491317749023
-7.227811813354492
-7.269003391265869
-7.273050785064697
-7.256762504577637
-7.225641250610352
-7.191277027130127
-7.257430553436279
-7.280729293823242
-7.197190284729004
-7.257422924041748
-7.222927093505859
-7.258387088775635
-7.1996378898620605
-7.288633346557617
-7.264723300933838
-7.265503883361816
-7.245440483093262
-7.284351825714111
-7.258044719696045
-7.26796817779541
-7.262330055236816
-7.2887420654296875
-7.265904903411865
-7.262097358703613
-7.255054950714111
-7.263211250305176
-7.267377853393555
-7.273334503173828
-7.245673179626465
-7.278667449951172
-7.243324279785156
-7.224413871765137
-7.260167121887207
-7.242074966430664
-7.243804454803467
-7.267045974731445
-7.244619369506836
-7.267703533172607
-7.288217544555664
-7.264601707458496
-7.269968509674072
-7.25078821182251
-7.202457904815674
-7.268141746520996
-7.310940265655518
-7.274704456329346
-7.248404502868652
-7.309985637664795
-7.208771705627441
-7.158334732055664
-7.214672088623047
-7.2652201652526855
-7.2482099533081055
-7.239698886871338
-7.239712238311768
-7.233184814453125
-7.270654201507568
-7.26461124420166
-7.271044731140137
-7.217687129974365
-7.264826774597168
-7.260068893432617
-7.231644630432129
-7.298424243927002
-7.26242733001709
-7.228264808654785
-7.265334606170654
-7.275458812713623
-7.281014919281006
-7.247824192047119
-7.261219024658203
-7.2701897621154785
-7.273275375366211
-7.271154403686523
-7.280770778656006
-7.280168056488037
-7.2389020919799805
-7.227924823760986
-7.246701717376709
-7.314945220947266
-7.221915245056152
-7.237685203552246
-7.2738871574401855
-7.2685933113098145
-7.276137828826904
-7.231525421142578
-7.27640962600708
-7.264625072479248
-7.262526035308838
-7.261821269989014
-7.240049362182617
-7.271767616271973
-7.241820335388184
-7.265808582305908
-7.257188320159912
-7.270267486572266
-7.241805553436279
-7.262261390686035
-7.265781402587891
-7.252346038818359
-7.256150722503662
-7.285378932952881
-7.2447686195373535
-7.254766941070557
-7.277560234069824
-7.295049667358398
-7.238336563110352
-7.235372066497803
-7.204361915588379
-7.275002479553223
-7.23098611831665
-7.215332508087158
-7.263089179992676
-7.279242515563965
-7.23662805557251
-7.23884391784668
-7.245392322540283
-7.271720886230469
-7.247992992401123
-7.250368118286133
-7.247553825378418
-7.287761688232422
-7.252007484436035
-7.275840759277344
-7.2405290603637695
-7.256089210510254
-7.277656555175781
-7.261898040771484
-7.207131862640381
-7.262668132781982
-7.305488586425781
-7.241148471832275
-7.232494354248047
-7.296151638031006
-7.262038230895996
-7.242215156555176
-7.246702194213867
-7.270063400268555
-7.216337203979492
-7.253940582275391
-7.274075984954834
-7.211607933044434
-7.28170108795166
-7.266980171203613
-7.240675449371338
-7.284726142883301
-7.212053298950195
-7.244817733764648
-7.270264625549316
-7.266362190246582
-7.261481761932373
-7.189611911773682
-7.1787519454956055
-7.261101722717285
-7.278631210327148
-7.223199367523193
-7.191028594970703
-7.270807266235352
-7.266613960266113
-7.185863494873047
-7.254145622253418
-7.22722864151001
-7.294085502624512
-7.246415615081787
-7.148324489593506
-7.21127986907959
-7.231531620025635
-7.258449554443359
-7.278971195220947
-7.181140422821045
-7.275610446929932
-7.257592678070068
-7.269807815551758
-7.265838146209717
-7.184670448303223
-7.1970534324646
-7.227362632751465
-7.262925148010254
-7.235816955566406
-7.19301176071167
-7.221469879150391
-7.267693042755127
-7.264121055603027
-7.254199028015137
-7.1683197021484375
-7.267314910888672
-7.264297008514404
-7.245148658752441
-7.27679967880249
-7.2801313400268555
-7.259394645690918
-7.270752429962158
-7.2544474601745605
-7.270571231842041
-7.286839962005615
-7.160884857177734
-7.233915328979492
-7.27134370803833
-7.224297523498535
-7.245927810668945
-7.23072624206543
-7.283625602722168
-7.257377624511719
-7.277003288269043
-7.1737060546875
-7.318850040435791
-7.251917839050293
-7.28183126449585
-7.235536098480225
-7.235743522644043
-7.261324405670166
-7.24859094619751
-7.238903522491455
-7.264522075653076
-7.231712818145752
-7.301451206207275
-7.268402099609375
-7.23292875289917
-7.26999568939209
-7.266421318054199
-7.282978057861328
-7.277490615844727
-7.286838054656982
-7.2480573654174805
-7.229790210723877
-7.289051055908203
-7.270543575286865
-7.260058879852295
-7.234499454498291
-7.287364959716797
-7.258305549621582
-7.2520365715026855
-7.247193813323975
-7.165422439575195
-7.240184307098389
-7.265264511108398
-7.2680559158325195
-7.04339075088501
-7.2285027503967285
-7.281518459320068
-7.214922904968262
-7.126795768737793
-7.221921443939209
-7.294858932495117
-7.238992214202881
-7.250609874725342
-7.2476487159729
-7.282143592834473
-7.250216484069824
-7.27631950378418
-7.275474548339844
-7.236102104187012
-7.255478858947754
-7.268721103668213
-7.219200611114502
-7.249817371368408
-7.273757457733154
-7.255035400390625
-7.293722152709961
-7.256494045257568
-7.205901145935059
-7.251930236816406
-7.219443321228027
-7.2593994140625
-7.262890338897705
-7.236192226409912
-7.248861312866211
-7.235987663269043
-7.260686874389648
-7.278669834136963
-7.172150135040283
-7.169320583343506
-7.250685691833496
-7.279284954071045
-7.201842308044434
-7.211942195892334
-7.1741108894348145
-7.252231121063232
-7.210204601287842
-7.2344136238098145
-7.246201038360596
-7.273472309112549
-7.197477340698242
-7.223301887512207
-7.2171783447265625
-7.233703136444092
-7.246471405029297
-7.23663854598999
-7.25209379196167
-7.256629943847656
-7.2216620445251465
-7.252659797668457
-7.248291492462158
-7.265024662017822
-7.268690586090088
-7.2607340812683105
-7.232607364654541
-7.253144264221191
-7.254725933074951
-7.272923469543457
-7.258965492248535
-7.24965763092041
-7.284903526306152
-7.2525553703308105
-7.265020370483398
-7.294243812561035
-7.2419586181640625
-7.261943340301514
-7.277111053466797
-7.233359336853027
-7.269134521484375
-7.279354095458984
-7.215892791748047
-7.279898643493652
-7.271740913391113
-7.237088203430176
-7.231309413909912
-7.257418632507324
-7.284456253051758
-7.255173206329346
-7.291098117828369
-7.282964706420898
-7.2744245529174805
-7.283458709716797
-7.263464450836182
-7.247868061065674
-7.284570217132568
-7.255459308624268
-7.232779502868652
-7.265491008758545
-7.262424468994141
-7.268652439117432
-7.285411357879639
-7.289290428161621
-7.203906536102295
-7.267643928527832
-7.261183738708496
-7.224376678466797
-7.28338623046875
-7.293986797332764
-7.287266731262207
-7.265874862670898
-7.230871677398682
-7.205325126647949
-7.2312846183776855
-7.292791366577148
-7.227208614349365
-7.183502674102783
-7.273913383483887
-7.221637725830078
-7.187339782714844
-7.258376598358154
-7.2823638916015625
-7.264899253845215
-7.2672438621521
-7.2415080070495605
-7.23898983001709
-7.226638317108154
-7.271191120147705
-7.31329870223999
-7.187254428863525
-7.17694616317749
-7.269103050231934
-7.280878067016602
-7.21305513381958
-7.142463684082031
-7.2411699295043945
-7.227075576782227
-7.237640857696533
-7.199921607971191
-7.181924819946289
-7.160377025604248
-7.292336463928223
-7.274179935455322
-7.070556163787842
-7.058391094207764
-7.218167781829834
-7.2458086013793945
-7.208062648773193
-7.1148271560668945
-7.187593936920166
-7.267812728881836
-7.251778602600098
-7.178802967071533
-7.168081283569336
-7.270330905914307
-7.236128330230713
-7.219918251037598
-7.27519416809082
-7.22353982925415
-7.262406349182129
-7.245607376098633
-7.209402084350586
-7.233141899108887
-7.282501697540283
-7.243182182312012
-7.259703636169434
-7.252307891845703
-7.267874240875244
-7.259367942810059
-7.276002407073975
-7.316613674163818
-7.233035087585449
-7.228244781494141
-7.207327365875244
-7.233188152313232
-7.223542213439941
-7.221792697906494
-7.238909721374512
-7.265839576721191
-7.228042125701904
-7.0310797691345215
-7.041634559631348
-7.212405204772949
-7.223553657531738
-7.196005344390869
-7.1115617752075195
-7.193647384643555
-7.24906587600708
-7.23953104019165
-7.220346927642822
-7.190328121185303
-7.15644645690918
-7.261306285858154
-7.231133460998535
-7.254527568817139
-7.17763090133667
-7.269519329071045
-7.267402172088623
-7.28248405456543
-7.244697570800781
-7.265039920806885
-7.326455593109131
-7.321910381317139
-7.274704456329346
-7.267967700958252
-7.225644111633301
-7.228867530822754
-7.271452903747559
-7.27327823638916
-7.200777053833008
-7.215426921844482
-7.231220722198486
-7.2581305503845215
-7.2694926261901855
-7.207749366760254
-7.222363471984863
-7.244667053222656
-7.256237506866455
-7.268457412719727
-7.208677291870117
-7.258082866668701
-7.2561798095703125
-7.25124454498291
-7.257884979248047
-7.2834062576293945
-7.280155658721924
-7.2430243492126465
-7.243110656738281
-7.303813934326172
-7.279174327850342
-7.275114059448242
-7.341135501861572
-7.222508907318115
-7.172080993652344
-7.222348690032959
-7.2447590827941895
-7.288256645202637
-7.232436656951904
-7.17167329788208
-7.2126898765563965
-7.265317440032959
-7.269460678100586
-7.2271952629089355
-7.281311511993408
-7.203527927398682
-7.25347900390625
-7.259356498718262
-7.2498626708984375
-7.129793643951416
-7.2335205078125
-7.2690863609313965
-7.250155448913574
-7.248987197875977
-7.200248718261719
-7.2406110763549805
-7.266095161437988
-7.269179821014404
-7.263764381408691
-7.2107110023498535
-7.273584842681885
-7.263462066650391
-7.255385398864746
-7.249809265136719
-7.27632474899292
-7.233250617980957
-7.25784969329834
-7.292360305786133
-7.241825580596924
-7.240821361541748
-7.240383625030518
-7.281265735626221
-7.2537055015563965
-7.272505283355713
-7.246442794799805
-7.280570030212402
-7.266210079193115
-7.270968914031982
-7.27259635925293
-7.24983024597168
-7.264662265777588
-7.245474338531494
-7.246243000030518
-7.2430877685546875
-7.297107219696045
-7.283369064331055
-7.269225120544434
-7.226479530334473
-7.271693706512451
-7.27415657043457
-7.266173839569092
-7.266546726226807
-7.271712779998779
-7.2635626792907715
-7.228853225708008
-7.272984981536865
-7.289774417877197
-7.223155498504639
-7.2616119384765625
-7.2653985023498535
-7.243333339691162
-7.248956680297852
-7.242837905883789
-7.259091377258301
-7.28308629989624
-7.244636058807373
-7.27071475982666
-7.240808486938477
-7.252391815185547
-7.290779113769531
-7.266320705413818
-7.285694599151611
-7.2475810050964355
-7.220224380493164
-7.250802040100098
-7.280129909515381
-7.204362869262695
-7.223667144775391
-7.181306838989258
-7.228675365447998
-7.271811008453369
-7.274828910827637
-7.273694038391113
-7.228369235992432
-7.248847484588623
-7.2630934715271
-7.2258195877075195
-7.213315963745117
-7.268970489501953
-7.261191368103027
-7.279491901397705
-7.261319160461426
-7.28550386428833
-7.2827839851379395
-7.235061168670654
-7.243325710296631
-7.255346298217773
-7.272871494293213
-7.235010623931885
-7.244980335235596
-7.249415397644043
-7.297852993011475
-7.27159309387207
-7.303619861602783
-7.253948211669922
-7.231950759887695
-7.2399468421936035
-7.237239837646484
-7.233328819274902
-7.259519100189209
-7.252321720123291
-7.250431060791016
-7.262160301208496
-7.265910625457764
-7.268639087677002
-7.261673450469971
-7.22269344329834
-7.2477803230285645
-7.269472599029541
-7.267732620239258
-7.256707191467285
-7.277232646942139
-7.265120029449463
-7.297107696533203
-7.1947126388549805
-7.265460968017578
-7.2420501708984375
-7.310903549194336
-7.244429111480713
-7.3019890785217285
-7.305250644683838
-7.263262748718262
-7.205237865447998
-7.27684211730957
-7.265830039978027
-7.217616081237793
-7.294543743133545
-7.25053071975708
-7.282620906829834
-7.226712703704834
-7.244256019592285
-7.30760383605957
-7.278905868530273
-7.248026371002197
-7.237483501434326
-7.225949764251709
-7.270931243896484
-7.250176906585693
-7.232396602630615
-7.263472557067871
-7.271610260009766
-7.267975330352783
-7.249003887176514
-7.233615398406982
-7.255523204803467
-7.257104396820068
-7.271501064300537
-7.198125839233398
-7.234410285949707
-7.236484527587891
-7.246875286102295
-7.219763278961182
-7.2293243408203125
-7.255495071411133
-7.267086982727051
-7.259032249450684
-7.26181173324585
-7.227218151092529
-7.211956977844238
-7.265102863311768
-7.2626729011535645
-7.266009330749512
-7.238621711730957
-7.279341697692871
-7.275466442108154
-7.281452178955078
-7.267980575561523
-7.25550651550293
-7.2180047035217285
-7.276329517364502
-7.2375617027282715
-7.287805080413818
-7.245419025421143
-7.236559867858887
-7.254733085632324
-7.273510456085205
-7.26806116104126
-7.256103038787842
-7.277722358703613
-7.252986431121826
-7.265575885772705
-7.241288661956787
-7.233956336975098
-7.251392841339111
-7.27235221862793
-7.255180835723877
-7.253200531005859
-7.263693332672119
-7.22884464263916
-7.29317569732666
-7.259263038635254
-7.215790748596191
-7.265670299530029
-7.264075756072998
-7.279574394226074
-7.243333339691162
-7.3102827072143555
-7.244884967803955
-7.187047481536865
-7.2191972732543945
-7.248693943023682
-7.219324111938477
-7.239969730377197
-7.240863800048828
-7.272925853729248
-7.258729457855225
-7.275825023651123
-7.2328057289123535
-7.252942085266113
-7.264287948608398
-7.257704734802246
-7.269964218139648
-7.272254943847656
-7.277857303619385
-7.247707843780518
-7.2147417068481445
-7.254406929016113
-7.27327823638916
-7.2457733154296875
-7.240756034851074
-7.269264221191406
-7.266757488250732
-7.233823299407959
-7.153689384460449
-7.266110420227051
-7.237081527709961
-7.256474018096924
-7.2234883308410645
-7.255718231201172
-7.260248184204102
-7.245221138000488
-7.24135684967041
-7.219335556030273
-7.234459400177002
-7.280528545379639
-7.233606338500977
-7.2293620109558105
-7.2381110191345215
-7.2710113525390625
-7.278660297393799
-7.300654411315918
-7.250912189483643
-7.215356826782227
-7.261890888214111
-7.301321506500244
-7.259583950042725
-7.177103042602539
-7.244358062744141
-7.267798900604248
-7.277818202972412
-7.217103004455566
-7.200388431549072
-7.253440856933594
-7.236151695251465
-7.240325927734375
-7.206776142120361
-7.288023471832275
-7.249054908752441
-7.269185543060303
-7.212174892425537
-7.302786827087402
-7.179046630859375
-7.226982116699219
-7.261910915374756
-7.217747688293457
-7.195194721221924
-7.28897762298584
-7.265806198120117
-7.249283790588379
-7.214715003967285
-7.27771520614624
-7.255980968475342
-7.279305934906006
-7.209497928619385
-7.274492263793945
-7.248600482940674
-7.241221904754639
-7.259696960449219
-7.265894412994385
-7.296016693115234
-7.26627254486084
-7.282136917114258
-7.262397289276123
-7.295442581176758
-7.2963385581970215
-7.221312046051025
-7.190336227416992
-7.268185615539551
-7.165647506713867
-7.223235607147217
-7.234034061431885
-7.205250263214111
-7.280578136444092
-7.2897515296936035
-7.267268180847168
-7.25958251953125
-7.277556896209717
-7.279153347015381
-7.263218402862549
-7.269866466522217
-7.251144886016846
-7.27155876159668
-7.251018524169922
-7.238791465759277
-7.259166717529297
-7.260406494140625
-7.210696220397949
-7.278384685516357
-7.249914646148682
-7.260786056518555
-7.238800048828125
-7.274706840515137
-7.266201972961426
-7.275943279266357
-7.245399475097656
-7.246659278869629
-7.273041725158691
-7.243478298187256
-7.238409519195557
-7.267960548400879
-7.274356842041016
-7.254310131072998
-7.275953769683838
-7.231520652770996
-7.275490760803223
-7.267847537994385
-7.238396644592285
-7.2434797286987305
-7.267590522766113
-7.268600940704346
-7.262162685394287
-7.2378010749816895
-7.184713363647461
-7.268039226531982
-7.25229549407959
-7.223418712615967
-7.283797264099121
-7.2728681564331055
-7.2736358642578125
-7.273430347442627
-7.240286827087402
-7.261881351470947
-7.210134506225586
-7.289026737213135
-7.252119064331055
-7.27340841293335
-7.234560966491699
-7.324789524078369
-7.242134094238281
-7.26253604888916
-7.285305976867676
-7.253535270690918
-7.194553375244141
-7.253384113311768
-7.243069648742676
-7.241308212280273
-7.292166709899902
-7.306530475616455
-7.265470504760742
-7.276914596557617
-7.29838752746582
-7.2061944007873535
-7.248342514038086
-7.232852458953857
-7.262583255767822
-7.299465179443359
-7.3015055656433105
-7.202610015869141
-7.195465087890625
-7.2501420974731445
-7.256381988525391
-7.240415573120117
-7.216723442077637
-7.283305644989014
-7.278495788574219
-7.264211177825928
-7.264579772949219
-7.265938758850098
-7.236756801605225
-7.242310523986816
-7.237891674041748
-7.282256126403809
-7.282205581665039
-7.29235315322876
-7.251087665557861
-7.2284770011901855
-7.261797904968262
-7.250467777252197
-7.229667663574219
-7.21225643157959
-7.238929748535156
-7.253494739532471
-7.270269393920898
-7.235790252685547
-7.213715076446533
-7.250922679901123
-7.259930610656738
-7.25749397277832
-7.288166522979736
-7.290052890777588
-7.247661590576172
-7.278042316436768
-7.265730857849121
-7.223083019256592
-7.248597621917725
-7.282000541687012
-7.173154830932617
-7.183229446411133
-7.245373249053955
-7.267096519470215
-7.266742706298828
-7.234039783477783
-7.251665115356445
-7.250238418579102
-7.291682243347168
-7.233340263366699
-7.265182971954346
-7.240495204925537
-7.199625015258789
-7.280575275421143
-7.263673782348633
-7.18021821975708
-7.176618576049805
-7.227664470672607
-7.246643543243408
-7.238937854766846
-7.2238311767578125
-7.177201747894287
-7.212268352508545
-7.265157699584961
-7.331571102142334
-7.1491498947143555
-7.07158088684082
-7.063222885131836
-7.218324184417725
-7.212900161743164
-7.025761604309082
-7.052644729614258
-7.211130619049072
-7.24564790725708
-7.281698226928711
-7.166081428527832
-7.162848472595215
-7.1809258460998535
-7.226383209228516
-7.232147216796875
-7.154545307159424
-7.181845664978027
-7.215063571929932
-7.26821231842041
-7.215646266937256
-7.260556697845459
-7.245975017547607
-7.159168243408203
-7.250712871551514
-7.256740093231201
-7.265014171600342
-7.168412685394287
-7.198681354522705
-7.258792400360107
-7.3339104652404785
-7.247981548309326
-7.143466472625732
-7.13818359375
-7.269648551940918
-7.237557411193848
-7.259670734405518
-7.166846752166748
-7.136286735534668
-7.257439136505127
-7.291176795959473
-7.217128753662109
-7.15753173828125
-7.29440975189209
-7.266739845275879
-7.284768104553223
-7.245136260986328
-7.236977577209473
-7.210299968719482
-7.231746673583984
-7.284872531890869
-7.215850830078125
-7.277737617492676
-7.192470550537109
-7.249148845672607
-7.257757663726807
-7.253460884094238
-7.190919876098633
-7.218217849731445
-7.222217559814453
-7.263744831085205
-7.240302085876465
-7.1429667472839355
-7.294159889221191
-7.276677131652832
-7.218153476715088
-7.261240005493164
-7.244134426116943
-7.213561058044434
-7.223839282989502
-7.247459888458252
-7.273330211639404
-7.278499603271484
-7.170166492462158
-7.3190155029296875
-7.252864837646484
-7.243227481842041
-7.326426982879639
-7.2421393394470215
-7.25754976272583
-7.256401538848877
-7.294728755950928
-7.240309715270996
-7.335394859313965
-7.232572078704834
-7.276366233825684
-7.271986961364746
-7.238295078277588
-7.262037754058838
-7.243224620819092
-7.254623889923096
-7.246341228485107
-7.2460618019104
-7.286776065826416
-7.273451805114746
-7.304353713989258
-7.175134658813477
-7.248834133148193
-7.271543502807617
-7.272733211517334
-7.280730724334717
-7.226922035217285
-7.240612983703613
-7.29329776763916
-7.25913143157959
-7.275104999542236
-7.318465232849121
-7.26738977432251
-7.211294174194336
-7.272469520568848
-7.247696876525879
-7.2785515785217285
-7.235871315002441
-7.242435932159424
-7.255238056182861
-7.254641532897949
-7.257236003875732
-7.272660732269287
-7.282174110412598
-7.232526779174805
-7.266403675079346
-7.248167037963867
-7.230058193206787
-7.27782678604126
-7.247603893280029
-7.2513604164123535
-7.23527193069458
-7.27146577835083
-7.2933125495910645
-7.262036323547363
-7.2520341873168945
-7.244421482086182
-7.2548933029174805
-7.230869293212891
-7.258011817932129
-7.287309646606445
-7.211777687072754
-7.2391357421875
-7.27182149887085
-7.2637529373168945
-7.265574932098389
-7.2487382888793945
-7.235990524291992
-7.2634758949279785
-7.297407150268555
-7.264947891235352
-7.252270221710205
-7.243752479553223
-7.241766929626465
-7.238783836364746
-7.258131980895996
-7.289914608001709
-7.275599002838135
-7.248578071594238
-7.2825422286987305
-7.262922763824463
-7.2544708251953125
-7.24552583694458
-7.281768798828125
-7.271395206451416
-7.306085586547852
-7.242990016937256
-7.202118873596191
-7.263864517211914
-7.292799949645996
-7.26779842376709
-7.231428623199463
-7.211411952972412
-7.245158672332764
-7.275245666503906
-7.28950834274292
-7.267762184143066
-7.247680187225342
-7.2362961769104
-7.271758079528809
-7.272194862365723
-7.27457332611084
-7.249213218688965
-7.235087871551514
-7.2693257331848145
-7.281511306762695
-7.251588344573975
-7.23250675201416
-7.250942230224609
-7.274358749389648
-7.247589111328125
-7.255779266357422
-7.270962715148926
-7.262393951416016
-7.245264053344727
-7.254405498504639
-7.276311874389648
-7.262401580810547
-7.27369499206543
-7.278316497802734
-7.253162860870361
-7.25502872467041
-7.285004615783691
-7.267673492431641
-7.261948585510254
-7.236576080322266
-7.268296241760254
-7.295439720153809
-7.311559200286865
-7.275324821472168
-7.254988193511963
-7.304800033569336
-7.289483070373535
-7.271442413330078
-7.166106224060059
-7.279880046844482
-7.294491767883301
-7.259036064147949
-7.228925704956055
-7.246335506439209
-7.251392841339111
-7.3214030265808105
-7.237234115600586
-7.214183807373047
-7.222635746002197
-7.277955532073975
-7.2449750900268555
-7.2262420654296875
-7.279056072235107
-7.252937316894531
-7.2788004875183105
-7.29282283782959
-7.245486259460449
-7.21845817565918
-7.249732494354248
-7.270402431488037
-7.21602201461792
-7.261819362640381
-7.207976341247559
-7.225729942321777
-7.25434684753418
-7.210199356079102
-7.183609485626221
-7.21149206161499
-7.242471218109131
-7.25369930267334
-7.216522216796875
-7.224709510803223
-7.253645420074463
-7.2561140060424805
-7.230639457702637
-7.195345401763916
-7.245116233825684
-7.269759654998779
-7.255283355712891
-7.258519172668457
-7.250271797180176
-7.275994777679443
-7.228539943695068
-7.240330696105957
-7.268675804138184
-7.2742815017700195
-7.28769588470459
-7.267098426818848
-7.141958713531494
-7.219062328338623
-7.230471611022949
-7.263443946838379
-7.259829998016357
-7.112840175628662
-7.174524307250977
-7.1539154052734375
-7.263271331787109
-7.234227180480957
-7.108506679534912
-7.091796398162842
-7.202358245849609
-7.2549238204956055
-7.237517833709717
-7.264952659606934
-7.160083770751953
-7.241538047790527
-7.27452278137207
-7.20267915725708
-7.282026767730713
-7.258187770843506
-7.256141185760498
-7.273369789123535
-7.289682388305664
-7.245324611663818
-7.263191223144531
-7.183079719543457
-7.2372565269470215
-7.283055305480957
-7.214412212371826
-7.252486705780029
-7.254044532775879
-7.257317543029785
-7.2831830978393555
-7.231618881225586
-7.284490585327148
-7.267402172088623
-7.244083404541016
-7.2626261711120605
-7.274091720581055
-7.239076137542725
-7.209813117980957
-7.254368305206299
-7.279495716094971
-7.177683353424072
-7.2567548751831055
-7.269179344177246
-7.265856742858887
-7.2667107582092285
-7.2560882568359375
-7.290423393249512
-7.303060531616211
-7.248859882354736
-7.245817184448242
-7.295016288757324
-7.258223533630371
-7.246608257293701
-7.23239278793335
-7.227621078491211
-7.280026435852051
-7.253389835357666
-7.267561912536621
-7.292010307312012
-7.269988059997559
-7.2654008865356445
-7.261249542236328
-7.258864402770996
-7.278590679168701
-7.272555351257324
-7.292469501495361
-7.220132350921631
-7.271800518035889
-7.251071929931641
-7.25568151473999
-7.243124485015869
-7.214560031890869
-7.266895294189453
-7.242707252502441
-7.227495193481445
-7.292150020599365
-7.303258895874023
-7.276344299316406
-7.250316143035889
-7.2824883460998535
-7.259134292602539
-7.221906661987305
-7.248132228851318
-7.2501983642578125
-7.266875743865967
-7.279333114624023
-7.290832042694092
-7.261690616607666
-7.242831707000732
-7.269740104675293
-7.258815765380859
-7.2328782081604
-7.262280464172363
-7.260576248168945
-7.2808942794799805
-7.25388240814209
-7.287086486816406
-7.285301208496094
-7.311112880706787
-7.229006767272949
-7.267897129058838
-7.291906356811523
-7.2639617919921875
-7.268253326416016
-7.296583652496338
-7.2828216552734375
-7.195237159729004
-7.293978691101074
-7.231841087341309
-7.256929874420166
-7.252776622772217
-7.276887893676758
-7.282580852508545
-7.273811340332031
-7.282578945159912
-7.2610764503479
-7.271735191345215
-7.2405595779418945
-7.226466655731201
-7.2558135986328125
-7.286602020263672
-7.255921840667725
-7.275214672088623
-7.269696235656738
-7.2349138259887695
-7.251006603240967
-7.26827335357666
-7.260847568511963
-7.262423038482666
-7.2671427726745605
-7.252597808837891
-7.269202709197998
-7.262423992156982
-7.230073928833008
-7.289246559143066
-7.276862621307373
-7.24201774597168
-7.2466816902160645
-7.247552871704102
-7.267735481262207
-7.280143737792969
-7.233637809753418
-7.257513999938965
-7.308703422546387
-7.213534355163574
-7.228009223937988
-7.241112232208252
-7.245677947998047
-7.246440887451172
-7.250894546508789
-7.2623114585876465
-7.236812591552734
-7.2696075439453125
-7.260444641113281
-7.274137496948242
-7.274245262145996
-7.279289245605469
-7.26652717590332
-7.296158790588379
-7.251346111297607
-7.2831501960754395
-7.260192394256592
-7.288388729095459
-7.237751007080078
-7.231635093688965
-7.269753932952881
-7.245366096496582
-7.2377777099609375
-7.268047332763672
-7.158572196960449
-7.286261081695557
-7.212892055511475
-7.282371520996094
-7.2371978759765625
-7.266761302947998
-7.258747100830078
-7.291682720184326
-7.229978561401367
-7.227756977081299
-7.250586986541748
-7.244637966156006
-7.276437759399414
-7.248509883880615
-7.254354953765869
-7.252260208129883
-7.299161911010742
-7.267642498016357
-7.279433250427246
-7.220209121704102
-7.275729656219482
-7.295130729675293
-7.2678141593933105
-7.257185935974121
-7.260286331176758
-7.24213171005249
-7.233656883239746
-7.25066614151001
-7.26815128326416
-7.25505256652832
-7.2952375411987305
-7.24623966217041
-7.2415385246276855
-7.256898880004883
-7.2490692138671875
-7.263314247131348
-7.241361618041992
-7.296475410461426
-7.247189998626709
-7.229525089263916
-7.25985860824585
-7.25553035736084
-7.239358901977539
-7.24710750579834
-7.25843620300293
-7.2558746337890625
-7.229456901550293
-7.236854553222656
-7.256266117095947
-7.237306594848633
-7.26521110534668
-7.218081951141357
-7.234436511993408
-7.269779682159424
-7.226083278656006
-7.233875274658203
-7.28652811050415
-7.268092632293701
-7.2403340339660645
-7.255840301513672
-7.259571075439453
-7.270542621612549
-7.2492995262146
-7.276398181915283
-7.279178619384766
-7.252028942108154
-7.241957664489746
-7.301030158996582
-7.300827980041504
-7.253252983093262
-7.252718925476074
-7.266341209411621
-7.259768009185791
-7.247161865234375
-7.187351226806641
-7.146700859069824
-7.258478164672852
-7.278526782989502
-7.310806751251221
-7.275074005126953
-7.23547887802124
-7.260744571685791
-7.263650894165039
-7.310614585876465
-7.271585941314697
-7.231357097625732
-7.258022308349609
-7.229587078094482
-7.289769172668457
-7.277832508087158
-7.284406661987305
-7.25326681137085
-7.249990463256836
-7.289798736572266
-7.252967357635498
-7.253220081329346
-7.267534255981445
-7.264387130737305
-7.2466654777526855
-7.266629219055176
-7.235086441040039
-7.2616143226623535
-7.26747465133667
-7.301873207092285
-7.227049827575684
-7.273887634277344
-7.257602214813232
-7.300194263458252
-7.248013973236084
-7.279570579528809
-7.260658264160156
-7.260085105895996
-7.237454891204834
-7.2443366050720215
-7.223721027374268
-7.191140174865723
-7.2783122062683105
-7.309261322021484
-7.229459285736084
-7.27684211730957
-7.284008502960205
-7.243707180023193
-7.283984661102295
-7.230932712554932
-7.2688188552856445
-7.26506233215332
-7.241918087005615
-7.2515339851379395
-7.260524749755859
-7.268030643463135
-7.228699207305908
-7.245069980621338
-7.272435188293457
-7.252425193786621
-7.208553791046143
-7.277959823608398
-7.278238773345947
-7.269296169281006
-7.189263343811035
-7.149932861328125
-7.215062141418457
-7.240869522094727
-7.207736492156982
-7.23288631439209
-7.236627578735352
-7.320863723754883
-7.306636333465576
-7.273853302001953
-7.233779430389404
-7.317739486694336
-7.274230480194092
-7.227563381195068
-7.2692108154296875
-7.22105598449707
-7.268130779266357
-7.230206489562988
-7.300356864929199
-7.264645576477051
-7.25206184387207
-7.2501959800720215
-7.2817864418029785
-7.251933574676514
-7.258538722991943
-7.2602057456970215
-7.24449348449707
-7.232543468475342
-7.253586292266846
-7.2547736167907715
-7.270654201507568
-7.25327205657959
-7.250373840332031
-7.2462053298950195
-7.275944709777832
-7.259547233581543
-7.244113445281982
-7.230881214141846
-7.29047966003418
-7.300232887268066
-7.281818866729736
-7.297585487365723
-7.239392280578613
-7.279019355773926
-7.24879264831543
-7.183527946472168
-7.229762077331543
-7.229015827178955
-7.267874717712402
-7.262293815612793
-7.313685894012451
-7.262460708618164
-7.2517499923706055
-7.302890300750732
-7.254942893981934
-7.265387535095215
-7.155908107757568
-7.19740629196167
-7.277665138244629
-7.231108665466309
-7.236194610595703
-7.28062629699707
-7.255348205566406
-7.2798614501953125
-7.281712055206299
-7.240272045135498
-7.269936561584473
-7.282297611236572
-7.255385875701904
-7.274792671203613
-7.284774303436279
-7.205563068389893
-7.23188591003418
-7.263023853302002
-7.2352423667907715
-7.2478790283203125
-7.223997592926025
-7.253293514251709
-7.244916915893555
-7.25922966003418
-7.317819595336914
-7.254295349121094
-7.3132710456848145
-7.227968215942383
-7.2276835441589355
-7.2729573249816895
-7.291842937469482
-7.261898517608643
-7.251334190368652
-7.241886615753174
-7.323501110076904
-7.228189468383789
-7.236039161682129
-7.28595495223999
-7.278552532196045
-7.236097812652588
-7.273651599884033
-7.268340110778809
-7.2264556884765625
-7.268750190734863
-7.299720287322998
-7.25359582901001
-7.27808952331543
-7.248785972595215
-7.314878463745117
-7.29820442199707
-7.23086404800415
-7.206260681152344
-7.312192916870117
-7.249391555786133
-7.267640113830566
-7.288150787353516
-7.271822929382324
-7.252806186676025
-7.26789665222168
-7.231400012969971
-7.274026393890381
-7.262313365936279
-7.271320819854736
-7.254178524017334
-7.303287506103516
-7.210211277008057
-7.318962574005127
-7.265172958374023
-7.245878219604492
-7.273432731628418
-7.259988307952881
-7.251899719238281
-7.29804801940918
-7.235614776611328
-7.279703140258789
-7.236809730529785
-7.231533527374268
-7.241024017333984
-7.272114276885986
-7.266086578369141
-7.25441312789917
-7.247603416442871
-7.2750420570373535
-7.223321914672852
-7.2801008224487305
-7.279741287231445
-7.252857208251953
-7.256392955780029
-7.282120704650879
-7.258713245391846
-7.289670944213867
-7.311990737915039
-7.285679340362549
-7.204106330871582
-7.2428083419799805
-7.2768378257751465
-7.25085973739624
-7.225964069366455
-7.2732462882995605
-7.27360200881958
-7.258264064788818
-7.1800994873046875
-7.259695529937744
-7.244065761566162
-7.232344627380371
-7.214835166931152
-7.2049713134765625
-7.275168418884277
-7.260255813598633
-7.238382816314697
-7.294357776641846
-7.277347564697266
-7.282633304595947
-7.283010005950928
-7.247827053070068
-7.247298240661621
-7.24472713470459
-7.271528244018555
-7.275412559509277
-7.2465901374816895
-7.208953857421875
-7.235718727111816
-7.280216217041016
-7.266167163848877
-7.235927104949951
-7.253082275390625
-7.266347408294678
-7.294931888580322
-7.2589592933654785
-7.2597575187683105
-7.251592636108398
-7.259947776794434
-7.278607368469238
-7.263451099395752
-7.276876926422119
-7.236623764038086
-7.2649126052856445
-7.241946697235107
-7.260570526123047
-7.2371697425842285
-7.238194465637207
-7.283709526062012
-7.243311882019043
-7.213906764984131
-7.201983451843262
-7.261763095855713
-7.282003879547119
-7.214552879333496
-7.257643699645996
-7.243178367614746
-7.28094482421875
-7.235235691070557
-7.2686381340026855
-7.243010520935059
-7.2769622802734375
-7.246410846710205
-7.265547752380371
-7.216061592102051
-7.250112056732178
-7.253181457519531
-7.218873023986816
-7.2046427726745605
-7.265635013580322
-7.250727653503418
-7.241759777069092
-7.233933925628662
-7.280895233154297
-7.252994537353516
-7.287843704223633
-7.267676830291748
-7.250186920166016
-7.257533073425293
-7.262588977813721
-7.269762992858887
-7.2669243812561035
-7.250469207763672
-7.249776840209961
-7.271281719207764
-7.253170967102051
-7.266587734222412
-7.25986385345459
-7.278528690338135
-7.259415626525879
-7.248616695404053
-7.245680332183838
-7.253030300140381
-7.279566287994385
-7.293362140655518
-7.261955261230469
-7.25650691986084
-7.310299396514893
-7.264982223510742
-7.270135402679443
-7.274345397949219
-7.250100135803223
-7.270451545715332
-7.237310886383057
-7.2456374168396
-7.2545294761657715
-7.238821983337402
-7.237796783447266
-7.281580448150635
-7.278903484344482
-7.295610427856445
-7.267449378967285
-7.275232315063477
-7.2650556564331055
-7.2865681648254395
-7.2547078132629395
-7.296648979187012
-7.253956317901611
-7.25507926940918
-7.285031318664551
-7.267978191375732
-7.243157386779785
-7.26538610458374
-7.220961570739746
-7.229732036590576
-7.269557476043701
-7.288802146911621
-7.243099689483643
-7.267136573791504
-7.310808181762695
-7.264864921569824
-7.251802921295166
-7.210577011108398
-7.308254241943359
-7.2444167137146
-7.193885803222656
-7.301336765289307
-7.206504821777344
-7.269314289093018
-7.206638336181641
-7.252366542816162
-7.2719502449035645
-7.310271739959717
-7.267930507659912
-7.238948345184326
-7.2454938888549805
-7.281452178955078
-7.268899440765381
-7.240211009979248
-7.220571517944336
-7.254863262176514
-7.269044876098633
-7.263992786407471
-7.256206512451172
-7.289266586303711
-7.327855587005615
-7.280930519104004
-7.208320617675781
-7.23636531829834
-7.2367119789123535
-7.221246242523193
-7.2757720947265625
-7.237109184265137
-7.272464752197266
-7.229321479797363
-7.195436000823975
-7.2426018714904785
-7.269872665405273
-7.245019435882568
-7.233713150024414
-7.252294540405273
-7.2534918785095215
-7.252732276916504
-7.260502338409424
-7.258212089538574
-7.215698719024658
-7.2448554039001465
-7.278632164001465
-7.243558406829834
-7.212788105010986
-7.203043460845947
-7.246896266937256
-7.2906107902526855
-7.264706611633301
-7.258089065551758
-7.216342926025391
-7.271709442138672
-7.265369892120361
-7.247646331787109
-7.263261318206787
-7.180199146270752
-7.254904270172119
-7.271209239959717
-7.253953456878662
-7.220125198364258
-7.274590492248535
-7.260246753692627
-7.262832164764404
-7.196560859680176
-7.183688163757324
-7.240993499755859
-7.254842281341553
-7.240164756774902
-7.244988918304443
-7.247807502746582
-7.259830951690674
-7.227846145629883
-7.254159927368164
-7.217800617218018
-7.262164115905762
-7.273094654083252
-7.271116733551025
-7.2941789627075195
-7.280507564544678
-7.271439552307129
-7.267741680145264
-7.278390884399414
-7.252501487731934
-7.283957004547119
-7.2483110427856445
-7.277931213378906
-7.158473491668701
-7.244050025939941
-7.261559009552002
-7.2246413230896
-7.231858730316162
-7.187772274017334
-7.249802589416504
-7.250934600830078
-7.202177047729492
-7.199271202087402
-7.265428066253662
-7.256150722503662
-7.240952968597412
-7.283509254455566
-7.223879814147949
-7.2825212478637695
-7.281002044677734
-7.204544544219971
-7.239604473114014
-7.283257484436035
-7.263208389282227
-7.220219612121582
-7.191661834716797
-7.233345031738281
-7.279177665710449
-7.241995811462402
-7.207518100738525
-7.2444987297058105
-7.232613563537598
-7.276473045349121
-7.232682704925537
-7.264491558074951
-7.251950263977051
-7.290334224700928
-7.285480499267578
-7.308164596557617
-7.271443843841553
-7.269199371337891
-7.257566928863525
-7.269354343414307
-7.290267467498779
-7.310457706451416
-7.238041877746582
-7.262078762054443
-7.239531517028809
-7.252163887023926
-7.228647708892822
-7.260962009429932
-7.252300262451172
-7.2440595626831055
-7.22985315322876
-7.2633280754089355
-7.266629219055176
-7.238449573516846
-7.276337623596191
-7.238055229187012
-7.250497817993164
-7.249320983886719
-7.279150009155273
-7.214890003204346
-7.269992351531982
-7.209688186645508
-7.215170383453369
-7.293850898742676
-7.27038049697876
-7.259334087371826
-7.21719217300415
-7.249882221221924
-7.294317722320557
-7.239835262298584
-7.257157325744629
-7.236542701721191
-7.1957106590271
-7.098895072937012
-7.2814717292785645
-7.269657611846924
-7.252467632293701
-7.230663299560547
-7.249414920806885
-7.245346546173096
-7.289217948913574
-7.208666801452637
-7.197610378265381
-7.187273025512695
-7.268106460571289
-7.239851474761963
-7.280938148498535
-7.192224025726318
-7.183943748474121
-7.255599021911621
-7.298101902008057
-7.275504112243652
-7.181301116943359
-7.291497230529785
-7.22565221786499
-7.249962329864502
-7.198472023010254
-7.19394063949585
-7.232977867126465
-7.291645050048828
-7.255430221557617
-7.232012748718262
-7.227397441864014
-7.258899688720703
-7.211538791656494
-7.197969436645508
-7.220822811126709
-7.2475080490112305
-7.239836692810059
-7.267427921295166
-7.261086940765381
-7.211453437805176
-7.177178382873535
-7.261019229888916
-7.254414081573486
-7.255741119384766
-7.2485761642456055
-7.2065277099609375
-7.239684581756592
-7.277451992034912
-7.207165718078613
-7.285505771636963
-7.313056945800781
-7.2703399658203125
-7.175882339477539
-7.319108486175537
-7.249666690826416
-7.27154016494751
-7.254162788391113
-7.250607967376709
-7.233606338500977
-7.279114723205566
-7.232294082641602
-7.197229862213135
-7.275827407836914
-7.22348165512085
-7.276620388031006
-7.259097576141357
-7.265636444091797
-7.256992816925049
-7.232805252075195
-7.254638671875
-7.278735160827637
-7.261966705322266
-7.251145839691162
-7.294106960296631
-7.219690322875977
-7.268218040466309
-7.277625560760498
-7.284721374511719
-7.278501510620117
-7.276428699493408
-7.266563892364502
-7.290350914001465
-7.23817253112793
-7.290314197540283
-7.281890392303467
-7.295605182647705
-7.195833206176758
-7.290017604827881
-7.277449131011963
-7.2509965896606445
-7.209366321563721
-7.247222900390625
-7.252924919128418
-7.249501705169678
-7.259872913360596
-7.25656270980835
-7.2455034255981445
-7.242539882659912
-7.245759963989258
-7.276727199554443
-7.266625881195068
-7.256427764892578
-7.260332107543945
-7.256988048553467
-7.251750946044922
-7.276125907897949
-7.261171340942383
-7.278011798858643
-7.268503665924072
-7.271731376647949
-7.252965927124023
-7.222043991088867
-7.298112392425537
-7.2609968185424805
-7.220048427581787
-7.2579665184021
-7.2489914894104
-7.249922752380371
-7.2769975662231445
-7.2387003898620605
-7.192573070526123
-7.242981433868408
-7.249207019805908
-7.292364120483398
-7.22337532043457
-7.260556697845459
-7.268187999725342
-7.272606372833252
-7.283071994781494
-7.274084568023682
-7.297301769256592
-7.235875606536865
-7.273051738739014
-7.264089107513428
-7.284224033355713
-7.265859603881836
-7.242453575134277
-7.232877731323242
-7.236517906188965
-7.260027885437012
-7.214871883392334
-7.272519588470459
-7.24972677230835
-7.282320022583008
-7.260453701019287
-7.253211975097656
-7.318224906921387
-7.268676280975342
-7.1988844871521
-7.1983561515808105
-7.277127265930176
-7.242998123168945
-7.214850425720215
-7.259256839752197
-7.257439613342285
-7.249208450317383
-7.225197792053223
-7.219789981842041
-7.21950626373291
-7.242287635803223
-7.247441291809082
-7.2539262771606445
-7.262684345245361
-7.2375946044921875
-7.267152786254883
-7.2886786460876465
-7.270713806152344
-7.293602466583252
-7.2762885093688965
-7.268738269805908
-7.261199951171875
-7.280258655548096
-7.26413106918335
-7.302753448486328
-7.2038984298706055
-7.265257835388184
-7.306914806365967
-7.235015392303467
-7.189670085906982
-7.275443077087402
-7.253917217254639
-7.297177791595459
-7.238859176635742
-7.2754058837890625
-7.270453453063965
-7.260570526123047
-7.2805938720703125
-7.272375583648682
-7.235527515411377
-7.2623090744018555
-7.282248497009277
-7.2620134353637695
-7.278900146484375
-7.254031658172607
-7.226498603820801
-7.26971435546875
-7.306264400482178
-7.220355033874512
-7.280955791473389
-7.283389091491699
-7.273924350738525
-7.24690055847168
-7.268392562866211
-7.216232776641846
-7.2700276374816895
-7.2264790534973145
-7.224220275878906
-7.2745866775512695
-7.244978904724121
-7.264593124389648
-7.26633358001709
-7.2775983810424805
-7.230458736419678
-7.267622947692871
-7.236534595489502
-7.217364311218262
-7.277328014373779
-7.293321132659912
-7.277904510498047
-7.26861572265625
-7.268876075744629
-7.246738433837891
-7.20254373550415
-7.262814521789551
-7.281754493713379
-7.2274556159973145
-7.338769912719727
-7.211109161376953
-7.305063724517822
-7.279201507568359
-7.28018856048584
-7.253881931304932
-7.230368614196777
-7.262272834777832
-7.287069320678711
-7.326615810394287
-7.209689617156982
-7.213976860046387
-7.251942157745361
-7.221096038818359
-7.17772102355957
-7.278326511383057
-7.26052188873291
-7.210204124450684
-7.2263946533203125
-7.249466419219971
-7.272967338562012
-7.31043004989624
-7.257506847381592
-7.2422776222229
-7.262077331542969
-7.288843154907227
-7.114744663238525
-7.150415420532227
-7.304812908172607
-7.258431434631348
-7.239625453948975
-7.179781436920166
-7.234421253204346
-7.266005516052246
-7.2206292152404785
-7.296024322509766
-7.264071464538574
-7.248513698577881
-7.250927448272705
-7.216731548309326
-7.227513313293457
-7.218781471252441
-7.220720291137695
-7.2364606857299805
-7.261440753936768
-7.261194705963135
-7.251935005187988
-7.249637126922607
-7.251413345336914
-7.266862392425537
-7.2774529457092285
-7.215502738952637
-7.241267681121826
-7.252761363983154
-7.247705459594727
-7.2467942237854
-7.243404865264893
-7.257028579711914
-7.27313756942749
-7.282200813293457
-7.27947998046875
-7.240909576416016
-7.279793739318848
-7.246879577636719
-7.26614236831665
-7.298887252807617
-7.232850074768066
-7.265257835388184
-7.310638427734375
-7.281973838806152
-7.245954990386963
-7.275407314300537
-7.234211444854736
-7.2727885246276855
-7.269476890563965
-7.245862007141113
-7.256743431091309
-7.262643337249756
-7.2496442794799805
-7.259880542755127
-7.2176713943481445
-7.283603668212891
-7.2920403480529785
-7.2627997398376465
-7.241123199462891
-7.222723960876465
-7.2590813636779785
-7.287789821624756
-7.254405498504639
-7.275125980377197
-7.245757579803467
-7.276238918304443
-7.250705242156982
-7.249206066131592
-7.265031337738037
-7.262394428253174
-7.289403438568115
-7.255529880523682
-7.2450690269470215
-7.246227741241455
-7.228193283081055
-7.242150783538818
-7.22919225692749
-7.254513263702393
-7.222856044769287
-7.240101337432861
-7.279061317443848
-7.250038146972656
-7.270161151885986
-7.282400608062744
-7.250462055206299
-7.286537170410156
-7.248730659484863
-7.25675106048584
-7.282995223999023
-7.3000335693359375
-7.271554470062256
-7.272043228149414
-7.256330966949463
-7.257689952850342
-7.241091251373291
-7.237072467803955
-7.273101806640625
-7.267477035522461
-7.272989749908447
-7.253876209259033
-7.270895004272461
-7.24618673324585
-7.219882488250732
-7.259675025939941
-7.263222694396973
-7.270938873291016
-7.258449077606201
-7.21263313293457
-7.256514072418213
-7.226657390594482
-7.245510101318359
-7.321159362792969
-7.227933883666992
-7.172476291656494
-7.253598690032959
-7.225581169128418
-7.267626762390137
-7.230141639709473
-7.2956318855285645
-7.2292962074279785
-7.236639022827148
-7.261648178100586
-7.245460510253906
-7.1741743087768555
-7.288540840148926
-7.225743770599365
-7.248309135437012
-7.2862138748168945
-7.209290981292725
-7.201484203338623
-7.306222438812256
-7.251466751098633
-7.253507614135742
-7.216089248657227
-7.259723663330078
-7.254884719848633
-7.249187469482422
-7.260612964630127
-7.210699558258057
-7.249621868133545
-7.311119079589844
-7.2560529708862305
-7.213114261627197
-7.267202854156494
-7.251824855804443
-7.278586387634277
-7.269866943359375
-7.266540050506592
-7.204737186431885
-7.299104690551758
-7.238311767578125
-7.250180244445801
-7.210902690887451
-7.240826606750488
-7.226378917694092
-7.2127156257629395
-7.247504711151123
-7.268085956573486
-7.270844459533691
-7.270017147064209
-7.268164157867432
-7.271562099456787
-7.256353855133057
-7.252439975738525
-7.2658867835998535
-7.273038387298584
-7.240488052368164
-7.280671119689941
-7.261713027954102
-7.260635852813721
-7.2541279792785645
-7.288766384124756
-7.27147912979126
-7.245311737060547
-7.248076915740967
-7.277115345001221
-7.269265651702881
-7.269688129425049
-7.305732727050781
-7.277895927429199
-7.313149929046631
-7.313334941864014
-7.225555896759033
-7.24348258972168
-7.2274627685546875
-7.282680511474609
-7.234785556793213
-7.23841667175293
-7.22024393081665
-7.2558722496032715
-7.249237537384033
-7.0982890129089355
-7.206687927246094
-7.23637580871582
-7.272181987762451
-7.278242111206055
-7.201896667480469
-7.256019592285156
-7.255208492279053
-7.280806541442871
-7.235857009887695
-7.27786111831665
-7.235091209411621
-7.247399806976318
-7.278443813323975
-7.266297340393066
-7.269809722900391
-7.201910972595215
-7.2360005378723145
-7.257312774658203
-7.275015830993652
-7.323657035827637
-7.215547561645508
-7.217529773712158
-7.204532623291016
-7.2652506828308105
-7.282208442687988
-7.262829303741455
-7.214456558227539
-7.183321952819824
-7.274866104125977
-7.266084671020508
-7.284265995025635
-7.288955211639404
-7.2626800537109375
-7.228360652923584
-7.255900859832764
-7.232412815093994
-7.235713481903076
-7.251079082489014
-7.247992992401123
-7.275868892669678
-7.291535377502441
-7.282975196838379
-7.290282726287842
-7.250213146209717
-7.248815536499023
-7.2798171043396
-7.254935264587402
-7.274868488311768
-7.249423980712891
-7.280212879180908
-7.272903919219971
-7.26760196685791
-7.2699761390686035
-7.2944254875183105
-7.276854515075684
-7.246009826660156
-7.260244846343994
-7.299063682556152
-7.218581199645996
-7.279522895812988
-7.280364036560059
-7.23856782913208
-7.229671478271484
-7.2596611976623535
-7.273195266723633
-7.283224105834961
-7.267653465270996
-7.234867095947266
-7.263424396514893
-7.240908145904541
-7.264922142028809
-7.189453601837158
-7.265026569366455
-7.244614601135254
-7.293593406677246
-7.151189804077148
-7.262975692749023
-7.262508869171143
-7.308762550354004
-7.307433128356934
-7.226387023925781
-7.259857177734375
-7.214619159698486
-7.267635822296143
-7.2154059410095215
-7.25852108001709
-7.264256477355957
-7.252242565155029
-7.296492576599121
-7.273885726928711
-7.267910480499268
-7.18791389465332
-7.2505202293396
-7.2381486892700195
-7.248705863952637
-7.291422367095947
-7.237366199493408
-7.276947498321533
-7.27376127243042
-7.2894392013549805
-7.266014575958252
-7.219995021820068
-7.2144060134887695
-7.219897270202637
-7.239424228668213
-7.232879161834717
-7.155482769012451
-7.179555892944336
-7.271049499511719
-7.331304550170898
-7.25889253616333
-7.223286151885986
-7.225161552429199
-7.207391738891602
-7.205502986907959
-7.223775386810303
-7.161431312561035
-7.12735652923584
-7.242897987365723
-7.2672200202941895
-7.209394454956055
-7.155102252960205
-7.216680526733398
-7.278970718383789
-7.253310203552246
-7.232855796813965
-7.233550548553467
-7.248544216156006
-7.271242618560791
-7.2404680252075195
-7.229031562805176
-7.233787536621094
-7.2426371574401855
-7.217206001281738
-7.246047496795654
-7.246771812438965
-7.259273052215576
-7.2574286460876465
-7.260729789733887
-7.228512287139893
-7.255421161651611
-7.338082790374756
-7.225279331207275
-7.217313289642334
-7.272648811340332
-7.313394069671631
-7.123915672302246
-7.168791770935059
-7.063470840454102
-7.245318412780762
-7.22946834564209
-7.2220563888549805
-7.129873752593994
-7.284823894500732
-7.267851829528809
-7.300064563751221
-7.264642238616943
-7.11931848526001
-7.223660469055176
-7.286211013793945
-7.240715026855469
-7.233271598815918
-7.2531232833862305
-7.236059188842773
-7.24907112121582
-7.237004280090332
-7.242353916168213
-7.2959675788879395
-7.206001281738281
-7.289268493652344
-7.258022785186768
-7.263415813446045
-7.2667365074157715
-7.258775234222412
-7.28284215927124
-7.283416271209717
-7.295354843139648
-7.250718116760254
-7.235901832580566
-7.241393566131592
-7.298710823059082
-7.2917914390563965
-7.255054473876953
-7.226573467254639
-7.280909538269043
-7.260876178741455
-7.238158702850342
-7.264636516571045
-7.267696857452393
-7.253427028656006
-7.260949611663818
-7.271734237670898
-7.274722099304199
-7.239284515380859
-7.248012542724609
-7.256855487823486
-7.2478227615356445
-7.268998146057129
-7.2700018882751465
-7.255702495574951
-7.278651714324951
-7.2583537101745605
-7.23599100112915
-7.24852991104126
-7.250424861907959
-7.263252258300781
-7.252529144287109
-7.25238561630249
-7.223568439483643
-7.246650695800781
-7.249055862426758
-7.2459917068481445
-7.240399360656738
-7.2402873039245605
-7.2668914794921875
-7.306448459625244
-7.265242576599121
-7.2717366218566895
-7.244412899017334
-7.26194429397583
-7.262957572937012
-7.239375591278076
-7.26094388961792
-7.262797832489014
-7.258304595947266
-7.273836612701416
-7.242990016937256
-7.283318519592285
-7.263264179229736
-7.255307197570801
-7.269289016723633
-7.248065948486328
-7.264552593231201
-7.268491744995117
-7.268523693084717
-7.253308296203613
-7.235596179962158
-7.267524719238281
-7.2890238761901855
-7.284931182861328
-7.267019271850586
-7.257523536682129
-7.242327690124512
-7.251138210296631
-7.2786335945129395
-7.277414798736572
-7.252050876617432
-7.264524459838867
-7.250969886779785
-7.296955108642578
-7.2371087074279785
-7.271522521972656
-7.272146701812744
-7.221435070037842
-7.24542760848999
-7.2678985595703125
-7.254117965698242
-7.258670806884766
-7.264491558074951
-7.221458911895752
-7.275071144104004
-7.279951095581055
-7.25718355178833
-7.280006408691406
-7.285813808441162
-7.284676551818848
-7.238626480102539
-7.264439582824707
-7.3036208152771
-7.282408237457275
-7.2529778480529785
-7.288973808288574
-7.264575481414795
-7.22278356552124
-7.336991310119629
-7.296960830688477
-7.244146347045898
-7.256262302398682
-7.285682201385498
-7.282108783721924
-7.266845703125
-7.272035598754883
-7.260436534881592
-7.319375991821289
-7.288611888885498
-7.30598783493042
-7.303264141082764
-7.260648250579834
-7.189785480499268
-7.22776985168457
-7.29927921295166
-7.280366897583008
-7.24356746673584
-7.220565319061279
-7.274418830871582
-7.304787635803223
-7.288003921508789
-7.270076274871826
-7.220810890197754
-7.241558074951172
-7.25528621673584
-7.22602653503418
-7.194236755371094
-7.192838668823242
-7.280292510986328
-7.240927219390869
-7.23701810836792
-7.239590167999268
-7.2414231300354
-7.285057067871094
-7.249087333679199
-7.208651542663574
-7.2589030265808105
-7.267362594604492
-7.286325931549072
-7.266133785247803
-7.270969867706299
-7.2774176597595215
-7.250389099121094
-7.290228366851807
-7.2393670082092285
-7.251833438873291
-7.296387195587158
-7.240792274475098
-7.274140357971191
-7.274110317230225
-7.296165943145752
-7.243422985076904
-7.2561116218566895
-7.260520935058594
-7.275082111358643
-7.2694244384765625
-7.280743598937988
-7.267455577850342
-7.260588645935059
-7.309933185577393
-7.235588073730469
-7.327910423278809
-7.2496466636657715
-7.273810386657715
-7.309910297393799
-7.319708347320557
-7.308053970336914
-7.236380100250244
-7.253566741943359
-7.284091949462891
-7.20905876159668
-7.244826316833496
-7.195821285247803
-7.300654411315918
-7.310891151428223
-7.234198093414307
-7.227963924407959
-7.291078090667725
-7.271481513977051
-7.30989933013916
-7.206110000610352
-7.196279525756836
-7.243769645690918
-7.263604640960693
-7.256880283355713
-7.259942531585693
-7.226463317871094
-7.234253883361816
-7.270327568054199
-7.243084907531738
-7.229462623596191
-7.2633562088012695
-7.2935004234313965
-7.252051830291748
-7.2390289306640625
-7.251679420471191
-7.266786575317383
-7.280356407165527
-7.240916728973389
-7.249606609344482
-7.2366156578063965
-7.288773059844971
-7.2501091957092285
-7.256072521209717
-7.2346110343933105
-7.283571243286133
-7.229438304901123
-7.249792098999023
-7.225651741027832
-7.276671886444092
-7.273898124694824
-7.219658851623535
-7.254456520080566
-7.240431785583496
-7.277862548828125
-7.249909400939941
-7.284449100494385
-7.271513938903809
-7.264744281768799
-7.290958881378174
-7.249238014221191
-7.259689807891846
-7.271886348724365
-7.295443534851074
-7.2424163818359375
-7.250671863555908
-7.25301456451416
-7.2640604972839355
-7.215058326721191
-7.256951332092285
-7.250852108001709
-7.29602575302124
-7.250407695770264
-7.255171298980713
-7.278705596923828
-7.259552001953125
-7.250648021697998
-7.248497009277344
-7.296286582946777
-7.260687351226807
-7.178741455078125
-7.311418056488037
-7.23192834854126
-7.26362943649292
-7.267061233520508
-7.241002082824707
-7.255218029022217
-7.265649795532227
-7.276104927062988
-7.270169734954834
-7.219923973083496
-7.267972469329834
-7.259435653686523
-7.29400110244751
-7.272019386291504
-7.260457515716553
-7.224538326263428
-7.311820030212402
-7.247198104858398
-7.23321533203125
-7.2687482833862305
-7.260313034057617
-7.246821403503418
-7.278930187225342
-7.269252300262451
-7.233395099639893
-7.257948398590088
-7.276886940002441
-7.289901256561279
-7.203994274139404
-7.2016921043396
-7.2555413246154785
-7.282289028167725
-7.196724891662598
-7.201964378356934
-7.212153911590576
-7.291013717651367
-7.229366779327393
-7.218326568603516
-7.088920593261719
-7.254769802093506
-7.287961483001709
-7.275992393493652
-7.192910671234131
-7.2793450355529785
-7.25242280960083
-7.253942966461182
-7.298645973205566
-7.297759056091309
-7.194768905639648
-7.234886169433594
-7.24470329284668
-7.282243728637695
-7.233510971069336
-7.281173229217529
-7.30927848815918
-7.232200622558594
-7.228187084197998
-7.23825216293335
-7.20599365234375
-7.228692054748535
-7.235097885131836
-7.148900032043457
-7.190727233886719
-7.261898994445801
-7.2805867195129395
-7.2338948249816895
-7.304744720458984
-7.205454349517822
-7.2764387130737305
-7.275789737701416
-7.271725654602051
-7.236451148986816
-7.209720134735107
-7.224079132080078
-7.241799354553223
-7.2546844482421875
-7.199839115142822
-7.1919846534729
-7.25276517868042
-7.274537563323975
-7.244544982910156
-7.232370376586914
-7.2373881340026855
-7.294827938079834
-7.26219367980957
-7.256348133087158
-7.2396345138549805
-7.256763458251953
-7.2733283042907715
-7.2029709815979
-7.263200283050537
-7.257817268371582
-7.272373199462891
-7.268364906311035
-7.3038859367370605
-7.300491809844971
-7.221629619598389
-7.299263000488281
-7.220534324645996
-7.264543056488037
-7.231106281280518
-7.272281169891357
-7.2389655113220215
-7.269130229949951
-7.2432661056518555
-7.293417930603027
-7.289676189422607
-7.2462077140808105
-7.267606735229492
-7.258850574493408
-7.242339134216309
-7.288153648376465
-7.275356769561768
-7.2616353034973145
-7.240595817565918
-7.2352142333984375
-7.256250858306885
-7.234753131866455
-7.237309455871582
-7.214479923248291
-7.27401065826416
-7.24789571762085
-7.258352279663086
-7.232463836669922
-7.270613670349121
-7.271026134490967
-7.210610389709473
-7.280810356140137
-7.27515172958374
-7.251435279846191
-7.177825450897217
-7.246095180511475
-7.245551109313965
-7.257661819458008
-7.260900974273682
-7.226865291595459
-7.23940372467041
-7.264787673950195
-7.259662628173828
-7.234890937805176
-7.273399829864502
-7.243439674377441
-7.2263407707214355
-7.31122350692749
-7.281757831573486
-7.248610496520996
-7.242405891418457
-7.272934913635254
-7.275893211364746
-7.276353359222412
-7.274008750915527
-7.26317024230957
-7.271648406982422
-7.236153602600098
-7.2400126457214355
-7.268793106079102
-7.261699199676514
-7.268761157989502
-7.2893500328063965
-7.26240873336792
-7.248226165771484
-7.244319915771484
-7.306896209716797
-7.260960578918457
-7.254194736480713
-7.2708420753479
-7.221508979797363
-7.3062520027160645
-7.267576694488525
-7.253632068634033
-7.278387546539307
-7.277947425842285
-7.31110143661499
-7.3156352043151855
-7.27534818649292
-7.225258827209473
-7.246905326843262
-7.266875267028809
-7.260173320770264
-7.162716388702393
-7.275474548339844
-7.270802021026611
-7.283291816711426
-7.241440773010254
-7.244641304016113
-7.233273029327393
-7.256377220153809
-7.249696731567383
-7.284729957580566
-7.259149074554443
-7.253580093383789
-7.267634391784668
-7.281275272369385
-7.276033401489258
-7.269292831420898
-7.286411285400391
-7.235746383666992
-7.226498126983643
-7.303706645965576
-7.218804836273193
-7.237008571624756
-7.283035755157471
-7.284736633300781
-7.269730567932129
-7.258020401000977
-7.278444766998291
-7.265387058258057
-7.313083171844482
-7.293217182159424
-7.19273042678833
-7.2784552574157715
-7.247991561889648
-7.246730327606201
-7.240752696990967
-7.16363000869751
-7.326714992523193
-7.2883124351501465
-7.244861602783203
-7.293984413146973
-7.20438814163208
-7.289365768432617
-7.234750270843506
-7.235910892486572
-7.218552112579346
-7.2701287269592285
-7.249014377593994
-7.272489547729492
-7.274890422821045
-7.284596920013428
-7.269931316375732
-7.288840293884277
-7.2629241943359375
-7.271554470062256
-7.2624053955078125
-7.283046722412109
-7.25369119644165
-7.285767555236816
-7.28771448135376
-7.261541366577148
-7.280287742614746
-7.2571258544921875
-7.2776618003845215
-7.246038436889648
-7.283158779144287
-7.2910027503967285
-7.267578601837158
-7.269064426422119
-7.243907928466797
-7.248448371887207
-7.266768455505371
-7.221187114715576
-7.241262435913086
-7.246942043304443
-7.227339267730713
-7.245939254760742
-7.280214786529541
-7.25264310836792
-7.2762017250061035
-7.226120948791504
-7.257542133331299
-7.272129058837891
-7.254093647003174
-7.242406368255615
-7.257102012634277
-7.204071044921875
-7.20539665222168
-7.245024681091309
-7.281727313995361
-7.285789966583252
-7.192986965179443
-7.187450408935547
-7.2623820304870605
-7.2779765129089355
-7.196770191192627
-7.213485240936279
-7.229647159576416
-7.236590385437012
-7.269505500793457
-7.217395782470703
-7.291183948516846
-7.231501579284668
-7.312142848968506
-7.258912086486816
-7.267514705657959
-7.261163711547852
-7.2352495193481445
-7.239945411682129
-7.299386978149414
-7.278537273406982
-7.254396915435791
-7.262495040893555
-7.275323867797852
-7.249009609222412
-7.23729133605957
-7.278251647949219
-7.239402770996094
-7.251965522766113
-7.263175010681152
-7.27561092376709
-7.26121711730957
-7.267586708068848
-7.2489190101623535
-7.28652286529541
-7.275304794311523
-7.243502616882324
-7.254423141479492
-7.296028137207031
-7.265190601348877
-7.329077243804932
-7.311760425567627
-7.30466890335083
-7.222095489501953
-7.2253265380859375
-7.292004108428955
-7.253499984741211
-7.2586870193481445
-7.249409198760986
-7.266377925872803
-7.274138450622559
-7.289422988891602
-7.271996974945068
-7.2476067543029785
-7.245598793029785
-7.305661201477051
-7.274135589599609
-7.253523349761963
-7.243978977203369
-7.28018045425415
-7.253738880157471
-7.278178691864014
-7.193528175354004
-7.230914115905762
-7.284494400024414
-7.2732253074646
-7.242783546447754
-7.289484024047852
-7.232948303222656
-7.195074558258057
-7.279695510864258
-7.242532730102539
-7.262850761413574
-7.265482425689697
-7.259610652923584
-7.259373188018799
-7.270575523376465
-7.258640289306641
-7.216114521026611
-7.2636284828186035
-7.247208595275879
-7.263814926147461
-7.208312511444092
-7.29996395111084
-7.274807453155518
-7.307078838348389
-7.277334213256836
-7.2410783767700195
-7.159895896911621
-7.292049884796143
-7.226943016052246
-7.2243733406066895
-7.233894348144531
-7.235121250152588
-7.265059471130371
-7.273426532745361
-7.237821578979492
-7.286006450653076
-7.285425662994385
-7.256745338439941
-7.263210296630859
-7.277975082397461
-7.270835876464844
-7.284117698669434
-7.2499470710754395
-7.2910051345825195
-7.2387261390686035
-7.258816719055176
-7.2606024742126465
-7.283878803253174
-7.2734856605529785
-7.2547125816345215
-7.257226943969727
-7.250998497009277
-7.270712375640869
-7.2626752853393555
-7.251725196838379
-7.286087989807129
-7.266939163208008
-7.2950439453125
-7.268714427947998
-7.25766658782959
-7.256967067718506
-7.242502212524414
-7.239387035369873
-7.268843650817871
-7.295022487640381
-7.287525653839111
-7.274501800537109
-7.270574569702148
-7.254786968231201
-7.283899784088135
-7.24708890914917
-7.282808303833008
-7.2603678703308105
-7.26373291015625
-7.2827277183532715
-7.2707438468933105
-7.233342170715332
-7.282776832580566
-7.285369396209717
-7.246033668518066
-7.2529120445251465
-7.296563625335693
-7.190814018249512
-7.276943206787109
-7.246395587921143
-7.265662670135498
-7.307210445404053
-7.2153544425964355
-7.233362674713135
-7.25105619430542
-7.282228469848633
-7.270308971405029
-7.265672206878662
-7.318643093109131
-7.226928234100342
-7.272017478942871
-7.292937278747559
-7.291982650756836
-7.271151542663574
-7.2767720222473145
-7.266604423522949
-7.232823371887207
-7.216743469238281
-7.278439044952393
-7.2813920974731445
-7.278634548187256
-7.249172210693359
-7.24542760848999
-7.277486324310303
-7.250044822692871
-7.266506671905518
-7.257693767547607
-7.257340431213379
-7.26146125793457
-7.258859634399414
-7.26362419128418
-7.295128345489502
-7.284597873687744
-7.239529609680176
-7.295103073120117
-7.27841329574585
-7.182734966278076
-7.219477653503418
-7.259300231933594
-7.292629241943359
-7.244930744171143
-7.273402214050293
-7.279470443725586
-7.265139102935791
-7.267574310302734
-7.281164169311523
-7.266757011413574
-7.251833915710449
-7.265730857849121
-7.291929244995117
-7.265263080596924
-7.261556148529053
-7.287937164306641
-7.208326816558838
-7.244381904602051
-7.2565202713012695
-7.205863952636719
-7.26524543762207
-7.208740234375
-7.210019111633301
-7.276716232299805
-7.23773717880249
-7.25897216796875
-7.2303056716918945
-7.292511463165283
-7.2018046379089355
-7.255927085876465
-7.175992488861084
-7.228170871734619
-7.217247009277344
-7.199186325073242
-7.232497692108154
-7.187923431396484
-7.274375915527344
-7.25660514831543
-7.2499098777771
-7.2344255447387695
-7.257824897766113
-7.2782158851623535
-7.252328872680664
-7.175086498260498
-7.22651481628418
-7.229226112365723
-7.2580246925354
-7.229325771331787
-7.249919414520264
-7.241488456726074
-7.248642921447754
-7.27479887008667
-7.262035369873047
-7.269994735717773
-7.269902229309082
-7.289181709289551
-7.262346267700195
-7.250592231750488
-7.28663969039917
-7.269893169403076
-7.229181289672852
-7.200047969818115
-7.278979301452637
-7.242279052734375
-7.278508186340332
-7.298642635345459
-7.315982818603516
-7.270435810089111
-7.198789596557617
-7.249314785003662
-7.2963995933532715
-7.29906702041626
-7.243128776550293
-7.266142845153809
-7.247605323791504
-7.284940719604492
-7.308542728424072
-7.258159637451172
-7.249560356140137
-7.246485710144043
-7.286816120147705
-7.262800216674805
-7.274020195007324
-7.251557350158691
-7.284427165985107
-7.2978105545043945
-7.258579254150391
-7.2406768798828125
-7.274409770965576
-7.237173557281494
-7.287359237670898
-7.234828472137451
-7.243716716766357
-7.259220123291016
-7.247267723083496
-7.251757621765137
-7.276214599609375
-7.278251647949219
-7.24984073638916
-7.2708845138549805
-7.267123222351074
-7.27589225769043
-7.282336235046387
-7.279026508331299
-7.274694442749023
-7.261000156402588
-7.234030723571777
-7.1644768714904785
-7.261383056640625
-7.252334117889404
-7.2706685066223145
-7.266093730926514
-7.30548620223999
-7.283773422241211
-7.302754878997803
-7.294812202453613
-7.26766300201416
-7.271792411804199
-7.2710113525390625
-7.2773356437683105
-7.213125705718994
-7.27693510055542
-7.300210475921631
-7.237503528594971
-7.26014518737793
-7.271908760070801
-7.272180080413818
-7.2655792236328125
-7.282964706420898
-7.279243469238281
-7.2787885665893555
-7.256436824798584
-7.263734340667725
-7.283421993255615
-7.2409348487854
-7.275216102600098
-7.262624263763428
-7.2626729011535645
-7.277077674865723
-7.2478203773498535
-7.253210544586182
-7.280747413635254
-7.251792907714844
-7.266087532043457
-7.279597282409668
-7.304351329803467
-7.217070579528809
-7.2746124267578125
-7.3051018714904785
-7.268106937408447
-7.293611526489258
-7.257422924041748
-7.273731708526611
-7.232242107391357
-7.29337739944458
-7.232190132141113
-7.2133708000183105
-7.265353679656982
-7.220602512359619
-7.306993007659912
-7.250964641571045
-7.29587459564209
-7.25776481628418
-7.249029636383057
-7.271227836608887
-7.267927646636963
-7.274655818939209
-7.255283355712891
-7.252688407897949
-7.232263565063477
-7.3307695388793945
-7.295734405517578
-7.2822747230529785
-7.262019634246826
-7.182074069976807
-7.311727523803711
-7.171389102935791
-7.257566452026367
-7.292690753936768
-7.234981536865234
-7.14173698425293
-7.235682487487793
-7.281379699707031
-7.220770359039307
-7.159892559051514
-7.282794952392578
-7.233854293823242
-7.280614376068115
-7.281523704528809
-7.236281871795654
-7.247914791107178
-7.2721943855285645
-7.2108259201049805
-7.2635650634765625
-7.269700050354004
-7.286287784576416
-7.299293041229248
-7.2183918952941895
-7.2147064208984375
-7.263505458831787
-7.272881507873535
-7.234608173370361
-7.274539470672607
-7.244379043579102
-7.2612433433532715
-7.244489669799805
-7.270074367523193
-7.276337146759033
-7.304536819458008
-7.265014171600342
-7.267002582550049
-7.269230842590332
-7.253743648529053
-7.232445240020752
-7.267800331115723
-7.294514179229736
-7.2497992515563965
-7.229276180267334
-7.259832859039307
-7.240020751953125
-7.281221389770508
-7.308202743530273
-7.2759928703308105
-7.254032611846924
-7.247703552246094
-7.298001289367676
-7.323387622833252
-7.226907253265381
-7.143340110778809
-7.293532848358154
-7.261066913604736
-7.307925701141357
-7.202815532684326
-7.230838298797607
-7.2559285163879395
-7.2283172607421875
-7.22682523727417
-7.273247241973877
-7.250564098358154
-7.27798318862915
-7.262073516845703
-7.245882511138916
-7.274970054626465
-7.269680023193359
-7.25262451171875
-7.265826225280762
-7.221758842468262
-7.243614196777344
-7.307839870452881
-7.242744445800781
-7.232904434204102
-7.252020835876465
-7.28418493270874
-7.246403694152832
-7.30756950378418
-7.2970123291015625
-7.212127685546875
-7.274053573608398
-7.187138080596924
-7.271238327026367
-7.30216646194458
-7.2782182693481445
-7.236237525939941
-7.2809834480285645
-7.247328281402588
-7.300571441650391
-7.285131931304932
-7.286936283111572
-7.267918586730957
-7.229516506195068
-7.253366470336914
-7.2512688636779785
-7.244526386260986
-7.164421081542969
-7.274326801300049
-7.278990745544434
-7.237215042114258
-7.20674991607666
-7.262646675109863
-7.286370754241943
-7.263567924499512
-7.279378890991211
-7.307315826416016
-7.264781475067139
-7.279310703277588
-7.330821990966797
-7.281823635101318
-7.247399806976318
-7.205629825592041
-7.258952617645264
-7.328178882598877
-7.209949970245361
-7.227584362030029
-7.302894592285156
-7.232658863067627
-7.262531280517578
-7.229726314544678
-7.257099151611328
-7.257810592651367
-7.271322250366211
-7.28000545501709
-7.290882110595703
-7.269367694854736
-7.235098361968994
-7.23903751373291
-7.299144744873047
-7.211045742034912
-7.215690612792969
-7.246688365936279
-7.261308670043945
-7.257652282714844
-7.2865753173828125
-7.203468322753906
-7.159811973571777
-7.28843355178833
-7.273633003234863
-7.21165657043457
-7.217364311218262
-7.283327102661133
-7.278478145599365
-7.291811943054199
-7.253503322601318
-7.2913665771484375
-7.255581855773926
-7.2903289794921875
-7.286855220794678
-7.283882141113281
-7.280050277709961
-7.282362937927246
-7.2798943519592285
-7.304666042327881
-7.287726402282715
-7.262972831726074
-7.2566351890563965
-7.294092655181885
-7.2381110191345215
-7.283626079559326
-7.273208141326904
-7.204750061035156
-7.26747465133667
-7.256868839263916
-7.224384307861328
-7.173620223999023
-7.255921840667725
-7.257640838623047
-7.229051113128662
-7.210846900939941
-7.1980509757995605
-7.255207538604736
-7.269277095794678
-7.252572059631348
-7.1422295570373535
-7.225167274475098
-7.299866676330566
-7.134370803833008
-7.236070156097412
-7.233964920043945
-7.181277751922607
-7.243734836578369
-7.236051559448242
-7.22885799407959
-7.168044567108154
-7.255833148956299
-7.207823753356934
-7.2009663581848145
-7.15967321395874
-7.251595497131348
-7.266149520874023
-7.251482963562012
-7.1199116706848145
-7.241396903991699
-7.261832237243652
-7.278471946716309
-7.207918643951416
-7.134971618652344
-7.187541484832764
-7.247594833374023
-7.243484973907471
-7.246213436126709
-7.144449710845947
-7.2621588706970215
-7.280474662780762
-7.219982624053955
-7.275989532470703
-7.353109359741211
-7.281601428985596
-7.2825703620910645
-7.291393280029297
-7.212578773498535
-7.173956394195557
-7.240281581878662
-7.289258003234863
-7.295578479766846
-7.197470664978027
-7.255570888519287
-7.259538173675537
-7.302913188934326
-7.302116870880127
-7.251936435699463
-7.250173091888428
-7.252405166625977
-7.299374103546143
-7.237077713012695
-7.283730506896973
-7.265061378479004
-7.242329120635986
-7.300527572631836
-7.249853610992432
-7.2627410888671875
-7.23298454284668
-7.272732734680176
-7.222048759460449
-7.3249192237854
-7.263150691986084
-7.234904766082764
-7.219858169555664
-7.2398881912231445
-7.2452006340026855
-7.253567695617676
-7.233405590057373
-7.2851176261901855
-7.254448413848877
-7.233682632446289
-7.228933334350586
-7.221504211425781
-7.244736194610596
-7.243437767028809
-7.251523971557617
-7.259545803070068
-7.26555061340332
-7.229223251342773
-7.249966144561768
-7.266146659851074
-7.241192817687988
-7.2695207595825195
-7.246062755584717
-7.263869285583496
-7.256470680236816
-7.21333646774292
-7.230910301208496
-7.271066188812256
-7.2531352043151855
-7.243812561035156
-7.2797770500183105
-7.252499580383301
-7.264060974121094
-7.306317329406738
-7.270604133605957
-7.244354724884033
-7.250770092010498
-7.2234272956848145
-7.271739959716797
-7.284433841705322
-7.271321773529053
-7.26712703704834
-7.2704620361328125
-7.336212635040283
-7.245310306549072
-7.265109539031982
-7.2662224769592285
-7.3131489753723145
-7.250278472900391
-7.24323034286499
-7.24294900894165
-7.28085994720459
-7.253286361694336
-7.245584011077881
-7.245061874389648
-7.252777099609375
-7.298670291900635
-7.256069183349609
-7.233307361602783
-7.266210556030273
-7.264046669006348
-7.23899507522583
-7.258918762207031
-7.2944464683532715
-7.235477447509766
-7.2657389640808105
-7.244917392730713
-7.267718315124512
-7.277271270751953
-7.306115627288818
-7.280305862426758
-7.284214019775391
-7.31295919418335
-7.256799221038818
-7.264185905456543
-7.210330963134766
-7.222479343414307
-7.202667236328125
-7.297713756561279
-7.273075580596924
-7.216366767883301
-7.295655250549316
-7.3083271980285645
-7.272471904754639
-7.281964302062988
-7.276798248291016
-7.24227237701416
-7.254787921905518
-7.247241020202637
-7.275943756103516
-7.301324844360352
-7.255389213562012
-7.213082313537598
-7.28121280670166
-7.242445945739746
-7.272093296051025
-7.233311176300049
-7.29384183883667
-7.251270771026611
-7.282853603363037
-7.283736228942871
-7.307519912719727
-7.177301406860352
-7.298614978790283
-7.26577615737915
-7.265249252319336
-7.300943851470947
-7.291286945343018
-7.234155654907227
-7.186094284057617
-7.27168607711792
-7.277744293212891
-7.297407150268555
-7.2787346839904785
-7.262228488922119
-7.296204090118408
-7.251071453094482
-7.23218297958374
-7.255184173583984
-7.255846977233887
-7.296093940734863
-7.194581985473633
-7.256190776824951
-7.226798057556152
-7.2786149978637695
-7.206462383270264
-7.238690376281738
-7.25139856338501
-7.272329330444336
-7.294315338134766
-7.289885520935059
-7.260558605194092
-7.307308673858643
-7.246682643890381
-7.224000453948975
-7.254340171813965
-7.244558334350586
-7.25872802734375
-7.30172061920166
-7.29665470123291
-7.257500171661377
-7.264854431152344
-7.290646076202393
-7.303165435791016
-7.344537734985352
-7.222501754760742
-7.242290019989014
-7.286393165588379
-7.249626636505127
-7.298574447631836
-7.204343795776367
-7.214766025543213
-7.268600940704346
-7.274388313293457
-7.217097759246826
-7.262689113616943
-7.210302829742432
-7.248614311218262
-7.263025760650635
-7.150973796844482
-7.252788543701172
-7.285849571228027
-7.254516124725342
-7.259169578552246
-7.211303234100342
-7.261344909667969
-7.243521213531494
-7.225793361663818
-7.22691011428833
-7.3027663230896
-7.261591911315918
-7.241482734680176
-7.281191825866699
-7.298980712890625
-7.270724296569824
-7.200592994689941
-7.2576165199279785
-7.239895343780518
-7.282552242279053
-7.293912887573242
-7.3101325035095215
-7.2818684577941895
-7.212150573730469
-7.296911716461182
-7.243555068969727
-7.269140243530273
-7.282639980316162
-7.226450443267822
-7.259064197540283
-7.265597820281982
-7.24957275390625
-7.282227516174316
-7.2712202072143555
-7.284149646759033
-7.205131530761719
-7.241069793701172
-7.2712202072143555
-7.297542572021484
-7.273268699645996
-7.2455830574035645
-7.237205982208252
-7.2665839195251465
-7.241694450378418
-7.2231879234313965
-7.2467451095581055
-7.303592681884766
-7.188416957855225
-7.304931163787842
-7.3109517097473145
-7.262146949768066
-7.224822998046875
-7.254208087921143
-7.221932888031006
-7.277115821838379
-7.237632751464844
-7.245090961456299
-7.261118412017822
-7.2036309242248535
-7.264491558074951
-7.252298831939697
-7.259098529815674
-7.249670028686523
-7.297029495239258
-7.23923397064209
-7.2305588722229
-7.261909484863281
-7.2413482666015625
-7.1723151206970215
-7.20686149597168
-7.275766849517822
-7.298292636871338
-7.311952590942383
-7.26874303817749
-7.155043125152588
-7.239863395690918
-7.280465126037598
-7.211667060852051
-7.134405136108398
-7.265624523162842
-7.268542289733887
-7.218070983886719
-7.190665245056152
-7.317068576812744
-7.2466349601745605
-7.267648696899414
-7.268826484680176
-7.2716546058654785
-7.264277458190918
-7.207454204559326
-7.244333267211914
-7.257699966430664
-7.250093460083008
-7.278681755065918
-7.269320011138916
-7.2384138107299805
-7.262359142303467
-7.275928974151611
-7.238278388977051
-7.26539945602417
-7.304947376251221
-7.245581150054932
-7.208271026611328
-7.158780097961426
-7.291341781616211
-7.314390182495117
-7.276061058044434
-7.236939430236816
-7.264578342437744
-7.282406330108643
-7.2816057205200195
-7.272458553314209
-7.267806053161621
-7.30820894241333
-7.269731521606445
-7.278160095214844
-7.243709087371826
-7.2770586013793945
-7.280601501464844
-7.30141544342041
-7.118999481201172
-7.237574100494385
-7.254235744476318
-7.236863613128662
-7.192231178283691
-7.209807395935059
-7.2718048095703125
-7.302849769592285
-7.2023210525512695
-7.134845733642578
-7.211357593536377
-7.264159202575684
-7.261260032653809
-7.259298324584961
-7.259335517883301
-7.2512593269348145
-7.286129951477051
-7.268699645996094
-7.265340805053711
-7.254319190979004
-7.251267910003662
-7.236072540283203
-7.276822090148926
-7.2328009605407715
-7.32589054107666
-7.304481029510498
-7.25103759765625
-7.23980712890625
-7.291566848754883
-7.232163429260254
-7.241271495819092
-7.214838027954102
-7.306118965148926
-7.25116491317749
-7.281298637390137
-7.252455711364746
-7.253264427185059
-7.266911506652832
-7.3208794593811035
-7.266602993011475
-7.327331066131592
-7.246404647827148
-7.251555919647217
-7.268052101135254
-7.235960006713867
-7.322444915771484
-7.290164947509766
-7.2904953956604
-7.27529764175415
-7.243433952331543
-7.226030349731445
-7.295708179473877
-7.270572185516357
-7.222733497619629
-7.275929927825928
-7.261203765869141
-7.265630722045898
-7.280786991119385
-7.310468673706055
-7.271977424621582
-7.259631633758545
-7.259755611419678
-7.276453018188477
-7.2494707107543945
-7.2853312492370605
-7.188410758972168
-7.217174053192139
-7.278664588928223
-7.250476360321045
-7.182027816772461
-7.236556053161621
-7.253566265106201
-7.255706310272217
-7.186422824859619
-7.2086358070373535
-7.286100387573242
-7.276864051818848
-7.27271032333374
-7.283152103424072
-7.260603427886963
-7.206783771514893
-7.243438243865967
-7.2647480964660645
-7.269904136657715
-7.253098487854004
-7.258563995361328
-7.2221479415893555
-7.280812740325928
-7.312195777893066
-7.240952014923096
-7.252580165863037
-7.252300262451172
-7.259700298309326
-7.263447284698486
-7.326754093170166
-7.240168571472168
-7.267579555511475
-7.22389554977417
-7.270327568054199
-7.265374183654785
-7.27570104598999
-7.249876976013184
-7.252960205078125
-7.218301296234131
-7.286598205566406
-7.308394432067871
-7.297244548797607
-7.250687599182129
-7.292344093322754
-7.2368035316467285
-7.290850639343262
-7.2340874671936035
-7.234572887420654
-7.248981952667236
-7.276022911071777
-7.222347736358643
-7.222110748291016
-7.245032787322998
-7.266048908233643
-7.267874240875244
-7.2824907302856445
-7.267130374908447
-7.301316738128662
-7.274544715881348
-7.309909820556641
-7.248859882354736
-7.269438743591309
-7.27302885055542
-7.199223518371582
-7.238547325134277
-7.2747883796691895
-7.2590250968933105
-7.224006652832031
-7.294175148010254
-7.27655553817749
-7.268177509307861
-7.207891941070557
-7.280032157897949
-7.2513508796691895
-7.2388200759887695
-7.2891716957092285
-7.304571151733398
-7.283473968505859
-7.2377119064331055
-7.24334192276001
-7.263134002685547
-7.278974533081055
-7.259811878204346
-7.250679969787598
-7.284596920013428
-7.285818099975586
-7.287405967712402
-7.144235610961914
-7.292355060577393
-7.210935592651367
-7.2925920486450195
-7.232458114624023
-7.260216236114502
-7.156172275543213
-7.292688846588135
-7.299850940704346
-7.253335952758789
-7.268950462341309
-7.2705488204956055
-7.275506496429443
-7.216675281524658
-7.264281272888184
-7.233681678771973
-7.309028148651123
-7.2196455001831055
-7.28536319732666
-7.228275299072266
-7.262453079223633
-7.25752067565918
-7.260206699371338
-7.276941776275635
-7.280210018157959
-7.247838497161865
-7.257948875427246
-7.239665508270264
-7.290400505065918
-7.173006057739258
-7.272294044494629
-7.270890712738037
-7.256711959838867
-7.241232395172119
-7.271146774291992
-7.214823246002197
-7.247262477874756
-7.254861831665039
-7.240558624267578
-7.2488908767700195
-7.22607421875
-7.280747413635254
-7.302250385284424
-7.265480995178223
-7.216220378875732
-7.250943660736084
-7.254119396209717
-7.281982421875
-7.2452263832092285
-7.220602512359619
-7.2594828605651855
-7.253391265869141
-7.289879322052002
-7.265100479125977
-7.268439292907715
-7.280120849609375
-7.27496337890625
-7.212822437286377
-7.325732707977295
-7.267050743103027
-7.277938365936279
-7.235273361206055
-7.24369478225708
-7.294414043426514
-7.267547130584717
-7.226748943328857
-7.289017677307129
-7.286035060882568
-7.27079963684082
-7.262700080871582
-7.2519145011901855
-7.274755477905273
-7.259406566619873
-7.271416664123535
-7.265593528747559
-7.287940979003906
-7.286900520324707
-7.236505508422852
-7.313337802886963
-7.25446891784668
-7.242566108703613
-7.24249267578125
-7.262668132781982
-7.275112628936768
-7.226184368133545
-7.2599310874938965
-7.277931213378906
-7.267749309539795
-7.247814178466797
-7.246640205383301
-7.26841926574707
-7.275379657745361
-7.257501125335693
-7.257779598236084
-7.291178226470947
-7.310942649841309
-7.246568202972412
-7.231585502624512
-7.254946708679199
-7.2332763671875
-7.293460845947266
-7.261455059051514
-7.287613391876221
-7.300229072570801
-7.286116600036621
-7.324231147766113
-7.2557854652404785
-7.27130126953125
-7.267229080200195
-7.313038349151611
-7.292595386505127
-7.272011756896973
-7.270637512207031
-7.26880407333374
-7.279423236846924
-7.226893901824951
-7.241744041442871
-7.274570465087891
-7.208614349365234
-7.237165451049805
-7.314718246459961
-7.278046131134033
-7.2652153968811035
-7.270339488983154
-7.2275071144104
-7.258065223693848
-7.259284019470215
-7.284882068634033
-7.286913871765137
-7.29281759262085
-7.21140193939209
-7.292712211608887
-7.287678241729736
-7.2436065673828125
-7.282259941101074
-7.286487579345703
-7.272920608520508
-7.239062309265137
-7.245931625366211
-7.292673587799072
-7.216487407684326
-7.27308988571167
-7.237823963165283
-7.213042259216309
-7.216696262359619
-7.241463661193848
-7.283786296844482
-7.27236270904541
-7.2748260498046875
-7.228808879852295
-7.256746292114258
-7.301973342895508
-7.18316650390625
-7.225714206695557
-7.281021595001221
-7.271498203277588
-7.274843215942383
-7.248828887939453
-7.281900882720947
-7.289602279663086
-7.248646259307861
-7.2645111083984375
-7.248230934143066
-7.315696716308594
-7.218663215637207
-7.232003688812256
-7.3677978515625
-7.288017749786377
-7.221230983734131
-7.3154520988464355
-7.207088947296143
-7.186075210571289
-7.205786228179932
-7.288218021392822
-7.350337982177734
-7.253416538238525
-7.263059616088867
-7.200110912322998
-7.312150478363037
-7.242256164550781
-7.2639479637146
-7.2650837898254395
-7.262834548950195
-7.2924418449401855
-7.246761798858643
-7.26296854019165
-7.223147392272949
-7.229891777038574
-7.241085529327393
-7.2744598388671875
-7.27214241027832
-7.309685230255127
-7.247554779052734
-7.2871527671813965
-7.285399436950684
-7.252429962158203
-7.240339279174805
-7.302501678466797
-7.268198013305664
-7.168103218078613
-7.178077697753906
-7.2252116203308105
-7.262382507324219
-7.265078067779541
-7.217740058898926
-7.205539226531982
-7.213530540466309
-7.27705717086792
-7.2650885581970215
-7.239469051361084
-7.268484115600586
-7.238470554351807
-7.278070449829102
-7.21999454498291
-7.292496204376221
-7.271015167236328
-7.199584484100342
-7.255061626434326
-7.238844394683838
-7.242729187011719
-7.2256011962890625
-7.223382949829102
-7.210524082183838
-7.269613265991211
-7.226641654968262
-7.291072368621826
-7.25892972946167
-7.241884231567383
-7.265700340270996
-7.25449275970459
-7.267757892608643
-7.266439437866211
-7.287697792053223
-7.229676723480225
-7.208048343658447
-7.281868934631348
-7.254569053649902
-7.245026111602783
-7.25913667678833
-7.2258477210998535
-7.267395496368408
-7.2461676597595215
-7.222573280334473
-7.284544944763184
-7.262646675109863
-7.28212308883667
-7.272324562072754
-7.278337001800537
-7.206362247467041
-7.246899127960205
-7.277482986450195
-7.2897562980651855
-7.269669532775879
-7.258875370025635
-7.251006126403809
-7.250635147094727
-7.269846439361572
-7.204507350921631
-7.2204365730285645
-7.274823188781738
-7.241099834442139
-7.290791988372803
-7.16292667388916
-7.220043182373047
-7.2461981773376465
-7.255769729614258
-7.26632833480835
-7.285528659820557
-7.261905193328857
-7.244278430938721
-7.191857814788818
-7.218396186828613
-7.272671699523926
-7.25057315826416
-7.2643046379089355
-7.288372039794922
-7.208979606628418
-7.285602569580078
-7.253585338592529
-7.262619495391846
-7.249146461486816
-7.266358852386475
-7.2672295570373535
-7.287815093994141
-7.296910285949707
-7.24661922454834
-7.274056434631348
-7.267672538757324
-7.2527079582214355
-7.206060886383057
-7.267711639404297
-7.258114814758301
-7.3027663230896
-7.297506809234619
-7.248010635375977
-7.266217231750488
-7.283985614776611
