loss_h
-4.411831855773926
-4.404476165771484
-4.3956427574157715
-4.382272243499756
-4.438446521759033
-4.414853572845459
-4.444608211517334
-4.4322404861450195
-4.445501804351807
-4.451079368591309
-4.463284492492676
-4.44511604309082
-4.442420482635498
-4.430005073547363
-4.457964897155762
-4.428447246551514
-4.429111003875732
-4.456153392791748
-4.442701816558838
-4.4591240882873535
-4.501829624176025
-4.463565349578857
-4.465359210968018
-4.460415363311768
-4.480893135070801
-4.484408855438232
-4.487492084503174
-4.484996795654297
-4.480198383331299
-4.5023603439331055
-4.529026508331299
-4.529471397399902
-4.496009349822998
-4.485260009765625
-4.50332498550415
-4.502113342285156
-4.493031024932861
-4.504923343658447
-4.533540725708008
-4.5376667976379395
-4.489269256591797
-4.500956058502197
-4.53837776184082
-4.5819549560546875
-4.537580966949463
-4.528443336486816
-4.546858787536621
-4.529476642608643
-4.573441028594971
-4.589309215545654
-4.547736644744873
-4.545803546905518
-4.56562614440918
-4.550838947296143
-4.545262336730957
-4.540112018585205
-4.568737506866455
-4.541475296020508
-4.550601005554199
-4.57587194442749
-4.560718536376953
-4.582319259643555
-4.567012786865234
-4.572942733764648
-4.585667610168457
-4.5830254554748535
-4.58343505859375
-4.565464019775391
-4.658746242523193
-4.620299339294434
-4.583456516265869
-4.608623504638672
-4.665781497955322
-4.6198554039001465
-4.593897342681885
-4.600494384765625
-4.640669822692871
-4.63333797454834
-4.641148090362549
-4.640774250030518
-4.653484344482422
-4.65766716003418
-4.663930892944336
-4.632265567779541
-4.654102325439453
-4.63301944732666
-4.689077377319336
-4.652744770050049
-4.652287483215332
-4.656380653381348
-4.67193603515625
-4.724800109863281
-4.699488162994385
-4.716414451599121
-4.7245988845825195
-4.7326579093933105
-4.716470718383789
-4.747795104980469
-4.734180927276611
-4.7371721267700195
-4.776763439178467
-4.799872875213623
-4.80418586730957
-4.817451477050781
-4.83722448348999
-4.85261344909668
-4.888339996337891
-4.917202472686768
-4.974483013153076
-5.054501533508301
-5.138864040374756
-5.229825019836426
-5.3283514976501465
-5.456298828125
-5.579590797424316
-5.71017599105835
-5.880862236022949
-6.055277347564697
-6.28244161605835
-6.52251672744751
-6.757152557373047
-6.981935024261475
-7.090065002441406
-7.172142028808594
-7.054477691650391
-6.919907093048096
-6.841275691986084
-6.831212520599365
-6.85801887512207
-6.932485580444336
-7.025492191314697
-7.141340255737305
-7.204318046569824
-7.248009204864502
-7.2694292068481445
-7.252096652984619
-7.235878944396973
-7.190031051635742
-7.204309463500977
-7.211380481719971
-7.21966028213501
-7.26420783996582
-7.294416904449463
-7.361405849456787
-7.299989700317383
-7.316653728485107
-7.311908721923828
-7.361140251159668
-7.369513511657715
-7.33513069152832
-7.354062080383301
-7.420565128326416
-7.4337005615234375
-7.398838043212891
-7.389386177062988
-7.45832633972168
-7.471134662628174
-7.47412633895874
-7.468255996704102
-7.471051216125488
-7.498229026794434
-7.534010887145996
-7.540261745452881
-7.539786338806152
-7.561288833618164
-7.543671131134033
-7.587757110595703
-7.581401348114014
-7.596512317657471
-7.6284074783325195
-7.6248650550842285
-7.630061149597168
-7.655036449432373
-7.717399597167969
-7.698456764221191
-7.685194492340088
-7.76786470413208
-7.706384181976318
-7.738646984100342
-7.725415229797363
-7.767643928527832
-7.823029041290283
-7.855568885803223
-7.83344030380249
-7.933088779449463
-7.924615383148193
-7.917856693267822
-7.970057487487793
-7.957309722900391
-7.9967427253723145
-8.00994873046875
-8.103544235229492
-8.033011436462402
-8.08064079284668
-8.128186225891113
-8.204752922058105
-8.162606239318848
-8.239869117736816
-8.272323608398438
-8.206788063049316
-8.292227745056152
-8.220931053161621
-8.332252502441406
-8.334366798400879
-8.367094039916992
-8.352348327636719
-8.316819190979004
-8.400321006774902
-8.435154914855957
-8.390998840332031
-8.394881248474121
-8.339127540588379
-8.541540145874023
-8.471874237060547
-8.449790954589844
-8.470094680786133
-8.567448616027832
-8.514102935791016
-8.469554901123047
-8.420841217041016
-8.44226360321045
-8.479644775390625
-8.577493667602539
-8.573685646057129
-8.586915016174316
-8.452316284179688
-8.490886688232422
-8.629822731018066
-8.54841423034668
-8.533740043640137
-8.70707893371582
-8.629297256469727
-8.566814422607422
-8.660555839538574
-8.634833335876465
-8.535802841186523
-8.58187484741211
-8.598374366760254
-8.619373321533203
-8.652161598205566
-8.748750686645508
-8.571571350097656
-8.574589729309082
-8.707561492919922
-8.636518478393555
-8.725841522216797
-8.723771095275879
-8.76063060760498
-8.85176944732666
-8.795459747314453
-8.699501037597656
-8.685524940490723
-8.826944351196289
-8.80026626586914
-8.774541854858398
-8.72045612335205
-8.78121280670166
-8.790037155151367
-8.780390739440918
-8.784720420837402
-8.873215675354004
-8.844361305236816
-8.832661628723145
-8.775456428527832
-8.794361114501953
-8.901074409484863
-8.772493362426758
-8.807533264160156
-8.88585090637207
-8.84067440032959
-8.830046653747559
-8.814506530761719
-8.876556396484375
-8.750374794006348
-8.865815162658691
-8.939401626586914
-8.920886993408203
-8.772627830505371
-8.823857307434082
-8.925745010375977
-8.85994815826416
-8.926220893859863
-8.842940330505371
-8.897259712219238
-9.016077995300293
-8.940728187561035
-8.878534317016602
-8.892173767089844
-8.901532173156738
-8.909735679626465
-8.934694290161133
-8.964076042175293
-8.929706573486328
-8.942178726196289
-8.986318588256836
-8.93041706085205
-9.071146965026855
-8.977298736572266
-9.011441230773926
-8.963912010192871
-8.965019226074219
-9.00760555267334
-9.022008895874023
-9.067071914672852
-9.016823768615723
-8.933258056640625
-9.01416301727295
-9.027020454406738
-9.023664474487305
-9.039926528930664
-9.021780014038086
-8.98781967163086
-9.083815574645996
-9.015854835510254
-9.000669479370117
-9.042299270629883
-9.059551239013672
-8.988360404968262
-9.131792068481445
-9.117890357971191
-9.136016845703125
-9.123047828674316
-9.103836059570312
-9.052324295043945
-9.102421760559082
-9.045822143554688
-9.08913516998291
-9.014947891235352
-9.171523094177246
-9.080954551696777
-9.084343910217285
-9.10696792602539
-9.120430946350098
-9.115287780761719
-9.092835426330566
-9.186783790588379
-9.194622993469238
-9.192567825317383
-9.109111785888672
-9.173735618591309
-9.180502891540527
-9.185632705688477
-9.159789085388184
-9.25267219543457
-9.262282371520996
-9.122088432312012
-9.118263244628906
-9.154637336730957
-9.256239891052246
-9.301393508911133
-9.115198135375977
-9.199836730957031
-9.244519233703613
-9.173515319824219
-9.223671913146973
-9.269845962524414
-9.282384872436523
-9.244583129882812
-9.253416061401367
-9.223010063171387
-9.186009407043457
-9.211698532104492
-9.273808479309082
-9.257182121276855
-9.207938194274902
-9.336262702941895
-9.217416763305664
-9.257393836975098
-9.27916145324707
-9.337730407714844
-9.299772262573242
-9.250446319580078
-9.255082130432129
-9.248727798461914
-9.285531997680664
-9.230576515197754
-9.353456497192383
-9.285845756530762
-9.311408042907715
-9.315403938293457
-9.286108016967773
-9.310843467712402
-9.306092262268066
-9.318208694458008
-9.375127792358398
-9.320308685302734
-9.43115234375
-9.336267471313477
-9.379997253417969
-9.433019638061523
-9.346951484680176
-9.334653854370117
-9.395954132080078
-9.388473510742188
-9.43818187713623
-9.441204071044922
-9.442398071289062
-9.420260429382324
-9.379644393920898
-9.492636680603027
-9.491887092590332
-9.37677001953125
-9.479662895202637
-9.395506858825684
-9.399720191955566
-9.421045303344727
-9.46328067779541
-9.394322395324707
-9.520358085632324
-9.42093563079834
-9.37060546875
-9.438638687133789
-9.433455467224121
-9.431740760803223
-9.481772422790527
-9.506575584411621
-9.393269538879395
-9.548506736755371
-9.458181381225586
-9.458992958068848
-9.429807662963867
-9.489983558654785
-9.43209171295166
-9.492438316345215
-9.442048072814941
-9.492805480957031
-9.539090156555176
-9.534841537475586
-9.500898361206055
-9.501736640930176
-9.616557121276855
-9.426603317260742
-9.527644157409668
-9.57869815826416
-9.537220001220703
-9.537312507629395
-9.550162315368652
-9.661110877990723
-9.594521522521973
-9.535970687866211
-9.558452606201172
-9.581136703491211
-9.565000534057617
-9.553657531738281
-9.63174819946289
-9.580455780029297
-9.556496620178223
-9.66209888458252
-9.570302963256836
-9.570731163024902
-9.599569320678711
-9.635603904724121
-9.571125030517578
-9.563312530517578
-9.643007278442383
-9.56438159942627
-9.651070594787598
-9.528931617736816
-9.57729721069336
-9.685408592224121
-9.588895797729492
-9.634629249572754
-9.597841262817383
-9.637304306030273
-9.657074928283691
-9.597831726074219
-9.651711463928223
-9.70205307006836
-9.594526290893555
-9.659597396850586
-9.678818702697754
-9.637540817260742
-9.69002914428711
-9.617717742919922
-9.71183967590332
-9.688238143920898
-9.644357681274414
-9.699642181396484
-9.676477432250977
-9.70672607421875
-9.653818130493164
-9.732030868530273
-9.68986988067627
-9.647600173950195
-9.733444213867188
-9.694205284118652
-9.72842788696289
-9.768960952758789
-9.766168594360352
-9.755643844604492
-9.631034851074219
-9.743061065673828
-9.694099426269531
-9.751296997070312
-9.749898910522461
-9.755332946777344
-9.731325149536133
-9.715426445007324
-9.782474517822266
-9.785659790039062
-9.725166320800781
-9.774391174316406
-9.687886238098145
-9.723641395568848
-9.768388748168945
-9.777478218078613
-9.787833213806152
-9.802671432495117
-9.799284934997559
-9.780752182006836
-9.770513534545898
-9.762289047241211
-9.776961326599121
-9.794187545776367
-9.800442695617676
-9.794490814208984
-9.762187957763672
-9.809103965759277
-9.784963607788086
-9.81197738647461
-9.77385425567627
-9.790054321289062
-9.796308517456055
-9.769543647766113
-9.804763793945312
-9.850900650024414
-9.813008308410645
-9.860017776489258
-9.798721313476562
-9.810943603515625
-9.846872329711914
-9.783973693847656
-9.887818336486816
-9.840303421020508
-9.881514549255371
-9.87816047668457
-9.862007141113281
-9.897592544555664
-9.832808494567871
-9.898726463317871
-9.88125991821289
-9.869162559509277
-9.871382713317871
-9.875840187072754
-9.888721466064453
-9.859453201293945
-9.90615463256836
-9.901150703430176
-9.871332168579102
-9.876860618591309
-9.89200496673584
-9.899385452270508
-9.87214469909668
-9.903860092163086
-9.913578033447266
-9.892614364624023
-9.851853370666504
-9.892555236816406
-9.889005661010742
-9.894172668457031
-9.921547889709473
-9.903067588806152
-9.9056396484375
-9.912028312683105
-9.894194602966309
-9.913468360900879
-9.908226013183594
-9.916071891784668
-9.947640419006348
-9.910379409790039
-9.939826011657715
-9.918899536132812
-9.933459281921387
-9.936582565307617
-9.929484367370605
-9.918030738830566
-9.959803581237793
-9.950404167175293
-9.906685829162598
-9.981026649475098
-9.951929092407227
-9.974544525146484
-9.934610366821289
-9.963508605957031
-9.956748008728027
-9.931838989257812
-9.978781700134277
-9.92723560333252
-9.985527038574219
-9.921083450317383
-9.973390579223633
-9.959840774536133
-9.962342262268066
-9.952335357666016
-9.978771209716797
-9.98562240600586
-9.930069923400879
-9.970109939575195
-9.948505401611328
-9.963290214538574
-9.972982406616211
-9.96385383605957
-9.987883567810059
-9.979763984680176
-9.98210334777832
-9.951192855834961
-9.977681159973145
-9.975966453552246
-9.946240425109863
-9.91851806640625
-9.945923805236816
-9.947607040405273
-10.037837028503418
-9.954712867736816
-9.998187065124512
-9.994159698486328
-9.98058795928955
-9.999505996704102
-9.969461441040039
-10.007338523864746
-9.996956825256348
-9.977585792541504
-10.040933609008789
-10.021407127380371
-10.030372619628906
-10.022990226745605
-10.015904426574707
-10.014384269714355
-9.99919319152832
-10.021018028259277
-10.006952285766602
-10.026753425598145
-10.037181854248047
-10.040489196777344
-10.03351879119873
-10.072874069213867
-10.059015274047852
-10.055320739746094
-10.029183387756348
-10.056351661682129
-10.047582626342773
-10.05749797821045
-10.038593292236328
-10.048480033874512
-10.043902397155762
-10.061230659484863
-10.058349609375
-10.060224533081055
-10.052629470825195
-10.06851863861084
-10.060416221618652
-10.067401885986328
-10.055671691894531
-10.012516021728516
-10.065289497375488
-10.07457160949707
-10.074297904968262
-10.078536033630371
-10.062973976135254
-10.078702926635742
-10.063854217529297
-10.077643394470215
-10.094927787780762
-10.076708793640137
-10.088920593261719
-10.075260162353516
-10.09853744506836
-10.069206237792969
-10.069415092468262
-10.097033500671387
-10.071115493774414
-10.081095695495605
-10.089746475219727
-10.100601196289062
-10.083563804626465
-10.111764907836914
-10.073602676391602
-10.131693840026855
-10.103743553161621
-10.086469650268555
-10.109118461608887
-10.121208190917969
-10.080706596374512
-10.098555564880371
-10.113511085510254
-10.09259033203125
-10.11491584777832
-10.114013671875
-10.102126121520996
-10.10812759399414
-10.115479469299316
-10.096771240234375
-10.115830421447754
-10.095975875854492
-10.123147964477539
-10.119125366210938
-10.114359855651855
-10.106101036071777
-10.098169326782227
-10.116766929626465
-10.122831344604492
-10.11336898803711
-10.116690635681152
-10.100855827331543
-10.135266304016113
-10.111238479614258
-10.145120620727539
-10.117999076843262
-10.122519493103027
-10.122779846191406
-10.119978904724121
-10.136234283447266
-10.123822212219238
-10.142066955566406
-10.142715454101562
-10.122314453125
-10.117237091064453
-10.142151832580566
-10.131556510925293
-10.163860321044922
-10.149322509765625
-10.139459609985352
-10.143482208251953
-10.164689064025879
-10.119404792785645
-10.151823997497559
-10.137271881103516
-10.146329879760742
-10.146509170532227
-10.141141891479492
-10.164581298828125
-10.093583106994629
-10.173974990844727
-10.15420913696289
-10.162874221801758
-10.180027961730957
-10.163663864135742
-10.165188789367676
-10.146634101867676
-10.164422988891602
-10.154359817504883
-10.1670503616333
-10.14919376373291
-10.172540664672852
-10.126938819885254
-10.170364379882812
-10.166035652160645
-10.149554252624512
-10.151348114013672
-10.157306671142578
-10.16176700592041
-10.169844627380371
-10.177640914916992
-10.171514511108398
-10.183126449584961
-10.190777778625488
-10.18346881866455
-10.168129920959473
-10.189451217651367
-10.17363452911377
-10.181174278259277
-10.188848495483398
-10.19526481628418
-10.188410758972168
-10.198634147644043
-10.194990158081055
-10.191351890563965
-10.204507827758789
-10.181981086730957
-10.190794944763184
-10.182282447814941
-10.157365798950195
-10.190116882324219
-10.185064315795898
-10.179070472717285
-10.174188613891602
-10.18415355682373
-10.183785438537598
-10.190596580505371
-10.196029663085938
-10.207466125488281
-10.215604782104492
-10.189172744750977
-10.216917037963867
-10.189681053161621
-10.205772399902344
-10.16374397277832
-10.190046310424805
-10.187996864318848
-10.187938690185547
-10.203829765319824
-10.186128616333008
-10.195110321044922
-10.204449653625488
-10.198473930358887
-10.19974136352539
-10.193428993225098
-10.211326599121094
-10.210244178771973
-10.212739944458008
-10.205690383911133
-10.202190399169922
-10.21646785736084
-10.214433670043945
-10.216084480285645
-10.215399742126465
-10.208673477172852
-10.216609001159668
-10.223756790161133
-10.223459243774414
-10.225393295288086
-10.232738494873047
-10.210848808288574
-10.213061332702637
-10.220181465148926
-10.231412887573242
-10.226252555847168
-10.210469245910645
-10.212509155273438
-10.214738845825195
-10.228911399841309
-10.211545944213867
-10.227303504943848
-10.19360637664795
-10.225414276123047
-10.199195861816406
-10.229987144470215
-10.215574264526367
-10.212156295776367
-10.233223915100098
-10.230765342712402
-10.212499618530273
-10.19517993927002
-10.243739128112793
-10.232159614562988
-10.220898628234863
-10.227434158325195
-10.228828430175781
-10.230597496032715
-10.230414390563965
-10.233583450317383
-10.169326782226562
-10.237403869628906
-10.247008323669434
-10.203968048095703
-10.23389720916748
-10.22834300994873
-10.205302238464355
-10.252486228942871
-10.207510948181152
-10.21031665802002
-10.20953369140625
-10.207770347595215
-10.24459171295166
-10.169075012207031
-10.23653793334961
-10.221606254577637
-10.20079231262207
-10.227978706359863
-10.22025203704834
-10.238983154296875
-10.204573631286621
-10.249346733093262
-10.205154418945312
-10.225808143615723
-10.246556282043457
-10.222148895263672
-10.24059772491455
-10.250680923461914
-10.245993614196777
-10.246088981628418
-10.25403881072998
-10.260477066040039
-10.250625610351562
-10.240334510803223
-10.250811576843262
-10.251202583312988
-10.259269714355469
-10.240461349487305
-10.23885726928711
-10.248992919921875
-10.254616737365723
-10.259757041931152
-10.26291561126709
-10.242844581604004
-10.263605117797852
-10.270204544067383
-10.20699691772461
-10.2528715133667
-10.212942123413086
-10.257811546325684
-10.261150360107422
-10.20512580871582
-10.252808570861816
-10.218391418457031
-10.232449531555176
-10.253168106079102
-10.204489707946777
-10.260934829711914
-10.234264373779297
-10.248737335205078
-10.268593788146973
-10.237832069396973
-10.280562400817871
-10.261209487915039
-10.266999244689941
-10.27031421661377
-10.270232200622559
-10.26159381866455
-10.265700340270996
-10.28071117401123
-10.261777877807617
-10.279583930969238
-10.264226913452148
-10.266439437866211
-10.253353118896484
-10.271602630615234
-10.259018898010254
-10.26950740814209
-10.268743515014648
-10.263567924499512
-10.270301818847656
-10.265878677368164
-10.268187522888184
-10.278614044189453
-10.273786544799805
-10.275472640991211
-10.265594482421875
-10.272649765014648
-10.265698432922363
-10.273624420166016
-10.272260665893555
-10.283684730529785
-10.279065132141113
-10.260174751281738
-10.267582893371582
-10.270487785339355
-10.281970024108887
-10.265456199645996
-10.278597831726074
-10.272736549377441
-10.285314559936523
-10.273838996887207
-10.275490760803223
-10.276695251464844
-10.273761749267578
-10.286931037902832
-10.270101547241211
-10.272523880004883
-10.268908500671387
-10.256363868713379
-10.26878547668457
-10.25631332397461
-10.285656929016113
-10.239200592041016
-10.286664962768555
-10.289134979248047
-10.268643379211426
-10.27515697479248
-10.286540985107422
-10.293927192687988
-10.301950454711914
-10.289365768432617
-10.29590129852295
-10.291641235351562
-10.2872953414917
-10.276440620422363
-10.299500465393066
-10.286757469177246
-10.277816772460938
-10.283954620361328
-10.255663871765137
-10.275888442993164
-10.264092445373535
-10.272466659545898
-10.288283348083496
-10.285242080688477
-10.276115417480469
-10.264971733093262
-10.2258939743042
-10.292490005493164
-10.223772048950195
-10.295055389404297
-10.262812614440918
-10.2714262008667
-10.30091667175293
-10.241719245910645
-10.288421630859375
-10.266580581665039
-10.24395751953125
-10.29414176940918
-10.268326759338379
-10.291923522949219
-10.297749519348145
-10.268628120422363
-10.30994701385498
-10.290326118469238
-10.287638664245605
-10.270333290100098
-10.277045249938965
-10.29718017578125
-10.300021171569824
-10.272212028503418
-10.29470443725586
-10.293935775756836
-10.290634155273438
-10.295151710510254
-10.297869682312012
-10.309903144836426
-10.299997329711914
-10.289374351501465
-10.3014497756958
-10.285502433776855
-10.29904842376709
-10.296523094177246
-10.289127349853516
-10.305255889892578
-10.296844482421875
-10.276400566101074
-10.27711009979248
-10.285326957702637
-10.311751365661621
-10.305171966552734
-10.308347702026367
-10.315557479858398
-10.302982330322266
-10.293920516967773
-10.283589363098145
-10.304080963134766
-10.30739974975586
-10.268085479736328
-10.313214302062988
-10.293892860412598
-10.305534362792969
-10.286232948303223
-10.30463695526123
-10.303231239318848
-10.280539512634277
-10.313872337341309
-10.300827026367188
-10.292594909667969
-10.307144165039062
-10.304224967956543
-10.304496765136719
-10.301823616027832
-10.31809139251709
-10.320585250854492
-10.302236557006836
-10.30360221862793
-10.293519973754883
-10.297873497009277
-10.319292068481445
-10.31213665008545
-10.28343677520752
-10.29626178741455
-10.310256958007812
-10.313777923583984
-10.292778968811035
-10.304325103759766
-10.298052787780762
-10.285320281982422
-10.298905372619629
-10.312692642211914
-10.30903148651123
-10.29643440246582
-10.305124282836914
-10.271109580993652
-10.307943344116211
-10.294035911560059
-10.274003028869629
-10.286506652832031
-10.281973838806152
-10.312840461730957
-10.286490440368652
-10.300007820129395
-10.317947387695312
-10.297012329101562
-10.315459251403809
-10.297773361206055
-10.290502548217773
-10.321481704711914
-10.251622200012207
-10.311168670654297
-10.272339820861816
-10.308309555053711
-10.301843643188477
-10.300485610961914
-10.321922302246094
-10.281421661376953
-10.303625106811523
-10.30268383026123
-10.279622077941895
-10.319366455078125
-10.286592483520508
-10.289606094360352
-10.299233436584473
-10.280481338500977
-10.313754081726074
-10.288041114807129
-10.308355331420898
-10.288098335266113
-10.311297416687012
-10.320806503295898
-10.30970287322998
-10.32015609741211
-10.31137752532959
-10.314462661743164
-10.316540718078613
-10.31250286102295
-10.315860748291016
-10.310190200805664
-10.323190689086914
-10.306795120239258
-10.32540225982666
-10.32068920135498
-10.317364692687988
-10.311752319335938
-10.29367733001709
-10.32581615447998
-10.33775520324707
-10.279166221618652
-10.321571350097656
-10.308277130126953
-10.301563262939453
-10.32706356048584
-10.314658164978027
-10.325873374938965
-10.329998016357422
-10.306788444519043
-10.327997207641602
-10.320169448852539
-10.317442893981934
-10.329048156738281
-10.323322296142578
-10.323299407958984
-10.316563606262207
-10.323962211608887
-10.319180488586426
-10.325820922851562
-10.321540832519531
-10.316978454589844
-10.313281059265137
-10.322373390197754
-10.322198867797852
-10.316720008850098
-10.326079368591309
-10.32960319519043
-10.32548999786377
-10.33712387084961
-10.33574104309082
-10.3165864944458
-10.317639350891113
-10.306469917297363
-10.3300142288208
-10.311056137084961
-10.327902793884277
-10.31975269317627
-10.326359748840332
-10.324579238891602
-10.33907699584961
-10.338379859924316
-10.337799072265625
-10.325922012329102
-10.328535079956055
-10.30417251586914
-10.33310317993164
-10.317259788513184
-10.333449363708496
-10.336082458496094
-10.335631370544434
-10.340397834777832
-10.329488754272461
-10.334565162658691
-10.322885513305664
-10.333661079406738
-10.316734313964844
-10.323707580566406
-10.333568572998047
-10.337406158447266
-10.332769393920898
-10.327199935913086
-10.323148727416992
-10.314131736755371
-10.324889183044434
-10.342606544494629
-10.335217475891113
-10.324908256530762
-10.336040496826172
-10.335503578186035
-10.34562873840332
-10.338017463684082
-10.334906578063965
-10.3302001953125
-10.329974174499512
-10.321732521057129
-10.332161903381348
-10.318323135375977
-10.33525276184082
-10.333173751831055
-10.322458267211914
-10.330981254577637
-10.323418617248535
-10.338120460510254
-10.33840560913086
-10.338791847229004
-10.295881271362305
-10.35019302368164
-10.223843574523926
-10.319658279418945
-10.30493450164795
-10.240062713623047
-10.330719947814941
-10.242652893066406
-10.320671081542969
-10.317556381225586
-10.30530834197998
-10.326848983764648
-10.314065933227539
-10.333847999572754
-10.33887767791748
-10.340485572814941
-10.326762199401855
-10.330953598022461
-10.33461856842041
-10.33676815032959
-10.332036972045898
-10.337963104248047
-10.340981483459473
-10.329034805297852
-10.345266342163086
-10.324124336242676
-10.335046768188477
-10.341226577758789
-10.33105754852295
-10.338123321533203
-10.32890796661377
-10.3399019241333
-10.326638221740723
-10.34533977508545
-10.34769344329834
-10.330023765563965
-10.33897876739502
-10.333252906799316
-10.320279121398926
-10.34581184387207
-10.32290267944336
-10.324603080749512
-10.329244613647461
-10.33156681060791
-10.339958190917969
-10.348434448242188
-10.314655303955078
-10.347636222839355
-10.33580207824707
-10.323413848876953
-10.351339340209961
-10.326099395751953
-10.34683895111084
-10.326337814331055
-10.349435806274414
-10.320023536682129
-10.338435173034668
-10.353249549865723
-10.346372604370117
-10.338109016418457
-10.34095573425293
-10.335454940795898
-10.32888126373291
-10.333187103271484
-10.346393585205078
-10.32790756225586
-10.336112022399902
-10.349149703979492
-10.34183120727539
-10.351021766662598
-10.35084342956543
-10.339655876159668
-10.3531494140625
-10.352728843688965
-10.350167274475098
-10.34807300567627
-10.339202880859375
-10.34037971496582
-10.3468599319458
-10.315417289733887
-10.320502281188965
-10.33301830291748
-10.309529304504395
-10.354745864868164
-10.335698127746582
-10.329380989074707
-10.347112655639648
-10.331103324890137
-10.35072135925293
-10.35786247253418
-10.331806182861328
-10.333524703979492
-10.33673095703125
-10.336502075195312
-10.354825019836426
-10.31889533996582
-10.340010643005371
-10.322498321533203
-10.314533233642578
-10.357934951782227
-10.283069610595703
-10.3589448928833
-10.335494041442871
-10.335846900939941
-10.348844528198242
-10.345833778381348
-10.338601112365723
-10.352039337158203
-10.345162391662598
-10.349873542785645
-10.344378471374512
-10.343637466430664
-10.352724075317383
-10.350242614746094
-10.3519926071167
-10.347487449645996
-10.355202674865723
-10.349674224853516
-10.35326862335205
-10.357352256774902
-10.361791610717773
-10.354231834411621
-10.328901290893555
-10.345867156982422
-10.358573913574219
-10.354042053222656
-10.360286712646484
-10.3521089553833
-10.34244155883789
-10.3428373336792
-10.34769344329834
-10.34520149230957
-10.338143348693848
-10.349982261657715
-10.341312408447266
-10.360288619995117
-10.347895622253418
-10.337456703186035
-10.353914260864258
-10.355629920959473
-10.34975814819336
-10.355120658874512
-10.342044830322266
-10.35245132446289
-10.351412773132324
-10.307056427001953
-10.362458229064941
-10.339787483215332
-10.355558395385742
-10.345877647399902
-10.354398727416992
-10.354512214660645
-10.35287857055664
-10.338655471801758
-10.352618217468262
-10.350584030151367
-10.355023384094238
-10.349752426147461
-10.356616020202637
-10.360132217407227
-10.35403823852539
-10.353248596191406
-10.349814414978027
-10.345988273620605
-10.359819412231445
-10.362290382385254
-10.34506893157959
-10.358050346374512
-10.321940422058105
-10.349560737609863
-10.34922981262207
-10.353806495666504
-10.359726905822754
-10.345449447631836
-10.357559204101562
-10.352494239807129
-10.357431411743164
-10.357343673706055
-10.359910011291504
-10.357400894165039
-10.357254028320312
-10.36672306060791
-10.349267959594727
-10.357287406921387
-10.36011791229248
-10.360220909118652
-10.360919952392578
-10.360543251037598
-10.35948657989502
-10.365111351013184
-10.368284225463867
-10.363309860229492
-10.36014175415039
-10.361534118652344
-10.357687950134277
-10.360794067382812
-10.369832992553711
-10.338179588317871
-10.360185623168945
-10.352992057800293
-10.338207244873047
-10.341058731079102
-10.331923484802246
-10.358437538146973
-10.319636344909668
-10.361642837524414
-10.354395866394043
-10.322972297668457
-10.354398727416992
-10.320191383361816
-10.37131118774414
-10.35459041595459
-10.320489883422852
-10.365550994873047
-10.339612007141113
-10.338827133178711
-10.36624813079834
-10.301968574523926
-10.366473197937012
-10.356213569641113
-10.351696014404297
-10.360459327697754
-10.339399337768555
-10.357549667358398
-10.363516807556152
-10.343404769897461
-10.366606712341309
-10.352835655212402
-10.361917495727539
-10.354265213012695
-10.340644836425781
-10.348952293395996
-10.367777824401855
-10.334535598754883
-10.35954761505127
-10.352770805358887
-10.362086296081543
-10.371654510498047
-10.358880996704102
-10.324614524841309
-10.371779441833496
-10.334506034851074
-10.362388610839844
-10.376955032348633
-10.319905281066895
-10.368239402770996
-10.359048843383789
-10.312235832214355
-10.369172096252441
-10.312254905700684
-10.3626708984375
-10.364350318908691
-10.330596923828125
-10.377552032470703
-10.353622436523438
-10.368951797485352
-10.365474700927734
-10.36804485321045
-10.345298767089844
-10.362587928771973
-10.357555389404297
-10.33698844909668
-10.36624526977539
-10.359810829162598
-10.33857536315918
-10.372064590454102
-10.339322090148926
-10.341689109802246
-10.361096382141113
-10.346806526184082
-10.377533912658691
-10.330428123474121
-10.352750778198242
-10.36364459991455
-10.301018714904785
-10.367027282714844
-10.359506607055664
-10.355232238769531
-10.370569229125977
-10.343505859375
-10.365586280822754
-10.36083698272705
-10.356937408447266
-10.36129379272461
-10.373156547546387
-10.372892379760742
-10.375442504882812
-10.375468254089355
-10.355801582336426
-10.375452041625977
-10.354395866394043
-10.351683616638184
-10.372383117675781
-10.354562759399414
-10.372404098510742
-10.37218952178955
-10.369036674499512
-10.382099151611328
-10.372252464294434
-10.369593620300293
-10.3652982711792
-10.36754035949707
-10.370915412902832
-10.368757247924805
-10.354844093322754
-10.37221908569336
-10.349309921264648
-10.369723320007324
-10.370805740356445
-10.361879348754883
-10.377068519592285
-10.355765342712402
-10.375147819519043
-10.36770248413086
-10.38117504119873
-10.378396987915039
-10.381092071533203
-10.375020980834961
-10.37869644165039
-10.384126663208008
-10.379196166992188
-10.379226684570312
-10.379075050354004
-10.377434730529785
-10.369439125061035
-10.378006935119629
-10.384132385253906
-10.37433910369873
-10.38824462890625
-10.370628356933594
-10.383304595947266
-10.36976432800293
-10.38072681427002
-10.378911018371582
-10.359272003173828
-10.380228996276855
-10.376420021057129
-10.371481895446777
-10.343850135803223
-10.372528076171875
-10.364025115966797
-10.368916511535645
-10.376609802246094
-10.360858917236328
-10.373895645141602
-10.367574691772461
-10.36545467376709
-10.385369300842285
-10.3634033203125
-10.385388374328613
-10.376200675964355
-10.372635841369629
-10.378021240234375
-10.387450218200684
-10.379266738891602
-10.372187614440918
-10.382063865661621
-10.370967864990234
-10.367229461669922
-10.374813079833984
-10.327899932861328
-10.375907897949219
-10.384340286254883
-10.354196548461914
-10.363207817077637
-10.363486289978027
-10.357142448425293
-10.370028495788574
-10.374030113220215
-10.32325553894043
-10.387402534484863
-10.358807563781738
-10.380430221557617
-10.372427940368652
-10.39315128326416
-10.384300231933594
-10.373939514160156
-10.38039493560791
-10.383103370666504
-10.377460479736328
-10.385957717895508
-10.382850646972656
-10.384623527526855
-10.382335662841797
-10.386129379272461
-10.380884170532227
-10.383193969726562
-10.384154319763184
-10.370135307312012
-10.389547348022461
-10.385356903076172
-10.376407623291016
-10.384382247924805
-10.363160133361816
-10.382213592529297
-10.385026931762695
-10.385318756103516
-10.386590003967285
-10.38191032409668
-10.385408401489258
-10.339714050292969
-10.383180618286133
-10.34575366973877
-10.375542640686035
-10.380217552185059
-10.3560791015625
-10.385448455810547
-10.38638687133789
-10.381681442260742
-10.385952949523926
-10.38498306274414
-10.370498657226562
-10.387572288513184
-10.386137008666992
-10.383831024169922
-10.367466926574707
-10.367688179016113
-10.383650779724121
-10.389204978942871
-10.392988204956055
-10.382750511169434
-10.391867637634277
-10.385970115661621
-10.38492202758789
-10.394122123718262
-10.378657341003418
-10.384098052978516
-10.391702651977539
-10.397859573364258
-10.384737014770508
-10.390983581542969
-10.396196365356445
-10.38651180267334
-10.375078201293945
-10.396560668945312
-10.384700775146484
-10.38745403289795
-10.38595962524414
-10.39136791229248
-10.394981384277344
-10.403448104858398
-10.371647834777832
-10.391528129577637
-10.376232147216797
-10.391308784484863
-10.364197731018066
-10.388688087463379
-10.381921768188477
-10.395017623901367
-10.394637107849121
-10.368041038513184
-10.37957763671875
-10.379807472229004
-10.382305145263672
-10.388761520385742
-10.39463996887207
-10.383764266967773
-10.385062217712402
-10.390063285827637
-10.370558738708496
-10.383381843566895
-10.395421981811523
-10.384723663330078
-10.383941650390625
-10.39290714263916
-10.385079383850098
-10.381048202514648
-10.380322456359863
-10.39124584197998
-10.387039184570312
-10.381975173950195
-10.385819435119629
-10.38117790222168
-10.379080772399902
-10.381613731384277
-10.393294334411621
-10.390569686889648
-10.391136169433594
-10.387155532836914
-10.3740816116333
-10.364775657653809
-10.390570640563965
-10.354841232299805
-10.368659019470215
-10.35278034210205
-10.33495807647705
-10.393376350402832
-10.371748924255371
-10.391510009765625
-10.364572525024414
-10.406292915344238
-10.398856163024902
-10.394225120544434
-10.379781723022461
-10.392492294311523
-10.377298355102539
-10.381360054016113
-10.362905502319336
-10.39148998260498
-10.390329360961914
-10.388046264648438
-10.387921333312988
-10.401017189025879
-10.391637802124023
-10.380398750305176
-10.390043258666992
-10.357495307922363
-10.387188911437988
-10.351448059082031
-10.386898040771484
-10.387429237365723
-10.355857849121094
-10.393844604492188
-10.375960350036621
-10.355585098266602
-10.39222240447998
-10.35717487335205
-10.36340618133545
-10.385933876037598
-10.354294776916504
-10.395633697509766
-10.396470069885254
-10.378463745117188
-10.396730422973633
-10.395770072937012
-10.396117210388184
-10.38417911529541
-10.39976692199707
-10.389339447021484
-10.389789581298828
-10.388279914855957
-10.384151458740234
-10.390033721923828
-10.389077186584473
-10.373261451721191
-10.396986961364746
-10.328207015991211
-10.39512825012207
-10.361210823059082
-10.369196891784668
-10.38129711151123
-10.38263988494873
-10.39659595489502
-10.390515327453613
-10.402149200439453
-10.402753829956055
-10.39962100982666
-10.396368980407715
-10.39319133758545
-10.398519515991211
-10.400772094726562
-10.377659797668457
-10.394108772277832
-10.396978378295898
-10.394318580627441
-10.402074813842773
-10.39990520477295
-10.403594017028809
-10.393385887145996
-10.398999214172363
-10.402877807617188
-10.40578842163086
-10.395669937133789
-10.404458999633789
-10.389395713806152
-10.392068862915039
-10.401089668273926
-10.407857894897461
-10.391114234924316
-10.392334938049316
-10.395082473754883
-10.389326095581055
-10.411413192749023
-10.40755844116211
-10.402737617492676
-10.397581100463867
-10.401220321655273
-10.388723373413086
-10.401515007019043
-10.405909538269043
-10.389701843261719
-10.367894172668457
-10.38654613494873
-10.359469413757324
-10.403762817382812
-10.378046035766602
-10.35655689239502
-10.40243148803711
-10.384744644165039
-10.366251945495605
-10.399770736694336
-10.356141090393066
-10.38418960571289
-10.414135932922363
-10.357107162475586
-10.38138484954834
-10.377615928649902
-10.388787269592285
-10.39840030670166
-10.407146453857422
-10.398585319519043
-10.402920722961426
-10.398491859436035
-10.396753311157227
-10.40610122680664
-10.390332221984863
-10.406384468078613
-10.384392738342285
-10.408721923828125
-10.40716552734375
-10.399247169494629
-10.387579917907715
-10.388976097106934
-10.381134986877441
-10.405482292175293
-10.391904830932617
-10.404708862304688
-10.407147407531738
-10.400656700134277
-10.399406433105469
-10.395145416259766
-10.401187896728516
-10.402730941772461
-10.405171394348145
-10.40062427520752
-10.410622596740723
-10.393472671508789
-10.39432144165039
-10.3945951461792
-10.376089096069336
-10.413335800170898
-10.398214340209961
-10.395090103149414
-10.403802871704102
-10.405308723449707
-10.384373664855957
-10.39964771270752
-10.384760856628418
-10.367337226867676
-10.408370971679688
-10.368182182312012
-10.398226737976074
-10.40511417388916
-10.366021156311035
-10.403438568115234
-10.393791198730469
-10.391342163085938
-10.410859107971191
-10.408096313476562
-10.37679386138916
-10.398590087890625
-10.383286476135254
-10.357999801635742
-10.401930809020996
-10.36545181274414
-10.404939651489258
-10.411300659179688
-10.399032592773438
-10.410594940185547
-10.41423225402832
-10.40499496459961
-10.407624244689941
-10.413980484008789
-10.370539665222168
-10.405427932739258
-10.410355567932129
-10.361625671386719
-10.405745506286621
-10.386587142944336
-10.381599426269531
-10.414484977722168
-10.408771514892578
-10.39599323272705
-10.408055305480957
-10.381390571594238
-10.410613059997559
-10.415987014770508
-10.383203506469727
-10.407651901245117
-10.396345138549805
-10.40140438079834
-10.41414737701416
-10.371556282043457
-10.394296646118164
-10.377174377441406
-10.40210247039795
-10.40490436553955
-10.403083801269531
-10.356074333190918
-10.408622741699219
-10.367635726928711
-10.37751293182373
-10.40854263305664
-10.358072280883789
-10.31928825378418
-10.41298770904541
-10.323559761047363
-10.374944686889648
-10.389688491821289
-10.39029312133789
-10.400287628173828
-10.4041748046875
-10.408406257629395
-10.407649993896484
-10.395273208618164
-10.419750213623047
-10.39261531829834
-10.411078453063965
-10.391520500183105
-10.411574363708496
-10.413701057434082
-10.408254623413086
-10.412458419799805
-10.413148880004883
-10.413935661315918
-10.415382385253906
-10.408172607421875
-10.411993980407715
-10.407039642333984
-10.416360855102539
-10.417491912841797
-10.411914825439453
-10.405003547668457
-10.415210723876953
-10.411919593811035
-10.412808418273926
-10.415533065795898
-10.415411949157715
-10.404489517211914
-10.417038917541504
-10.419817924499512
-10.400635719299316
-10.403310775756836
-10.407423973083496
-10.367937088012695
-10.409296035766602
-10.399322509765625
-10.408028602600098
-10.411704063415527
-10.380407333374023
-10.411982536315918
-10.38737678527832
-10.403060913085938
-10.412443161010742
-10.381661415100098
-10.403096199035645
-10.404865264892578
-10.398760795593262
-10.40064525604248
-10.354849815368652
-10.382712364196777
-10.423868179321289
-10.33238410949707
-10.38544750213623
-10.378209114074707
-10.38499641418457
-10.402932167053223
-10.40578842163086
-10.390981674194336
-10.410558700561523
-10.392996788024902
-10.380675315856934
-10.403118133544922
-10.421768188476562
-10.378850936889648
-10.408552169799805
-10.38785457611084
-10.413329124450684
-10.417349815368652
-10.401000022888184
-10.426273345947266
-10.425485610961914
-10.412200927734375
-10.417346000671387
-10.413592338562012
-10.426475524902344
-10.390329360961914
-10.413971900939941
-10.410486221313477
-10.391507148742676
-10.41180419921875
-10.42117691040039
-10.364636421203613
-10.417228698730469
-10.381129264831543
-10.407848358154297
-10.41825008392334
-10.396934509277344
-10.403898239135742
-10.410073280334473
-10.416974067687988
-10.407831192016602
-10.420454025268555
-10.420422554016113
-10.396553993225098
-10.417393684387207
-10.412626266479492
-10.4132661819458
-10.419918060302734
-10.413379669189453
-10.41667652130127
-10.411707878112793
-10.413402557373047
-10.429232597351074
-10.417071342468262
-10.414875984191895
-10.418133735656738
-10.422686576843262
-10.419404983520508
-10.420931816101074
-10.398863792419434
-10.422358512878418
-10.397296905517578
-10.42090129852295
-10.416821479797363
-10.408190727233887
-10.420177459716797
-10.408788681030273
-10.426350593566895
-10.42049503326416
-10.414857864379883
-10.418133735656738
-10.420879364013672
-10.423828125
-10.424982070922852
-10.427563667297363
-10.418758392333984
-10.415314674377441
-10.418966293334961
-10.418734550476074
-10.416996955871582
-10.418957710266113
-10.418642044067383
-10.420191764831543
-10.420147895812988
-10.419163703918457
-10.418209075927734
-10.430802345275879
-10.414671897888184
-10.424695014953613
-10.42378044128418
-10.407065391540527
-10.420339584350586
-10.408434867858887
-10.418448448181152
-10.422830581665039
-10.421147346496582
-10.419683456420898
-10.416239738464355
-10.420642852783203
-10.416460037231445
-10.424397468566895
-10.398826599121094
-10.422886848449707
-10.418387413024902
-10.422039985656738
-10.421794891357422
-10.42053508758545
-10.408801078796387
-10.430410385131836
-10.387272834777832
-10.416266441345215
-10.401833534240723
-10.418499946594238
-10.4238920211792
-10.422937393188477
-10.417640686035156
-10.413673400878906
-10.425935745239258
-10.367452621459961
-10.424347877502441
-10.411894798278809
-10.423810005187988
-10.416805267333984
-10.431632041931152
-10.42721939086914
-10.405865669250488
-10.407413482666016
-10.403438568115234
-10.418761253356934
-10.408952713012695
-10.409645080566406
-10.423596382141113
-10.398326873779297
-10.413493156433105
-10.437845230102539
-10.345637321472168
-10.425125122070312
-10.411089897155762
-10.394439697265625
-10.430200576782227
-10.415373802185059
-10.427651405334473
-10.419958114624023
-10.424470901489258
-10.426122665405273
-10.43032455444336
-10.430096626281738
-10.420576095581055
-10.408612251281738
-10.421744346618652
-10.404624938964844
-10.422235488891602
-10.426219940185547
-10.395967483520508
-10.429946899414062
-10.411699295043945
-10.413911819458008
-10.423430442810059
-10.417227745056152
-10.415210723876953
-10.42462158203125
-10.42665958404541
-10.400948524475098
-10.42608642578125
-10.405631065368652
-10.435548782348633
-10.42028522491455
-10.418329238891602
-10.423818588256836
-10.421279907226562
-10.424809455871582
-10.432465553283691
-10.409828186035156
-10.425387382507324
-10.411880493164062
-10.421904563903809
-10.426851272583008
-10.426133155822754
-10.42823314666748
-10.42903995513916
-10.424958229064941
-10.430222511291504
-10.426478385925293
-10.418404579162598
-10.421905517578125
-10.436602592468262
-10.393421173095703
-10.4249906539917
-10.397651672363281
-10.431417465209961
-10.432559967041016
-10.420287132263184
-10.400151252746582
-10.419306755065918
-10.427421569824219
-10.407575607299805
-10.437850952148438
-10.406562805175781
-10.399635314941406
-10.429977416992188
-10.392949104309082
-10.378579139709473
-10.426555633544922
-10.399406433105469
-10.419065475463867
-10.42982006072998
-10.41413688659668
-10.41967487335205
-10.429274559020996
-10.427812576293945
-10.432905197143555
-10.427221298217773
-10.405998229980469
-10.412698745727539
-10.41489315032959
-10.422011375427246
-10.427016258239746
-10.42757797241211
-10.419073104858398
-10.419861793518066
-10.420388221740723
-10.414697647094727
-10.430615425109863
-10.424598693847656
-10.427640914916992
-10.427663803100586
-10.424232482910156
-10.429925918579102
-10.423994064331055
-10.399008750915527
-10.436038970947266
-10.421988487243652
-10.410120964050293
-10.426807403564453
-10.413166046142578
-10.419146537780762
-10.429266929626465
-10.405830383300781
-10.39211654663086
-10.43483829498291
-10.397144317626953
-10.408048629760742
-10.434760093688965
-10.407136917114258
-10.439807891845703
-10.432624816894531
-10.4103422164917
-10.430868148803711
-10.418852806091309
-10.431049346923828
-10.387219429016113
-10.444259643554688
-10.425762176513672
-10.410002708435059
-10.42448616027832
-10.431554794311523
-10.4202241897583
-10.441146850585938
-10.43179702758789
-10.42757797241211
-10.431756973266602
-10.417459487915039
-10.427851676940918
-10.443411827087402
-10.43276596069336
-10.434062004089355
-10.429080963134766
-10.427261352539062
-10.424196243286133
-10.444058418273926
-10.407942771911621
-10.436830520629883
-10.441057205200195
-10.41899585723877
-10.422486305236816
-10.418020248413086
-10.41858196258545
-10.433736801147461
-10.418900489807129
-10.440299034118652
-10.436660766601562
-10.42878246307373
-10.42923641204834
-10.432992935180664
-10.440672874450684
-10.432622909545898
-10.42681884765625
-10.427946090698242
-10.410551071166992
-10.4303560256958
-10.433740615844727
-10.394316673278809
-10.423943519592285
-10.41014575958252
-10.433165550231934
-10.434983253479004
-10.426021575927734
-10.43876838684082
-10.423064231872559
-10.437514305114746
-10.442326545715332
-10.43407917022705
-10.414534568786621
-10.439362525939941
-10.434823036193848
-10.43798542022705
-10.438501358032227
-10.429123878479004
-10.436591148376465
-10.437485694885254
-10.437426567077637
-10.442540168762207
-10.447340965270996
-10.426848411560059
-10.434596061706543
-10.439830780029297
-10.427689552307129
-10.441004753112793
-10.435737609863281
-10.422802925109863
-10.436676979064941
-10.434253692626953
-10.438190460205078
-10.438241958618164
-10.434639930725098
-10.437158584594727
-10.425917625427246
-10.438872337341309
-10.434693336486816
-10.438986778259277
-10.429558753967285
-10.440919876098633
-10.454546928405762
-10.410163879394531
-10.439484596252441
-10.407382011413574
-10.396967887878418
-10.42455768585205
-10.41258716583252
-10.426827430725098
-10.41334056854248
-10.439847946166992
-10.439395904541016
-10.446784019470215
-10.4307279586792
-10.434934616088867
-10.433605194091797
-10.423443794250488
-10.43834114074707
-10.437623023986816
-10.427364349365234
-10.445476531982422
-10.41079044342041
-10.440320014953613
-10.412249565124512
-10.441054344177246
-10.445727348327637
-10.442327499389648
-10.435809135437012
-10.435402870178223
-10.435445785522461
-10.441399574279785
-10.422404289245605
-10.437788009643555
-10.43880844116211
-10.431812286376953
-10.432682037353516
-10.44115924835205
-10.437580108642578
-10.431736946105957
-10.431042671203613
-10.443695068359375
-10.44128131866455
-10.440994262695312
-10.443462371826172
-10.433151245117188
-10.433568954467773
-10.443284034729004
-10.411856651306152
-10.417885780334473
-10.415746688842773
-10.393108367919922
-10.437263488769531
-10.405935287475586
-10.407029151916504
-10.412073135375977
-10.412294387817383
-10.435846328735352
-10.413361549377441
-10.430638313293457
-10.439470291137695
-10.418135643005371
-10.428182601928711
-10.440436363220215
-10.439562797546387
-10.431422233581543
-10.444867134094238
-10.407816886901855
-10.428669929504395
-10.44469165802002
-10.39047908782959
-10.43664264678955
-10.42615795135498
-10.387885093688965
-10.447111129760742
-10.383074760437012
-10.424205780029297
-10.446353912353516
-10.384160041809082
-10.444485664367676
-10.439692497253418
-10.414863586425781
-10.438431739807129
-10.412839889526367
-10.445411682128906
-10.447504997253418
-10.43775463104248
-10.444916725158691
-10.427124977111816
-10.44409465789795
-10.436956405639648
-10.44404411315918
-10.438517570495605
-10.440986633300781
-10.438599586486816
-10.441485404968262
-10.444364547729492
-10.43822956085205
-10.443696022033691
-10.450894355773926
-10.447136878967285
-10.426933288574219
-10.438007354736328
-10.440423965454102
-10.445873260498047
-10.427774429321289
-10.461044311523438
-10.452357292175293
-10.430624008178711
-10.433165550231934
-10.450464248657227
-10.432486534118652
-10.446354866027832
-10.44170093536377
-10.437806129455566
-10.437029838562012
-10.450591087341309
-10.416107177734375
-10.441461563110352
-10.441563606262207
-10.419071197509766
-10.4309663772583
-10.43896770477295
-10.38692569732666
-10.443018913269043
-10.402069091796875
-10.444594383239746
-10.43981647491455
-10.42414379119873
-10.440037727355957
-10.439970016479492
-10.438004493713379
-10.447809219360352
-10.439156532287598
-10.444381713867188
-10.441874504089355
-10.440778732299805
-10.446279525756836
-10.453279495239258
-10.449609756469727
-10.454907417297363
-10.447979927062988
-10.44577407836914
-10.44227409362793
-10.445340156555176
-10.441956520080566
-10.448967933654785
-10.45461368560791
-10.450056076049805
-10.43934154510498
-10.44997501373291
-10.440284729003906
-10.451745986938477
-10.445514678955078
-10.444190979003906
-10.445694923400879
-10.443106651306152
-10.434983253479004
-10.439790725708008
-10.433810234069824
-10.446181297302246
-10.438674926757812
-10.445806503295898
-10.436295509338379
-10.428929328918457
-10.446124076843262
-10.414916038513184
-10.435914039611816
-10.444145202636719
-10.428467750549316
-10.444164276123047
-10.436796188354492
-10.446893692016602
-10.443520545959473
-10.450303077697754
-10.446765899658203
-10.443238258361816
-10.456375122070312
-10.446810722351074
-10.450054168701172
-10.448723793029785
-10.442022323608398
-10.442195892333984
-10.43906307220459
-10.440447807312012
-10.440648078918457
-10.440473556518555
-10.448347091674805
-10.450191497802734
-10.449996948242188
-10.431530952453613
-10.443021774291992
-10.44559097290039
-10.43979263305664
-10.448074340820312
-10.455724716186523
-10.41769027709961
-10.452790260314941
-10.399395942687988
-10.445514678955078
-10.434386253356934
-10.44689655303955
-10.444963455200195
-10.451393127441406
-10.450831413269043
-10.448246002197266
-10.443605422973633
-10.414518356323242
-10.440943717956543
-10.446920394897461
-10.431325912475586
-10.448817253112793
-10.448137283325195
-10.446125984191895
-10.453104019165039
-10.44743537902832
-10.454346656799316
-10.45266056060791
-10.445107460021973
-10.451214790344238
-10.433162689208984
-10.44243049621582
-10.442452430725098
-10.444554328918457
-10.455042839050293
-10.441841125488281
-10.43567943572998
-10.454505920410156
-10.445713996887207
-10.434212684631348
-10.448716163635254
-10.412799835205078
-10.454158782958984
-10.418843269348145
-10.408976554870605
-10.441110610961914
-10.35257339477539
-10.449630737304688
-10.36582088470459
-10.342846870422363
-10.444368362426758
-10.327268600463867
-10.465226173400879
-10.452857971191406
-10.427680015563965
-10.42727279663086
-10.437202453613281
-10.430569648742676
-10.431441307067871
-10.422102928161621
-10.436469078063965
-10.444226264953613
-10.445409774780273
-10.44541072845459
-10.458456993103027
-10.413073539733887
-10.443596839904785
-10.445082664489746
-10.440643310546875
-10.44908332824707
-10.442426681518555
-10.429797172546387
-10.44993782043457
-10.437675476074219
-10.449897766113281
-10.448390007019043
-10.45799732208252
-10.44951057434082
-10.450437545776367
-10.458048820495605
-10.446917533874512
-10.454330444335938
-10.452021598815918
-10.449991226196289
-10.451637268066406
-10.445161819458008
-10.450343132019043
-10.455863952636719
-10.441680908203125
-10.459705352783203
-10.46124267578125
-10.440866470336914
-10.415331840515137
-10.452272415161133
-10.421117782592773
-10.443915367126465
-10.438870429992676
-10.394253730773926
-10.457853317260742
-10.423685073852539
-10.440679550170898
-10.456594467163086
-10.419002532958984
-10.459141731262207
-10.451139450073242
-10.440743446350098
-10.450510025024414
-10.439583778381348
-10.453896522521973
-10.428362846374512
-10.4581937789917
-10.435853958129883
-10.465840339660645
-10.45755672454834
-10.441449165344238
-10.440611839294434
-10.459966659545898
-10.44745922088623
-10.454680442810059
-10.447564125061035
-10.442244529724121
-10.447738647460938
-10.455452919006348
-10.459366798400879
-10.426484107971191
-10.456016540527344
-10.448831558227539
-10.443073272705078
-10.446176528930664
-10.427546501159668
-10.452080726623535
-10.450546264648438
-10.457635879516602
-10.45122241973877
-10.445210456848145
-10.444859504699707
-10.418563842773438
-10.45700740814209
-10.429534912109375
-10.428923606872559
-10.458611488342285
-10.394277572631836
-10.445479393005371
-10.437250137329102
-10.409321784973145
-10.459383010864258
-10.449885368347168
-10.435574531555176
-10.439362525939941
-10.446517944335938
-10.421075820922852
-10.463475227355957
-10.449844360351562
-10.453231811523438
-10.455180168151855
-10.452398300170898
-10.449983596801758
-10.461621284484863
-10.44572925567627
-10.446588516235352
-10.460612297058105
-10.412252426147461
-10.428616523742676
-10.449850082397461
-10.392473220825195
-10.440933227539062
-10.424698829650879
-10.410625457763672
-10.455057144165039
-10.435269355773926
-10.449832916259766
-10.45720386505127
-10.458585739135742
-10.463461875915527
-10.458048820495605
-10.463037490844727
-10.456957817077637
-10.443397521972656
-10.455012321472168
-10.469147682189941
-10.387598991394043
-10.461545944213867
-10.452398300170898
-10.414132118225098
-10.442154884338379
-10.38289737701416
-10.456167221069336
-10.455461502075195
-10.44734001159668
-10.456443786621094
-10.448101043701172
-10.447742462158203
-10.455668449401855
-10.466175079345703
-10.447545051574707
-10.466801643371582
-10.423523902893066
-10.44659423828125
-10.452608108520508
-10.405472755432129
-10.466643333435059
-10.442370414733887
-10.401920318603516
-10.45389175415039
-10.429678916931152
-10.455397605895996
-10.444076538085938
-10.436978340148926
-10.465622901916504
-10.450409889221191
-10.456877708435059
-10.459210395812988
-10.450935363769531
-10.462685585021973
-10.454849243164062
-10.462997436523438
-10.449560165405273
-10.464088439941406
-10.461238861083984
-10.454913139343262
-10.457106590270996
-10.46392822265625
-10.457686424255371
-10.455896377563477
-10.456292152404785
-10.453888893127441
-10.465113639831543
-10.471413612365723
-10.432353019714355
-10.459930419921875
-10.454068183898926
-10.443382263183594
-10.465182304382324
-10.439247131347656
-10.466582298278809
-10.462035179138184
-10.445709228515625
-10.45789623260498
-10.463887214660645
-10.453391075134277
-10.459405899047852
-10.458894729614258
-10.462864875793457
-10.459724426269531
-10.458341598510742
-10.460144996643066
-10.449317932128906
-10.462798118591309
-10.456357955932617
-10.43653678894043
-10.452165603637695
-10.417534828186035
-10.460759162902832
-10.463159561157227
-10.449576377868652
-10.435598373413086
-10.460000991821289
-10.433704376220703
-10.455758094787598
-10.45895004272461
-10.425821304321289
-10.46587085723877
-10.463384628295898
-10.43408203125
-10.458426475524902
-10.448464393615723
-10.456253051757812
-10.463067054748535
-10.462289810180664
-10.461544036865234
-10.443248748779297
-10.461185455322266
-10.450811386108398
-10.462445259094238
-10.457479476928711
-10.449645042419434
-10.458001136779785
-10.462376594543457
-10.467476844787598
-10.441612243652344
-10.454702377319336
-10.456473350524902
-10.417115211486816
-10.462254524230957
-10.432644844055176
-10.462994575500488
-10.460328102111816
-10.46682357788086
-10.438065528869629
-10.463666915893555
-10.448697090148926
-10.466085433959961
-10.462970733642578
-10.466580390930176
-10.465158462524414
-10.46942138671875
-10.466390609741211
-10.46299934387207
-10.46310043334961
-10.463000297546387
-10.465317726135254
-10.465910911560059
-10.455009460449219
-10.468618392944336
-10.464935302734375
-10.469130516052246
-10.464422225952148
-10.454573631286621
-10.472102165222168
-10.460573196411133
-10.465727806091309
-10.464799880981445
-10.450370788574219
-10.465447425842285
-10.43902587890625
-10.445152282714844
-10.459293365478516
-10.446518898010254
-10.466865539550781
-10.457937240600586
-10.473492622375488
-10.46741008758545
-10.454609870910645
-10.455794334411621
-10.464690208435059
-10.472465515136719
-10.416945457458496
-10.429375648498535
-10.443392753601074
-10.394667625427246
-10.452364921569824
-10.427330017089844
-10.404496192932129
-10.446837425231934
-10.469374656677246
-10.316232681274414
-10.43731689453125
-10.409870147705078
-10.37804126739502
-10.462042808532715
-10.446981430053711
-10.427022933959961
-10.475106239318848
-10.455076217651367
-10.462492942810059
-10.447491645812988
-10.4693603515625
-10.47145938873291
-10.464333534240723
-10.466593742370605
-10.461648941040039
-10.470985412597656
-10.446610450744629
-10.458550453186035
-10.468729972839355
-10.446124076843262
-10.459110260009766
-10.436773300170898
-10.428586959838867
-10.456558227539062
-10.449631690979004
-10.45584774017334
-10.454429626464844
-10.464241027832031
-10.472367286682129
-10.449915885925293
-10.451343536376953
-10.465228080749512
-10.449027061462402
-10.466656684875488
-10.474102020263672
-10.442416191101074
-10.46209716796875
-10.471721649169922
-10.429329872131348
-10.46712589263916
-10.468798637390137
-10.458897590637207
-10.456767082214355
-10.463119506835938
-10.471606254577637
-10.471343040466309
-10.472245216369629
-10.447808265686035
-10.459040641784668
-10.463384628295898
-10.460633277893066
-10.446929931640625
-10.471704483032227
-10.436232566833496
-10.459823608398438
-10.466700553894043
-10.450382232666016
-10.452143669128418
-10.470271110534668
-10.397730827331543
-10.468978881835938
-10.424711227416992
-10.468215942382812
-10.474308013916016
-10.450271606445312
-10.444498062133789
-10.46292781829834
-10.45895004272461
-10.481073379516602
-10.456581115722656
-10.450525283813477
-10.467291831970215
-10.428752899169922
-10.46823501586914
-10.46957778930664
-10.464343070983887
-10.472354888916016
-10.470492362976074
-10.455881118774414
-10.463809967041016
-10.473091125488281
-10.469192504882812
-10.469804763793945
-10.47872257232666
-10.455373764038086
-10.466409683227539
-10.462111473083496
-10.460880279541016
-10.46083927154541
-10.451526641845703
-10.462387084960938
-10.46640396118164
-10.468500137329102
-10.472206115722656
-10.47102165222168
-10.468855857849121
-10.475248336791992
-10.443289756774902
-10.460294723510742
-10.46187973022461
-10.434721946716309
-10.471159934997559
-10.466848373413086
-10.468954086303711
-10.46904182434082
-10.46530818939209
-10.469208717346191
-10.429498672485352
-10.469976425170898
-10.43969440460205
-10.440611839294434
-10.475005149841309
-10.437455177307129
-10.401655197143555
-10.457046508789062
-10.459392547607422
-10.458659172058105
-10.473835945129395
-10.456201553344727
-10.440291404724121
-10.472513198852539
-10.454584121704102
-10.367033004760742
-10.471433639526367
-10.428650856018066
-10.439892768859863
-10.472334861755371
-10.430373191833496
-10.439976692199707
-10.466696739196777
-10.426777839660645
-10.449140548706055
-10.461186408996582
-10.437163352966309
-10.485344886779785
-10.473358154296875
-10.471282958984375
-10.456027030944824
-10.4727783203125
-10.457169532775879
-10.470372200012207
-10.469220161437988
-10.46147346496582
-10.465205192565918
-10.457207679748535
-10.47490406036377
-10.46134090423584
-10.471559524536133
-10.462172508239746
-10.466468811035156
-10.45783519744873
-10.455678939819336
-10.473779678344727
-10.45894718170166
-10.443185806274414
-10.476838111877441
-10.407679557800293
-10.460980415344238
-10.473827362060547
-10.461502075195312
-10.455309867858887
-10.464386940002441
-10.445319175720215
-10.48155403137207
-10.409611701965332
-10.450640678405762
-10.45982837677002
-10.385921478271484
-10.474078178405762
-10.456954956054688
-10.436952590942383
-10.442209243774414
-10.478914260864258
-10.341461181640625
-10.421296119689941
-10.451447486877441
-10.391446113586426
-10.45126724243164
-10.457027435302734
-10.397191047668457
-10.462632179260254
-10.47602653503418
-10.40711498260498
-10.461441993713379
-10.474799156188965
-10.401412010192871
-10.458760261535645
-10.44657039642334
-10.366966247558594
-10.476512908935547
-10.455095291137695
-10.452895164489746
-10.472779273986816
-10.480551719665527
-10.445815086364746
-10.476755142211914
-10.468692779541016
-10.447099685668945
-10.469598770141602
-10.480125427246094
-10.432656288146973
-10.47785472869873
-10.47017765045166
-10.460013389587402
-10.478163719177246
-10.479666709899902
-10.45346736907959
-10.473807334899902
-10.471030235290527
-10.474714279174805
-10.487159729003906
-10.447197914123535
-10.472092628479004
-10.472831726074219
-10.474170684814453
-10.454328536987305
-10.472403526306152
-10.451590538024902
-10.417927742004395
-10.481616973876953
-10.455541610717773
-10.418889999389648
-10.481860160827637
-10.449387550354004
-10.429097175598145
-10.480716705322266
-10.392659187316895
-10.475860595703125
-10.4786958694458
-10.459362030029297
-10.466606140136719
-10.471611976623535
-10.463229179382324
-10.4425687789917
-10.469566345214844
-10.448534965515137
-10.455341339111328
-10.463163375854492
-10.456243515014648
-10.436277389526367
-10.467638969421387
-10.456721305847168
-10.425257682800293
-10.47689151763916
-10.426770210266113
-10.430816650390625
-10.45113754272461
-10.455801963806152
-10.450268745422363
-10.474451065063477
-10.457493782043457
-10.470233917236328
-10.476881980895996
-10.468232154846191
-10.461481094360352
-10.477444648742676
-10.472725868225098
-10.464085578918457
-10.476419448852539
-10.463648796081543
-10.46692180633545
-10.480712890625
-10.471358299255371
-10.470259666442871
-10.477017402648926
-10.47398567199707
-10.481721878051758
-10.485088348388672
-10.474764823913574
-10.477401733398438
-10.480021476745605
-10.478458404541016
-10.468599319458008
-10.484084129333496
-10.469905853271484
-10.487524032592773
-10.458853721618652
-10.478883743286133
-10.474737167358398
-10.488577842712402
-10.481770515441895
-10.473580360412598
-10.481729507446289
-10.474295616149902
-10.473458290100098
-10.472278594970703
-10.471570014953613
-10.478238105773926
-10.495296478271484
-10.453629493713379
-10.4598388671875
-10.473226547241211
-10.484966278076172
-10.479022979736328
-10.454476356506348
-10.464046478271484
-10.472749710083008
-10.456116676330566
-10.469810485839844
-10.469558715820312
-10.459752082824707
-10.472477912902832
-10.474995613098145
-10.465977668762207
-10.473075866699219
-10.472192764282227
-10.484551429748535
-10.459624290466309
-10.486798286437988
-10.473655700683594
-10.460044860839844
-10.478239059448242
-10.482039451599121
-10.434701919555664
-10.476754188537598
-10.468368530273438
-10.47785758972168
-10.474937438964844
-10.474672317504883
-10.464375495910645
-10.460872650146484
-10.460492134094238
-10.462865829467773
-10.470382690429688
-10.478741645812988
-10.44052505493164
-10.44762897491455
-10.471639633178711
-10.46772289276123
-10.447549819946289
-10.478890419006348
-10.455941200256348
-10.482489585876465
-10.478833198547363
-10.475428581237793
-10.479994773864746
-10.475395202636719
-10.473453521728516
-10.479923248291016
-10.46981430053711
-10.474737167358398
-10.474742889404297
-10.484416961669922
-10.480603218078613
-10.474193572998047
-10.480997085571289
-10.464620590209961
-10.478988647460938
-10.46212387084961
-10.457226753234863
-10.478887557983398
-10.457480430603027
-10.472482681274414
-10.477730751037598
-10.474949836730957
-10.432116508483887
-10.481121063232422
-10.424534797668457
-10.474699974060059
-10.472631454467773
-10.483119010925293
-10.468615531921387
-10.474120140075684
-10.46159553527832
-10.471866607666016
-10.474833488464355
-10.477178573608398
-10.48145866394043
-10.477397918701172
-10.484358787536621
-10.48238468170166
-10.480237007141113
-10.481515884399414
-10.47961139678955
-10.480010032653809
-10.476190567016602
-10.472044944763184
-10.474335670471191
-10.480498313903809
-10.473790168762207
-10.479996681213379
-10.481486320495605
-10.482823371887207
-10.475263595581055
-10.484375953674316
-10.483426094055176
-10.478033065795898
-10.483781814575195
-10.47801399230957
-10.46568775177002
-10.475886344909668
-10.48260498046875
-10.459542274475098
-10.482866287231445
-10.492513656616211
-10.45751953125
-10.472579002380371
-10.47738265991211
-10.477409362792969
-10.47183609008789
-10.485969543457031
-10.472902297973633
-10.465617179870605
-10.471031188964844
-10.490745544433594
-10.472037315368652
-10.480656623840332
-10.471649169921875
-10.471205711364746
-10.480841636657715
-10.467510223388672
-10.486565589904785
-10.471268653869629
-10.464469909667969
-10.478885650634766
-10.447502136230469
-10.48353099822998
-10.473496437072754
-10.45883560180664
-10.479206085205078
-10.467251777648926
-10.480631828308105
-10.479166984558105
-10.475457191467285
-10.481364250183105
-10.489171028137207
-10.483473777770996
-10.491355895996094
-10.486446380615234
-10.47972583770752
-10.479826927185059
-10.477675437927246
-10.48082447052002
-10.4891939163208
-10.487129211425781
-10.489081382751465
-10.495718955993652
-10.486841201782227
-10.485109329223633
-10.476028442382812
-10.480260848999023
-10.482393264770508
-10.47325325012207
-10.484972953796387
-10.485445022583008
-10.478921890258789
-10.484878540039062
-10.485957145690918
-10.487654685974121
-10.488848686218262
-10.487236022949219
-10.486709594726562
-10.465271949768066
-10.479331970214844
-10.476922035217285
-10.4829683303833
-10.472410202026367
-10.483434677124023
-10.48486328125
-10.491829872131348
-10.483086585998535
-10.484395027160645
-10.493753433227539
-10.484705924987793
-10.482946395874023
-10.485608100891113
-10.47574234008789
-10.500718116760254
-10.466303825378418
-10.484196662902832
-10.483705520629883
-10.488028526306152
-10.483866691589355
-10.480015754699707
-10.486983299255371
-10.481109619140625
-10.458898544311523
-10.487956047058105
-10.451411247253418
-10.469968795776367
-10.474845886230469
-10.470636367797852
-10.48013687133789
-10.484615325927734
-10.445786476135254
-10.484428405761719
-10.493073463439941
-10.473978042602539
-10.454024314880371
-10.467756271362305
-10.472921371459961
-10.49068546295166
-10.486082077026367
-10.46325397491455
-10.490662574768066
-10.491524696350098
-10.488154411315918
-10.467630386352539
-10.487918853759766
-10.470526695251465
-10.486416816711426
-10.478355407714844
-10.471593856811523
-10.47677230834961
-10.479893684387207
-10.475749015808105
-10.456604957580566
-10.482075691223145
-10.462807655334473
-10.476774215698242
-10.487178802490234
-10.462254524230957
-10.475906372070312
-10.489843368530273
-10.457916259765625
-10.490135192871094
-10.48341178894043
-10.484710693359375
-10.479363441467285
-10.498720169067383
-10.489713668823242
-10.458250999450684
-10.485098838806152
-10.45438003540039
-10.482477188110352
-10.470026969909668
-10.4703950881958
-10.490982055664062
-10.470074653625488
-10.483634948730469
-10.489029884338379
-10.457558631896973
-10.490814208984375
-10.472564697265625
-10.484450340270996
-10.49374008178711
-10.482918739318848
-10.482956886291504
-10.482874870300293
-10.480941772460938
-10.486080169677734
-10.462589263916016
-10.487422943115234
-10.471219062805176
-10.462736129760742
-10.480437278747559
-10.477374076843262
-10.463046073913574
-10.483668327331543
-10.453909873962402
-10.444585800170898
-10.487409591674805
-10.458072662353516
-10.463294982910156
-10.478160858154297
-10.462080001831055
-10.487356185913086
-10.47662353515625
-10.468279838562012
-10.480630874633789
-10.477283477783203
-10.484253883361816
-10.497058868408203
-10.495942115783691
-10.490775108337402
-10.497117042541504
-10.479312896728516
-10.497605323791504
-10.4894380569458
-10.473723411560059
-10.486189842224121
-10.480835914611816
-10.493302345275879
-10.494032859802246
-10.489640235900879
-10.48320198059082
-10.486496925354004
-10.49586296081543
-10.485113143920898
-10.478589057922363
-10.474058151245117
-10.471182823181152
-10.487569808959961
-10.480134010314941
-10.460426330566406
-10.48169231414795
-10.457279205322266
-10.472793579101562
-10.488446235656738
-10.4794340133667
-10.475321769714355
-10.485380172729492
-10.482483863830566
-10.488776206970215
-10.487624168395996
-10.489151954650879
-10.488568305969238
-10.494332313537598
-10.487753868103027
-10.495905876159668
-10.493032455444336
-10.476323127746582
-10.48282527923584
-10.491755485534668
-10.479039192199707
-10.496788024902344
-10.494884490966797
-10.463067054748535
-10.486922264099121
-10.494147300720215
-10.443329811096191
-10.49845027923584
-10.471222877502441
-10.466768264770508
-10.488164901733398
-10.474813461303711
-10.46999740600586
-10.486336708068848
-10.483137130737305
-10.482979774475098
-10.48440933227539
-10.4926176071167
-10.49016284942627
-10.48575210571289
-10.505745887756348
-10.440574645996094
-10.493109703063965
-10.490785598754883
-10.477782249450684
-10.48205852508545
-10.501927375793457
-10.47905158996582
-10.491667747497559
-10.489222526550293
-10.486907005310059
-10.48300552368164
-10.488804817199707
-10.494397163391113
-10.490768432617188
-10.47515869140625
-10.491857528686523
-10.487726211547852
-10.46075439453125
-10.489990234375
-10.461296081542969
-10.488594055175781
-10.490455627441406
-10.472219467163086
-10.477476119995117
-10.496018409729004
-10.487431526184082
-10.423666954040527
-10.477498054504395
-10.459456443786621
-10.41651439666748
-10.479681968688965
-10.476298332214355
-10.429741859436035
-10.472155570983887
-10.47461986541748
-10.451774597167969
-10.478299140930176
-10.46658706665039
-10.483536720275879
-10.499833106994629
-10.477818489074707
-10.493701934814453
-10.492670059204102
-10.497241973876953
-10.483753204345703
-10.488591194152832
-10.49727725982666
-10.490421295166016
-10.487701416015625
-10.482651710510254
-10.49158763885498
-10.48733139038086
-10.48691177368164
-10.495831489562988
-10.481758117675781
-10.47806167602539
-10.492182731628418
-10.472466468811035
-10.479708671569824
-10.48703670501709
-10.459127426147461
-10.498759269714355
-10.434043884277344
-10.493786811828613
-10.484305381774902
-10.477095603942871
-10.493310928344727
-10.497573852539062
-10.484687805175781
-10.484097480773926
-10.488369941711426
-10.480419158935547
-10.458576202392578
-10.492815017700195
-10.413064956665039
-10.45986270904541
-10.49093246459961
-10.398041725158691
-10.476006507873535
-10.45772647857666
-10.429572105407715
-10.487979888916016
-10.478578567504883
-10.471975326538086
-10.4896240234375
-10.472015380859375
-10.457169532775879
-10.491705894470215
-10.473806381225586
-10.485344886779785
-10.495843887329102
-10.479571342468262
-10.49244499206543
-10.491193771362305
-10.491369247436523
-10.466113090515137
-10.490460395812988
-10.46769905090332
-10.47665786743164
-10.495878219604492
-10.444998741149902
-10.4776611328125
-10.491623878479004
-10.467283248901367
-10.484456062316895
-10.489683151245117
-10.461298942565918
-10.495444297790527
-10.484232902526855
-10.481576919555664
-10.487972259521484
-10.504573822021484
-10.479350090026855
-10.489943504333496
-10.504544258117676
-10.483996391296387
-10.488251686096191
-10.494527816772461
-10.475553512573242
-10.478707313537598
-10.504048347473145
-10.485846519470215
-10.481409072875977
-10.489714622497559
-10.500988006591797
-10.476658821105957
-10.500423431396484
-10.480664253234863
-10.462065696716309
-10.484546661376953
-10.517899513244629
-10.438188552856445
-10.460895538330078
-10.497262001037598
-10.470783233642578
-10.474185943603516
-10.499337196350098
-10.485027313232422
-10.508155822753906
-10.49270248413086
-10.499488830566406
-10.497138977050781
-10.501194953918457
-10.496241569519043
-10.498673439025879
-10.481531143188477
-10.491599082946777
-10.493431091308594
-10.488609313964844
-10.49552059173584
-10.504281044006348
-10.488485336303711
-10.492076873779297
-10.49108600616455
-10.490979194641113
-10.504439353942871
-10.49853515625
-10.500353813171387
-10.49311637878418
-10.490242004394531
-10.493759155273438
-10.497711181640625
-10.48253059387207
-10.498299598693848
-10.48996353149414
-10.497231483459473
-10.509297370910645
-10.464823722839355
-10.478740692138672
-10.474120140075684
-10.466473579406738
-10.484477996826172
-10.444005012512207
-10.412042617797852
-10.498720169067383
-10.4780912399292
-10.411940574645996
-10.493663787841797
-10.422905921936035
-10.459861755371094
-10.504369735717773
-10.433220863342285
-10.424345970153809
-10.462088584899902
-10.458213806152344
-10.50007152557373
-10.497394561767578
-10.491477966308594
-10.495945930480957
-10.489142417907715
-10.496688842773438
-10.477248191833496
-10.493101119995117
-10.48967456817627
-10.492493629455566
-10.49919319152832
-10.48807144165039
-10.454723358154297
-10.499836921691895
-10.484400749206543
-10.487972259521484
-10.502467155456543
-10.492321968078613
-10.493427276611328
-10.495142936706543
-10.495012283325195
-10.489974975585938
-10.503911018371582
-10.46552848815918
-10.497061729431152
-10.500185012817383
-10.489340782165527
-10.501925468444824
-10.497896194458008
-10.493080139160156
-10.496156692504883
-10.497745513916016
-10.493046760559082
-10.49376392364502
-10.507600784301758
-10.505229949951172
-10.497443199157715
-10.491044044494629
-10.500097274780273
-10.497007369995117
-10.501158714294434
-10.497233390808105
-10.50224781036377
-10.493955612182617
-10.498810768127441
-10.5050048828125
-10.49757194519043
-10.495382308959961
-10.50359058380127
-10.499242782592773
-10.500171661376953
-10.499298095703125
-10.492901802062988
-10.502676963806152
-10.499255180358887
-10.501020431518555
-10.499363899230957
-10.491289138793945
-10.504693031311035
-10.49997615814209
-10.496291160583496
-10.504006385803223
-10.497859954833984
-10.502120018005371
-10.50041675567627
-10.493494987487793
-10.508573532104492
-10.46507740020752
-10.496968269348145
-10.495248794555664
-10.472609519958496
-10.496655464172363
-10.503376960754395
-10.503353118896484
-10.500725746154785
-10.50061321258545
-10.5
-10.503406524658203
-10.498791694641113
-10.496796607971191
-10.498273849487305
-10.501534461975098
-10.497940063476562
-10.506031036376953
-10.497404098510742
-10.4915132522583
-10.504810333251953
-10.497748374938965
-10.496170997619629
-10.5071382522583
-10.49872875213623
-10.512113571166992
-10.503504753112793
-10.497896194458008
-10.508070945739746
-10.504072189331055
-10.496970176696777
-10.499614715576172
-10.478530883789062
-10.491825103759766
-10.494379043579102
-10.501579284667969
-10.478301048278809
-10.497536659240723
-10.497632026672363
-10.494283676147461
-10.498251914978027
-10.496079444885254
-10.500168800354004
-10.496895790100098
-10.494247436523438
-10.503077507019043
-10.499404907226562
-10.510173797607422
-10.499217987060547
-10.505556106567383
-10.496878623962402
-10.498621940612793
-10.50255298614502
-10.49614143371582
-10.503450393676758
-10.498530387878418
-10.504220962524414
-10.503355979919434
-10.493480682373047
-10.490692138671875
-10.495187759399414
-10.5021333694458
-10.480109214782715
-10.516063690185547
-10.500125885009766
-10.506986618041992
-10.50478744506836
-10.501126289367676
-10.501540184020996
-10.501416206359863
-10.494494438171387
-10.504472732543945
-10.49957275390625
-10.503579139709473
-10.499029159545898
-10.502457618713379
-10.496688842773438
-10.488199234008789
-10.501829147338867
-10.504895210266113
-10.49561595916748
-10.523808479309082
-10.466394424438477
-10.506271362304688
-10.47433853149414
-10.479153633117676
-10.487010955810547
-10.490394592285156
-10.484679222106934
-10.50184440612793
-10.476033210754395
-10.490499496459961
-10.503899574279785
-10.419588088989258
-10.47657299041748
-10.500781059265137
-10.452813148498535
-10.455934524536133
-10.498443603515625
-10.476204872131348
-10.446528434753418
-10.491586685180664
-10.464375495910645
-10.470709800720215
-10.467490196228027
-10.45942497253418
-10.488039016723633
-10.461199760437012
-10.502338409423828
-10.495593070983887
-10.493216514587402
-10.506598472595215
-10.508852005004883
-10.505505561828613
-10.504570960998535
-10.483405113220215
-10.508926391601562
-10.470267295837402
-10.50253963470459
-10.49710750579834
-10.516796112060547
-10.50426959991455
-10.504950523376465
-10.507347106933594
-10.487587928771973
-10.504740715026855
-10.491508483886719
-10.486922264099121
-10.504919052124023
-10.454655647277832
-10.46948528289795
-10.50304126739502
-10.486701965332031
-10.473897933959961
-10.501020431518555
-10.483723640441895
-10.49708366394043
-10.504866600036621
-10.487133026123047
-10.495857238769531
-10.50724983215332
-10.496795654296875
-10.510088920593262
-10.503155708312988
-10.505010604858398
-10.503700256347656
-10.500165939331055
-10.508795738220215
-10.500503540039062
-10.507919311523438
-10.498071670532227
-10.46825885772705
-10.469407081604004
-10.512986183166504
-10.483952522277832
-10.492260932922363
-10.507258415222168
-10.49201488494873
-10.498045921325684
-10.499473571777344
-10.507710456848145
-10.497945785522461
-10.489675521850586
-10.502863883972168
-10.491250038146973
-10.49086856842041
-10.518719673156738
-10.447908401489258
-10.478799819946289
-10.48493480682373
-10.478867530822754
-10.494783401489258
-10.487589836120605
-10.462323188781738
-10.511934280395508
-10.52114200592041
-10.459287643432617
-10.491958618164062
-10.505043029785156
-10.475017547607422
-10.506708145141602
-10.504865646362305
-10.479283332824707
-10.500463485717773
-10.498252868652344
-10.478104591369629
-10.511773109436035
-10.471370697021484
-10.501533508300781
-10.508167266845703
-10.47262954711914
-10.484731674194336
-10.513570785522461
-10.490306854248047
-10.493087768554688
-10.498908042907715
-10.482029914855957
-10.469456672668457
-10.511476516723633
-10.505913734436035
-10.462203979492188
-10.500595092773438
-10.499615669250488
-10.45172119140625
-10.507221221923828
-10.497082710266113
-10.491143226623535
-10.50809383392334
-10.513343811035156
-10.45952033996582
-10.503578186035156
-10.480298042297363
-10.471857070922852
-10.512768745422363
-10.487634658813477
-10.512852668762207
-10.511960983276367
-10.507647514343262
-10.507616996765137
-10.490764617919922
-10.508273124694824
-10.482117652893066
-10.505294799804688
-10.467378616333008
-10.473136901855469
-10.516969680786133
-10.492250442504883
-10.509655952453613
-10.504539489746094
-10.499217987060547
-10.506621360778809
-10.505542755126953
-10.495072364807129
-10.498798370361328
-10.50076675415039
-10.501907348632812
-10.499831199645996
-10.510626792907715
-10.476564407348633
-10.473610877990723
-10.488032341003418
-10.520452499389648
-10.501087188720703
-10.500429153442383
-10.488263130187988
-10.509276390075684
-10.509434700012207
-10.505611419677734
-10.511157989501953
-10.507640838623047
-10.503463745117188
-10.510740280151367
-10.489583969116211
-10.503503799438477
-10.507922172546387
-10.481366157531738
-10.482161521911621
-10.493375778198242
-10.443549156188965
-10.497243881225586
-10.476434707641602
-10.493751525878906
-10.503562927246094
-10.494523048400879
-10.504722595214844
-10.49756145477295
-10.508069038391113
-10.482101440429688
-10.491181373596191
-10.506790161132812
-10.49153995513916
-10.49975872039795
-10.514163970947266
-10.488497734069824
-10.488117218017578
-10.50348949432373
-10.472273826599121
-10.504656791687012
-10.509468078613281
-10.507458686828613
-10.516240119934082
-10.506168365478516
-10.508798599243164
-10.51498031616211
-10.508359909057617
-10.506132125854492
-10.502427101135254
-10.464113235473633
-10.510848999023438
-10.50440502166748
-10.455288887023926
-10.50196647644043
-10.495170593261719
-10.467622756958008
-10.50238037109375
-10.510862350463867
-10.488924026489258
-10.477612495422363
-10.506424903869629
-10.48458480834961
-10.434350967407227
-10.507842063903809
-10.467368125915527
-10.488980293273926
-10.512508392333984
-10.506649017333984
-10.499857902526855
-10.520252227783203
-10.482149124145508
-10.487349510192871
-10.506742477416992
-10.48742961883545
-10.48159408569336
-10.498540878295898
-10.514304161071777
-10.520466804504395
-10.509504318237305
-10.519378662109375
-10.490194320678711
-10.499475479125977
-10.506326675415039
-10.450918197631836
-10.505727767944336
-10.495621681213379
-10.464394569396973
-10.50269603729248
-10.500646591186523
-10.476730346679688
-10.489320755004883
-10.501473426818848
-10.49003791809082
-10.488520622253418
-10.521856307983398
-10.450918197631836
-10.475484848022461
-10.505581855773926
-10.452445983886719
-10.498528480529785
-10.501001358032227
-10.446867942810059
-10.517006874084473
-10.498513221740723
-10.508946418762207
-10.509265899658203
-10.509062767028809
-10.50039291381836
-10.508756637573242
-10.517751693725586
-10.50772762298584
-10.460810661315918
-10.491189956665039
-10.484028816223145
-10.514907836914062
-10.502372741699219
-10.470589637756348
-10.503454208374023
-10.49327278137207
-10.480077743530273
-10.501065254211426
-10.51942253112793
-10.444612503051758
-10.455721855163574
-10.48877239227295
-10.436119079589844
-10.500986099243164
-10.494584083557129
-10.479643821716309
-10.5105619430542
-10.489375114440918
-10.497479438781738
-10.514623641967773
-10.475300788879395
-10.503376007080078
-10.510080337524414
-10.484695434570312
-10.499504089355469
-10.50816535949707
-10.514819145202637
-10.507901191711426
-10.504822731018066
-10.508072853088379
-10.515727043151855
-10.519330978393555
-10.521039962768555
-10.5147123336792
-10.509696006774902
-10.511260986328125
-10.502572059631348
-10.51085376739502
-10.51575756072998
-10.51209545135498
-10.499285697937012
-10.513528823852539
-10.504251480102539
-10.507251739501953
-10.513288497924805
-10.506453514099121
-10.506266593933105
-10.506612777709961
-10.534143447875977
-10.479410171508789
-10.510042190551758
-10.499526023864746
-10.499775886535645
-10.515178680419922
-10.515018463134766
-10.503995895385742
-10.496133804321289
-10.514378547668457
-10.475706100463867
-10.507002830505371
-10.503252029418945
-10.509803771972656
-10.520670890808105
-10.490743637084961
-10.507914543151855
-10.437006950378418
-10.496855735778809
-10.47843074798584
-10.425487518310547
-10.511757850646973
-10.47158145904541
-10.45997142791748
-10.513806343078613
-10.492856979370117
-10.418198585510254
-10.507760047912598
-10.511828422546387
-10.464386940002441
-10.47880744934082
-10.498616218566895
-10.518940925598145
-10.472636222839355
-10.514404296875
-10.513338088989258
-10.497610092163086
-10.518636703491211
-10.474310874938965
-10.50208568572998
-10.513528823852539
-10.500727653503418
-10.50203800201416
-10.511529922485352
-10.460737228393555
-10.519105911254883
-10.5018310546875
-10.51713752746582
-10.49906063079834
-10.515181541442871
-10.489875793457031
-10.517735481262207
-10.516729354858398
-10.514062881469727
-10.49496078491211
-10.50098991394043
-10.499305725097656
-10.515993118286133
-10.503351211547852
-10.507720947265625
-10.517287254333496
-10.515159606933594
-10.47509765625
-10.515734672546387
-10.514365196228027
-10.493082046508789
-10.506237983703613
-10.521566390991211
-10.495007514953613
-10.516560554504395
-10.513484954833984
-10.523937225341797
-10.514554977416992
-10.468213081359863
-10.516264915466309
-10.502958297729492
-10.508727073669434
-10.511034965515137
-10.514881134033203
-10.513591766357422
-10.515609741210938
-10.510336875915527
-10.512345314025879
-10.519594192504883
-10.52037525177002
-10.510464668273926
-10.51114273071289
-10.51929759979248
-10.50953483581543
-10.512381553649902
-10.517938613891602
-10.517729759216309
-10.496150970458984
-10.509954452514648
-10.490528106689453
-10.514140129089355
-10.504985809326172
-10.484922409057617
-10.512978553771973
-10.50558090209961
-10.504681587219238
-10.520919799804688
-10.48835277557373
-10.517518997192383
-10.512751579284668
-10.503507614135742
-10.513227462768555
-10.516069412231445
-10.522346496582031
-10.504561424255371
-10.515971183776855
-10.525056838989258
-10.458701133728027
-10.516697883605957
-10.451048851013184
-10.481801986694336
-10.517539978027344
-10.49533748626709
-10.479737281799316
-10.513280868530273
-10.493814468383789
-10.541041374206543
-10.46211051940918
-10.512176513671875
-10.463016510009766
-10.513057708740234
-10.51496696472168
-10.518667221069336
-10.525262832641602
-10.51106071472168
-10.5178804397583
-10.485885620117188
-10.510963439941406
-10.514392852783203
-10.525287628173828
-10.519474029541016
-10.503910064697266
-10.518270492553711
-10.523346900939941
-10.499298095703125
-10.503515243530273
-10.486781120300293
-10.502425193786621
-10.510831832885742
-10.529425621032715
-10.495036125183105
-10.50151252746582
-10.514713287353516
-10.475804328918457
-10.519579887390137
-10.518357276916504
-10.521980285644531
-10.5199556350708
-10.4965181350708
-10.527933120727539
-10.470904350280762
-10.472207069396973
-10.50516414642334
-10.464522361755371
-10.510570526123047
-10.517440795898438
-10.495099067687988
-10.524547576904297
-10.516121864318848
-10.531219482421875
-10.486065864562988
-10.511651039123535
-10.502968788146973
-10.520669937133789
-10.509516716003418
-10.521627426147461
-10.52012825012207
-10.490324020385742
-10.520523071289062
-10.506440162658691
-10.498346328735352
-10.521652221679688
-10.469423294067383
-10.485657691955566
-10.526627540588379
-10.491893768310547
-10.5071439743042
-10.522082328796387
-10.463363647460938
-10.482478141784668
-10.517620086669922
-10.49454402923584
-10.457472801208496
-10.517134666442871
-10.483011245727539
-10.460348129272461
-10.514437675476074
-10.473225593566895
-10.488998413085938
-10.527650833129883
-10.50698471069336
-10.487332344055176
-10.506693840026855
-10.493513107299805
-10.473774909973145
-10.526989936828613
-10.516465187072754
-10.490333557128906
-10.526893615722656
-10.490445137023926
-10.520830154418945
-10.515665054321289
-10.507440567016602
-10.502996444702148
-10.518471717834473
-10.528395652770996
-10.514492988586426
-10.515599250793457
-10.517190933227539
-10.486701965332031
-10.505105972290039
-10.519928932189941
-10.481538772583008
-10.506649017333984
-10.504945755004883
-10.50870132446289
-10.525450706481934
-10.494497299194336
-10.50080680847168
-10.52702522277832
-10.5095796585083
-10.508112907409668
-10.518509864807129
-10.49492073059082
-10.519340515136719
-10.520037651062012
-10.503608703613281
-10.507211685180664
-10.50216293334961
-10.507580757141113
-10.509520530700684
-10.515660285949707
-10.490100860595703
-10.517841339111328
-10.517522811889648
-10.49729061126709
-10.52147388458252
-10.509190559387207
-10.521982192993164
-10.515005111694336
-10.516176223754883
-10.494579315185547
-10.52772331237793
-10.51893424987793
-10.519085884094238
-10.514996528625488
-10.517449378967285
-10.520718574523926
-10.52217960357666
-10.517162322998047
-10.524679183959961
-10.522631645202637
-10.51518440246582
-10.527112007141113
-10.50920581817627
-10.523099899291992
-10.51993465423584
-10.521662712097168
-10.521583557128906
-10.48094367980957
-10.52463150024414
-10.477034568786621
-10.480560302734375
-10.522210121154785
-10.434247016906738
-10.485767364501953
-10.510001182556152
-10.495004653930664
-10.478044509887695
-10.525981903076172
-10.4879150390625
-10.510915756225586
-10.518784523010254
-10.492420196533203
-10.494722366333008
-10.513590812683105
-10.519146919250488
-10.483624458312988
-10.52392292022705
-10.507928848266602
-10.506163597106934
-10.517441749572754
-10.508031845092773
-10.512032508850098
-10.518777847290039
-10.52675724029541
-10.512588500976562
-10.510639190673828
-10.522049903869629
-10.516724586486816
-10.50629711151123
-10.524206161499023
-10.525009155273438
-10.522994041442871
-10.496479034423828
-10.522228240966797
-10.516973495483398
-10.52022933959961
-10.517701148986816
-10.52804946899414
-10.520724296569824
-10.513010025024414
-10.518768310546875
-10.512849807739258
-10.51305866241455
-10.51917839050293
-10.512496948242188
-10.50760269165039
-10.518950462341309
-10.512337684631348
-10.518318176269531
-10.51901912689209
-10.527079582214355
-10.518508911132812
-10.519689559936523
-10.519896507263184
-10.523284912109375
-10.513936996459961
-10.525586128234863
-10.516561508178711
-10.521048545837402
-10.518881797790527
-10.522821426391602
-10.525647163391113
-10.520503044128418
-10.515697479248047
-10.523487091064453
-10.525962829589844
-10.523433685302734
-10.520577430725098
-10.517538070678711
-10.521199226379395
-10.531951904296875
-10.526132583618164
-10.53828239440918
-10.52182674407959
-10.520346641540527
-10.518311500549316
-10.513663291931152
-10.520747184753418
-10.531890869140625
-10.505136489868164
-10.518735885620117
-10.515223503112793
-10.521723747253418
-10.528307914733887
-10.508703231811523
-10.526131629943848
-10.5254545211792
-10.519454956054688
-10.524686813354492
-10.519768714904785
-10.536407470703125
-10.520889282226562
-10.528474807739258
-10.519302368164062
-10.52408504486084
-10.501592636108398
-10.525261878967285
-10.528546333312988
-10.522087097167969
-10.516424179077148
-10.520788192749023
-10.522396087646484
-10.519672393798828
-10.527498245239258
-10.516447067260742
-10.522159576416016
-10.532180786132812
-10.522017478942871
-10.526165008544922
-10.52476692199707
-10.522022247314453
-10.522491455078125
-10.525793075561523
-10.527261734008789
-10.523266792297363
-10.519710540771484
-10.516375541687012
-10.513195037841797
-10.522455215454102
-10.525732040405273
-10.520496368408203
-10.531686782836914
-10.522446632385254
-10.528413772583008
-10.52391529083252
-10.52167797088623
-10.503800392150879
-10.5346040725708
-10.525094985961914
-10.50629997253418
-10.524311065673828
-10.476709365844727
-10.52542781829834
-10.52696704864502
-10.497347831726074
-10.528374671936035
-10.512505531311035
-10.530269622802734
-10.52254581451416
-10.518721580505371
-10.497808456420898
-10.519865036010742
-10.517187118530273
-10.509458541870117
-10.517555236816406
-10.495619773864746
-10.51843547821045
-10.547017097473145
-10.476510047912598
-10.513338088989258
-10.517118453979492
-10.47323226928711
-10.518423080444336
-10.51207160949707
-10.509843826293945
-10.510225296020508
-10.52155876159668
-10.50013256072998
-10.527331352233887
-10.520130157470703
-10.511977195739746
-10.53081226348877
-10.532373428344727
-10.520759582519531
-10.52348804473877
-10.524762153625488
-10.51741886138916
-10.517621994018555
-10.519810676574707
-10.524713516235352
-10.528352737426758
-10.522178649902344
-10.520501136779785
-10.523919105529785
-10.50900650024414
-10.525130271911621
-10.516328811645508
-10.514206886291504
-10.509552955627441
-10.529969215393066
-10.516283988952637
-10.511985778808594
-10.520527839660645
-10.520659446716309
-10.540521621704102
-10.510764122009277
-10.522963523864746
-10.524249076843262
-10.518291473388672
-10.53158187866211
-10.508416175842285
-10.514226913452148
-10.525779724121094
-10.50493335723877
-10.531508445739746
-10.523359298706055
-10.522050857543945
-10.528448104858398
-10.530362129211426
-10.532486915588379
-10.51540470123291
-10.521732330322266
-10.506697654724121
-10.532506942749023
-10.533713340759277
-10.532727241516113
-10.53078842163086
-10.510946273803711
-10.53032112121582
-10.521699905395508
-10.519918441772461
-10.537335395812988
-10.479467391967773
-10.559820175170898
-10.525955200195312
-10.521709442138672
-10.524041175842285
-10.52293872833252
-10.495351791381836
-10.503131866455078
-10.514622688293457
-10.454742431640625
-10.518196105957031
-10.535660743713379
-10.465126991271973
-10.490677833557129
-10.51783275604248
-10.52464485168457
-10.466410636901855
-10.525701522827148
-10.503020286560059
-10.487743377685547
-10.519481658935547
-10.490859031677246
-10.476820945739746
-10.528741836547852
-10.522638320922852
-10.509689331054688
-10.5065279006958
-10.530734062194824
-10.478243827819824
-10.524650573730469
-10.519021987915039
-10.512975692749023
-10.527992248535156
-10.510873794555664
-10.529706001281738
-10.531523704528809
-10.521682739257812
-10.524710655212402
-10.532381057739258
-10.517913818359375
-10.533719062805176
-10.53084945678711
-10.526962280273438
-10.531200408935547
-10.53145694732666
-10.531143188476562
-10.528725624084473
-10.536505699157715
-10.53442096710205
-10.529959678649902
-10.531377792358398
-10.531322479248047
-10.525985717773438
-10.534541130065918
-10.536102294921875
-10.528157234191895
-10.529964447021484
-10.530095100402832
-10.52308177947998
-10.52831745147705
-10.527585983276367
-10.532808303833008
-10.516901969909668
-10.513398170471191
-10.525303840637207
-10.516552925109863
-10.526631355285645
-10.529489517211914
-10.532439231872559
-10.52701187133789
-10.531975746154785
-10.52920150756836
-10.531274795532227
-10.52714729309082
-10.537948608398438
-10.501729965209961
-10.505602836608887
-10.52328109741211
-10.525433540344238
-10.52893352508545
-10.536399841308594
-10.526813507080078
-10.529427528381348
-10.521185874938965
-10.524847030639648
-10.536928176879883
-10.536340713500977
-10.531652450561523
-10.525096893310547
-10.536588668823242
-10.524721145629883
-10.522130012512207
-10.524856567382812
-10.527947425842285
-10.523502349853516
-10.529451370239258
-10.524237632751465
-10.535186767578125
-10.527000427246094
-10.535999298095703
-10.533117294311523
-10.518388748168945
-10.524697303771973
-10.523688316345215
-10.532470703125
-10.539841651916504
-10.538695335388184
-10.529606819152832
-10.522636413574219
-10.515828132629395
-10.530158042907715
-10.51207447052002
-10.533785820007324
-10.530580520629883
-10.531832695007324
-10.534400939941406
-10.516242980957031
-10.528589248657227
-10.527750015258789
-10.529887199401855
-10.522557258605957
-10.528929710388184
-10.55048942565918
-10.525978088378906
-10.519002914428711
-10.531525611877441
-10.493610382080078
-10.531269073486328
-10.545882225036621
-10.487342834472656
-10.521077156066895
-10.513973236083984
-10.505488395690918
-10.536124229431152
-10.528008460998535
-10.51939868927002
-10.533098220825195
-10.526656150817871
-10.5299654006958
-10.536162376403809
-10.540404319763184
-10.533308982849121
-10.535996437072754
-10.532730102539062
-10.53006649017334
-10.537485122680664
-10.543815612792969
-10.52635383605957
-10.533740043640137
-10.534638404846191
-10.52660846710205
-10.531113624572754
-10.53031063079834
-10.518877029418945
-10.539525032043457
-10.539759635925293
-10.501593589782715
-10.527695655822754
-10.508801460266113
-10.503647804260254
-10.530802726745605
-10.519436836242676
-10.51463508605957
-10.533882141113281
-10.516380310058594
-10.51849365234375
-10.525982856750488
-10.537362098693848
-10.502863883972168
-10.536081314086914
-10.521946907043457
-10.510451316833496
-10.525259017944336
-10.498504638671875
-10.488323211669922
-10.529836654663086
-10.51660442352295
-10.490917205810547
-10.53518295288086
-10.48567008972168
-10.507872581481934
-10.527502059936523
-10.502779006958008
-10.518559455871582
-10.519705772399902
-10.521644592285156
-10.529332160949707
-10.556244850158691
-10.473668098449707
-10.537293434143066
-10.525283813476562
-10.511327743530273
-10.538033485412598
-10.485164642333984
-10.519736289978027
-10.53981876373291
-10.53976058959961
-10.51966381072998
-10.535484313964844
-10.527288436889648
-10.533198356628418
-10.533730506896973
-10.52997875213623
-10.536317825317383
-10.53420352935791
-10.521921157836914
-10.544610023498535
-10.535017967224121
-10.503994941711426
-10.530183792114258
-10.517135620117188
-10.529413223266602
-10.532538414001465
-10.514386177062988
-10.525556564331055
-10.523561477661133
-10.532906532287598
-10.53412914276123
-10.537250518798828
-10.535611152648926
-10.54062557220459
-10.531088829040527
-10.52858829498291
-10.52989673614502
-10.535606384277344
-10.540266036987305
-10.534919738769531
-10.5255126953125
-10.541604995727539
-10.525606155395508
-10.533660888671875
-10.521965980529785
-10.51102066040039
-10.531364440917969
-10.527012825012207
-10.512653350830078
-10.526361465454102
-10.53068733215332
-10.523153305053711
-10.534892082214355
-10.537215232849121
-10.513053894042969
-10.533447265625
-10.526060104370117
-10.521906852722168
-10.530192375183105
-10.533249855041504
-10.527141571044922
-10.532990455627441
-10.52467155456543
-10.534628868103027
-10.540180206298828
-10.510270118713379
-10.527253150939941
-10.535259246826172
-10.530991554260254
-10.54060173034668
-10.530230522155762
-10.530816078186035
-10.530793190002441
-10.542473793029785
-10.506963729858398
-10.544477462768555
-10.542217254638672
-10.538330078125
-10.5313720703125
-10.520147323608398
-10.524909973144531
-10.512659072875977
-10.534271240234375
-10.5097074508667
-10.536468505859375
-10.534433364868164
-10.524365425109863
-10.534199714660645
-10.531145095825195
-10.536555290222168
-10.536853790283203
-10.535517692565918
-10.534239768981934
-10.530782699584961
-10.540823936462402
-10.544709205627441
-10.534937858581543
-10.520181655883789
-10.532659530639648
-10.517836570739746
-10.530552864074707
-10.53738784790039
-10.52475643157959
-10.537641525268555
-10.535222053527832
-10.53448486328125
-10.534626007080078
-10.528935432434082
-10.545687675476074
-10.546952247619629
-10.538294792175293
-10.536789894104004
-10.5368070602417
-10.537507057189941
-10.543774604797363
-10.54063892364502
-10.529199600219727
-10.5158109664917
-10.535585403442383
-10.533474922180176
-10.533645629882812
-10.527517318725586
-10.53075885772705
-10.50912094116211
-10.535767555236816
-10.514101028442383
-10.518731117248535
-10.544334411621094
-10.515213966369629
-10.525362968444824
-10.542133331298828
-10.515077590942383
-10.53081226348877
-10.53376579284668
-10.53370475769043
-10.537155151367188
-10.535063743591309
-10.536542892456055
-10.543526649475098
-10.526751518249512
-10.539519309997559
-10.53919506072998
-10.542720794677734
-10.544699668884277
-10.551753044128418
-10.533668518066406
-10.534425735473633
-10.530311584472656
-10.532611846923828
-10.533342361450195
-10.529386520385742
-10.544145584106445
-10.514938354492188
-10.517745971679688
-10.541125297546387
-10.534931182861328
-10.530899047851562
-10.535673141479492
-10.550349235534668
-10.510016441345215
-10.53449535369873
-10.526124000549316
-10.506512641906738
-10.544105529785156
-10.532618522644043
-10.530949592590332
-10.536617279052734
-10.534090995788574
-10.539837837219238
-10.540970802307129
-10.539132118225098
-10.53613567352295
-10.535999298095703
-10.544386863708496
-10.536544799804688
-10.530257225036621
-10.542706489562988
-10.535367012023926
-10.535338401794434
-10.543437957763672
-10.540002822875977
-10.537481307983398
-10.551942825317383
-10.52115249633789
-10.538599967956543
-10.538219451904297
-10.525795936584473
-10.539794921875
-10.539271354675293
-10.534482955932617
-10.532520294189453
-10.54389476776123
-10.541011810302734
-10.541738510131836
-10.545483589172363
-10.532501220703125
-10.525498390197754
-10.535518646240234
-10.532217025756836
-10.524045944213867
-10.537642478942871
-10.540414810180664
-10.543493270874023
-10.533455848693848
-10.538830757141113
-10.527181625366211
-10.533509254455566
-10.539377212524414
-10.522416114807129
-10.537152290344238
-10.543071746826172
-10.527852058410645
-10.535188674926758
-10.535740852355957
-10.54318618774414
-10.541598320007324
-10.539434432983398
-10.534728050231934
-10.53483772277832
-10.531980514526367
-10.532232284545898
-10.534154891967773
-10.499507904052734
-10.5393705368042
-10.527608871459961
-10.521018028259277
-10.537171363830566
-10.53973388671875
-10.500017166137695
-10.541520118713379
-10.539359092712402
-10.511251449584961
-10.533666610717773
-10.522468566894531
-10.533586502075195
-10.537946701049805
-10.541906356811523
-10.538372039794922
-10.531073570251465
-10.536392211914062
-10.531889915466309
-10.536911964416504
-10.545475959777832
-10.53287410736084
-10.535259246826172
-10.544404983520508
-10.538365364074707
-10.541190147399902
-10.540693283081055
-10.538800239562988
-10.535548210144043
-10.548002243041992
-10.518893241882324
-10.549650192260742
-10.540606498718262
-10.532459259033203
-10.543588638305664
-10.547388076782227
-10.518234252929688
-10.52124309539795
-10.531214714050293
-10.499420166015625
-10.542036056518555
-10.540852546691895
-10.508247375488281
-10.512904167175293
-10.538385391235352
-10.491186141967773
-10.520464897155762
-10.539426803588867
-10.514888763427734
-10.518126487731934
-10.531951904296875
-10.5153169631958
-10.540145874023438
-10.540371894836426
-10.470845222473145
-10.536968231201172
-10.533675193786621
-10.532337188720703
-10.543132781982422
-10.549359321594238
-10.49600887298584
-10.542969703674316
-10.527908325195312
-10.532295227050781
-10.540610313415527
-10.545370101928711
-10.529218673706055
-10.538674354553223
-10.540958404541016
-10.539302825927734
-10.553629875183105
-10.54684066772461
-10.548173904418945
-10.550585746765137
-10.535018920898438
-10.54055118560791
-10.532430648803711
-10.539588928222656
-10.533822059631348
-10.549920082092285
-10.548697471618652
-10.548535346984863
-10.537782669067383
-10.543628692626953
-10.543243408203125
-10.545587539672852
-10.542377471923828
-10.55024528503418
-10.53109359741211
-10.546778678894043
-10.537700653076172
-10.53965950012207
-10.541424751281738
-10.538673400878906
-10.547159194946289
-10.546387672424316
-10.545745849609375
-10.544663429260254
-10.54523754119873
-10.534065246582031
-10.53419017791748
-10.536182403564453
-10.534782409667969
-10.543932914733887
-10.545523643493652
-10.534836769104004
-10.543303489685059
-10.547124862670898
-10.536892890930176
-10.544334411621094
-10.542506217956543
-10.545222282409668
-10.529691696166992
-10.541939735412598
-10.510293960571289
-10.54370403289795
-10.515049934387207
-10.544193267822266
-10.543669700622559
-10.543132781982422
-10.54301643371582
-10.527274131774902
-10.544397354125977
-10.532880783081055
-10.52271556854248
-10.544722557067871
-10.543063163757324
-10.533313751220703
-10.527819633483887
-10.55106258392334
-10.522584915161133
-10.513216018676758
-10.544647216796875
-10.523411750793457
-10.515923500061035
-10.542309761047363
-10.519951820373535
-10.545034408569336
-10.532657623291016
-10.542463302612305
-10.526863098144531
-10.547877311706543
-10.544382095336914
-10.532795906066895
-10.540763854980469
-10.54830551147461
-10.506577491760254
-10.546082496643066
-10.530014991760254
-10.524017333984375
-10.5402193069458
-10.541577339172363
-10.522623062133789
-10.545126914978027
-10.548938751220703
-10.528402328491211
-10.537745475769043
-10.54453182220459
-10.50588321685791
-10.535933494567871
-10.526476860046387
-10.548284530639648
-10.547985076904297
-10.543869018554688
-10.539539337158203
-10.550402641296387
-10.541919708251953
-10.545429229736328
-10.544475555419922
-10.545604705810547
-10.550450325012207
-10.542717933654785
-10.544179916381836
-10.531888008117676
-10.537816047668457
-10.55649471282959
-10.553570747375488
-10.544147491455078
-10.536185264587402
-10.537559509277344
-10.542491912841797
-10.542348861694336
-10.541882514953613
-10.546103477478027
-10.518501281738281
-10.53880786895752
-10.546289443969727
-10.480642318725586
-10.544692993164062
-10.528247833251953
-10.506193161010742
-10.550332069396973
-10.472759246826172
-10.5155668258667
-10.543010711669922
-10.513178825378418
-10.4782133102417
-10.53902816772461
-10.510498046875
-10.50277328491211
-10.544886589050293
-10.462475776672363
-10.51523208618164
-10.549264907836914
-10.484884262084961
-10.4931640625
-10.551504135131836
-10.48369312286377
-10.497276306152344
-10.543865203857422
-10.491386413574219
-10.518167495727539
-10.54781436920166
-10.464788436889648
-10.525856018066406
-10.53185749053955
-10.516766548156738
-10.543644905090332
-10.540787696838379
-10.544580459594727
-10.550335884094238
-10.547940254211426
-10.54509162902832
-10.549100875854492
-10.542671203613281
-10.543070793151855
-10.53923511505127
-10.550573348999023
-10.543920516967773
-10.545924186706543
-10.539264678955078
-10.541240692138672
-10.545154571533203
-10.5529203414917
-10.55240535736084
-10.562603950500488
-10.5452880859375
-10.548615455627441
-10.548062324523926
-10.530811309814453
-10.538543701171875
-10.54558277130127
-10.549328804016113
-10.547786712646484
-10.542932510375977
-10.537617683410645
-10.547955513000488
-10.552942276000977
-10.5390043258667
-10.546589851379395
-10.539052963256836
-10.537421226501465
-10.528337478637695
-10.525639533996582
-10.558959007263184
-10.504972457885742
-10.502842903137207
-10.549952507019043
-10.480636596679688
-10.526826858520508
-10.547219276428223
-10.495222091674805
-10.503247261047363
-10.545096397399902
-10.50943374633789
-10.534805297851562
-10.55289363861084
-10.523942947387695
-10.493576049804688
-10.555753707885742
-10.448799133300781
-10.491641998291016
-10.53565788269043
-10.47553825378418
-10.442893981933594
-10.539360046386719
-10.533025741577148
-10.440888404846191
-10.527389526367188
-10.522337913513184
-10.508837699890137
-10.509380340576172
-10.52903938293457
-10.506136894226074
-10.516337394714355
-10.534623146057129
-10.529227256774902
-10.547490119934082
-10.554560661315918
-10.500175476074219
-10.52963638305664
-10.548568725585938
-10.498124122619629
-10.54057788848877
-10.523953437805176
-10.511942863464355
-10.54721736907959
-10.528707504272461
-10.521601676940918
-10.55092716217041
-10.536978721618652
-10.521812438964844
-10.54984188079834
-10.539042472839355
-10.545439720153809
-10.549171447753906
-10.55168628692627
-10.553750038146973
-10.54119873046875
-10.554076194763184
-10.544422149658203
-10.540175437927246
-10.556818962097168
-10.540209770202637
-10.544692993164062
-10.553441047668457
-10.540913581848145
-10.556713104248047
-10.550694465637207
-10.535636901855469
-10.533241271972656
-10.545700073242188
-10.550912857055664
-10.527542114257812
-10.553723335266113
-10.547423362731934
-10.536988258361816
-10.542659759521484
-10.55622673034668
-10.537590026855469
-10.546960830688477
-10.544693946838379
-10.551546096801758
-10.549294471740723
-10.550049781799316
-10.551830291748047
-10.539536476135254
-10.541930198669434
-10.54996109008789
-10.5474271774292
-10.553723335266113
-10.555806159973145
-10.554747581481934
-10.545310974121094
-10.547455787658691
-10.548566818237305
-10.551055908203125
-10.55312442779541
-10.54500675201416
-10.545701026916504
-10.548608779907227
-10.519491195678711
-10.537033081054688
-10.54743766784668
-10.527122497558594
-10.543192863464355
-10.550338745117188
-10.53324031829834
-10.539950370788574
-10.541308403015137
-10.519057273864746
-10.554039001464844
-10.547778129577637
-10.548702239990234
-10.556376457214355
-10.503219604492188
-10.55134391784668
-10.553788185119629
-10.534876823425293
-10.532025337219238
-10.547314643859863
-10.559996604919434
-10.537178039550781
-10.551490783691406
-10.518310546875
-10.524236679077148
-10.5453519821167
-10.5023775100708
-10.548242568969727
-10.547931671142578
-10.542997360229492
-10.553204536437988
-10.54969596862793
-10.542311668395996
-10.54434585571289
-10.554495811462402
-10.546640396118164
-10.551458358764648
-10.558856964111328
-10.547659873962402
-10.551264762878418
-10.547080993652344
-10.552022933959961
-10.550776481628418
-10.551852226257324
-10.55169677734375
-10.554240226745605
-10.548381805419922
-10.530996322631836
-10.543463706970215
-10.549400329589844
-10.551422119140625
-10.553598403930664
-10.559922218322754
-10.544321060180664
-10.546984672546387
-10.53628158569336
-10.54659366607666
-10.546815872192383
-10.54999828338623
-10.558283805847168
-10.552644729614258
-10.5580415725708
-10.545513153076172
-10.559565544128418
-10.536933898925781
-10.558634757995605
-10.541996955871582
-10.549742698669434
-10.536613464355469
-10.550010681152344
-10.551176071166992
-10.558566093444824
-10.550951957702637
-10.551318168640137
-10.531023025512695
-10.547820091247559
-10.550355911254883
-10.545982360839844
-10.550457954406738
-10.553919792175293
-10.546865463256836
-10.548369407653809
-10.549172401428223
-10.55290699005127
-10.542073249816895
-10.558728218078613
-10.555262565612793
-10.542280197143555
-10.545784950256348
-10.551753997802734
-10.530291557312012
-10.535209655761719
-10.531866073608398
-10.487544059753418
-10.55866527557373
-10.528203010559082
-10.555541038513184
-10.551937103271484
-10.535502433776855
-10.543069839477539
-10.553428649902344
-10.54069709777832
-10.527066230773926
-10.553351402282715
-10.522543907165527
-10.551173210144043
-10.536191940307617
-10.538978576660156
-10.555883407592773
-10.50642204284668
-10.565171241760254
-10.560067176818848
-10.546944618225098
-10.55074691772461
-10.55342960357666
-10.532337188720703
-10.550374031066895
-10.552067756652832
-10.542890548706055
-10.530384063720703
-10.550027847290039
-10.529770851135254
-10.527173042297363
-10.544843673706055
-10.507847785949707
-10.553629875183105
-10.547246932983398
-10.552167892456055
-10.54825496673584
-10.554405212402344
-10.530924797058105
-10.552027702331543
-10.549838066101074
-10.530454635620117
-10.547082901000977
-10.53842544555664
-10.539924621582031
-10.550253868103027
-10.55351734161377
-10.533842086791992
-10.55123519897461
-10.549637794494629
-10.546486854553223
-10.553642272949219
-10.549323081970215
-10.528072357177734
-10.557880401611328
-10.551115989685059
-10.521312713623047
-10.554478645324707
-10.54488468170166
-10.548815727233887
-10.54053783416748
-10.539536476135254
-10.550140380859375
-10.549661636352539
-10.554606437683105
-10.55083179473877
-10.550507545471191
-10.55145263671875
-10.557281494140625
-10.559203147888184
-10.556317329406738
-10.549116134643555
-10.557843208312988
-10.548550605773926
-10.545486450195312
-10.559356689453125
-10.552029609680176
-10.542265892028809
-10.551335334777832
-10.544536590576172
-10.52573299407959
-10.549168586730957
-10.541349411010742
-10.530726432800293
-10.555631637573242
-10.525964736938477
-10.565277099609375
-10.553800582885742
-10.550041198730469
-10.543932914733887
-10.560214042663574
-10.557868957519531
-10.549638748168945
-10.547712326049805
-10.557804107666016
-10.543708801269531
-10.543696403503418
-10.547737121582031
-10.533162117004395
-10.55714225769043
-10.506692886352539
-10.544288635253906
-10.550779342651367
-10.551454544067383
-10.549108505249023
-10.558116912841797
-10.54080867767334
-10.5485258102417
-10.56411075592041
-10.557313919067383
-10.565742492675781
-10.545194625854492
-10.566253662109375
-10.548828125
-10.538737297058105
-10.560182571411133
-10.560860633850098
-10.524687767028809
-10.538663864135742
-10.539021492004395
-10.53712272644043
-10.545963287353516
-10.552608489990234
-10.551095962524414
-10.539990425109863
-10.565673828125
-10.521331787109375
-10.543573379516602
-10.53713607788086
-10.548744201660156
-10.553037643432617
-10.558248519897461
-10.562679290771484
-10.555356979370117
-10.552014350891113
-10.550848960876465
-10.526595115661621
-10.555486679077148
-10.522599220275879
-10.546041488647461
-10.559318542480469
-10.523554801940918
-10.518562316894531
-10.55439567565918
-10.535480499267578
-10.537482261657715
-10.549213409423828
-10.537065505981445
-10.534375190734863
-10.552590370178223
-10.530534744262695
-10.527252197265625
-10.55653190612793
-10.546869277954102
-10.536005973815918
-10.558832168579102
-10.56486701965332
-10.549944877624512
-10.541814804077148
-10.563243865966797
-10.47861099243164
-10.557862281799316
-10.538772583007812
-10.531002044677734
-10.558134078979492
-10.551735877990723
-10.533697128295898
-10.557703971862793
-10.541300773620605
-10.532843589782715
-10.554778099060059
-10.545759201049805
-10.539985656738281
-10.552347183227539
-10.548656463623047
-10.545493125915527
-10.560662269592285
-10.507641792297363
-10.55359172821045
-10.563101768493652
-10.5257568359375
-10.54234790802002
-10.551506996154785
-10.536564826965332
-10.556079864501953
-10.556127548217773
-10.547304153442383
-10.562324523925781
-10.56449031829834
-10.550504684448242
-10.556944847106934
-10.551339149475098
-10.530271530151367
-10.546868324279785
-10.537267684936523
-10.554738998413086
-10.549681663513184
-10.543636322021484
-10.540901184082031
-10.547316551208496
-10.553788185119629
-10.528772354125977
-10.546518325805664
-10.562182426452637
-10.52528190612793
-10.551309585571289
-10.55067253112793
-10.536629676818848
-10.551896095275879
-10.565437316894531
-10.554595947265625
-10.539285659790039
-10.545892715454102
-10.569026947021484
-10.550200462341309
-10.565574645996094
-10.561147689819336
-10.55482006072998
-10.553293228149414
-10.55935287475586
-10.551748275756836
-10.548303604125977
-10.55620002746582
-10.537336349487305
-10.562155723571777
-10.561318397521973
-10.564390182495117
-10.543685913085938
-10.562422752380371
-10.557957649230957
-10.550168991088867
-10.551230430603027
-10.534905433654785
-10.530426025390625
-10.558704376220703
-10.55940055847168
-10.501984596252441
-10.56452751159668
-10.537165641784668
-10.550945281982422
-10.557147979736328
-10.560449600219727
-10.543941497802734
-10.557849884033203
-10.540721893310547
-10.542038917541504
-10.55916690826416
-10.538557052612305
-10.561680793762207
-10.559370994567871
-10.55983829498291
-10.563339233398438
-10.567193984985352
-10.547037124633789
-10.555732727050781
-10.55884838104248
-10.527756690979004
-10.552404403686523
-10.543912887573242
-10.532987594604492
-10.554290771484375
-10.542905807495117
-10.551898002624512
-10.559565544128418
-10.528768539428711
-10.559566497802734
-10.563057899475098
-10.542865753173828
-10.561875343322754
-10.560046195983887
-10.552448272705078
-10.556310653686523
-10.562784194946289
-10.552231788635254
-10.5668363571167
-10.557219505310059
-10.540475845336914
-10.565665245056152
-10.567564010620117
-10.55942153930664
-10.555623054504395
-10.560450553894043
-10.555960655212402
-10.554036140441895
-10.558300971984863
-10.55923843383789
-10.566252708435059
-10.53165054321289
-10.558409690856934
-10.548285484313965
-10.547067642211914
-10.556275367736816
-10.553675651550293
-10.553912162780762
-10.561527252197266
-10.55604076385498
-10.56161880493164
-10.56443977355957
-10.563737869262695
-10.54246997833252
-10.551355361938477
-10.54062557220459
-10.55126667022705
-10.553771018981934
-10.547566413879395
-10.54900074005127
-10.561874389648438
-10.5569429397583
-10.543549537658691
-10.56003475189209
-10.551421165466309
-10.556763648986816
-10.563142776489258
-10.568110466003418
-10.55963134765625
-10.550045013427734
-10.552637100219727
-10.526330947875977
-10.55471420288086
-10.560553550720215
-10.54798412322998
-10.536527633666992
-10.554299354553223
-10.552902221679688
-10.542617797851562
-10.536805152893066
-10.554703712463379
-10.57833480834961
-10.563655853271484
-10.557822227478027
-10.564556121826172
-10.558124542236328
-10.561502456665039
-10.557692527770996
-10.535378456115723
-10.574190139770508
-10.566869735717773
-10.565534591674805
-10.558467864990234
-10.557921409606934
-10.569208145141602
-10.554875373840332
-10.562389373779297
-10.533098220825195
-10.559945106506348
-10.571698188781738
-10.525247573852539
-10.564387321472168
-10.55381965637207
-10.562557220458984
-10.559468269348145
-10.55880355834961
-10.556535720825195
-10.560445785522461
-10.553945541381836
-10.567039489746094
-10.555821418762207
-10.56114673614502
-10.549522399902344
-10.561544418334961
-10.558256149291992
-10.555706977844238
-10.549147605895996
-10.563244819641113
-10.565869331359863
-10.542856216430664
-10.563133239746094
-10.55199146270752
-10.55599594116211
-10.560319900512695
-10.569661140441895
-10.559160232543945
-10.551017761230469
-10.564454078674316
-10.55681037902832
-10.56424617767334
-10.55774974822998
-10.562198638916016
-10.56191635131836
-10.56283950805664
-10.55469036102295
-10.560042381286621
-10.552755355834961
-10.567233085632324
-10.560969352722168
-10.55411434173584
-10.55557918548584
-10.563769340515137
-10.55199146270752
-10.563286781311035
-10.564031600952148
-10.5677490234375
-10.558670043945312
-10.548537254333496
-10.557548522949219
-10.535066604614258
-10.558748245239258
-10.557513236999512
-10.554863929748535
-10.54259204864502
-10.554434776306152
-10.532234191894531
-10.54296588897705
-10.556824684143066
-10.547452926635742
-10.53711986541748
-10.561980247497559
-10.555081367492676
-10.505168914794922
-10.563314437866211
-10.564094543457031
-10.543981552124023
-10.562731742858887
-10.528508186340332
-10.549760818481445
-10.565083503723145
-10.537673950195312
-10.545876502990723
-10.554370880126953
-10.553082466125488
-10.555758476257324
-10.551401138305664
-10.567590713500977
-10.552196502685547
-10.559231758117676
-10.571913719177246
-10.549132347106934
-10.567719459533691
-10.5654878616333
-10.54952621459961
-10.541125297546387
-10.552693367004395
-10.557320594787598
-10.55616283416748
-10.566973686218262
-10.54257869720459
-10.561929702758789
-10.5543212890625
-10.481795310974121
-10.557762145996094
-10.537405967712402
-10.535033226013184
-10.556438446044922
-10.502102851867676
-10.473676681518555
-10.564262390136719
-10.53559684753418
-10.478638648986816
-10.552759170532227
-10.508665084838867
-10.453907012939453
-10.564401626586914
-10.55114459991455
-10.505531311035156
-10.531977653503418
-10.561386108398438
-10.517387390136719
-10.551349639892578
-10.558070182800293
-10.547629356384277
-10.507983207702637
-10.55625057220459
-10.533658981323242
-10.524890899658203
-10.563607215881348
-10.483024597167969
-10.565455436706543
-10.557982444763184
-10.550066947937012
-10.55730152130127
-10.562280654907227
-10.543989181518555
-10.564895629882812
-10.559786796569824
-10.552993774414062
-10.529708862304688
-10.563337326049805
-10.484503746032715
-10.549009323120117
-10.562170028686523
-10.51355266571045
-10.582098960876465
-10.562970161437988
-10.5589017868042
-10.531521797180176
-10.556656837463379
-10.548317909240723
-10.572470664978027
-10.56769847869873
-10.557722091674805
-10.565730094909668
-10.569196701049805
-10.563316345214844
-10.563334465026855
-10.568086624145508
-10.566505432128906
-10.560511589050293
-10.563889503479004
-10.565755844116211
-10.559483528137207
-10.584064483642578
-10.53876781463623
-10.562418937683105
-10.561773300170898
-10.540843963623047
-10.566306114196777
-10.56275749206543
-10.557950973510742
-10.56137466430664
-10.558648109436035
-10.566975593566895
-10.569602012634277
-10.563760757446289
-10.568408966064453
-10.553494453430176
-10.560884475708008
-10.566081047058105
-10.563888549804688
-10.566549301147461
-10.555323600769043
-10.553926467895508
-10.559219360351562
-10.565423011779785
-10.56253433227539
-10.565690040588379
-10.560461044311523
-10.554327964782715
-10.565736770629883
-10.557334899902344
-10.559697151184082
-10.563645362854004
-10.559516906738281
-10.570234298706055
-10.557395935058594
-10.567089080810547
-10.558533668518066
-10.561360359191895
-10.564305305480957
-10.56304931640625
-10.543395042419434
-10.569119453430176
-10.534858703613281
-10.516578674316406
-10.53969955444336
-10.478300094604492
-10.5589599609375
-10.528914451599121
-10.530515670776367
-10.54611587524414
-10.470672607421875
-10.513798713684082
-10.564763069152832
-10.551198959350586
-10.53053092956543
-10.549629211425781
-10.541316986083984
-10.47327995300293
-10.56309986114502
-10.50991439819336
-10.477631568908691
-10.565431594848633
-10.52668571472168
-10.49974536895752
-10.569648742675781
-10.55375862121582
-10.48549747467041
-10.544645309448242
-10.528454780578613
-10.507319450378418
-10.55501651763916
-10.561688423156738
-10.523564338684082
-10.543111801147461
-10.557307243347168
-10.522147178649902
-10.555710792541504
-10.553779602050781
-10.547133445739746
-10.565366744995117
-10.529391288757324
-10.529399871826172
-10.558229446411133
-10.500649452209473
-10.555810928344727
-10.564469337463379
-10.526956558227539
-10.55416488647461
-10.573447227478027
-10.538849830627441
-10.563239097595215
-10.564299583435059
-10.563125610351562
-10.55081844329834
-10.553695678710938
-10.553332328796387
-10.55429458618164
-10.557400703430176
-10.556021690368652
-10.553228378295898
-10.566597938537598
-10.562183380126953
-10.570582389831543
-10.56589412689209
-10.564655303955078
-10.5639009475708
-10.566423416137695
-10.572652816772461
-10.555014610290527
-10.55915641784668
-10.567091941833496
-10.516952514648438
-10.551390647888184
-10.561038970947266
-10.551963806152344
-10.570094108581543
-10.565826416015625
-10.575164794921875
-10.561932563781738
-10.557036399841309
-10.569679260253906
-10.56406307220459
-10.562613487243652
-10.562603950500488
-10.550825119018555
-10.54928970336914
-10.562098503112793
-10.564896583557129
-10.551895141601562
-10.57281494140625
-10.557212829589844
-10.566651344299316
-10.569795608520508
-10.557807922363281
-10.564329147338867
-10.567525863647461
-10.568548202514648
-10.556144714355469
-10.569194793701172
-10.564386367797852
-10.552111625671387
-10.565985679626465
-10.519946098327637
-10.566720008850098
-10.55611515045166
-10.55465316772461
-10.570351600646973
-10.562933921813965
-10.570003509521484
-10.552939414978027
-10.574784278869629
-10.569334030151367
-10.550787925720215
-10.55008602142334
-10.563810348510742
-10.548470497131348
-10.570666313171387
-10.56391429901123
-10.56343936920166
-10.57180118560791
-10.567642211914062
-10.567869186401367
-10.56432056427002
-10.563026428222656
-10.561582565307617
-10.5692777633667
-10.570367813110352
-10.564701080322266
-10.572539329528809
-10.56081485748291
-10.572070121765137
-10.578288078308105
-10.578338623046875
-10.563193321228027
-10.573251724243164
-10.573281288146973
-10.565896987915039
-10.570465087890625
-10.568338394165039
-10.56187629699707
-10.560479164123535
-10.5741548538208
-10.552292823791504
-10.562915802001953
-10.5703125
-10.534976959228516
-10.570416450500488
-10.554788589477539
-10.562931060791016
-10.557409286499023
-10.570903778076172
-10.569414138793945
-10.570652961730957
-10.570850372314453
-10.559072494506836
-10.566498756408691
-10.5631103515625
-10.563834190368652
-10.571221351623535
-10.569575309753418
-10.568259239196777
-10.554506301879883
-10.55472469329834
-10.559029579162598
-10.566514015197754
-10.565116882324219
-10.563733100891113
-10.577044486999512
-10.563159942626953
-10.581472396850586
-10.563043594360352
-10.568540573120117
-10.56431770324707
-10.541290283203125
-10.575874328613281
-10.544953346252441
-10.563990592956543
-10.570544242858887
-10.566532135009766
-10.56037425994873
-10.569695472717285
-10.578003883361816
-10.56287956237793
-10.555401802062988
-10.557985305786133
-10.560371398925781
-10.561088562011719
-10.556999206542969
-10.542276382446289
-10.561271667480469
-10.527023315429688
-10.522197723388672
-10.57724380493164
-10.48994255065918
-10.552145004272461
-10.566596984863281
-10.532864570617676
-10.571393013000488
-10.520432472229004
-10.552124977111816
-10.568623542785645
-10.524383544921875
-10.554956436157227
-10.574748992919922
-10.522011756896973
-10.560754776000977
-10.574859619140625
-10.514205932617188
-10.550699234008789
-10.563441276550293
-10.542686462402344
-10.572405815124512
-10.56676959991455
-10.550477027893066
-10.570101737976074
-10.539716720581055
-10.540611267089844
-10.51646900177002
-10.568798065185547
-10.522480964660645
-10.522150993347168
-10.56483268737793
-10.526659965515137
-10.54094409942627
-10.539806365966797
-10.547614097595215
-10.573533058166504
-10.575946807861328
-10.523381233215332
-10.574724197387695
-10.547783851623535
-10.562554359436035
-10.571216583251953
-10.565489768981934
-10.56649112701416
-10.575200080871582
-10.567546844482422
-10.570245742797852
-10.57361125946045
-10.569257736206055
-10.569804191589355
-10.566580772399902
-10.565537452697754
-10.576961517333984
-10.554434776306152
-10.567062377929688
-10.577118873596191
-10.558882713317871
-10.576689720153809
-10.56039810180664
-10.56767749786377
-10.568107604980469
-10.577054023742676
-10.549854278564453
-10.57015609741211
-10.529023170471191
-10.52619457244873
-10.580170631408691
-10.53230094909668
-10.555697441101074
-10.567727088928223
-10.554398536682129
-10.471831321716309
-10.574053764343262
-10.571743965148926
-10.500401496887207
-10.570456504821777
-10.538985252380371
-10.559391021728516
-10.574484825134277
-10.565357208251953
-10.584583282470703
-10.56911849975586
-10.576854705810547
-10.567134857177734
-10.564873695373535
-10.573984146118164
-10.58729076385498
-10.54612922668457
-10.572556495666504
-10.570134162902832
-10.56836223602295
-10.570670127868652
-10.57461166381836
-10.570630073547363
-10.562179565429688
-10.57344913482666
-10.56779670715332
-10.557284355163574
-10.562736511230469
-10.560168266296387
-10.571455955505371
-10.552403450012207
-10.504768371582031
-10.570430755615234
-10.559890747070312
-10.511425971984863
-10.574952125549316
-10.545883178710938
-10.52711009979248
-10.57458782196045
-10.538158416748047
-10.519333839416504
-10.56733512878418
-10.543932914733887
-10.535694122314453
-10.568163871765137
-10.547179222106934
-10.535591125488281
-10.57238483428955
-10.562159538269043
-10.564023971557617
-10.603279113769531
-10.500940322875977
-10.521430969238281
-10.57956600189209
-10.544048309326172
-10.545926094055176
-10.582206726074219
-10.546186447143555
-10.522510528564453
-10.5672025680542
-10.550512313842773
-10.529473304748535
-10.5645112991333
-10.556148529052734
-10.528101921081543
-10.551105499267578
-10.573006629943848
-10.511489868164062
-10.549245834350586
-10.567152976989746
-10.53491497039795
-10.54781723022461
-10.566873550415039
-10.534767150878906
-10.540301322937012
-10.548843383789062
-10.546518325805664
-10.479066848754883
-10.568686485290527
-10.55483627319336
-10.529109001159668
-10.570392608642578
-10.536145210266113
-10.54226016998291
-10.573678016662598
-10.547300338745117
-10.566991806030273
-10.571727752685547
-10.561732292175293
-10.570500373840332
-10.579999923706055
-10.578526496887207
-10.581902503967285
-10.568714141845703
-10.577058792114258
-10.573026657104492
-10.575282096862793
-10.581534385681152
-10.555740356445312
-10.562417984008789
-10.565630912780762
-10.560900688171387
-10.559338569641113
-10.577223777770996
-10.553886413574219
-10.581018447875977
-10.567935943603516
-10.583882331848145
-10.53780460357666
-10.578045845031738
-10.575305938720703
-10.560203552246094
-10.56901741027832
-10.580431938171387
-10.499800682067871
-10.580798149108887
-10.559953689575195
-10.57153034210205
-10.576325416564941
-10.547950744628906
-10.559818267822266
-10.576525688171387
-10.54244327545166
-10.558435440063477
-10.566902160644531
-10.565625190734863
-10.571300506591797
-10.566730499267578
-10.579236030578613
-10.568796157836914
-10.560859680175781
-10.581371307373047
-10.57097053527832
-10.576553344726562
-10.574509620666504
-10.57653522491455
-10.562028884887695
-10.578230857849121
-10.578092575073242
-10.580817222595215
-10.573395729064941
-10.572566032409668
-10.572906494140625
-10.580227851867676
-10.570161819458008
-10.56326961517334
-10.581195831298828
-10.556889533996582
-10.572985649108887
-10.578574180603027
-10.523826599121094
-10.565110206604004
-10.572373390197754
-10.564797401428223
-10.555656433105469
-10.575053215026855
-10.561448097229004
-10.572463989257812
-10.576528549194336
-10.574707984924316
-10.559808731079102
-10.56955337524414
-10.57701301574707
-10.550024032592773
-10.565803527832031
-10.572071075439453
-10.569645881652832
-10.563018798828125
-10.577869415283203
-10.579912185668945
-10.56694221496582
-10.570647239685059
-10.578640937805176
-10.560649871826172
-10.569619178771973
-10.586234092712402
-10.564057350158691
-10.552619934082031
-10.574458122253418
-10.542898178100586
-10.5596342086792
-10.585536003112793
-10.539305686950684
-10.547287940979004
-10.572120666503906
-10.557740211486816
-10.530458450317383
-10.575313568115234
-10.555967330932617
-10.539688110351562
-10.567663192749023
-10.558042526245117
-10.54960823059082
-10.571843147277832
-10.572309494018555
-10.517857551574707
-10.551874160766602
-10.587688446044922
-10.454785346984863
-10.535082817077637
-10.560541152954102
-10.514442443847656
-10.557424545288086
-10.552337646484375
-10.528334617614746
-10.569685935974121
-10.566878318786621
-10.5294828414917
-10.571208953857422
-10.551432609558105
-10.53514575958252
-10.572152137756348
-10.568689346313477
-10.545829772949219
-10.56574821472168
-10.572383880615234
-10.590500831604004
-10.53691577911377
-10.576135635375977
-10.573448181152344
-10.538331031799316
-10.57177448272705
-10.574426651000977
-10.543767929077148
-10.570799827575684
-10.56920051574707
-10.56706714630127
-10.57800579071045
-10.573583602905273
-10.579153060913086
-10.553092002868652
-10.575148582458496
-10.583379745483398
-10.566754341125488
-10.55923080444336
-10.578874588012695
-10.584918975830078
-10.555850982666016
-10.572806358337402
-10.579315185546875
-10.530850410461426
-10.558025360107422
-10.569833755493164
-10.572553634643555
-10.558762550354004
-10.581583023071289
-10.579788208007812
-10.574817657470703
-10.5557861328125
-10.573140144348145
-10.496331214904785
-10.586410522460938
-10.552886009216309
-10.544113159179688
-10.575913429260254
-10.546205520629883
-10.53447437286377
-10.585673332214355
-10.565271377563477
-10.570171356201172
-10.572803497314453
-10.557679176330566
-10.55601978302002
-10.572141647338867
-10.562756538391113
-10.576757431030273
-10.564338684082031
-10.57888126373291
-10.572249412536621
-10.54545783996582
-10.579778671264648
-10.56369686126709
-10.553818702697754
-10.577373504638672
-10.579602241516113
-10.564600944519043
-10.585143089294434
-10.568575859069824
-10.572936058044434
-10.572997093200684
-10.576986312866211
-10.560338973999023
-10.553966522216797
-10.571428298950195
-10.570731163024902
-10.577796936035156
-10.57972526550293
-10.57529354095459
-10.566746711730957
-10.589348793029785
-10.525379180908203
-10.567272186279297
-10.571417808532715
-10.535656929016113
-10.578557014465332
-10.573078155517578
-10.556880950927734
-10.573915481567383
-10.582258224487305
-10.570361137390137
-10.574084281921387
-10.5797758102417
-10.553609848022461
-10.576676368713379
-10.582592964172363
-10.560198783874512
-10.57595157623291
-10.567724227905273
-10.565253257751465
-10.589360237121582
-10.584919929504395
-10.576412200927734
-10.572117805480957
-10.574560165405273
-10.576594352722168
-10.559980392456055
-10.565169334411621
-10.585769653320312
-10.567950248718262
-10.533307075500488
-10.570768356323242
-10.553048133850098
-10.486242294311523
-10.572578430175781
-10.539955139160156
-10.558794021606445
-10.575102806091309
-10.568392753601074
-10.547490119934082
-10.580438613891602
-10.566967010498047
-10.569791793823242
-10.580556869506836
-10.58443546295166
-10.56783390045166
-10.567070007324219
-10.563264846801758
-10.587959289550781
-10.56753158569336
-10.57863712310791
-10.574982643127441
-10.580557823181152
-10.574217796325684
-10.579977989196777
-10.578424453735352
-10.579593658447266
-10.57286262512207
-10.576071739196777
-10.578241348266602
-10.580389022827148
-10.573426246643066
-10.576231956481934
-10.579214096069336
-10.572989463806152
-10.577478408813477
-10.580475807189941
-10.586288452148438
-10.57380485534668
-10.580296516418457
-10.571379661560059
-10.572627067565918
-10.585919380187988
-10.568265914916992
-10.56243896484375
-10.577693939208984
-10.559637069702148
-10.579463005065918
-10.586220741271973
-10.55765151977539
-10.558237075805664
-10.574751853942871
-10.570093154907227
-10.588817596435547
-10.56532096862793
-10.575284957885742
-10.561537742614746
-10.581721305847168
-10.581510543823242
-10.5796480178833
-10.57860279083252
-10.579282760620117
-10.58621597290039
-10.552983283996582
-10.56280517578125
-10.562278747558594
-10.567431449890137
-10.577157020568848
-10.580513954162598
-10.559700012207031
-10.576842308044434
-10.585549354553223
-10.536674499511719
-10.575737953186035
-10.58746337890625
-10.577610969543457
-10.569494247436523
-10.578210830688477
-10.59123420715332
-10.583780288696289
-10.56919002532959
-10.580432891845703
-10.58505630493164
-10.568504333496094
-10.572375297546387
-10.58187198638916
-10.572041511535645
-10.580832481384277
-10.56961441040039
-10.569332122802734
-10.585836410522461
-10.533872604370117
-10.576979637145996
-10.574394226074219
-10.56128978729248
-10.58187484741211
-10.585436820983887
-10.569292068481445
-10.57603931427002
-10.580187797546387
-10.583894729614258
-10.574956893920898
-10.580150604248047
-10.568461418151855
-10.580183982849121
-10.581817626953125
-10.578603744506836
-10.585746765136719
-10.580554008483887
-10.584949493408203
-10.566554069519043
-10.577481269836426
-10.575418472290039
-10.570135116577148
-10.577224731445312
-10.57651424407959
-10.574092864990234
-10.580178260803223
-10.590948104858398
-10.578276634216309
-10.571284294128418
-10.590205192565918
-10.574028015136719
-10.568726539611816
-10.580880165100098
-10.563998222351074
-10.575291633605957
-10.579214096069336
-10.549905776977539
-10.576949119567871
-10.590778350830078
-10.513684272766113
-10.582420349121094
-10.560606002807617
-10.564635276794434
-10.577410697937012
-10.566465377807617
-10.585079193115234
-10.575483322143555
-10.578425407409668
-10.570452690124512
-10.540718078613281
-10.57713508605957
-10.566044807434082
-10.57231616973877
-10.585198402404785
-10.56475830078125
-10.544783592224121
-10.58767318725586
-10.561525344848633
-10.560070991516113
-10.582576751708984
-10.598491668701172
-10.56379222869873
-10.574588775634766
-10.578428268432617
-10.57294750213623
-10.586767196655273
-10.581945419311523
-10.553738594055176
-10.577882766723633
-10.578679084777832
-10.56395435333252
-10.580387115478516
-10.584774017333984
-10.578879356384277
-10.586809158325195
-10.578164100646973
-10.584883689880371
-10.568222045898438
-10.586185455322266
-10.535675048828125
-10.567360877990723
-10.585151672363281
-10.531351089477539
-10.579716682434082
-10.58323860168457
-10.580414772033691
-10.538711547851562
-10.58375358581543
-10.580378532409668
-10.546676635742188
-10.578104019165039
-10.582812309265137
-10.542740821838379
-10.566160202026367
-10.573503494262695
-10.524303436279297
-10.582440376281738
-10.563234329223633
-10.54472541809082
-10.580792427062988
-10.565971374511719
-10.582905769348145
-10.583086967468262
-10.56838607788086
-10.57979965209961
-10.580718994140625
-10.586207389831543
-10.561647415161133
-10.586302757263184
-10.592218399047852
-10.569683074951172
-10.57893180847168
-10.572794914245605
-10.556875228881836
-10.562125205993652
-10.58825397491455
-10.579330444335938
-10.583295822143555
-10.590692520141602
-10.577872276306152
-10.590217590332031
-10.590950012207031
-10.585348129272461
-10.579272270202637
-10.577003479003906
-10.576714515686035
-10.568859100341797
-10.584210395812988
-10.566709518432617
-10.58083438873291
-10.581589698791504
-10.5517578125
-10.585257530212402
-10.585293769836426
-10.56347942352295
-10.592835426330566
-10.584774017333984
-10.565608978271484
-10.577290534973145
-10.590580940246582
-10.576107025146484
-10.578879356384277
-10.586233139038086
-10.590511322021484
-10.581232070922852
-10.592869758605957
-10.584440231323242
-10.577284812927246
-10.583611488342285
-10.572685241699219
-10.57988166809082
-10.583235740661621
-10.58122730255127
-10.58415699005127
-10.583066940307617
-10.583863258361816
-10.592023849487305
-10.584626197814941
-10.586404800415039
-10.590452194213867
-10.598576545715332
-10.599883079528809
-10.550633430480957
-10.57863712310791
-10.577849388122559
-10.572854042053223
-10.57863712310791
-10.582066535949707
-10.580663681030273
-10.592522621154785
-10.57360553741455
-10.58975887298584
-10.583282470703125
-10.588047981262207
-10.580965042114258
-10.582247734069824
-10.581687927246094
-10.573033332824707
-10.568857192993164
-10.577971458435059
-10.578451156616211
-10.586322784423828
-10.582002639770508
-10.589354515075684
-10.583220481872559
-10.580430030822754
-10.588861465454102
-10.57810115814209
-10.582717895507812
-10.597888946533203
-10.552267074584961
-10.593969345092773
-10.581243515014648
-10.581295013427734
-10.579429626464844
-10.580545425415039
-10.579886436462402
-10.582448959350586
-10.577635765075684
-10.577984809875488
-10.554542541503906
-10.578680992126465
-10.587190628051758
-10.559908866882324
-10.581417083740234
-10.560835838317871
-10.557018280029297
-10.55866813659668
-10.549285888671875
-10.534905433654785
-10.570161819458008
-10.546263694763184
-10.553793907165527
-10.567383766174316
-10.5814208984375
-10.506150245666504
-10.574167251586914
-10.5819730758667
-10.5460844039917
-10.597410202026367
-10.575804710388184
-10.58145523071289
-10.55443000793457
-10.588309288024902
-10.579334259033203
-10.556976318359375
-10.582717895507812
-10.576672554016113
-10.561538696289062
-10.582208633422852
-10.579991340637207
-10.557842254638672
-10.58569049835205
-10.587661743164062
-10.573554039001465
-10.582298278808594
-10.587032318115234
-10.533443450927734
-10.585070610046387
-10.576735496520996
-10.564434051513672
-10.580554008483887
-10.594313621520996
-10.581862449645996
-10.583640098571777
-10.56275463104248
-10.58662223815918
-10.548879623413086
-10.572179794311523
-10.578447341918945
-10.544108390808105
-10.5850830078125
-10.565557479858398
-10.573701858520508
-10.581887245178223
-10.564176559448242
-10.590782165527344
-10.581544876098633
-10.570998191833496
-10.588016510009766
-10.575623512268066
-10.586795806884766
-10.584057807922363
-10.592012405395508
-10.570619583129883
-10.583844184875488
-10.55807113647461
-10.587265014648438
-10.587150573730469
-10.578537940979004
-10.581921577453613
-10.58803653717041
-10.587124824523926
-10.574844360351562
-10.591772079467773
-10.575475692749023
-10.593544006347656
-10.540304183959961
-10.575980186462402
-10.567455291748047
-10.548542976379395
-10.587034225463867
-10.558797836303711
-10.568570137023926
-10.587512969970703
-10.590096473693848
-10.588120460510254
-10.58284854888916
-10.58482837677002
-10.585628509521484
-10.589020729064941
-10.587315559387207
-10.59009838104248
-10.583916664123535
-10.582479476928711
-10.582574844360352
-10.593578338623047
-10.590335845947266
-10.583884239196777
-10.58694839477539
-10.585685729980469
-10.58729362487793
-10.583137512207031
-10.567837715148926
-10.585916519165039
-10.579715728759766
-10.585286140441895
-10.588449478149414
-10.581104278564453
-10.590254783630371
-10.591147422790527
-10.583248138427734
-10.582293510437012
-10.582213401794434
-10.588068962097168
-10.573113441467285
-10.5879545211792
-10.587367057800293
-10.566102981567383
-10.583515167236328
-10.584176063537598
-10.587806701660156
-10.583588600158691
-10.58379077911377
-10.587079048156738
-10.58797836303711
-10.579596519470215
-10.59052562713623
-10.58907413482666
-10.584403991699219
-10.591377258300781
-10.590520858764648
-10.5938138961792
-10.59564208984375
-10.566428184509277
-10.588200569152832
-10.59444808959961
-10.554203033447266
-10.595852851867676
-10.561079025268555
-10.588598251342773
-10.593502044677734
-10.553784370422363
-10.587586402893066
-10.575790405273438
-10.572661399841309
-10.5899658203125
-10.578363418579102
-10.577439308166504
-10.589425086975098
-10.580782890319824
-10.580246925354004
-10.592848777770996
-10.575265884399414
-10.583412170410156
-10.585770606994629
-10.587952613830566
-10.584568977355957
-10.590339660644531
-10.564980506896973
-10.586981773376465
-10.58677864074707
-10.577473640441895
-10.558246612548828
-10.58486557006836
-10.586073875427246
-10.588738441467285
-10.592265129089355
-10.588919639587402
-10.575648307800293
-10.586899757385254
-10.599596977233887
-10.561657905578613
-10.578779220581055
-10.582140922546387
-10.55912971496582
-10.586092948913574
-10.562602996826172
-10.557331085205078
-10.583606719970703
-10.558809280395508
-10.579986572265625
-10.589223861694336
-10.587024688720703
-10.568995475769043
-10.58071517944336
-10.577971458435059
-10.575535774230957
-10.582664489746094
-10.592569351196289
-10.58653736114502
-10.582569122314453
-10.59003734588623
-10.578669548034668
-10.570452690124512
-10.590622901916504
-10.578340530395508
-10.571015357971191
-10.583602905273438
-10.567069053649902
-10.5611572265625
-10.582874298095703
-10.570951461791992
-10.551092147827148
-10.588458061218262
-10.550333023071289
-10.590347290039062
-10.588468551635742
-10.568490028381348
-10.578570365905762
-10.55168628692627
-10.574323654174805
-10.585195541381836
-10.579253196716309
-10.589648246765137
-10.582504272460938
-10.5770845413208
-10.596309661865234
-10.587485313415527
-10.582884788513184
-10.591891288757324
-10.583502769470215
-10.568235397338867
-10.592535018920898
-10.57994556427002
-10.58276081085205
-10.589775085449219
-10.588762283325195
-10.583700180053711
-10.5828857421875
-10.583871841430664
-10.588590621948242
-10.588930130004883
-10.595958709716797
-10.591623306274414
-10.5685453414917
-10.585441589355469
-10.587349891662598
-10.571533203125
-10.59184455871582
-10.5807523727417
-10.577595710754395
-10.59642505645752
-10.577466011047363
-10.594021797180176
-10.59251880645752
-10.588064193725586
-10.594281196594238
-10.579127311706543
-10.580881118774414
-10.57335090637207
-10.576432228088379
-10.580487251281738
-10.579766273498535
-10.59211254119873
-10.58984661102295
-10.589723587036133
-10.58450698852539
-10.584927558898926
-10.565474510192871
-10.597248077392578
-10.577950477600098
-10.584061622619629
-10.594182968139648
-10.594498634338379
-10.564228057861328
-10.570576667785645
-10.579340934753418
-10.537501335144043
-10.578153610229492
-10.594502449035645
-10.542937278747559
-10.610754013061523
-10.596148490905762
-10.592790603637695
-10.585381507873535
-10.590149879455566
-10.590832710266113
-10.589795112609863
-10.591349601745605
-10.586883544921875
-10.59611701965332
-10.573250770568848
-10.591409683227539
-10.585968971252441
-10.577661514282227
-10.580946922302246
-10.591060638427734
-10.597635269165039
-10.590934753417969
-10.583613395690918
-10.5816068649292
-10.586519241333008
-10.594964027404785
-10.582022666931152
-10.593716621398926
-10.593432426452637
-10.590227127075195
-10.587645530700684
-10.589278221130371
-10.579852104187012
-10.591033935546875
-10.589666366577148
-10.586112976074219
-10.594695091247559
-10.585087776184082
-10.594639778137207
-10.592230796813965
-10.57795524597168
-10.587432861328125
-10.591608047485352
-10.586557388305664
-10.578864097595215
-10.58909797668457
-10.566183090209961
-10.556670188903809
-10.581868171691895
-10.583064079284668
-10.591830253601074
-10.594017028808594
-10.5806245803833
-10.575505256652832
-10.580886840820312
-10.583471298217773
-10.593623161315918
-10.591866493225098
-10.595563888549805
-10.58777141571045
-10.587339401245117
-10.601481437683105
-10.53386116027832
-10.591602325439453
-10.552872657775879
-10.556623458862305
-10.599027633666992
-10.513788223266602
-10.57405948638916
-10.582991600036621
-10.553122520446777
-10.555439949035645
-10.5673189163208
-10.528141021728516
-10.562320709228516
-10.588394165039062
-10.51298999786377
-10.540520668029785
-10.578211784362793
-10.511810302734375
-10.548904418945312
-10.603609085083008
-10.536704063415527
-10.515151977539062
-10.5853910446167
-10.516633033752441
-10.479735374450684
-10.57911491394043
-10.518070220947266
-10.504084587097168
-10.587411880493164
-10.524988174438477
-10.531914710998535
-10.568544387817383
-10.56857967376709
-10.489973068237305
-10.586140632629395
-10.593412399291992
-10.551740646362305
-10.542750358581543
-10.593563079833984
-10.58329963684082
-10.528395652770996
-10.586784362792969
-10.559471130371094
-10.541520118713379
-10.584728240966797
-10.582451820373535
-10.520591735839844
-10.592577934265137
-10.570509910583496
-10.55311107635498
-10.592986106872559
-10.571051597595215
-10.59721565246582
-10.598795890808105
-10.590958595275879
-10.5900239944458
-10.59305191040039
-10.600372314453125
-10.594659805297852
-10.596474647521973
-10.59764289855957
-10.579096794128418
-10.592915534973145
-10.582993507385254
-10.603991508483887
-10.585164070129395
-10.583431243896484
-10.594396591186523
-10.59201431274414
-10.603532791137695
-10.589235305786133
-10.595012664794922
-10.590221405029297
-10.587087631225586
-10.589737892150879
-10.594379425048828
-10.57520580291748
-10.586931228637695
-10.587197303771973
-10.596456527709961
-10.594099044799805
-10.587226867675781
-10.593432426452637
-10.587808609008789
-10.575817108154297
-10.593815803527832
-10.59420394897461
-10.601747512817383
-10.590963363647461
-10.60032844543457
-10.600872039794922
-10.599106788635254
-10.601202011108398
-10.578453063964844
-10.593644142150879
-10.58484172821045
-10.595743179321289
-10.603410720825195
-10.608076095581055
-10.54414176940918
-10.60423469543457
-10.586893081665039
-10.575480461120605
-10.592506408691406
-10.571622848510742
-10.588790893554688
-10.593378067016602
-10.592844009399414
-10.599199295043945
-10.606144905090332
-10.595386505126953
-10.584489822387695
-10.5674409866333
-10.587297439575195
-10.591400146484375
-10.588136672973633
-10.605369567871094
-10.594696998596191
-10.596650123596191
-10.593263626098633
-10.598075866699219
-10.598838806152344
-10.604372024536133
-10.59396743774414
-10.595044136047363
-10.591666221618652
-10.590178489685059
-10.596136093139648
-10.586971282958984
-10.598226547241211
-10.593746185302734
-10.580711364746094
-10.597529411315918
-10.595584869384766
-10.59642505645752
-10.593605995178223
-10.595999717712402
-10.593745231628418
-10.582037925720215
-10.59311294555664
-10.598091125488281
-10.591470718383789
-10.585968017578125
-10.595588684082031
-10.583988189697266
-10.574871063232422
-10.595538139343262
-10.599333763122559
-10.576432228088379
-10.600635528564453
-10.602571487426758
-10.592589378356934
-10.582375526428223
-10.596351623535156
-10.584179878234863
-10.590476989746094
-10.605191230773926
-10.58043098449707
-10.595666885375977
-10.593536376953125
-10.580241203308105
-10.56750774383545
-10.596627235412598
-10.540681838989258
-10.576057434082031
-10.588030815124512
-10.521730422973633
-10.579975128173828
-10.589332580566406
-10.541924476623535
-10.547268867492676
-10.57302188873291
-10.516900062561035
-10.590953826904297
-10.588991165161133
-10.512412071228027
-10.593446731567383
-10.579375267028809
-10.596970558166504
-10.581338882446289
-10.583857536315918
-10.57595443725586
-10.590608596801758
-10.587706565856934
-10.599381446838379
-10.585827827453613
-10.588674545288086
-10.584956169128418
-10.595490455627441
-10.583528518676758
-10.59594440460205
-10.603139877319336
-10.597087860107422
-10.599167823791504
-10.591994285583496
-10.594639778137207
-10.592429161071777
-10.598637580871582
-10.592752456665039
-10.585409164428711
-10.594390869140625
-10.592862129211426
-10.569724082946777
-10.599119186401367
-10.593215942382812
-10.571008682250977
-10.592019081115723
-10.577949523925781
-10.5951566696167
-10.599513053894043
-10.599376678466797
-10.596386909484863
-10.594451904296875
-10.591764450073242
-10.599783897399902
-10.592288970947266
-10.59389591217041
-10.590340614318848
-10.594612121582031
-10.592231750488281
-10.603074073791504
-10.600812911987305
-10.598648071289062
-10.594923973083496
-10.59288215637207
-10.594263076782227
-10.580944061279297
-10.58730697631836
-10.59097671508789
-10.56221866607666
-10.60249137878418
-10.597846031188965
-10.59183120727539
-10.592220306396484
-10.585050582885742
-10.601645469665527
-10.569628715515137
-10.588370323181152
-10.5930814743042
-10.57348346710205
-10.595609664916992
-10.576950073242188
-10.565455436706543
-10.596625328063965
-10.563225746154785
-10.57839584350586
-10.593923568725586
-10.585747718811035
-10.58756160736084
-10.592062950134277
-10.60281753540039
-10.566357612609863
-10.596887588500977
-10.569332122802734
-10.558127403259277
-10.601304054260254
-10.590581893920898
-10.542829513549805
-10.589654922485352
-10.545034408569336
-10.562191009521484
-10.606704711914062
-10.577117919921875
-10.560149192810059
-10.590387344360352
-10.55235481262207
-10.530303001403809
-10.597799301147461
-10.546338081359863
-10.558321952819824
-10.608903884887695
-10.531937599182129
-10.544971466064453
-10.594011306762695
-10.548184394836426
-10.570550918579102
-10.594438552856445
-10.543160438537598
-10.590947151184082
-10.59942626953125
-10.567548751831055
-10.586918830871582
-10.599617004394531
-10.557127952575684
-10.570393562316895
-10.588964462280273
-10.561506271362305
-10.582127571105957
-10.593894004821777
-10.586331367492676
-10.5975923538208
-10.595799446105957
-10.585993766784668
-10.581443786621094
-10.59505558013916
-10.605372428894043
-10.56598949432373
-10.606435775756836
-10.591253280639648
-10.586956024169922
-10.580466270446777
-10.598930358886719
-10.594822883605957
-10.60272216796875
-10.594294548034668
-10.598285675048828
-10.598949432373047
-10.58376693725586
-10.60026741027832
-10.590972900390625
-10.603468894958496
-10.606534957885742
-10.607420921325684
-10.594146728515625
-10.578232765197754
-10.596784591674805
-10.592906951904297
-10.5770263671875
-10.608126640319824
-10.590909957885742
-10.572957038879395
-10.590627670288086
-10.606939315795898
-10.595521926879883
-10.570338249206543
-10.599328994750977
-10.589783668518066
-10.549652099609375
-10.594393730163574
-10.586121559143066
-10.589437484741211
-10.589279174804688
-10.603007316589355
-10.596818923950195
-10.58747386932373
-10.600942611694336
-10.59648609161377
-10.584650993347168
-10.593194961547852
-10.591985702514648
-10.61214828491211
-10.560370445251465
-10.588301658630371
-10.5632963180542
-10.530730247497559
-10.5919828414917
-10.54394817352295
-10.590814590454102
-10.598180770874023
-10.570505142211914
-10.584871292114258
-10.604901313781738
-10.559972763061523
-10.593541145324707
-10.596468925476074
-10.585114479064941
-10.562251091003418
-10.599987030029297
-10.563570022583008
-10.592452049255371
-10.606147766113281
-10.59864616394043
-10.549805641174316
-10.597687721252441
-10.589886665344238
-10.523897171020508
-10.588202476501465
-10.539510726928711
-10.550271034240723
-10.609687805175781
-10.586856842041016
-10.587377548217773
-10.587688446044922
-10.561450958251953
-10.572318077087402
-10.589184761047363
-10.588079452514648
-10.602079391479492
-10.599934577941895
-10.609025955200195
-10.576387405395508
-10.594672203063965
-10.592877388000488
-10.591094017028809
-10.569525718688965
-10.595895767211914
-10.599225044250488
-10.584298133850098
-10.598654747009277
-10.581236839294434
-10.597495079040527
-10.59787654876709
-10.592493057250977
-10.600133895874023
-10.604166030883789
-10.603354454040527
-10.599736213684082
-10.605031967163086
-10.58869457244873
-10.59368896484375
-10.590222358703613
-10.597465515136719
-10.59818172454834
-10.593796730041504
-10.60436725616455
-10.600564956665039
-10.594427108764648
-10.581597328186035
-10.5923490524292
-10.598640441894531
-10.599309921264648
-10.604901313781738
-10.60569953918457
-10.600595474243164
-10.60367488861084
-10.595104217529297
-10.593900680541992
-10.603772163391113
-10.604843139648438
-10.585430145263672
-10.607926368713379
-10.595305442810059
-10.604255676269531
-10.606756210327148
-10.600763320922852
-10.605440139770508
-10.598109245300293
-10.609819412231445
-10.60855484008789
-10.604538917541504
-10.599381446838379
-10.599719047546387
-10.609257698059082
-10.594904899597168
-10.592463493347168
-10.602269172668457
-10.595773696899414
-10.607644081115723
-10.567439079284668
-10.604104042053223
-10.56312370300293
-10.602824211120605
-10.604735374450684
-10.60206413269043
-10.594673156738281
-10.606683731079102
-10.59464168548584
-10.60445785522461
-10.59019660949707
-10.592418670654297
-10.585098266601562
-10.58889389038086
-10.586312294006348
-10.572551727294922
-10.602696418762207
-10.598023414611816
-10.59701156616211
-10.598332405090332
-10.60392951965332
-10.600918769836426
-10.576072692871094
-10.601760864257812
-10.596170425415039
-10.575150489807129
-10.599186897277832
-10.603423118591309
-10.59965705871582
-10.597736358642578
-10.604413032531738
-10.577812194824219
-10.597854614257812
-10.608440399169922
-10.585023880004883
-10.593758583068848
-10.598400115966797
-10.59913444519043
-10.58751392364502
-10.608768463134766
-10.604722023010254
-10.606953620910645
-10.59759521484375
-10.611336708068848
-10.5811767578125
-10.592716217041016
-10.598526000976562
-10.579987525939941
-10.583051681518555
-10.60328197479248
-10.563499450683594
-10.580533027648926
-10.575728416442871
-10.588458061218262
-10.618741035461426
-10.608742713928223
-10.599356651306152
-10.604519844055176
-10.599029541015625
-10.60368824005127
-10.60798168182373
-10.598428726196289
-10.59781265258789
-10.597328186035156
-10.595203399658203
-10.602365493774414
-10.602813720703125
-10.596626281738281
-10.575779914855957
-10.605521202087402
-10.574518203735352
-10.60284423828125
-10.60096263885498
-10.597448348999023
-10.598365783691406
-10.61329174041748
-10.603601455688477
-10.564759254455566
-10.600137710571289
-10.580897331237793
-10.576577186584473
-10.6084566116333
-10.582437515258789
-10.570721626281738
-10.596341133117676
-10.549331665039062
-10.584738731384277
-10.601396560668945
-10.555314064025879
-10.600080490112305
-10.59303092956543
-10.586904525756836
-10.59227466583252
-10.603705406188965
-10.56006145477295
-10.579583168029785
-10.611151695251465
-10.575309753417969
-10.564725875854492
-10.604660987854004
-10.595617294311523
-10.55224609375
-10.598691940307617
-10.57088851928711
-10.55144214630127
-10.596050262451172
-10.573838233947754
-10.62881851196289
-10.593321800231934
-10.605935096740723
-10.589990615844727
-10.604879379272461
-10.60472583770752
-10.609789848327637
-10.593545913696289
-10.602245330810547
-10.606621742248535
-10.589253425598145
-10.599432945251465
-10.607319831848145
-10.59614372253418
-10.589237213134766
-10.60307502746582
-10.583342552185059
-10.58959674835205
-10.595057487487793
-10.582342147827148
-10.582098960876465
-10.601890563964844
-10.576086044311523
-10.582414627075195
-10.603513717651367
-10.576932907104492
-10.606931686401367
-10.59170913696289
-10.602094650268555
-10.588021278381348
-10.597381591796875
-10.605424880981445
-10.59631061553955
-10.599581718444824
-10.605541229248047
-10.60506534576416
-10.59292221069336
-10.600133895874023
-10.606023788452148
-10.581067085266113
-10.59774398803711
-10.599882125854492
-10.597625732421875
-10.604907989501953
-10.58660888671875
-10.595746994018555
-10.598127365112305
-10.601761817932129
-10.605783462524414
-10.605320930480957
-10.606160163879395
-10.600409507751465
-10.606206893920898
-10.604864120483398
-10.606124877929688
-10.598926544189453
-10.611812591552734
-10.587726593017578
-10.594379425048828
-10.599040985107422
-10.597830772399902
-10.605966567993164
-10.609938621520996
-10.58492660522461
-10.60126781463623
-10.605180740356445
-10.575477600097656
-10.612975120544434
-10.608010292053223
-10.603705406188965
-10.600557327270508
-10.59816837310791
-10.59941577911377
-10.605522155761719
-10.610706329345703
-10.599345207214355
-10.593542098999023
-10.600676536560059
-10.592763900756836
-10.599207878112793
-10.600361824035645
-10.612139701843262
-10.575639724731445
-10.60135269165039
-10.614136695861816
-10.60204792022705
-10.560515403747559
-10.613524436950684
-10.586986541748047
-10.590456008911133
-10.598733901977539
-10.569557189941406
-10.5972318649292
-10.56641960144043
-10.591805458068848
-10.570018768310547
-10.584714889526367
-10.606765747070312
-10.610687255859375
-10.573782920837402
-10.59322452545166
-10.594118118286133
-10.574556350708008
-10.589366912841797
-10.607819557189941
-10.5651273727417
-10.603044509887695
-10.599309921264648
-10.607884407043457
-10.611705780029297
-10.61121654510498
-10.609709739685059
-10.60721206665039
-10.599053382873535
-10.61039924621582
-10.594744682312012
-10.605316162109375
-10.606557846069336
-10.606989860534668
-10.611480712890625
-10.595670700073242
-10.597983360290527
-10.608246803283691
-10.600574493408203
-10.601046562194824
-10.606538772583008
-10.58835506439209
-10.58079719543457
-10.605171203613281
-10.578573226928711
-10.60705280303955
-10.600114822387695
-10.588090896606445
-10.603532791137695
-10.589888572692871
-10.608162879943848
-10.5947265625
-10.59809684753418
-10.601786613464355
-10.60654067993164
-10.60460090637207
-10.595598220825195
-10.601736068725586
-10.596761703491211
-10.609662055969238
-10.60627555847168
-10.594715118408203
-10.603644371032715
-10.59831428527832
-10.606916427612305
-10.603930473327637
-10.606903076171875
-10.606470108032227
-10.604347229003906
-10.60778522491455
-10.605965614318848
-10.612109184265137
-10.599468231201172
-10.598701477050781
-10.605003356933594
-10.60721492767334
-10.587624549865723
-10.604361534118652
-10.590460777282715
-10.59787654876709
-10.584192276000977
-10.58889102935791
-10.6025390625
-10.598092079162598
-10.600963592529297
-10.593777656555176
-10.608427047729492
-10.572857856750488
-10.573408126831055
-10.590270042419434
-10.578703880310059
-10.590509414672852
-10.60145092010498
-10.571060180664062
-10.602274894714355
-10.604557991027832
-10.575841903686523
-10.60872745513916
-10.613326072692871
-10.601112365722656
-10.606414794921875
-10.60680866241455
-10.606866836547852
-10.61828327178955
-10.603169441223145
-10.609042167663574
-10.614542007446289
-10.600381851196289
-10.609559059143066
-10.608726501464844
-10.601510047912598
-10.604159355163574
-10.605749130249023
-10.595499992370605
-10.602628707885742
-10.606170654296875
-10.606939315795898
-10.601664543151855
-10.609829902648926
-10.61601734161377
-10.607982635498047
-10.581927299499512
-10.602472305297852
-10.597501754760742
-10.602370262145996
-10.60535717010498
-10.607579231262207
-10.590051651000977
-10.583645820617676
-10.606318473815918
-10.581737518310547
-10.578822135925293
-10.589564323425293
-10.601622581481934
-10.607743263244629
-10.613149642944336
-10.609468460083008
-10.603604316711426
-10.596905708312988
-10.603961944580078
-10.597577095031738
-10.60521411895752
-10.606402397155762
-10.599727630615234
-10.60302734375
-10.59970474243164
-10.612542152404785
-10.602180480957031
-10.607983589172363
-10.607454299926758
-10.607927322387695
-10.605889320373535
-10.608250617980957
-10.599578857421875
-10.612175941467285
-10.610433578491211
-10.598556518554688
-10.60863208770752
-10.595281600952148
-10.601717948913574
-10.603723526000977
-10.591092109680176
-10.585129737854004
-10.609716415405273
-10.59067440032959
-10.58585262298584
-10.603551864624023
-10.578088760375977
-10.60023021697998
-10.612180709838867
-10.581588745117188
-10.580964088439941
-10.608966827392578
-10.569816589355469
-10.570409774780273
-10.601394653320312
-10.600919723510742
-10.562491416931152
-10.61623764038086
-10.555221557617188
-10.530557632446289
-10.606855392456055
-10.498804092407227
-10.594036102294922
-10.610063552856445
-10.574447631835938
-10.5263032913208
-10.60171890258789
-10.552331924438477
-10.568309783935547
-10.608616828918457
-10.58334732055664
-10.572325706481934
-10.604166984558105
-10.575913429260254
-10.538317680358887
-10.60058879852295
-10.606354713439941
-10.495356559753418
-10.54003620147705
-10.573185920715332
-10.481401443481445
-10.570348739624023
-10.575862884521484
-10.551447868347168
-10.56875991821289
-10.601966857910156
-10.526520729064941
-10.524313926696777
-10.610344886779785
-10.468871116638184
-10.536727905273438
-10.606608390808105
-10.511120796203613
-10.538201332092285
-10.610244750976562
-10.546979904174805
-10.518381118774414
-10.605693817138672
-10.522847175598145
-10.593742370605469
-10.613136291503906
-10.572931289672852
-10.608260154724121
-10.608792304992676
-10.608011245727539
-10.56682014465332
-10.599482536315918
-10.568241119384766
-10.565909385681152
-10.614924430847168
-10.57028865814209
-10.590892791748047
-10.612221717834473
-10.589133262634277
-10.612733840942383
-10.611555099487305
-10.599963188171387
-10.612527847290039
-10.610270500183105
-10.612950325012207
-10.608707427978516
-10.606086730957031
-10.607223510742188
-10.606064796447754
-10.612034797668457
-10.604061126708984
-10.611783981323242
-10.58076286315918
-10.608783721923828
-10.606945037841797
-10.612523078918457
-10.607891082763672
-10.610627174377441
-10.603357315063477
-10.60763931274414
-10.60373306274414
-10.606376647949219
-10.598104476928711
-10.599143028259277
-10.60716724395752
-10.61156940460205
-10.610387802124023
-10.614992141723633
-10.601508140563965
-10.60324478149414
-10.606562614440918
-10.573531150817871
-10.614500045776367
-10.5630464553833
-10.61518669128418
-10.598796844482422
-10.593473434448242
-10.58433723449707
-10.613471984863281
-10.61189079284668
-10.557741165161133
-10.586905479431152
-10.592229843139648
-10.585992813110352
-10.605785369873047
-10.607781410217285
-10.604710578918457
-10.600313186645508
-10.606748580932617
-10.622706413269043
-10.597634315490723
-10.592991828918457
-10.60497760772705
-10.585145950317383
-10.597735404968262
-10.610721588134766
-10.57868480682373
-10.577333450317383
-10.614774703979492
-10.544724464416504
-10.611055374145508
-10.603743553161621
-10.572673797607422
-10.608468055725098
-10.615997314453125
-10.570945739746094
-10.57688045501709
-10.604120254516602
-10.514206886291504
-10.592129707336426
-10.612228393554688
-10.578694343566895
-10.531492233276367
-10.623157501220703
-10.589964866638184
-10.583402633666992
-10.615869522094727
-10.582924842834473
-10.548301696777344
-10.60698413848877
-10.560038566589355
-10.56651782989502
-10.606157302856445
-10.572382926940918
-10.577814102172852
-10.61788558959961
-10.552342414855957
-10.5286226272583
-10.608564376831055
-10.571831703186035
-10.559629440307617
-10.614108085632324
-10.598380088806152
-10.590167045593262
-10.611035346984863
-10.610483169555664
-10.620759963989258
-10.602723121643066
-10.596741676330566
-10.60376262664795
-10.591575622558594
-10.615489959716797
-10.594076156616211
-10.61156940460205
-10.608410835266113
-10.602903366088867
-10.578554153442383
-10.608091354370117
-10.596622467041016
-10.607415199279785
-10.556829452514648
-10.61060619354248
-10.5848388671875
-10.565557479858398
-10.611795425415039
-10.566781044006348
-10.609847068786621
-10.607617378234863
-10.597391128540039
-10.562360763549805
-10.60385799407959
-10.573681831359863
-10.579743385314941
-10.611581802368164
-10.597301483154297
-10.60379409790039
-10.615508079528809
-10.607738494873047
-10.606807708740234
-10.605375289916992
-10.608306884765625
-10.604028701782227
-10.603348731994629
-10.612016677856445
-10.615082740783691
-10.610238075256348
-10.60585880279541
-10.607185363769531
-10.596205711364746
-10.609407424926758
-10.611527442932129
-10.591652870178223
-10.614410400390625
-10.612119674682617
-10.607392311096191
-10.613255500793457
-10.611433982849121
-10.596738815307617
-10.613874435424805
-10.614399909973145
-10.607914924621582
-10.612252235412598
-10.616161346435547
-10.606919288635254
-10.608196258544922
-10.60124683380127
-10.632454872131348
-10.548426628112793
-10.584994316101074
-10.60667610168457
-10.572869300842285
-10.601851463317871
-10.609597206115723
-10.59418773651123
-10.610916137695312
-10.61217212677002
-10.615604400634766
-10.61098861694336
-10.613402366638184
-10.614033699035645
-10.610910415649414
-10.612814903259277
-10.613916397094727
-10.606548309326172
-10.615163803100586
-10.614641189575195
-10.610115051269531
-10.595888137817383
-10.612943649291992
-10.591897010803223
-10.614348411560059
-10.610108375549316
-10.60389518737793
-10.607343673706055
-10.612164497375488
-10.616649627685547
-10.613160133361816
-10.608843803405762
-10.608262062072754
-10.601945877075195
-10.611875534057617
-10.610004425048828
-10.609416007995605
-10.608906745910645
-10.609343528747559
-10.613107681274414
-10.614181518554688
-10.61169719696045
-10.600128173828125
-10.613129615783691
-10.606905937194824
-10.59299373626709
-10.611929893493652
-10.605754852294922
-10.604218482971191
-10.613008499145508
-10.607389450073242
-10.617138862609863
-10.615788459777832
-10.610506057739258
-10.610825538635254
-10.61686897277832
-10.607051849365234
-10.609906196594238
-10.605965614318848
-10.621220588684082
-10.618577003479004
-10.603034973144531
-10.611903190612793
-10.602991104125977
-10.608366012573242
-10.609346389770508
-10.589813232421875
-10.610574722290039
-10.60464859008789
-10.606874465942383
-10.610088348388672
-10.610318183898926
-10.613874435424805
-10.61865520477295
-10.609368324279785
-10.606144905090332
-10.608895301818848
-10.614177703857422
-10.57509994506836
-10.614286422729492
-10.591246604919434
-10.608685493469238
-10.609071731567383
-10.602334976196289
-10.608465194702148
-10.609341621398926
-10.602534294128418
-10.611330032348633
-10.605565071105957
-10.62163257598877
-10.591207504272461
-10.611099243164062
-10.585676193237305
-10.608657836914062
-10.59315013885498
-10.587921142578125
-10.604096412658691
-10.597699165344238
-10.618027687072754
-10.604785919189453
-10.601569175720215
-10.61120891571045
-10.590901374816895
-10.605303764343262
-10.616339683532715
-10.600648880004883
-10.606524467468262
-10.62151050567627
-10.60268497467041
-10.60535717010498
-10.608002662658691
-10.595263481140137
-10.617985725402832
-10.601526260375977
-10.601340293884277
-10.61603832244873
-10.622723579406738
-10.60062026977539
-10.612500190734863
-10.616788864135742
-10.601527214050293
-10.613431930541992
-10.594316482543945
-10.634261131286621
-10.610328674316406
-10.61029052734375
-10.599262237548828
-10.606596946716309
-10.606600761413574
-10.615660667419434
-10.606152534484863
-10.612948417663574
-10.606633186340332
-10.603604316711426
-10.612323760986328
-10.603473663330078
-10.60832691192627
-10.6117582321167
-10.61059284210205
-10.614923477172852
-10.614349365234375
-10.616268157958984
-10.613469123840332
-10.616185188293457
-10.614195823669434
-10.618847846984863
-10.61155891418457
-10.617541313171387
-10.610000610351562
-10.602482795715332
-10.6063232421875
-10.601679801940918
-10.608358383178711
-10.616726875305176
-10.597115516662598
-10.615213394165039
-10.611266136169434
-10.579883575439453
-10.607391357421875
-10.614076614379883
-10.600574493408203
-10.604475021362305
-10.610150337219238
-10.568764686584473
-10.60987377166748
-10.596966743469238
-10.603585243225098
-10.612707138061523
-10.611812591552734
-10.610533714294434
-10.609545707702637
-10.606622695922852
-10.598672866821289
-10.609687805175781
-10.612650871276855
-10.598138809204102
-10.600337028503418
-10.613231658935547
-10.599630355834961
-10.608163833618164
-10.61652660369873
-10.564371109008789
-10.615906715393066
-10.613343238830566
-10.589603424072266
-10.606718063354492
-10.62254810333252
-10.59560489654541
-10.609917640686035
-10.59179401397705
-10.600404739379883
-10.614952087402344
-10.608244895935059
-10.584762573242188
-10.603483200073242
-10.603363990783691
-10.594250679016113
-10.612045288085938
-10.613556861877441
-10.58785343170166
-10.595658302307129
-10.610771179199219
-10.602215766906738
-10.594797134399414
-10.61016845703125
-10.581181526184082
-10.592171669006348
-10.614838600158691
-10.606216430664062
-10.594497680664062
-10.612133026123047
-10.582889556884766
-10.620244979858398
-10.612252235412598
-10.610485076904297
-10.599040031433105
-10.61727523803711
-10.617653846740723
-10.586124420166016
-10.600643157958984
-10.601688385009766
-10.601485252380371
-10.618905067443848
-10.606379508972168
-10.626832008361816
-10.593729019165039
-10.595595359802246
-10.599430084228516
-10.61894416809082
-10.611750602722168
-10.60385799407959
-10.616594314575195
-10.599339485168457
-10.612151145935059
-10.612988471984863
-10.601663589477539
-10.60299301147461
-10.617000579833984
-10.606797218322754
-10.599028587341309
-10.612181663513184
-10.619715690612793
-10.620269775390625
-10.612275123596191
-10.618830680847168
-10.601327896118164
-10.599323272705078
-10.599397659301758
-10.567914009094238
-10.598647117614746
-10.599186897277832
-10.595420837402344
-10.598943710327148
-10.608866691589355
-10.594358444213867
-10.579768180847168
-10.616847038269043
-10.613590240478516
-10.590653419494629
-10.621626853942871
-10.614094734191895
-10.602387428283691
-10.614120483398438
-10.589648246765137
-10.606696128845215
-10.612831115722656
-10.608774185180664
-10.606889724731445
-10.597349166870117
-10.606643676757812
-10.618037223815918
-10.575461387634277
-10.58301830291748
-10.598073959350586
-10.574376106262207
-10.609630584716797
-10.6058931350708
-10.56083869934082
-10.614484786987305
-10.598987579345703
-10.571964263916016
-10.621103286743164
-10.598054885864258
-10.588041305541992
-10.607728004455566
-10.614367485046387
-10.611083030700684
-10.609472274780273
-10.609643936157227
-10.605688095092773
-10.62565803527832
-10.609251022338867
-10.61205768585205
-10.61310863494873
-10.608744621276855
-10.616905212402344
-10.600569725036621
-10.610901832580566
-10.61881160736084
-10.581477165222168
-10.612064361572266
-10.611305236816406
-10.606184959411621
-10.61438274383545
-10.613768577575684
-10.609200477600098
-10.617280960083008
-10.615300178527832
-10.618173599243164
-10.598902702331543
-10.623064994812012
-10.606245994567871
-10.619905471801758
-10.621173858642578
-10.560652732849121
-10.61910629272461
-10.598532676696777
-10.602595329284668
-10.626073837280273
-10.572366714477539
-10.612186431884766
-10.61373519897461
-10.598569869995117
-10.615148544311523
-10.61509895324707
-10.61945629119873
-10.62181568145752
-10.623888969421387
-10.611247062683105
-10.624218940734863
-10.613865852355957
-10.62423038482666
-10.614526748657227
-10.613137245178223
-10.612998008728027
-10.604180335998535
-10.620539665222168
-10.617546081542969
-10.627954483032227
-10.586124420166016
-10.603267669677734
-10.616978645324707
-10.590169906616211
-10.601709365844727
-10.614129066467285
-10.565742492675781
-10.6117525100708
-10.587395668029785
-10.610150337219238
-10.611592292785645
-10.619999885559082
-10.561901092529297
-10.6162748336792
-10.603896141052246
-10.591981887817383
-10.607428550720215
-10.594788551330566
-10.594595909118652
-10.61262035369873
-10.593905448913574
-10.605525970458984
-10.61768627166748
-10.610917091369629
-10.601699829101562
-10.627076148986816
-10.619951248168945
-10.606734275817871
-10.61269474029541
-10.61581802368164
-10.617781639099121
-10.61656379699707
-10.618732452392578
-10.606008529663086
-10.61925220489502
-10.609956741333008
-10.60680866241455
-10.613280296325684
-10.606742858886719
-10.618492126464844
-10.61607551574707
-10.620984077453613
-10.616058349609375
-10.619062423706055
-10.616687774658203
-10.612591743469238
-10.620420455932617
-10.604061126708984
-10.613201141357422
-10.604997634887695
-10.622699737548828
-10.614462852478027
-10.614828109741211
-10.61289119720459
-10.612902641296387
-10.623969078063965
-10.608762741088867
-10.597807884216309
-10.625906944274902
-10.615666389465332
-10.618764877319336
-10.609383583068848
-10.612211227416992
-10.616504669189453
-10.609109878540039
-10.616891860961914
-10.612887382507324
-10.610018730163574
-10.613249778747559
-10.610587120056152
-10.613088607788086
-10.613493919372559
-10.615612030029297
-10.620165824890137
-10.609086990356445
-10.620245933532715
-10.612993240356445
-10.611465454101562
-10.618175506591797
-10.608025550842285
-10.61516284942627
-10.637462615966797
-10.615433692932129
-10.616538047790527
-10.614978790283203
-10.613028526306152
-10.605072021484375
-10.61873722076416
-10.616693496704102
-10.607258796691895
-10.608170509338379
-10.607841491699219
-10.612386703491211
-10.620465278625488
-10.613365173339844
-10.627087593078613
-10.608689308166504
-10.612223625183105
-10.620444297790527
-10.619623184204102
-10.590415954589844
-10.609801292419434
-10.61026668548584
-10.62623119354248
-10.620756149291992
-10.610095977783203
-10.619845390319824
-10.62142562866211
-10.598947525024414
-10.613506317138672
-10.608217239379883
-10.6143798828125
-10.619812965393066
-10.625626564025879
-10.591742515563965
-10.620564460754395
-10.59798526763916
-10.610615730285645
-10.613333702087402
-10.607251167297363
-10.608532905578613
-10.596604347229004
-10.622092247009277
-10.617080688476562
-10.618659973144531
-10.61924934387207
-10.617316246032715
-10.620615005493164
-10.594383239746094
-10.613791465759277
-10.621768951416016
-10.617950439453125
-10.609318733215332
-10.61702823638916
-10.618631362915039
-10.616602897644043
-10.616214752197266
-10.620262145996094
-10.612677574157715
-10.619022369384766
-10.616279602050781
-10.60519790649414
-10.616582870483398
-10.582555770874023
-10.622703552246094
-10.60274887084961
-10.617961883544922
-10.619824409484863
-10.621613502502441
-10.590018272399902
-10.610267639160156
-10.60947036743164
-10.583062171936035
-10.617087364196777
-10.60075569152832
-10.610832214355469
-10.620165824890137
-10.608283996582031
-10.608041763305664
-10.6198091506958
-10.61689567565918
-10.614968299865723
-10.62446403503418
-10.621313095092773
-10.619730949401855
-10.608060836791992
-10.619363784790039
-10.624268531799316
-10.617965698242188
-10.61945629119873
-10.621845245361328
-10.618755340576172
-10.621414184570312
-10.613866806030273
-10.623014450073242
-10.599142074584961
-10.62942123413086
-10.624161720275879
-10.620735168457031
-10.61825180053711
-10.617305755615234
-10.615306854248047
-10.623777389526367
-10.615181922912598
-10.6200590133667
-10.615250587463379
-10.615850448608398
-10.619662284851074
-10.619316101074219
-10.622018814086914
-10.616677284240723
-10.61932373046875
-10.622453689575195
-10.606559753417969
-10.622353553771973
-10.613969802856445
-10.607344627380371
-10.60976505279541
-10.620503425598145
-10.596426010131836
-10.608473777770996
-10.61870288848877
-10.597020149230957
-10.624234199523926
-10.62083625793457
-10.609006881713867
-10.616446495056152
-10.602871894836426
-10.620655059814453
-10.624250411987305
-10.61519718170166
-10.628913879394531
-10.615090370178223
-10.618759155273438
-10.616631507873535
-10.608356475830078
-10.584769248962402
-10.619873046875
-10.589153289794922
-10.61948299407959
-10.6213960647583
-10.599393844604492
-10.616015434265137
-10.613245964050293
-10.619338035583496
-10.622916221618652
-10.62588119506836
-10.622637748718262
-10.619319915771484
-10.622804641723633
-10.622525215148926
-10.615911483764648
-10.617158889770508
-10.614177703857422
-10.60589599609375
-10.625162124633789
-10.619202613830566
-10.59125804901123
-10.617328643798828
-10.598658561706543
-10.619036674499512
-10.601520538330078
-10.579630851745605
-10.623151779174805
-10.5791654586792
-10.6076021194458
-10.618579864501953
-10.58255386352539
-10.621288299560547
-10.617161750793457
-10.593749046325684
-10.598599433898926
-10.625016212463379
-10.565985679626465
-10.602204322814941
-10.614736557006836
-10.581332206726074
-10.61262035369873
-10.62409782409668
-10.576634407043457
-10.621206283569336
-10.613227844238281
-10.632843017578125
-10.620908737182617
-10.621288299560547
-10.609792709350586
-10.623063087463379
-10.616558074951172
-10.61704158782959
-10.619566917419434
-10.626341819763184
-10.619855880737305
-10.61251163482666
-10.608543395996094
-10.604366302490234
-10.626132011413574
-10.581875801086426
-10.605446815490723
-10.621374130249023
-10.598581314086914
-10.585734367370605
-10.618131637573242
-10.577725410461426
-10.594191551208496
-10.613418579101562
-10.579988479614258
-10.614766120910645
-10.61137580871582
-10.566903114318848
-10.614855766296387
-10.604844093322754
-10.590354919433594
-10.62745189666748
-10.621735572814941
-10.60750961303711
-10.623581886291504
-10.624114990234375
-10.615824699401855
-10.629634857177734
-10.619715690612793
-10.625435829162598
-10.611464500427246
-10.617938041687012
-10.599778175354004
-10.609956741333008
-10.619250297546387
-10.617868423461914
-10.615286827087402
-10.621789932250977
-10.621268272399902
-10.604043960571289
-10.628421783447266
-10.625370025634766
-10.629670143127441
-10.618509292602539
-10.629317283630371
-10.619560241699219
-10.619190216064453
-10.587690353393555
-10.618138313293457
-10.614689826965332
-10.620834350585938
-10.62214183807373
-10.621136665344238
-10.619882583618164
-10.621316909790039
-10.62159252166748
-10.608657836914062
-10.6153564453125
-10.599516868591309
-10.612232208251953
-10.619176864624023
-10.597541809082031
-10.622174263000488
-10.622993469238281
-10.612030029296875
-10.62667465209961
-10.628231048583984
-10.619307518005371
-10.616645812988281
-10.626297950744629
-10.62933349609375
-10.621820449829102
-10.618265151977539
-10.620339393615723
-10.621010780334473
-10.618546485900879
-10.61426830291748
-10.618319511413574
-10.608665466308594
-10.608637809753418
-10.605745315551758
-10.628704071044922
-10.618572235107422
-10.6106538772583
-10.616899490356445
-10.59928035736084
-10.596953392028809
-10.62297248840332
-10.609423637390137
-10.616710662841797
-10.621722221374512
-10.620162010192871
-10.619906425476074
-10.626392364501953
-10.627419471740723
-10.602218627929688
-10.629073143005371
-10.616660118103027
-10.616440773010254
-10.58459758758545
-10.615605354309082
-10.588249206542969
-10.624776840209961
-10.624832153320312
-10.605063438415527
-10.609857559204102
-10.625001907348633
-10.615790367126465
-10.620926856994629
-10.612442016601562
-10.59642505645752
-10.607744216918945
-10.56421184539795
-10.618921279907227
-10.593966484069824
-10.599480628967285
-10.618819236755371
-10.632111549377441
-10.601211547851562
-10.624839782714844
-10.611249923706055
-10.599672317504883
-10.624465942382812
-10.620847702026367
-10.567632675170898
-10.623311042785645
-10.588225364685059
-10.601245880126953
-10.601746559143066
-10.593826293945312
-10.630187034606934
-10.628158569335938
-10.595919609069824
-10.626724243164062
-10.610559463500977
-10.570460319519043
-10.603621482849121
-10.605112075805664
-10.630786895751953
-10.617591857910156
-10.619717597961426
-10.623087882995605
-10.619070053100586
-10.624574661254883
-10.618573188781738
-10.593606948852539
-10.611746788024902
-10.617962837219238
-10.621136665344238
-10.623510360717773
-10.624943733215332
-10.62007999420166
-10.626309394836426
-10.604894638061523
-10.618853569030762
-10.621395111083984
-10.581138610839844
-10.621644973754883
-10.614315032958984
-10.621316909790039
-10.616950988769531
-10.61794662475586
-10.62533187866211
-10.622882843017578
-10.614262580871582
-10.617229461669922
-10.622591972351074
-10.622968673706055
-10.62216567993164
-10.626007080078125
-10.614456176757812
-10.62747573852539
-10.623926162719727
-10.62435245513916
-10.5772123336792
-10.614517211914062
-10.5989990234375
-10.60954761505127
-10.621359825134277
-10.626276969909668
-10.618755340576172
-10.62633991241455
-10.622225761413574
-10.624547004699707
-10.615747451782227
-10.6229887008667
-10.627702713012695
-10.62150764465332
-10.627083778381348
-10.623104095458984
-10.621706008911133
-10.62533187866211
-10.622110366821289
-10.61943244934082
-10.621299743652344
-10.612967491149902
-10.618854522705078
-10.600948333740234
-10.625840187072754
-10.615432739257812
-10.62671947479248
-10.632038116455078
-10.622374534606934
-10.623368263244629
-10.6211519241333
-10.629518508911133
-10.622482299804688
-10.621548652648926
-10.620405197143555
-10.622693061828613
-10.633431434631348
-10.613178253173828
-10.623048782348633
-10.624646186828613
-10.623726844787598
-10.615679740905762
-10.62000846862793
-10.6217622756958
-10.602351188659668
-10.614280700683594
-10.59652042388916
-10.596945762634277
-10.623148918151855
-10.616448402404785
-10.569835662841797
-10.607011795043945
-10.552331924438477
-10.591361999511719
-10.620552062988281
-10.60500717163086
-10.573101997375488
-10.612730026245117
-10.624920845031738
-10.561914443969727
-10.588644981384277
-10.60368824005127
-10.537391662597656
-10.624492645263672
-10.614439964294434
-10.601228713989258
-10.613943099975586
-10.620687484741211
-10.58413028717041
-10.62222671508789
-10.60513973236084
-10.625117301940918
-10.623893737792969
-10.602078437805176
-10.626823425292969
-10.636076927185059
-10.607378959655762
-10.626205444335938
-10.589061737060547
-10.638995170593262
-10.627065658569336
-10.597225189208984
-10.622345924377441
-10.633234977722168
-10.625083923339844
-10.632963180541992
-10.626595497131348
-10.622363090515137
-10.60307788848877
-10.6255464553833
-10.59434700012207
-10.631343841552734
-10.617128372192383
-10.623117446899414
-10.618438720703125
-10.63010311126709
-10.59832763671875
-10.62390422821045
-10.622663497924805
-10.60425853729248
-10.630865097045898
-10.623966217041016
-10.61922550201416
-10.62304401397705
-10.621928215026855
-10.614069938659668
-10.623671531677246
-10.61719036102295
-10.637505531311035
-10.626553535461426
-10.617383003234863
-10.613176345825195
-10.62548542022705
-10.630791664123535
-10.604737281799316
-10.616493225097656
-10.602110862731934
-10.626931190490723
-10.621061325073242
-10.622536659240723
-10.617090225219727
-10.625843048095703
-10.624781608581543
-10.627206802368164
-10.598947525024414
-10.620987892150879
-10.619950294494629
-10.615537643432617
-10.625845909118652
-10.629158020019531
-10.593710899353027
-10.614049911499023
-10.609601020812988
-10.591462135314941
-10.628013610839844
-10.542608261108398
-10.614566802978516
-10.620593070983887
-10.593688011169434
-10.631770133972168
-10.623303413391113
-10.624770164489746
-10.624490737915039
-10.604484558105469
-10.625833511352539
-10.622655868530273
-10.622000694274902
-10.617250442504883
-10.60519027709961
-10.623043060302734
-10.607826232910156
-10.61264705657959
-10.616045951843262
-10.605731010437012
-10.621818542480469
-10.627290725708008
-10.604413986206055
-10.60409164428711
-10.611783981323242
-10.590450286865234
-10.62579345703125
-10.614832878112793
-10.590025901794434
-10.622185707092285
-10.61866569519043
-10.573304176330566
-10.597721099853516
-10.565367698669434
-10.54470443725586
-10.616133689880371
-10.554950714111328
-10.496016502380371
-10.624995231628418
-10.571481704711914
-10.517754554748535
-10.62255573272705
-10.580390930175781
-10.568300247192383
-10.619060516357422
-10.5880708694458
-10.600229263305664
-10.61178207397461
-10.616085052490234
-10.629541397094727
-10.622495651245117
-10.619582176208496
-10.631104469299316
-10.63150691986084
-10.626806259155273
-10.625921249389648
-10.634263038635254
-10.630130767822266
-10.628250122070312
-10.624040603637695
-10.631274223327637
-10.622084617614746
-10.626790046691895
-10.631063461303711
-10.63063907623291
-10.599451065063477
-10.629768371582031
-10.602712631225586
-10.624013900756836
-10.623343467712402
-10.625093460083008
-10.613187789916992
-10.623937606811523
-10.612992286682129
-10.62235164642334
-10.629858016967773
-10.620030403137207
-10.60275936126709
-10.621862411499023
-10.593610763549805
-10.638436317443848
-10.62310791015625
-10.623658180236816
-10.626834869384766
-10.62042236328125
-10.628161430358887
-10.624711990356445
-10.627102851867676
-10.62684154510498
-10.618402481079102
-10.628758430480957
-10.59772777557373
-10.63005542755127
-10.628727912902832
-10.619601249694824
-10.63084888458252
-10.626585960388184
-10.61839485168457
-10.625171661376953
-10.604439735412598
-10.628840446472168
-10.630199432373047
-10.605962753295898
-10.618875503540039
-10.627695083618164
-10.616827011108398
-10.630295753479004
-10.621950149536133
-10.628019332885742
-10.617517471313477
-10.620071411132812
-10.625521659851074
-10.626623153686523
-10.596634864807129
-10.623940467834473
-10.618972778320312
-10.629945755004883
-10.62926197052002
-10.625296592712402
-10.627864837646484
-10.6149263381958
-10.631089210510254
-10.589677810668945
-10.627799987792969
-10.630048751831055
-10.602429389953613
-10.620197296142578
-10.61599063873291
-10.62683391571045
-10.619648933410645
-10.615570068359375
-10.609874725341797
-10.626585006713867
-10.615680694580078
-10.622594833374023
-10.623952865600586
-10.619783401489258
-10.631454467773438
-10.630216598510742
-10.597712516784668
-10.62027359008789
-10.629315376281738
-10.596216201782227
-10.602324485778809
-10.613725662231445
-10.56239128112793
-10.62122917175293
-10.58161449432373
-10.545165061950684
-10.631111145019531
-10.591351509094238
-10.557680130004883
-10.625614166259766
-10.569795608520508
-10.568673133850098
-10.622822761535645
-10.558914184570312
-10.500142097473145
-10.619539260864258
-10.550705909729004
-10.579625129699707
-10.625475883483887
-10.599115371704102
-10.572565078735352
-10.615463256835938
-10.593096733093262
-10.563243865966797
-10.631717681884766
-10.596854209899902
-10.554951667785645
-10.624353408813477
-10.59855842590332
-10.595819473266602
-10.584772109985352
-10.628866195678711
-10.568199157714844
-10.574726104736328
-10.626675605773926
-10.573290824890137
-10.582717895507812
-10.635839462280273
-10.615398406982422
-10.60509204864502
-10.630796432495117
-10.615127563476562
-10.628047943115234
-10.621689796447754
-10.623380661010742
-10.62177562713623
-10.612672805786133
-10.618489265441895
-10.623995780944824
-10.628825187683105
-10.6254301071167
-10.633987426757812
-10.627114295959473
-10.624733924865723
-10.625622749328613
-10.620818138122559
-10.61212158203125
-10.612564086914062
-10.61037826538086
-10.624689102172852
-10.618727684020996
-10.618826866149902
-10.627734184265137
-10.625454902648926
-10.631233215332031
-10.624286651611328
-10.629385948181152
-10.633137702941895
-10.638224601745605
-10.627923011779785
-10.631898880004883
-10.622410774230957
-10.629558563232422
-10.618741035461426
-10.631636619567871
-10.631141662597656
-10.620034217834473
-10.633009910583496
-10.623705863952637
-10.631082534790039
-10.636300086975098
-10.625633239746094
-10.632318496704102
-10.626659393310547
-10.621618270874023
-10.623128890991211
-10.630960464477539
-10.628329277038574
-10.62680721282959
-10.625715255737305
-10.640015602111816
-10.59312629699707
-10.609512329101562
-10.630531311035156
-10.591618537902832
-10.6080322265625
-10.622823715209961
-10.618512153625488
-10.602770805358887
-10.624361038208008
-10.60650634765625
-10.600049018859863
-10.633062362670898
-10.59762954711914
-10.552144050598145
-10.628019332885742
-10.599922180175781
-10.560708999633789
-10.622598648071289
-10.623488426208496
-10.552578926086426
-10.608708381652832
-10.590374946594238
-10.593829154968262
-10.607870101928711
-10.603777885437012
-10.60220718383789
-10.60379409790039
-10.616379737854004
-10.60525894165039
-10.618062019348145
-10.632344245910645
-10.593335151672363
-10.612921714782715
-10.61952018737793
-10.631026268005371
-10.60956859588623
-10.624786376953125
-10.631855964660645
-10.617330551147461
-10.626853942871094
-10.606096267700195
-10.627891540527344
-10.60597038269043
-10.62874698638916
-10.632951736450195
-10.630825996398926
-10.619373321533203
-10.627264976501465
-10.625725746154785
-10.623469352722168
-10.62802505493164
-10.616145133972168
-10.63414192199707
-10.634102821350098
-10.6195068359375
-10.628748893737793
-10.630927085876465
-10.623194694519043
-10.633655548095703
-10.604647636413574
-10.625263214111328
-10.635773658752441
-10.607771873474121
-10.622035026550293
-10.603584289550781
-10.616445541381836
-10.630501747131348
-10.617937088012695
-10.619023323059082
-10.628938674926758
-10.627689361572266
-10.615876197814941
-10.626851081848145
-10.627172470092773
-10.627762794494629
-10.616965293884277
-10.625630378723145
-10.635017395019531
-10.627799987792969
-10.620691299438477
-10.631061553955078
-10.626014709472656
-10.634886741638184
-10.599287986755371
-10.612977027893066
-10.62496280670166
-10.6077241897583
-10.61577320098877
-10.627828598022461
-10.634997367858887
-10.599339485168457
-10.625524520874023
-10.612147331237793
-10.600187301635742
-10.626717567443848
-10.629859924316406
-10.618054389953613
-10.632555961608887
-10.635587692260742
-10.628524780273438
-10.626847267150879
-10.634604454040527
-10.62728214263916
-10.634431838989258
-10.619229316711426
-10.636531829833984
-10.622380256652832
-10.616271018981934
-10.618481636047363
-10.6351318359375
-10.611525535583496
-10.632497787475586
-10.612066268920898
-10.612401962280273
-10.626014709472656
-10.607766151428223
-10.609136581420898
-10.632795333862305
-10.625068664550781
-10.626225471496582
-10.62943172454834
-10.627237319946289
-10.635973930358887
-10.63007926940918
-10.63930892944336
-10.625530242919922
-10.62962532043457
-10.630228996276855
-10.627670288085938
-10.627588272094727
-10.646076202392578
-10.616544723510742
-10.617402076721191
-10.600244522094727
-10.60690975189209
-10.628336906433105
-10.629626274108887
-10.62686824798584
-10.623576164245605
-10.624488830566406
-10.632898330688477
-10.632430076599121
-10.627606391906738
-10.627211570739746
-10.625203132629395
-10.61075210571289
-10.612520217895508
-10.63209056854248
-10.604342460632324
-10.619485855102539
-10.615951538085938
-10.620180130004883
-10.618021011352539
-10.608769416809082
-10.606039047241211
-10.622906684875488
-10.605868339538574
-10.608382225036621
-10.628210067749023
-10.618060111999512
-10.578783988952637
-10.626178741455078
-10.57443618774414
-10.604144096374512
-10.604427337646484
-10.558963775634766
-10.63554573059082
-10.589414596557617
-10.605144500732422
-10.639692306518555
-10.62651538848877
-10.626237869262695
-10.625286102294922
-10.641868591308594
-10.631232261657715
-10.632369041442871
-10.615792274475098
-10.626538276672363
-10.634885787963867
-10.624591827392578
-10.627033233642578
-10.627562522888184
-10.605511665344238
-10.605059623718262
-10.621872901916504
-10.603541374206543
-10.584284782409668
-10.631251335144043
-10.574445724487305
-10.603013038635254
-10.598947525024414
-10.594341278076172
-10.632524490356445
-10.62153148651123
-10.62780475616455
-10.628426551818848
-10.633453369140625
-10.63411808013916
-10.597249984741211
-10.620564460754395
-10.58889102935791
-10.633957862854004
-10.624435424804688
-10.627774238586426
-10.626686096191406
-10.617238998413086
-10.630857467651367
-10.629827499389648
-10.63443374633789
-10.610663414001465
-10.627110481262207
-10.621533393859863
-10.61424446105957
-10.625210762023926
-10.630770683288574
-10.614651679992676
-10.647552490234375
-10.623973846435547
-10.611715316772461
-10.604889869689941
-10.627304077148438
-10.638172149658203
-10.609471321105957
-10.622968673706055
-10.63892936706543
-10.619868278503418
-10.626701354980469
-10.622601509094238
-10.635973930358887
-10.61337661743164
-10.600172996520996
-10.62978744506836
-10.617053031921387
-10.636868476867676
-10.63019847869873
-10.61701774597168
-10.63100814819336
-10.630587577819824
-10.615256309509277
-10.642932891845703
-10.631274223327637
-10.632975578308105
-10.641114234924316
-10.639259338378906
-10.594520568847656
-10.617213249206543
-10.610876083374023
-10.593570709228516
-10.629002571105957
-10.59365463256836
-10.594130516052246
-10.632219314575195
-10.616270065307617
-10.608199119567871
-10.62040901184082
-10.620006561279297
-10.608636856079102
-10.631815910339355
-10.631776809692383
-10.613008499145508
-10.643489837646484
-10.631933212280273
-10.632505416870117
-10.631933212280273
-10.622374534606934
-10.629409790039062
-10.633705139160156
-10.615499496459961
-10.631583213806152
-10.629331588745117
-10.634942054748535
-10.631803512573242
-10.634905815124512
-10.622468948364258
-10.633728981018066
-10.610676765441895
-10.62968635559082
-10.630252838134766
-10.610084533691406
-10.63902759552002
-10.605140686035156
-10.63373851776123
-10.617640495300293
-10.613789558410645
-10.595033645629883
-10.628832817077637
-10.620511054992676
-10.602538108825684
-10.641009330749512
-10.628775596618652
-10.636757850646973
-10.639463424682617
-10.615103721618652
-10.635482788085938
-10.603645324707031
-10.626269340515137
-10.63356876373291
-10.58588695526123
-10.632637977600098
-10.635120391845703
-10.622159004211426
-10.613443374633789
-10.637198448181152
-10.629785537719727
-10.599666595458984
-10.630239486694336
-10.632364273071289
-10.61876106262207
-10.63998031616211
-10.63085651397705
-10.628098487854004
-10.598468780517578
-10.610840797424316
-10.60799503326416
-10.62161922454834
-10.620930671691895
-10.613587379455566
-10.632701873779297
-10.632912635803223
-10.620821952819824
-10.630614280700684
-10.618149757385254
-10.62153434753418
-10.635943412780762
-10.614319801330566
-10.626066207885742
-10.630707740783691
-10.589720726013184
-10.611773490905762
-10.629830360412598
-10.578421592712402
-10.623283386230469
-10.626579284667969
-10.606042861938477
-10.62049674987793
-10.630453109741211
-10.63143253326416
-10.595359802246094
-10.634592056274414
-10.620484352111816
-10.617692947387695
-10.637219429016113
-10.598723411560059
-10.644112586975098
-10.631146430969238
-10.63438606262207
-10.632437705993652
-10.637519836425781
-10.634459495544434
-10.639664649963379
-10.631189346313477
-10.636842727661133
-10.640520095825195
-10.630172729492188
-10.637779235839844
-10.639006614685059
-10.62503433227539
-10.643491744995117
-10.624485969543457
-10.627445220947266
-10.630146980285645
-10.619436264038086
-10.635048866271973
-10.611316680908203
-10.632050514221191
-10.63675594329834
-10.630545616149902
-10.635082244873047
-10.63601016998291
-10.609545707702637
-10.634456634521484
-10.630410194396973
-10.624123573303223
-10.630919456481934
-10.635162353515625
-10.642314910888672
-10.623432159423828
-10.623234748840332
-10.635915756225586
-10.631285667419434
-10.612837791442871
-10.628280639648438
-10.616249084472656
-10.63861083984375
-10.626977920532227
-10.638047218322754
-10.569231986999512
-10.637367248535156
-10.6403226852417
-10.592972755432129
-10.63088607788086
-10.638821601867676
-10.603395462036133
-10.622097969055176
-10.636979103088379
-10.590163230895996
-10.617717742919922
-10.636615753173828
-10.6394681930542
-10.611632347106934
-10.591926574707031
-10.628931999206543
-10.607156753540039
-10.626197814941406
-10.622011184692383
-10.598941802978516
-10.628546714782715
-10.62147331237793
-10.620268821716309
-10.636174201965332
-10.6160306930542
-10.63562297821045
-10.6414794921875
-10.633834838867188
-10.629284858703613
-10.634933471679688
-10.631929397583008
-10.643498420715332
-10.646588325500488
-10.601090431213379
-10.634406089782715
-10.625189781188965
-10.637033462524414
-10.627655982971191
-10.64096450805664
-10.59486198425293
-10.622331619262695
-10.630908012390137
-10.622552871704102
-10.629050254821777
-10.634767532348633
-10.602426528930664
-10.631287574768066
-10.624711036682129
-10.626708030700684
-10.627985000610352
-10.629419326782227
-10.633338928222656
-10.6350679397583
-10.6382417678833
-10.623598098754883
-10.637712478637695
-10.638225555419922
-10.609172821044922
-10.634175300598145
-10.627184867858887
-10.63270378112793
-10.634293556213379
-10.623881340026855
-10.628728866577148
-10.637799263000488
-10.635523796081543
-10.630972862243652
-10.631477355957031
-10.637929916381836
-10.630931854248047
-10.644204139709473
-10.635560989379883
-10.633667945861816
-10.629995346069336
-10.632823944091797
-10.634305953979492
-10.64579963684082
-10.630024909973145
-10.637487411499023
-10.636625289916992
-10.609880447387695
-10.631507873535156
-10.613020896911621
-10.630547523498535
-10.629217147827148
-10.60865306854248
-10.6271333694458
-10.616727828979492
-10.612009048461914
-10.646950721740723
-10.613344192504883
-10.62008285522461
-10.628995895385742
-10.638774871826172
-10.610465049743652
-10.623488426208496
-10.62472915649414
-10.58876895904541
-10.625576972961426
-10.643062591552734
-10.595267295837402
-10.636296272277832
-10.6348237991333
-10.633293151855469
-10.624778747558594
-10.639667510986328
-10.629536628723145
-10.638504981994629
-10.632972717285156
-10.633234024047852
-10.632808685302734
-10.634532928466797
-10.634590148925781
-10.602091789245605
-10.64247989654541
-10.618038177490234
-10.60635757446289
-10.63282585144043
-10.608705520629883
-10.630552291870117
-10.633628845214844
-10.630817413330078
-10.625102043151855
-10.637696266174316
-10.61799430847168
-10.620615005493164
-10.619028091430664
-10.637286186218262
-10.63337516784668
-10.641000747680664
-10.635993003845215
-10.620929718017578
-10.640181541442871
-10.624707221984863
-10.646065711975098
-10.616523742675781
-10.63592529296875
-10.602572441101074
-10.59836483001709
-10.635177612304688
-10.562302589416504
-10.568885803222656
-10.628091812133789
-10.53593635559082
-10.569600105285645
-10.645715713500977
-10.545303344726562
-10.5078706741333
-10.63471508026123
-10.542481422424316
-10.509812355041504
-10.63388729095459
-10.577631950378418
-10.548567771911621
-10.631681442260742
-10.619351387023926
-10.589517593383789
-10.624469757080078
-10.622459411621094
-10.586587905883789
-10.616694450378418
-10.602542877197266
-10.62568187713623
-10.619792938232422
-10.633761405944824
-10.60346794128418
-10.629191398620605
-10.615408897399902
-10.591175079345703
-10.635358810424805
-10.601236343383789
-10.63083267211914
-10.639029502868652
-10.635163307189941
-10.632890701293945
-10.627564430236816
-10.639922142028809
-10.636301040649414
-10.633572578430176
-10.629927635192871
-10.632824897766113
-10.6331787109375
-10.622986793518066
-10.630825996398926
-10.623266220092773
-10.628050804138184
-10.63843059539795
-10.634509086608887
-10.628866195678711
-10.635818481445312
-10.639534950256348
-10.62552547454834
-10.639527320861816
-10.637706756591797
-10.631284713745117
-10.63495922088623
-10.634849548339844
-10.634369850158691
-10.629924774169922
-10.626782417297363
-10.637679100036621
-10.627645492553711
-10.63277816772461
-10.638306617736816
-10.640359878540039
-10.646929740905762
-10.622552871704102
-10.63720989227295
-10.61965560913086
-10.64206600189209
-10.635223388671875
-10.624520301818848
-10.632380485534668
-10.631338119506836
-10.611251831054688
-10.626225471496582
-10.634307861328125
-10.633221626281738
-10.600423812866211
-10.638376235961914
-10.634994506835938
-10.609269142150879
-10.634322166442871
-10.630146980285645
-10.643482208251953
-10.637330055236816
-10.6287841796875
-10.636377334594727
-10.630328178405762
-10.641744613647461
-10.62771987915039
-10.599919319152832
-10.636636734008789
-10.624920845031738
-10.62153148651123
-10.629440307617188
-10.625000953674316
-10.641895294189453
-10.645230293273926
-10.6414213180542
-10.642646789550781
-10.633801460266113
-10.639643669128418
-10.623982429504395
-10.631669998168945
-10.613141059875488
-10.630341529846191
-10.63997745513916
-10.630495071411133
-10.63474178314209
-10.630585670471191
-10.631612777709961
-10.628291130065918
-10.62793254852295
-10.636714935302734
-10.629352569580078
-10.638920783996582
-10.637605667114258
-10.643414497375488
-10.639422416687012
-10.63359260559082
-10.635297775268555
-10.633381843566895
-10.632622718811035
-10.64035701751709
-10.636822700500488
-10.6448392868042
-10.641932487487793
-10.644512176513672
-10.64004135131836
-10.636699676513672
-10.645883560180664
-10.608419418334961
-10.627120971679688
-10.628759384155273
-10.625462532043457
-10.635747909545898
-10.642224311828613
-10.63724136352539
-10.637383460998535
