loss_u
-5.842415809631348
-5.602698802947998
-5.676297664642334
-5.825037479400635
-5.828047752380371
-5.751770496368408
-5.866544246673584
-6.034373760223389
-5.9880475997924805
-6.07700252532959
-6.0105719566345215
-6.146324157714844
-6.084834098815918
-6.2212347984313965
-6.131351947784424
-6.175924777984619
-6.110367774963379
-6.215962886810303
-6.171689510345459
-6.231040000915527
-6.209021091461182
-6.237741470336914
-6.130335807800293
-6.2368597984313965
-6.262231349945068
-6.245590686798096
-6.279569625854492
-6.2462477684021
-6.339020252227783
-6.216124534606934
-6.2406511306762695
-6.278182506561279
-6.317352294921875
-6.302948474884033
-6.315596103668213
-6.317873954772949
-6.2744245529174805
-6.334338188171387
-6.362640380859375
-6.341538906097412
-6.348954677581787
-6.3454508781433105
-6.3084845542907715
-6.362722396850586
-6.340267181396484
-6.389337062835693
-6.337897300720215
-6.398807048797607
-6.359195232391357
-6.354290962219238
-6.402412414550781
-6.394554615020752
-6.389169216156006
-6.3863372802734375
-6.411516189575195
-6.3880534172058105
-6.424569606781006
-6.398667812347412
-6.434665203094482
-6.445817470550537
-6.48503303527832
-6.430391788482666
-6.467429161071777
-6.4596476554870605
-6.462234020233154
-6.44979190826416
-6.474759101867676
-6.5039448738098145
-6.498146057128906
-6.486408233642578
-6.5186591148376465
-6.500421524047852
-6.499101161956787
-6.534029006958008
-6.518533706665039
-6.5239996910095215
-6.54882287979126
-6.55614709854126
-6.534183025360107
-6.5611395835876465
-6.557321071624756
-6.569992542266846
-6.56344747543335
-6.583532333374023
-6.587323188781738
-6.617531776428223
-6.616735935211182
-6.659878253936768
-6.69887638092041
-6.708970069885254
-6.706573486328125
-6.732863903045654
-6.743717193603516
-6.777866840362549
-6.791797637939453
-6.853308200836182
-6.869565486907959
-6.899008274078369
-6.963679790496826
-6.990293502807617
-6.99774169921875
-7.110311985015869
-7.1876983642578125
-7.206822395324707
-7.240834712982178
-7.3270368576049805
-7.363386631011963
-7.464793682098389
-7.527243614196777
-7.662228584289551
-7.7038140296936035
-7.900547027587891
-7.934055328369141
-7.887498378753662
-8.01158618927002
-8.019904136657715
-8.159444808959961
-8.172625541687012
-8.207103729248047
-8.186461448669434
-8.104108810424805
-8.162277221679688
-8.128511428833008
-8.202006340026855
-8.21489429473877
-8.316125869750977
-8.343308448791504
-8.382770538330078
-8.429313659667969
-8.499460220336914
-8.45827865600586
-8.49484920501709
-8.478314399719238
-8.487824440002441
-8.623451232910156
-8.546758651733398
-8.665101051330566
-8.517854690551758
-8.71456527709961
-8.685982704162598
-8.616255760192871
-8.69460678100586
-8.714826583862305
-8.684375762939453
-8.772612571716309
-8.776448249816895
-8.794157028198242
-8.755346298217773
-8.81607437133789
-8.8367919921875
-8.877395629882812
-8.8807373046875
-8.902762413024902
-8.879634857177734
-9.004016876220703
-8.906609535217285
-8.94129467010498
-8.951262474060059
-8.958818435668945
-9.024168014526367
-9.070556640625
-9.069085121154785
-9.14753532409668
-9.08010196685791
-9.056107521057129
-9.182759284973145
-9.115012168884277
-9.075096130371094
-9.1852445602417
-9.176173210144043
-9.25788688659668
-9.210723876953125
-9.297235488891602
-9.20350170135498
-9.206313133239746
-9.162487983703613
-9.31960678100586
-9.209695816040039
-9.230711936950684
-9.219233512878418
-9.316017150878906
-9.316020011901855
-9.26904296875
-9.326955795288086
-9.210369110107422
-9.321534156799316
-9.25660514831543
-9.458017349243164
-9.312423706054688
-9.440889358520508
-9.447541236877441
-9.348357200622559
-9.42513656616211
-9.399216651916504
-9.458115577697754
-9.423585891723633
-9.453028678894043
-9.402091979980469
-9.446069717407227
-9.461111068725586
-9.46550178527832
-9.460149765014648
-9.45653247833252
-9.443975448608398
-9.499813079833984
-9.445497512817383
-9.431320190429688
-9.50841999053955
-9.5633544921875
-9.488497734069824
-9.558097839355469
-9.563468933105469
-9.644752502441406
-9.543021202087402
-9.599542617797852
-9.532184600830078
-9.59414291381836
-9.563226699829102
-9.587963104248047
-9.571406364440918
-9.505901336669922
-9.610126495361328
-9.523140907287598
-9.542539596557617
-9.685750961303711
-9.633543968200684
-9.532671928405762
-9.553526878356934
-9.626808166503906
-9.6001558303833
-9.707836151123047
-9.633769989013672
-9.736577987670898
-9.642175674438477
-9.657515525817871
-9.727931022644043
-9.69433307647705
-9.741415977478027
-9.688102722167969
-9.789246559143066
-9.691203117370605
-9.783140182495117
-9.746177673339844
-9.791994094848633
-9.722970008850098
-9.777395248413086
-9.69426441192627
-9.808174133300781
-9.73869514465332
-9.755392074584961
-9.694164276123047
-9.806795120239258
-9.748265266418457
-9.74848747253418
-9.71562671661377
-9.784173965454102
-9.757892608642578
-9.766497611999512
-9.835466384887695
-9.844977378845215
-9.850096702575684
-9.78320598602295
-9.814157485961914
-9.827225685119629
-9.86863899230957
-9.773465156555176
-9.890069007873535
-9.84609317779541
-9.843387603759766
-9.880221366882324
-9.91035270690918
-9.786689758300781
-9.889070510864258
-9.84915542602539
-9.864301681518555
-9.919432640075684
-9.857205390930176
-9.896925926208496
-9.84306526184082
-9.941727638244629
-9.939976692199707
-9.927347183227539
-9.972847938537598
-9.985366821289062
-9.943809509277344
-9.968809127807617
-9.911504745483398
-9.887825965881348
-9.920942306518555
-9.898585319519043
-9.943512916564941
-9.930913925170898
-9.930312156677246
-9.984781265258789
-10.051044464111328
-9.980133056640625
-9.975042343139648
-9.962276458740234
-9.98669719696045
-9.940251350402832
-10.03402042388916
-9.9617919921875
-10.023974418640137
-9.922839164733887
-9.972657203674316
-10.002628326416016
-10.044323921203613
-9.975854873657227
-9.97595500946045
-9.977641105651855
-10.00869083404541
-9.972661972045898
-10.074886322021484
-9.987838745117188
-9.934555053710938
-10.068961143493652
-10.048007011413574
-10.029463768005371
-10.047861099243164
-10.104076385498047
-10.042404174804688
-9.998577117919922
-10.068012237548828
-10.069119453430176
-9.9888334274292
-10.05370807647705
-10.053638458251953
-10.038814544677734
-10.012993812561035
-10.116865158081055
-10.00493335723877
-10.06581974029541
-10.08437442779541
-10.076035499572754
-10.093708992004395
-10.09119987487793
-10.092717170715332
-10.09980583190918
-10.092453956604004
-10.063762664794922
-10.06889533996582
-10.156474113464355
-10.114806175231934
-10.115044593811035
-10.158987045288086
-10.14964771270752
-10.086492538452148
-10.141778945922852
-10.082304954528809
-10.107879638671875
-10.172431945800781
-10.146035194396973
-10.133637428283691
-10.124458312988281
-10.191507339477539
-10.156693458557129
-10.167549133300781
-10.138427734375
-10.140874862670898
-10.178165435791016
-10.183950424194336
-10.203720092773438
-10.177909851074219
-10.167901039123535
-10.177457809448242
-10.182092666625977
-10.20401382446289
-10.212004661560059
-10.167206764221191
-10.164403915405273
-10.205601692199707
-10.215044021606445
-10.249809265136719
-10.217074394226074
-10.222655296325684
-10.17944622039795
-10.225829124450684
-10.207402229309082
-10.232078552246094
-10.220087051391602
-10.280985832214355
-10.18561840057373
-10.142552375793457
-10.225863456726074
-10.26037883758545
-10.213469505310059
-10.200277328491211
-10.27394962310791
-10.215948104858398
-10.248064041137695
-10.306081771850586
-10.265822410583496
-10.320255279541016
-10.309050559997559
-10.231228828430176
-10.316570281982422
-10.28056526184082
-10.27048110961914
-10.254096031188965
-10.30997371673584
-10.317935943603516
-10.289785385131836
-10.308805465698242
-10.1809663772583
-10.335512161254883
-10.278419494628906
-10.295462608337402
-10.25161361694336
-10.347886085510254
-10.287822723388672
-10.241598129272461
-10.281435012817383
-10.346823692321777
-10.368104934692383
-10.386544227600098
-10.307112693786621
-10.339678764343262
-10.340068817138672
-10.34664249420166
-10.313641548156738
-10.340643882751465
-10.40799331665039
-10.340481758117676
-10.388875007629395
-10.432570457458496
-10.33834171295166
-10.302367210388184
-10.347167015075684
-10.34604263305664
-10.358743667602539
-10.290960311889648
-10.337888717651367
-10.3927583694458
-10.397958755493164
-10.40221881866455
-10.3877534866333
-10.388665199279785
-10.381226539611816
-10.393406867980957
-10.334762573242188
-10.407774925231934
-10.359992980957031
-10.384154319763184
-10.374757766723633
-10.388680458068848
-10.350622177124023
-10.35549259185791
-10.451298713684082
-10.426054954528809
-10.410065650939941
-10.412314414978027
-10.416102409362793
-10.420254707336426
-10.383284568786621
-10.450643539428711
-10.441241264343262
-10.47945499420166
-10.419182777404785
-10.410840034484863
-10.432469367980957
-10.41995906829834
-10.440542221069336
-10.459524154663086
-10.443872451782227
-10.484622955322266
-10.452796936035156
-10.458677291870117
-10.464377403259277
-10.455830574035645
-10.501266479492188
-10.47619915008545
-10.501177787780762
-10.550716400146484
-10.53515911102295
-10.505678176879883
-10.508805274963379
-10.527384757995605
-10.481375694274902
-10.470711708068848
-10.482404708862305
-10.467309951782227
-10.489636421203613
-10.47160530090332
-10.50594425201416
-10.504611015319824
-10.486495971679688
-10.514764785766602
-10.501708030700684
-10.536471366882324
-10.532672882080078
-10.525397300720215
-10.54286003112793
-10.510233879089355
-10.497465133666992
-10.546854972839355
-10.483187675476074
-10.469974517822266
-10.498994827270508
-10.550905227661133
-10.52811336517334
-10.511900901794434
-10.474387168884277
-10.483616828918457
-10.543196678161621
-10.55379581451416
-10.508587837219238
-10.49655818939209
-10.524751663208008
-10.574294090270996
-10.578827857971191
-10.572244644165039
-10.585561752319336
-10.56945514678955
-10.601272583007812
-10.548660278320312
-10.572854042053223
-10.560859680175781
-10.58415412902832
-10.568572998046875
-10.594170570373535
-10.598958015441895
-10.627918243408203
-10.577834129333496
-10.623480796813965
-10.575482368469238
-10.599358558654785
-10.588811874389648
-10.577359199523926
-10.550854682922363
-10.576112747192383
-10.603864669799805
-10.622297286987305
-10.642107009887695
-10.617005348205566
-10.597206115722656
-10.589012145996094
-10.635618209838867
-10.652387619018555
-10.650708198547363
-10.628021240234375
-10.623180389404297
-10.658954620361328
-10.634485244750977
-10.65205192565918
-10.654621124267578
-10.659515380859375
-10.655119895935059
-10.66029167175293
-10.648283004760742
-10.639754295349121
-10.667496681213379
-10.66958999633789
-10.644691467285156
-10.636188507080078
-10.672562599182129
-10.654102325439453
-10.66695499420166
-10.680471420288086
-10.688798904418945
-10.670560836791992
-10.646942138671875
-10.617547035217285
-10.648919105529785
-10.667524337768555
-10.68901252746582
-10.676716804504395
-10.667546272277832
-10.646700859069824
-10.683959007263184
-10.680961608886719
-10.701353073120117
-10.683039665222168
-10.681679725646973
-10.645103454589844
-10.65607738494873
-10.677675247192383
-10.71566390991211
-10.693944931030273
-10.669681549072266
-10.687783241271973
-10.674223899841309
-10.710685729980469
-10.682621955871582
-10.68243408203125
-10.665298461914062
-10.666197776794434
-10.710628509521484
-10.698027610778809
-10.719717979431152
-10.686294555664062
-10.681172370910645
-10.681120872497559
-10.711790084838867
-10.72108268737793
-10.710592269897461
-10.717516899108887
-10.687602996826172
-10.733448028564453
-10.742514610290527
-10.739864349365234
-10.703532218933105
-10.712240219116211
-10.713891983032227
-10.709598541259766
-10.728336334228516
-10.72458267211914
-10.736627578735352
-10.7286376953125
-10.763762474060059
-10.736618995666504
-10.753950119018555
-10.73201847076416
-10.75108528137207
-10.742877006530762
-10.749479293823242
-10.742178916931152
-10.755355834960938
-10.744071960449219
-10.736527442932129
-10.737835884094238
-10.729595184326172
-10.740750312805176
-10.750651359558105
-10.754305839538574
-10.749136924743652
-10.754456520080566
-10.74422836303711
-10.750752449035645
-10.739140510559082
-10.747028350830078
-10.735258102416992
-10.75811767578125
-10.747568130493164
-10.762703895568848
-10.750587463378906
-10.753912925720215
-10.74696159362793
-10.750171661376953
-10.745884895324707
-10.740843772888184
-10.754847526550293
-10.765246391296387
-10.757749557495117
-10.753534317016602
-10.756406784057617
-10.766515731811523
-10.785202980041504
-10.783614158630371
-10.773966789245605
-10.767679214477539
-10.758514404296875
-10.791159629821777
-10.776025772094727
-10.7467679977417
-10.795528411865234
-10.776007652282715
-10.774544715881348
-10.792211532592773
-10.779829978942871
-10.77851390838623
-10.771157264709473
-10.784598350524902
-10.80147647857666
-10.780652046203613
-10.787715911865234
-10.786223411560059
-10.777114868164062
-10.77130126953125
-10.75487995147705
-10.75517749786377
-10.729392051696777
-10.766283988952637
-10.765036582946777
-10.792318344116211
-10.79101276397705
-10.796470642089844
-10.772130966186523
-10.822725296020508
-10.799524307250977
-10.786369323730469
-10.800819396972656
-10.807648658752441
-10.779120445251465
-10.788086891174316
-10.779621124267578
-10.798267364501953
-10.805686950683594
-10.800992012023926
-10.815462112426758
-10.836271286010742
-10.806659698486328
-10.762762069702148
-10.75977897644043
-10.763171195983887
-10.798379898071289
-10.804014205932617
-10.824732780456543
-10.79615592956543
-10.785111427307129
-10.777912139892578
-10.774341583251953
-10.804364204406738
-10.81854248046875
-10.808638572692871
-10.802791595458984
-10.796721458435059
-10.789285659790039
-10.782220840454102
-10.821614265441895
-10.816366195678711
-10.827188491821289
-10.806570053100586
-10.774648666381836
-10.781744003295898
-10.80569076538086
-10.79668140411377
-10.812061309814453
-10.843278884887695
-10.812003135681152
-10.820822715759277
-10.805152893066406
-10.808012962341309
-10.822845458984375
-10.869792938232422
-10.802197456359863
-10.82312297821045
-10.802093505859375
-10.79190731048584
-10.837799072265625
-10.829438209533691
-10.839550971984863
-10.821027755737305
-10.852633476257324
-10.829337120056152
-10.83870792388916
-10.850192070007324
-10.8070068359375
-10.823795318603516
-10.810521125793457
-10.840605735778809
-10.8479642868042
-10.84654426574707
-10.840886116027832
-10.830713272094727
-10.825860977172852
-10.839299201965332
-10.830431938171387
-10.811053276062012
-10.825544357299805
-10.815877914428711
-10.829253196716309
-10.846919059753418
-10.853189468383789
-10.841059684753418
-10.836780548095703
-10.84529972076416
-10.832738876342773
-10.854982376098633
-10.851826667785645
-10.829955101013184
-10.83496379852295
-10.829339981079102
-10.796799659729004
-10.816340446472168
-10.83293342590332
-10.860116958618164
-10.852931022644043
-10.824531555175781
-10.830379486083984
-10.826430320739746
-10.850777626037598
-10.845135688781738
-10.871362686157227
-10.850846290588379
-10.866353034973145
-10.858538627624512
-10.850879669189453
-10.879307746887207
-10.86388874053955
-10.866888999938965
-10.872118949890137
-10.842544555664062
-10.860846519470215
-10.86648941040039
-10.868785858154297
-10.860880851745605
-10.854358673095703
-10.850434303283691
-10.871583938598633
-10.857263565063477
-10.85042667388916
-10.874166488647461
-10.851852416992188
-10.86759090423584
-10.850410461425781
-10.869564056396484
-10.874601364135742
-10.865514755249023
-10.885543823242188
-10.869077682495117
-10.880523681640625
-10.872905731201172
-10.87437629699707
-10.873414039611816
-10.846920013427734
-10.846344947814941
-10.84909725189209
-10.862200736999512
-10.874065399169922
-10.880088806152344
-10.861989974975586
-10.883391380310059
-10.860973358154297
-10.881010055541992
-10.85379695892334
-10.859257698059082
-10.836267471313477
-10.84367561340332
-10.860562324523926
-10.88278579711914
-10.858600616455078
-10.887537956237793
-10.85534954071045
-10.835968971252441
-10.849618911743164
-10.83958911895752
-10.874068260192871
-10.898714065551758
-10.895730972290039
-10.89205551147461
-10.878459930419922
-10.900988578796387
-10.883039474487305
-10.87874984741211
-10.867128372192383
-10.87020206451416
-10.851473808288574
-10.877629280090332
-10.896636962890625
-10.908330917358398
-10.895356178283691
-10.90035343170166
-10.893978118896484
-10.897599220275879
-10.854482650756836
-10.874225616455078
-10.885247230529785
-10.880615234375
-10.898783683776855
-10.903754234313965
-10.894655227661133
-10.899035453796387
-10.890507698059082
-10.906996726989746
-10.88449478149414
-10.87490463256836
-10.885211944580078
-10.887500762939453
-10.902151107788086
-10.91543197631836
-10.91350269317627
-10.921529769897461
-10.906014442443848
-10.909331321716309
-10.907286643981934
-10.913551330566406
-10.906087875366211
-10.905726432800293
-10.884593963623047
-10.84496784210205
-10.822688102722168
-10.835100173950195
-10.882643699645996
-10.91260814666748
-10.922030448913574
-10.879773139953613
-10.823870658874512
-10.810900688171387
-10.850327491760254
-10.912032127380371
-10.923569679260254
-10.922491073608398
-10.892524719238281
-10.886616706848145
-10.896463394165039
-10.920577049255371
-10.933211326599121
-10.935375213623047
-10.907401084899902
-10.913309097290039
-10.91422176361084
-10.909418106079102
-10.921431541442871
-10.91640853881836
-10.935648918151855
-10.932421684265137
-10.92092514038086
-10.916544914245605
-10.934172630310059
-10.910405158996582
-10.93775463104248
-10.953554153442383
-10.94095516204834
-10.932469367980957
-10.941097259521484
-10.905072212219238
-10.909914016723633
-10.912869453430176
-10.910625457763672
-10.928703308105469
-10.94272518157959
-10.949396133422852
-10.934099197387695
-10.914162635803223
-10.901086807250977
-10.906368255615234
-10.928213119506836
-10.927220344543457
-10.959209442138672
-10.934676170349121
-10.927969932556152
-10.910055160522461
-10.866964340209961
-10.912513732910156
-10.937952041625977
-10.924332618713379
-10.901226997375488
-10.896929740905762
-10.922290802001953
-10.951794624328613
-10.968055725097656
-10.90604019165039
-10.881821632385254
-10.892294883728027
-10.937744140625
-10.958948135375977
-10.935053825378418
-10.946405410766602
-10.960286140441895
-10.943561553955078
-10.96564769744873
-10.930545806884766
-10.9349365234375
-10.932060241699219
-10.95107650756836
-10.969921112060547
-10.965744018554688
-10.945280075073242
-10.969648361206055
-10.957759857177734
-10.963497161865234
-10.953263282775879
-10.942399978637695
-10.965447425842285
-10.961138725280762
-10.96109390258789
-10.964397430419922
-10.955536842346191
-10.954727172851562
-10.973748207092285
-10.966466903686523
-10.948860168457031
-10.971242904663086
-10.980104446411133
-10.964461326599121
-10.965604782104492
-10.962949752807617
-10.97773265838623
-10.966838836669922
-10.977168083190918
-10.949006080627441
-10.962048530578613
-10.972372055053711
-10.98579216003418
-10.977621078491211
-10.97233772277832
-10.98678970336914
-10.960637092590332
-10.9644193649292
-10.980616569519043
-10.986367225646973
-10.96987247467041
-10.953795433044434
-10.966599464416504
-10.948872566223145
-10.965459823608398
-10.953682899475098
-10.97468090057373
-10.949170112609863
-10.965118408203125
-10.96337890625
-10.986620903015137
-10.979132652282715
-10.950899124145508
-10.950084686279297
-10.931065559387207
-10.95341682434082
-10.973252296447754
-10.981112480163574
-10.984063148498535
-10.973073959350586
-10.974190711975098
-10.962885856628418
-10.969861030578613
-10.982369422912598
-10.998379707336426
-10.990432739257812
-10.987085342407227
-10.97571849822998
-10.982244491577148
-10.988245964050293
-10.997647285461426
-10.985309600830078
-10.983922958374023
-10.985091209411621
-10.971521377563477
-10.961468696594238
-10.977731704711914
-10.961017608642578
-10.970738410949707
-10.947834968566895
-10.968364715576172
-10.959940910339355
-10.989449501037598
-10.998098373413086
-10.992846488952637
-10.976359367370605
-10.977648735046387
-10.975212097167969
-10.973146438598633
-10.972877502441406
-10.976431846618652
-10.995485305786133
-10.9943265914917
-10.998161315917969
-10.976194381713867
-10.971847534179688
-10.988317489624023
-10.982999801635742
-10.983463287353516
-10.987523078918457
-11.00581169128418
-11.008658409118652
-10.991312026977539
-10.989194869995117
-11.010086059570312
-11.0154447555542
-11.005805015563965
-11.012629508972168
-10.997871398925781
-10.995542526245117
-10.999458312988281
-10.997218132019043
-11.01112174987793
-10.998034477233887
-11.001150131225586
-10.984353065490723
-10.976593971252441
-10.942987442016602
-10.937299728393555
-10.936873435974121
-10.981209754943848
-11.002313613891602
-11.021950721740723
-11.010981559753418
-11.00243854522705
-10.975046157836914
-10.96364974975586
-10.993106842041016
-11.001104354858398
-11.019231796264648
-10.990503311157227
-10.981818199157715
-10.929306983947754
-10.980081558227539
-11.00886058807373
-11.000317573547363
-11.001819610595703
-10.99858283996582
-10.988672256469727
-11.003816604614258
-10.996578216552734
-11.03014850616455
-11.025617599487305
-11.007611274719238
-10.994742393493652
-11.000687599182129
-10.99782657623291
-10.995363235473633
-11.000336647033691
-11.001367568969727
-11.01205825805664
-11.024045944213867
-10.954113960266113
-10.916738510131836
-10.962257385253906
-10.99109172821045
-11.021197319030762
-10.95241928100586
-10.97072982788086
-10.98808765411377
-11.007352828979492
-10.994792938232422
-10.94667911529541
-10.9827299118042
-11.018354415893555
-11.023638725280762
-11.007981300354004
-11.0127534866333
-11.002867698669434
-11.03157901763916
-11.02238941192627
-10.993086814880371
-10.979997634887695
-10.99785327911377
-11.012991905212402
-11.028188705444336
-11.010383605957031
-11.006336212158203
-11.0066556930542
-11.011435508728027
-11.023855209350586
-11.032123565673828
-11.022796630859375
-11.006328582763672
-10.986540794372559
-11.023219108581543
-11.017852783203125
-11.030132293701172
-11.019229888916016
-11.034972190856934
-11.003533363342285
-10.99355697631836
-11.006073951721191
-11.014008522033691
-11.037431716918945
-11.02819538116455
-11.030023574829102
-11.021871566772461
-11.028459548950195
-11.035013198852539
-11.045223236083984
-11.032954216003418
-11.019482612609863
-11.013626098632812
-11.024032592773438
-11.025128364562988
-11.039389610290527
-11.036356925964355
-11.042040824890137
-11.045522689819336
-11.044795989990234
-11.043174743652344
-11.038681983947754
-11.039639472961426
-11.045541763305664
-11.024051666259766
-11.023493766784668
-11.023500442504883
-11.034592628479004
-11.029199600219727
-11.047974586486816
-11.050806999206543
-11.039312362670898
-11.042618751525879
-11.053620338439941
-11.021162033081055
-11.040966033935547
-11.027101516723633
-11.035701751708984
-11.033794403076172
-11.042649269104004
-11.046905517578125
-11.05811882019043
-11.049866676330566
-11.04499626159668
-11.041790962219238
-11.030606269836426
-11.018972396850586
-11.030315399169922
-11.02627944946289
-11.032829284667969
-11.044353485107422
-11.039162635803223
-11.043057441711426
-11.032898902893066
-11.014715194702148
-11.02543830871582
-11.01527214050293
-11.027694702148438
-11.033353805541992
-11.038289070129395
-11.04150676727295
-11.055314064025879
-11.064106941223145
-11.0475435256958
-11.059645652770996
-11.063496589660645
-11.070738792419434
-11.044079780578613
-11.038768768310547
-11.03935432434082
-11.04545783996582
-11.07453441619873
-11.040127754211426
-11.043098449707031
-11.031086921691895
-11.041677474975586
-11.04387092590332
-11.05846881866455
-11.038233757019043
-11.060029029846191
-11.035768508911133
-11.034128189086914
-11.031768798828125
-11.004627227783203
-11.016439437866211
-11.038729667663574
-11.032942771911621
-11.047274589538574
-11.064790725708008
-11.063206672668457
-11.067846298217773
-11.058155059814453
-11.077204704284668
-11.068678855895996
-11.057117462158203
-11.061779022216797
-11.067151069641113
-11.073782920837402
-11.068033218383789
-11.058367729187012
-11.064303398132324
-11.042999267578125
-11.035687446594238
-11.033674240112305
-11.01386547088623
-11.0230131149292
-11.022618293762207
-11.046924591064453
-11.064528465270996
-11.064229965209961
-11.06147575378418
-11.079145431518555
-11.058708190917969
-11.050235748291016
-11.052873611450195
-11.0487642288208
-11.028956413269043
-11.03603744506836
-11.03536319732666
-11.054088592529297
-11.06484603881836
-11.08127498626709
-11.057456970214844
-11.059508323669434
-11.043268203735352
-11.04131031036377
-11.039939880371094
-11.07121467590332
-11.073016166687012
-11.05080509185791
-11.024958610534668
-11.037389755249023
-11.059615135192871
-11.06464672088623
-11.08703327178955
-11.077681541442871
-11.066991806030273
-11.064504623413086
-11.058065414428711
-11.076093673706055
-11.067505836486816
-11.074392318725586
-11.06601619720459
-11.07176399230957
-11.069927215576172
-11.072369575500488
-11.068429946899414
-11.063627243041992
-11.075814247131348
-11.063202857971191
-11.083135604858398
-11.05303955078125
-11.06371021270752
-11.069889068603516
-11.075218200683594
-11.078817367553711
-11.06870174407959
-11.073542594909668
-11.084683418273926
-11.08735466003418
-11.085410118103027
-11.063187599182129
-11.052390098571777
-11.067191123962402
-11.067374229431152
-11.065978050231934
-11.073513984680176
-11.061107635498047
-11.08474349975586
-11.0992431640625
-11.083162307739258
-11.090136528015137
-11.074699401855469
-11.095376014709473
-11.072382926940918
-11.080462455749512
-11.086811065673828
-11.087664604187012
-11.0897798538208
-11.085771560668945
-11.08558177947998
-11.099203109741211
-11.100617408752441
-11.10476303100586
-11.091506958007812
-11.086146354675293
-11.095015525817871
-11.081916809082031
-11.090356826782227
-11.078587532043457
-11.066197395324707
-11.048175811767578
-11.029595375061035
-11.057356834411621
-11.045206069946289
-11.054993629455566
-11.075532913208008
-11.091317176818848
-11.09585189819336
-11.073616981506348
-11.038933753967285
-11.005287170410156
-11.018474578857422
-11.061241149902344
-11.085383415222168
-11.08833122253418
-11.053924560546875
-11.036348342895508
-11.03934097290039
-11.082341194152832
-11.086246490478516
-11.071032524108887
-11.042478561401367
-11.04076099395752
-11.06466007232666
-11.09182071685791
-11.107977867126465
-11.080658912658691
-11.077658653259277
-11.070231437683105
-11.094669342041016
-11.107527732849121
-11.092073440551758
-11.077173233032227
-11.079132080078125
-11.0684175491333
-11.09636116027832
-11.097325325012207
-11.09168815612793
-11.091838836669922
-11.09340763092041
-11.100720405578613
-11.090261459350586
-11.089349746704102
-11.113044738769531
-11.100350379943848
-11.097810745239258
-11.091475486755371
-11.088619232177734
-11.106521606445312
-11.100642204284668
-11.081991195678711
-11.099480628967285
-11.10148811340332
-11.10694694519043
-11.104621887207031
-11.10518741607666
-11.097204208374023
-11.08955192565918
-11.097835540771484
-11.100991249084473
-11.096322059631348
-11.090506553649902
-11.097208023071289
-11.078330993652344
-11.080156326293945
-11.074082374572754
-11.097256660461426
-11.110095024108887
-11.104572296142578
-11.105755805969238
-11.094751358032227
-11.088907241821289
-11.084632873535156
-11.088146209716797
-11.091405868530273
-11.103431701660156
-11.107742309570312
-11.112218856811523
-11.112137794494629
-11.111773490905762
-11.107649803161621
-11.098597526550293
-11.108918190002441
-11.104667663574219
-11.098095893859863
-11.096808433532715
-11.085183143615723
-11.075639724731445
-11.084391593933105
-11.07418155670166
-11.076506614685059
-11.092316627502441
-11.098135948181152
-11.109393119812012
-11.100656509399414
-11.109716415405273
-11.103578567504883
-11.094696998596191
-11.101218223571777
-11.098542213439941
-11.09815788269043
-11.105230331420898
-11.11424732208252
-11.120420455932617
-11.118127822875977
-11.10596752166748
-11.110624313354492
-11.091235160827637
-11.098036766052246
-11.091304779052734
-11.10067367553711
-11.08449649810791
-11.115583419799805
-11.11020278930664
-11.114201545715332
-11.12285327911377
-11.113828659057617
-11.124316215515137
-11.117289543151855
-11.125221252441406
-11.121697425842285
-11.121912956237793
-11.104146003723145
-11.112470626831055
-11.111652374267578
-11.118820190429688
-11.102761268615723
-11.103358268737793
-11.098199844360352
-11.098748207092285
-11.100541114807129
-11.089046478271484
-11.108236312866211
-11.09519100189209
-11.104991912841797
-11.125032424926758
-11.117276191711426
-11.111435890197754
-11.0973539352417
-11.088679313659668
-11.081742286682129
-11.079097747802734
-11.106952667236328
-11.122089385986328
-11.133357048034668
-11.11684513092041
-11.109403610229492
-11.10431957244873
-11.093871116638184
-11.097173690795898
-11.096960067749023
-11.090989112854004
-11.087299346923828
-11.10692310333252
-11.107818603515625
-11.111318588256836
-11.126582145690918
-11.1166353225708
-11.113697052001953
-11.113519668579102
-11.111869812011719
-11.114554405212402
-11.125420570373535
-11.12131404876709
-11.123697280883789
-11.133363723754883
-11.127589225769043
-11.126869201660156
-11.123967170715332
-11.137889862060547
-11.129863739013672
-11.137822151184082
-11.126752853393555
-11.127137184143066
-11.125892639160156
-11.128304481506348
-11.114245414733887
-11.132128715515137
-11.135186195373535
-11.110695838928223
-11.12504768371582
-11.121947288513184
-11.103673934936523
-11.0846529006958
-11.06442928314209
-11.066296577453613
-11.080557823181152
-11.1003999710083
-11.113661766052246
-11.125749588012695
-11.142019271850586
-11.136052131652832
-11.1446533203125
-11.132121086120605
-11.134927749633789
-11.137661933898926
-11.13550853729248
-11.146672248840332
-11.130233764648438
-11.130635261535645
-11.116753578186035
-11.121015548706055
-11.108846664428711
-11.107006072998047
-11.078473091125488
-11.097509384155273
-11.119510650634766
-11.142788887023926
-11.137959480285645
-11.120956420898438
-11.077118873596191
-11.050402641296387
-11.083024024963379
-11.11722183227539
-11.14409351348877
-11.13786506652832
-11.097996711730957
-11.057205200195312
-11.070420265197754
-11.109332084655762
-11.12712287902832
-11.143383026123047
-11.105847358703613
-11.043964385986328
-11.04124641418457
-11.105412483215332
-11.138002395629883
-11.112929344177246
-11.07564640045166
-11.029712677001953
-11.07131576538086
-11.125039100646973
-11.141831398010254
-11.115290641784668
-11.083154678344727
-11.067651748657227
-11.09185791015625
-11.139801979064941
-11.14229965209961
-11.115065574645996
-11.10198974609375
-11.118925094604492
-11.136016845703125
-11.14260196685791
-11.134698867797852
-11.132010459899902
-11.129524230957031
-11.137636184692383
-11.146369934082031
-11.136758804321289
-11.150808334350586
-11.147216796875
-11.142102241516113
-11.15002155303955
-11.139582633972168
-11.148900985717773
-11.138198852539062
-11.135038375854492
-11.12067985534668
-11.14095401763916
-11.148059844970703
-11.15396785736084
-11.126405715942383
-11.117532730102539
-11.115291595458984
-11.127341270446777
-11.137231826782227
-11.15532398223877
-11.143036842346191
-11.140934944152832
-11.138325691223145
-11.128771781921387
-11.12905502319336
-11.13956356048584
-11.143959045410156
-11.165082931518555
-11.154732704162598
-11.150320053100586
-11.143321990966797
-11.151713371276855
-11.14983081817627
-11.138335227966309
-11.15683650970459
-11.154784202575684
-11.151741027832031
-11.153243064880371
-11.153128623962402
-11.162188529968262
-11.150237083435059
-11.157906532287598
-11.156548500061035
-11.156085014343262
-11.155491828918457
-11.155338287353516
-11.149211883544922
-11.161581993103027
-11.157340049743652
-11.16441535949707
-11.162861824035645
-11.160170555114746
-11.15775203704834
-11.159375190734863
-11.154486656188965
-11.152987480163574
-11.154597282409668
-11.16415023803711
-11.155508995056152
-11.154510498046875
-11.154258728027344
-11.165072441101074
-11.145923614501953
-11.156843185424805
-11.15074348449707
-11.15214729309082
-11.158807754516602
-11.166099548339844
-11.157296180725098
-11.164231300354004
-11.163090705871582
-11.162213325500488
-11.146056175231934
-11.140456199645996
-11.133193016052246
-11.128826141357422
-11.120094299316406
-11.116469383239746
-11.138934135437012
-11.149371147155762
-11.161050796508789
-11.162086486816406
-11.153564453125
-11.161638259887695
-11.15878963470459
-11.164508819580078
-11.160844802856445
-11.159029960632324
-11.151200294494629
-11.15630054473877
-11.144922256469727
-11.155349731445312
-11.165756225585938
-11.153718948364258
-11.157515525817871
-11.151013374328613
-11.161462783813477
-11.158044815063477
-11.165971755981445
-11.16698169708252
-11.176431655883789
-11.163135528564453
-11.15977954864502
-11.163324356079102
-11.160426139831543
-11.151576042175293
-11.149200439453125
-11.156182289123535
-11.149660110473633
-11.15687370300293
-11.15961742401123
-11.16064453125
-11.159754753112793
-11.160378456115723
-11.173314094543457
-11.17037296295166
-11.16825008392334
-11.165877342224121
-11.174914360046387
-11.173591613769531
-11.163095474243164
-11.161110877990723
-11.17049789428711
-11.183366775512695
-11.164750099182129
-11.168713569641113
-11.17736530303955
-11.161232948303223
-11.159767150878906
-11.164124488830566
-11.14657211303711
-11.12568187713623
-11.115617752075195
-11.117966651916504
-11.134857177734375
-11.149711608886719
-11.158425331115723
-11.172067642211914
-11.169456481933594
-11.171310424804688
-11.152609825134277
-11.12182331085205
-11.09708309173584
-11.113611221313477
-11.138227462768555
-11.159103393554688
-11.175408363342285
-11.178302764892578
-11.161261558532715
-11.143083572387695
-11.11216926574707
-11.110462188720703
-11.135982513427734
-11.159590721130371
-11.179567337036133
-11.173702239990234
-11.17386245727539
-11.17880916595459
-11.173336029052734
-11.170990943908691
-11.152490615844727
-11.123185157775879
-11.136472702026367
-11.159466743469238
-11.168580055236816
-11.174057006835938
-11.17836856842041
-11.179722785949707
-11.173913955688477
-11.165928840637207
-11.147821426391602
-11.16122817993164
-11.16920280456543
-11.16356086730957
-11.174675941467285
-11.179449081420898
-11.180173873901367
-11.174837112426758
-11.157625198364258
-11.147424697875977
-11.157757759094238
-11.161271095275879
-11.179726600646973
-11.183073997497559
-11.180827140808105
-11.177305221557617
-11.162725448608398
-11.170117378234863
-11.167142868041992
-11.16734504699707
-11.17893123626709
-11.178303718566895
-11.18122673034668
-11.1875638961792
-11.175790786743164
-11.161767959594727
-11.156867980957031
-11.155669212341309
-11.158655166625977
-11.179224967956543
-11.174660682678223
-11.180020332336426
-11.179792404174805
-11.179644584655762
-11.17704963684082
-11.181262969970703
-11.17006778717041
-11.174427032470703
-11.176828384399414
-11.183388710021973
-11.166281700134277
-11.148497581481934
-11.145424842834473
-11.136676788330078
-11.144490242004395
-11.165353775024414
-11.18674087524414
-11.18075942993164
-11.189664840698242
-11.171862602233887
-11.162287712097168
-11.138529777526855
-11.136700630187988
-11.145551681518555
-11.171589851379395
-11.175822257995605
-11.188821792602539
-11.180693626403809
-11.185917854309082
-11.191835403442383
-11.19294261932373
-11.180901527404785
-11.182157516479492
-11.177714347839355
-11.175952911376953
-11.182589530944824
-11.173168182373047
-11.193360328674316
-11.183073997497559
-11.186079978942871
-11.185219764709473
-11.181487083435059
-11.171614646911621
-11.164628028869629
-11.160825729370117
-11.164515495300293
-11.188423156738281
-11.20177173614502
-11.191656112670898
-11.185222625732422
-11.171353340148926
-11.161535263061523
-11.162945747375488
-11.174643516540527
-11.19705867767334
-11.196100234985352
-11.181475639343262
-11.164677619934082
-11.152636528015137
-11.159577369689941
-11.16077995300293
-11.180819511413574
-11.190524101257324
-11.180380821228027
-11.141396522521973
-11.118659973144531
-11.146493911743164
-11.177641868591309
-11.196370124816895
-11.175966262817383
-11.143349647521973
-11.118546485900879
-11.152172088623047
-11.188920021057129
-11.196621894836426
-11.176926612854004
-11.176214218139648
-11.142569541931152
-11.159975051879883
-11.17959213256836
-11.196285247802734
-11.200738906860352
-11.195555686950684
-11.18722915649414
-11.156678199768066
-11.165315628051758
-11.172416687011719
-11.183716773986816
-11.181982040405273
-11.176158905029297
-11.15379810333252
-11.167901039123535
-11.185632705688477
-11.198917388916016
-11.186600685119629
-11.160195350646973
-11.155119895935059
-11.173774719238281
-11.19542121887207
-11.195566177368164
-11.19313907623291
-11.188122749328613
-11.183357238769531
-11.181411743164062
-11.17944622039795
-11.192436218261719
-11.189229965209961
-11.199026107788086
-11.205327033996582
-11.193967819213867
-11.19334888458252
-11.196722984313965
-11.201641082763672
-11.20026683807373
-11.195425987243652
-11.205113410949707
-11.203267097473145
-11.200833320617676
-11.19602108001709
-11.197874069213867
-11.205020904541016
-11.204789161682129
-11.184446334838867
-11.196859359741211
-11.194055557250977
-11.200843811035156
-11.199261665344238
-11.195131301879883
-11.19243049621582
-11.196382522583008
-11.189800262451172
-11.196990966796875
-11.203617095947266
-11.20645523071289
-11.199237823486328
-11.199180603027344
-11.20466136932373
-11.20014762878418
-11.2030668258667
-11.199211120605469
-11.2003173828125
-11.208616256713867
-11.20217227935791
-11.19894790649414
-11.201869010925293
-11.192182540893555
-11.197270393371582
-11.194010734558105
-11.20671558380127
-11.201094627380371
-11.21134090423584
-11.205049514770508
-11.212727546691895
-11.198997497558594
-11.201519012451172
-11.201494216918945
-11.206700325012207
-11.206217765808105
-11.200589179992676
-11.194833755493164
-11.199889183044434
-11.202221870422363
-11.204827308654785
-11.205890655517578
-11.207077980041504
-11.195860862731934
-11.205909729003906
-11.21220588684082
-11.204764366149902
-11.210284233093262
-11.207463264465332
-11.207497596740723
-11.200337409973145
-11.199323654174805
-11.196495056152344
-11.200824737548828
-11.195415496826172
-11.200604438781738
-11.20363998413086
-11.202536582946777
-11.20386791229248
-11.203276634216309
-11.208924293518066
-11.2028169631958
-11.207901954650879
-11.200187683105469
-11.197381973266602
-11.189127922058105
-11.179739952087402
-11.177681922912598
-11.1782865524292
-11.173211097717285
-11.188874244689941
-11.191995620727539
-11.199234008789062
-11.203373908996582
-11.205842971801758
-11.181354522705078
-11.1768217086792
-11.17466926574707
-11.172720909118652
-11.17317008972168
-11.171595573425293
-11.181693077087402
-11.187628746032715
-11.206103324890137
-11.213033676147461
-11.202997207641602
-11.198379516601562
-11.176897048950195
-11.169398307800293
-11.163532257080078
-11.192767143249512
-11.208117485046387
-11.203941345214844
-11.176318168640137
-11.138772964477539
-11.13323974609375
-11.166897773742676
-11.205084800720215
-11.20584774017334
-11.197202682495117
-11.177385330200195
-11.157066345214844
-11.167558670043945
-11.202350616455078
-11.206628799438477
-11.207043647766113
-11.197810173034668
-11.178382873535156
-11.168645858764648
-11.187414169311523
-11.207194328308105
-11.213409423828125
-11.202835083007812
-11.194851875305176
-11.181268692016602
-11.182973861694336
-11.188368797302246
-11.201750755310059
-11.203997611999512
-11.200063705444336
-11.201143264770508
-11.210646629333496
-11.193614959716797
-11.207114219665527
-11.196798324584961
-11.210431098937988
-11.21359920501709
-11.208778381347656
-11.202445983886719
-11.197277069091797
-11.195491790771484
-11.199995040893555
-11.206990242004395
-11.212485313415527
-11.215907096862793
-11.217596054077148
-11.207650184631348
-11.20141887664795
-11.211379051208496
-11.220128059387207
-11.211140632629395
-11.213568687438965
-11.215437889099121
-11.215215682983398
-11.212271690368652
-11.21794319152832
-11.210365295410156
-11.213726997375488
-11.215291023254395
-11.219629287719727
-11.22211742401123
-11.217824935913086
-11.2169189453125
-11.21820068359375
-11.209407806396484
-11.213674545288086
-11.210235595703125
-11.21425724029541
-11.208374977111816
-11.221071243286133
-11.215258598327637
-11.216286659240723
-11.214526176452637
-11.209806442260742
-11.215582847595215
-11.216854095458984
-11.214353561401367
-11.214157104492188
-11.2174072265625
-11.216934204101562
-11.217782974243164
-11.218612670898438
-11.205755233764648
-11.212592124938965
-11.205818176269531
-11.209360122680664
-11.208970069885254
-11.221179962158203
-11.216556549072266
-11.21493911743164
-11.205551147460938
-11.212265968322754
-11.2078857421875
-11.21142578125
-11.208160400390625
-11.223892211914062
-11.218852996826172
-11.216830253601074
-11.209153175354004
-11.210272789001465
-11.215503692626953
-11.216785430908203
-11.222406387329102
-11.214600563049316
-11.210432052612305
-11.213977813720703
-11.216301918029785
-11.215256690979004
-11.209171295166016
-11.202584266662598
-11.208104133605957
-11.203771591186523
-11.200089454650879
-11.202523231506348
-11.211905479431152
-11.215923309326172
-11.222723960876465
-11.216217041015625
-11.224579811096191
-11.215169906616211
-11.223593711853027
-11.221719741821289
-11.225372314453125
-11.219250679016113
-11.222599029541016
-11.220541000366211
-11.218915939331055
-11.210126876831055
-11.202442169189453
-11.2028226852417
-11.201549530029297
-11.206733703613281
-11.209489822387695
-11.217005729675293
-11.211588859558105
-11.216867446899414
-11.207756042480469
-11.2040376663208
-11.203312873840332
-11.211898803710938
-11.208076477050781
-11.208057403564453
-11.207152366638184
-11.21060562133789
-11.21590805053711
-11.214518547058105
-11.215527534484863
-11.21390151977539
-11.224990844726562
-11.219146728515625
-11.20069408416748
-11.183625221252441
-11.17604923248291
-11.178582191467285
-11.180266380310059
-11.182254791259766
-11.191587448120117
-11.206905364990234
-11.222208023071289
-11.219635963439941
-11.21311092376709
-11.205988883972168
-11.205116271972656
-11.197081565856934
-11.198752403259277
-11.195694923400879
-11.190055847167969
-11.169795989990234
-11.18770980834961
-11.218789100646973
-11.221755027770996
-11.196731567382812
-11.17758846282959
-11.184240341186523
-11.20812702178955
-11.210695266723633
-11.224564552307129
-11.229548454284668
-11.219230651855469
-11.20506763458252
-11.1853666305542
-11.162192344665527
-11.163190841674805
-11.208235740661621
-11.22230052947998
-11.218714714050293
-11.202174186706543
-11.184192657470703
-11.200586318969727
-11.21688175201416
-11.23167610168457
-11.222701072692871
-11.214264869689941
-11.196924209594727
-11.212698936462402
-11.214957237243652
-11.220865249633789
-11.229390144348145
-11.227025985717773
-11.22287368774414
-11.221822738647461
-11.230903625488281
-11.228704452514648
-11.229272842407227
-11.226584434509277
-11.225067138671875
-11.23012924194336
-11.228058815002441
-11.233537673950195
-11.230388641357422
-11.224689483642578
-11.229000091552734
-11.221917152404785
-11.22474193572998
-11.219440460205078
-11.218435287475586
-11.225611686706543
-11.224377632141113
-11.220000267028809
-11.223165512084961
-11.222597122192383
-11.224601745605469
-11.221211433410645
-11.234314918518066
-11.225143432617188
-11.218852043151855
-11.220563888549805
-11.218708038330078
-11.223784446716309
-11.224249839782715
-11.226678848266602
-11.23126220703125
-11.229129791259766
-11.227884292602539
-11.23477554321289
-11.226308822631836
-11.225908279418945
-11.232879638671875
-11.233956336975098
-11.228265762329102
-11.229269027709961
-11.23210620880127
-11.222241401672363
-11.21731948852539
-11.219621658325195
-11.224004745483398
-11.22587776184082
-11.227951049804688
-11.22901725769043
-11.231180191040039
-11.227239608764648
-11.22933578491211
-11.228818893432617
-11.224822998046875
-11.233771324157715
-11.224780082702637
-11.229814529418945
-11.229035377502441
-11.226840019226074
-11.23108196258545
-11.23521900177002
-11.240042686462402
-11.221508979797363
-11.232401847839355
-11.226696014404297
-11.223577499389648
-11.232738494873047
-11.236947059631348
-11.232154846191406
-11.234918594360352
-11.235895156860352
-11.234119415283203
-11.228684425354004
-11.235187530517578
-11.22778606414795
-11.225326538085938
-11.221214294433594
-11.212332725524902
-11.203912734985352
-11.207386016845703
-11.204605102539062
-11.213380813598633
-11.218947410583496
-11.224081039428711
-11.230303764343262
-11.223687171936035
-11.200807571411133
-11.192304611206055
-11.190156936645508
-11.197710990905762
-11.210389137268066
-11.217137336730957
-11.219341278076172
-11.21993350982666
-11.213859558105469
-11.224207878112793
-11.220807075500488
-11.21756362915039
-11.222344398498535
-11.22478199005127
-11.229266166687012
-11.231194496154785
-11.231515884399414
-11.234444618225098
-11.237658500671387
-11.229331970214844
-11.216914176940918
-11.212484359741211
-11.205266952514648
-11.201732635498047
-11.197633743286133
-11.208799362182617
-11.222326278686523
-11.233467102050781
-11.231895446777344
-11.233768463134766
-11.220200538635254
-11.206207275390625
-11.195456504821777
-11.197931289672852
-11.212135314941406
-11.21823787689209
-11.227943420410156
-11.225401878356934
-11.226365089416504
-11.230955123901367
-11.240129470825195
-11.232287406921387
-11.235810279846191
-11.238415718078613
-11.232369422912598
-11.226663589477539
-11.222549438476562
-11.225469589233398
-11.221752166748047
-11.22733211517334
-11.225167274475098
-11.222311973571777
-11.227254867553711
-11.224967956542969
-11.222098350524902
-11.229195594787598
-11.236140251159668
-11.23940658569336
-11.231809616088867
-11.238811492919922
-11.228096008300781
-11.220643997192383
-11.216449737548828
-11.21589469909668
-11.228633880615234
-11.233335494995117
-11.233546257019043
-11.235776901245117
-11.232608795166016
-11.238649368286133
-11.228846549987793
-11.220963478088379
-11.22361946105957
-11.230659484863281
-11.23877239227295
-11.23713207244873
-11.223828315734863
-11.208535194396973
-11.174686431884766
-11.190411567687988
-11.214046478271484
-11.233865737915039
-11.228419303894043
-11.214208602905273
-11.19168758392334
-11.19408130645752
-11.217408180236816
-11.231412887573242
-11.233418464660645
-11.221938133239746
-11.194321632385254
-11.199864387512207
-11.215251922607422
-11.217473030090332
-11.222607612609863
-11.228879928588867
-11.23067569732666
-11.235037803649902
-11.237282752990723
-11.233185768127441
-11.220375061035156
-11.182390213012695
-11.173249244689941
-11.198295593261719
-11.221165657043457
-11.240866661071777
-11.243597984313965
-11.243133544921875
-11.22464370727539
-11.213967323303223
-11.199907302856445
-11.193349838256836
-11.21999454498291
-11.232719421386719
-11.240121841430664
-11.24167251586914
-11.243278503417969
-11.23470687866211
-11.244443893432617
-11.231867790222168
-11.241868019104004
-11.236745834350586
-11.239081382751465
-11.240117073059082
-11.241373062133789
-11.237643241882324
-11.23086929321289
-11.237300872802734
-11.23535442352295
-11.228858947753906
-11.232393264770508
-11.23616886138916
-11.231461524963379
-11.235528945922852
-11.232465744018555
-11.2399320602417
-11.243188858032227
-11.245218276977539
-11.238473892211914
-11.241222381591797
-11.239845275878906
-11.235574722290039
-11.2401704788208
-11.239395141601562
-11.241429328918457
-11.245481491088867
-11.24531078338623
-11.243412017822266
-11.240388870239258
-11.23898696899414
-11.238602638244629
-11.23669147491455
-11.232378959655762
-11.229669570922852
-11.22557258605957
-11.220541954040527
-11.217106819152832
-11.219696044921875
-11.223519325256348
-11.229970932006836
-11.234291076660156
-11.233190536499023
-11.232396125793457
-11.231783866882324
-11.227436065673828
-11.233111381530762
-11.224881172180176
-11.215774536132812
-11.204376220703125
-11.222622871398926
-11.23626708984375
-11.24139404296875
-11.238482475280762
-11.237166404724121
-11.224915504455566
-11.22159194946289
-11.222400665283203
-11.2261381149292
-11.234457969665527
-11.240935325622559
-11.240832328796387
-11.228031158447266
-11.221816062927246
-11.218104362487793
-11.220465660095215
-11.226560592651367
-11.240212440490723
-11.24342155456543
-11.234582901000977
-11.219949722290039
-11.226580619812012
-11.238868713378906
-11.243247032165527
-11.243256568908691
-11.240927696228027
-11.242982864379883
-11.238703727722168
-11.227729797363281
-11.202446937561035
-11.19610595703125
-11.20343017578125
-11.220876693725586
-11.240296363830566
-11.246068954467773
-11.237923622131348
-11.227731704711914
-11.226553916931152
-11.223233222961426
-11.232271194458008
-11.227516174316406
-11.238724708557129
-11.246102333068848
-11.242526054382324
-11.244128227233887
-11.240254402160645
-11.239636421203613
-11.240903854370117
-11.234505653381348
-11.223408699035645
-11.216241836547852
-11.22214126586914
-11.233864784240723
-11.245574951171875
-11.246844291687012
-11.240987777709961
-11.240790367126465
-11.235522270202637
-11.232868194580078
-11.237560272216797
-11.239766120910645
-11.240779876708984
-11.24489688873291
-11.252715110778809
-11.245492935180664
-11.245293617248535
-11.245232582092285
-11.243448257446289
-11.246654510498047
-11.242841720581055
-11.243941307067871
-11.245524406433105
-11.24046802520752
-11.244762420654297
-11.244261741638184
-11.24838638305664
-11.242823600769043
-11.237081527709961
-11.245576858520508
-11.24617862701416
-11.24433422088623
-11.246328353881836
-11.24119758605957
-11.243756294250488
-11.250391006469727
-11.242079734802246
-11.248461723327637
-11.241680145263672
-11.244729042053223
-11.247982025146484
-11.240979194641113
-11.252822875976562
-11.246169090270996
-11.244683265686035
-11.242704391479492
-11.241900444030762
-11.24051570892334
-11.238910675048828
-11.232034683227539
-11.241726875305176
-11.24323558807373
-11.252106666564941
-11.250388145446777
-11.243061065673828
-11.241750717163086
-11.230413436889648
-11.216116905212402
-11.210423469543457
-11.205269813537598
-11.211603164672852
-11.234633445739746
-11.24874496459961
-11.24615478515625
-11.244529724121094
-11.233223915100098
-11.214393615722656
-11.193050384521484
-11.198155403137207
-11.202938079833984
-11.205808639526367
-11.21199893951416
-11.230132102966309
-11.234615325927734
-11.241578102111816
-11.245006561279297
-11.248863220214844
-11.246718406677246
-11.247261047363281
-11.2400484085083
-11.201156616210938
-11.19276237487793
-11.196148872375488
-11.219429016113281
-11.23799991607666
-11.247435569763184
-11.245587348937988
-11.241854667663574
-11.228554725646973
-11.23838996887207
-11.243964195251465
-11.24766731262207
-11.247698783874512
-11.242175102233887
-11.23391342163086
-11.21644115447998
-11.201570510864258
-11.203808784484863
-11.21656608581543
-11.239706993103027
-11.250358581542969
-11.240995407104492
-11.2005033493042
-11.173736572265625
-11.193609237670898
-11.231800079345703
-11.25084114074707
-11.23868179321289
-11.213542938232422
-11.194036483764648
-11.220301628112793
-11.24386978149414
-11.24480152130127
-11.248744010925293
-11.24850082397461
-11.248185157775879
-11.248549461364746
-11.248827934265137
-11.253589630126953
-11.252766609191895
-11.247613906860352
-11.25150203704834
-11.247734069824219
-11.245827674865723
-11.24814510345459
-11.255484580993652
-11.252941131591797
-11.24776554107666
-11.2490816116333
-11.248883247375488
-11.251042366027832
-11.248861312866211
-11.251648902893066
-11.249198913574219
-11.251203536987305
-11.25145149230957
-11.252195358276367
-11.251968383789062
-11.252742767333984
-11.25407886505127
-11.24660587310791
-11.247718811035156
-11.244364738464355
-11.237776756286621
-11.244012832641602
-11.247610092163086
-11.249218940734863
-11.252140998840332
-11.252461433410645
-11.25262451171875
-11.238264083862305
-11.239093780517578
-11.231128692626953
-11.228801727294922
-11.236685752868652
-11.245330810546875
-11.246026039123535
-11.255959510803223
-11.253024101257324
-11.247599601745605
-11.245255470275879
-11.242124557495117
-11.247875213623047
-11.253167152404785
-11.256556510925293
-11.249281883239746
-11.25175952911377
-11.254049301147461
-11.247884750366211
-11.241904258728027
-11.238011360168457
-11.229528427124023
-11.228013038635254
-11.233046531677246
-11.241273880004883
-11.243399620056152
-11.24655818939209
-11.249999046325684
-11.249255180358887
-11.253531455993652
-11.248257637023926
-11.254969596862793
-11.248401641845703
-11.251968383789062
-11.252723693847656
-11.253338813781738
-11.256841659545898
-11.256558418273926
-11.252340316772461
-11.251928329467773
-11.246179580688477
-11.247281074523926
-11.253206253051758
-11.248493194580078
-11.252741813659668
-11.253609657287598
-11.25174617767334
-11.253568649291992
-11.25778865814209
-11.253840446472168
-11.2550687789917
-11.254039764404297
-11.255435943603516
-11.259369850158691
-11.258269309997559
-11.253850936889648
-11.254353523254395
-11.257572174072266
-11.259916305541992
-11.254253387451172
-11.257829666137695
-11.257966041564941
-11.255555152893066
-11.258241653442383
-11.255305290222168
-11.249367713928223
-11.249127388000488
-11.2526216506958
-11.24958610534668
-11.250945091247559
-11.250995635986328
-11.255684852600098
-11.257879257202148
-11.256205558776855
-11.256158828735352
-11.253381729125977
-11.261590003967285
-11.25755500793457
-11.254883766174316
-11.245713233947754
-11.238533973693848
-11.232117652893066
-11.228047370910645
-11.226916313171387
-11.22799301147461
-11.221965789794922
-11.20921516418457
-11.199345588684082
-11.209732055664062
-11.229039192199707
-11.243608474731445
-11.254066467285156
-11.249014854431152
-11.2195405960083
-11.192704200744629
-11.203537940979004
-11.227103233337402
-11.24003791809082
-11.251908302307129
-11.256658554077148
-11.255051612854004
-11.251068115234375
-11.244949340820312
-11.2374267578125
-11.227071762084961
-11.222963333129883
-11.234777450561523
-11.24919319152832
-11.256208419799805
-11.257010459899902
-11.251001358032227
-11.238574028015137
-11.21757984161377
-11.227326393127441
-11.2379789352417
-11.242518424987793
-11.248786926269531
-11.25439453125
-11.256698608398438
-11.257658958435059
-11.256685256958008
-11.25566291809082
-11.25344467163086
-11.242454528808594
-11.242232322692871
-11.247779846191406
-11.255117416381836
-11.256875991821289
-11.25747013092041
-11.253816604614258
-11.257010459899902
-11.261707305908203
-11.26006031036377
-11.26071834564209
-11.25889778137207
-11.256720542907715
-11.256705284118652
-11.259208679199219
-11.262173652648926
-11.259031295776367
-11.25844955444336
-11.260161399841309
-11.260315895080566
-11.261462211608887
-11.265250205993652
-11.257238388061523
-11.262901306152344
-11.264398574829102
-11.259232521057129
-11.259384155273438
-11.260359764099121
-11.25833511352539
-11.262368202209473
-11.259969711303711
-11.262149810791016
-11.259695053100586
-11.260517120361328
-11.262395858764648
-11.261897087097168
-11.257397651672363
-11.259190559387207
-11.262672424316406
-11.26415729522705
-11.259415626525879
-11.259110450744629
-11.261087417602539
-11.259992599487305
-11.262862205505371
-11.257752418518066
-11.257643699645996
-11.257697105407715
-11.256120681762695
-11.256174087524414
-11.258173942565918
-11.253229141235352
-11.241874694824219
-11.238712310791016
-11.234391212463379
-11.225494384765625
-11.224349975585938
-11.22766399383545
-11.240059852600098
-11.250436782836914
-11.257474899291992
-11.256128311157227
-11.259044647216797
-11.257322311401367
-11.260385513305664
-11.258429527282715
-11.25907039642334
-11.250748634338379
-11.242277145385742
-11.233975410461426
-11.22216796875
-11.215171813964844
-11.220471382141113
-11.235271453857422
-11.253532409667969
-11.264333724975586
-11.259180068969727
-11.257974624633789
-11.237323760986328
-11.224852561950684
-11.199112892150879
-11.200207710266113
-11.221330642700195
-11.241493225097656
-11.253024101257324
-11.262889862060547
-11.256878852844238
-11.26506519317627
-11.26036262512207
-11.245903015136719
-11.234343528747559
-11.236189842224121
-11.238722801208496
-11.245294570922852
-11.252557754516602
-11.256952285766602
-11.2611083984375
-11.260699272155762
-11.262846946716309
-11.260152816772461
-11.257729530334473
-11.246742248535156
-11.227375984191895
-11.218890190124512
-11.209918975830078
-11.22700023651123
-11.247566223144531
-11.25961685180664
-11.260421752929688
-11.257772445678711
-11.244881629943848
-11.215276718139648
-11.199103355407715
-11.213929176330566
-11.246033668518066
-11.26077938079834
-11.265778541564941
-11.259682655334473
-11.257110595703125
-11.267464637756348
-11.259940147399902
-11.261285781860352
-11.261994361877441
-11.265028953552246
-11.264568328857422
-11.266386985778809
-11.259469032287598
-11.261825561523438
-11.25723648071289
-11.259363174438477
-11.257408142089844
-11.259860038757324
-11.252281188964844
-11.24664306640625
-11.253862380981445
-11.254730224609375
-11.258803367614746
-11.257607460021973
-11.25820541381836
-11.261402130126953
-11.263705253601074
-11.262506484985352
-11.265020370483398
-11.267155647277832
-11.264806747436523
-11.263092041015625
-11.265721321105957
-11.269500732421875
-11.268755912780762
-11.266990661621094
-11.26102066040039
-11.256016731262207
-11.246789932250977
-11.244685173034668
-11.243247032165527
-11.249878883361816
-11.254640579223633
-11.258268356323242
-11.260766983032227
-11.260918617248535
-11.266701698303223
-11.261377334594727
-11.263895988464355
-11.260207176208496
-11.263668060302734
-11.258282661437988
-11.261368751525879
-11.248822212219238
-11.257003784179688
-11.26323413848877
-11.266648292541504
-11.267151832580566
-11.25950813293457
-11.255725860595703
-11.255537986755371
-11.250885009765625
-11.243507385253906
-11.24087905883789
-11.24809741973877
-11.251789093017578
-11.25773811340332
-11.2590913772583
-11.25819206237793
-11.262300491333008
-11.264694213867188
-11.267965316772461
-11.266742706298828
-11.266206741333008
-11.265795707702637
-11.260977745056152
-11.25426197052002
-11.247541427612305
-11.234665870666504
-11.228105545043945
-11.226640701293945
-11.235456466674805
-11.251728057861328
-11.265359878540039
-11.271719932556152
-11.267465591430664
-11.258526802062988
-11.249906539916992
-11.251261711120605
-11.255255699157715
-11.261487007141113
-11.266275405883789
-11.268621444702148
-11.270095825195312
-11.270084381103516
-11.270158767700195
-11.268138885498047
-11.258784294128418
-11.253729820251465
-11.251121520996094
-11.24862003326416
-11.255208015441895
-11.257292747497559
-11.260536193847656
-11.268237113952637
-11.270702362060547
-11.262325286865234
-11.250027656555176
-11.239019393920898
-11.23953914642334
-11.24645709991455
-11.25395393371582
-11.261961936950684
-11.267305374145508
-11.269786834716797
-11.270237922668457
-11.269371032714844
-11.254345893859863
-11.250274658203125
-11.248824119567871
-11.260740280151367
-11.266148567199707
-11.266799926757812
-11.272686004638672
-11.272165298461914
-11.273360252380371
-11.270674705505371
-11.269781112670898
-11.273615837097168
-11.265775680541992
-11.260489463806152
-11.261110305786133
-11.257906913757324
-11.253486633300781
-11.253376960754395
-11.260858535766602
-11.26341438293457
-11.258814811706543
-11.260101318359375
-11.262864112854004
-11.260080337524414
-11.25224494934082
-11.252825736999512
-11.246421813964844
-11.249431610107422
-11.256526947021484
-11.265324592590332
-11.265997886657715
-11.266361236572266
-11.266919136047363
-11.264161109924316
-11.268701553344727
-11.267346382141113
-11.27246379852295
-11.274230003356934
-11.271523475646973
-11.2683687210083
-11.268694877624512
-11.269584655761719
-11.268834114074707
-11.265541076660156
-11.271416664123535
-11.270018577575684
-11.270732879638672
-11.273846626281738
-11.274027824401855
-11.272467613220215
-11.275465965270996
-11.27064037322998
-11.269669532775879
-11.266228675842285
-11.267430305480957
-11.261527061462402
-11.262893676757812
-11.26356029510498
-11.270410537719727
-11.270556449890137
-11.272217750549316
-11.273983001708984
-11.277196884155273
-11.27577018737793
-11.274543762207031
-11.272418022155762
-11.273588180541992
-11.273528099060059
-11.275629997253418
-11.26754093170166
-11.271623611450195
-11.273033142089844
-11.270920753479004
-11.270068168640137
-11.269172668457031
-11.266765594482422
-11.26212215423584
-11.266979217529297
-11.268909454345703
-11.271754264831543
-11.275196075439453
-11.270657539367676
-11.263728141784668
-11.24789810180664
-11.218751907348633
-11.194920539855957
-11.219365119934082
-11.251922607421875
-11.273381233215332
-11.26818561553955
-11.242610931396484
-11.217350006103516
-11.215580940246582
-11.234888076782227
-11.253957748413086
-11.262408256530762
-11.270023345947266
-11.270655632019043
-11.27220630645752
-11.26964282989502
-11.265827178955078
-11.262521743774414
-11.260586738586426
-11.26126480102539
-11.261284828186035
-11.267266273498535
-11.272370338439941
-11.27466869354248
-11.273039817810059
-11.26778793334961
-11.269612312316895
-11.265894889831543
-11.250834465026855
-11.24912166595459
-11.258563041687012
-11.262751579284668
-11.272582054138184
-11.27091121673584
-11.275352478027344
-11.275203704833984
-11.275568962097168
-11.275667190551758
-11.275358200073242
-11.27495288848877
-11.276642799377441
-11.272543907165527
-11.277132034301758
-11.275774002075195
-11.276693344116211
-11.277735710144043
-11.276335716247559
-11.276869773864746
-11.273758888244629
-11.278617858886719
-11.274320602416992
-11.276764869689941
-11.274942398071289
-11.276178359985352
-11.275856971740723
-11.2742280960083
-11.269835472106934
-11.270161628723145
-11.273186683654785
-11.274402618408203
-11.26895809173584
-11.266816139221191
-11.26363754272461
-11.256038665771484
-11.257713317871094
-11.256000518798828
-11.25869083404541
-11.264631271362305
-11.26209831237793
-11.26597785949707
-11.27303695678711
-11.270306587219238
-11.270872116088867
-11.268321990966797
-11.266141891479492
-11.265178680419922
-11.266450881958008
-11.264811515808105
-11.26404094696045
-11.257575988769531
-11.261076927185059
-11.26718521118164
-11.266345977783203
-11.273046493530273
-11.27344036102295
-11.272294998168945
-11.273579597473145
-11.272795677185059
-11.267563819885254
-11.261255264282227
-11.248286247253418
-11.24162483215332
-11.238787651062012
-11.238984107971191
-11.25808048248291
-11.269261360168457
-11.273627281188965
-11.271269798278809
-11.2501220703125
-11.2315034866333
-11.227729797363281
-11.240854263305664
-11.261140823364258
-11.270758628845215
-11.277018547058105
-11.274028778076172
-11.272887229919434
-11.268457412719727
-11.259784698486328
-11.263838768005371
-11.267683029174805
-11.274595260620117
-11.274646759033203
-11.277739524841309
-11.277339935302734
-11.277533531188965
-11.275960922241211
-11.267276763916016
-11.256412506103516
-11.244976997375488
-11.246735572814941
-11.255807876586914
-11.266912460327148
-11.274673461914062
-11.275284767150879
-11.2785005569458
-11.27674388885498
-11.277482986450195
-11.276687622070312
-11.278061866760254
-11.279682159423828
-11.274216651916504
-11.275054931640625
-11.273632049560547
-11.27480697631836
-11.272072792053223
-11.269801139831543
-11.269000053405762
-11.272008895874023
-11.269876480102539
-11.271254539489746
-11.272236824035645
-11.274246215820312
-11.275067329406738
-11.278679847717285
-11.276721000671387
-11.279516220092773
-11.275012016296387
-11.275869369506836
-11.277213096618652
-11.275630950927734
-11.271713256835938
-11.265853881835938
-11.262324333190918
-11.26827335357666
-11.27054214477539
-11.27197265625
-11.275679588317871
-11.275553703308105
-11.27535629272461
-11.274535179138184
-11.274441719055176
-11.27784538269043
-11.27935791015625
-11.275423049926758
-11.271313667297363
-11.262657165527344
-11.253460884094238
-11.245380401611328
-11.24095630645752
-11.254962921142578
-11.26566219329834
-11.275227546691895
-11.278913497924805
-11.276765823364258
-11.273723602294922
-11.280562400817871
-11.277019500732422
-11.259017944335938
-11.22247314453125
-11.211956024169922
-11.23455810546875
-11.255868911743164
-11.273499488830566
-11.265352249145508
-11.265817642211914
-11.254338264465332
-11.240775108337402
-11.22935676574707
-11.242823600769043
-11.269255638122559
-11.278552055358887
-11.263419151306152
-11.258756637573242
-11.261739730834961
-11.270685195922852
-11.274702072143555
-11.276833534240723
-11.27612018585205
-11.273103713989258
-11.261065483093262
-11.25426959991455
-11.249613761901855
-11.254532814025879
-11.259138107299805
-11.270407676696777
-11.276065826416016
-11.280539512634277
-11.278618812561035
-11.277033805847168
-11.278392791748047
-11.279142379760742
-11.27920150756836
-11.275564193725586
-11.275007247924805
-11.269594192504883
-11.266216278076172
-11.261381149291992
-11.25767707824707
-11.267013549804688
-11.273892402648926
-11.28072452545166
-11.270706176757812
-11.257278442382812
-11.242724418640137
-11.245169639587402
-11.267531394958496
-11.274124145507812
-11.279587745666504
-11.279703140258789
-11.27604866027832
-11.281922340393066
-11.281527519226074
-11.28000545501709
-11.281801223754883
-11.277063369750977
-11.270875930786133
-11.267122268676758
-11.265012741088867
-11.271703720092773
-11.275323867797852
-11.278557777404785
-11.280004501342773
-11.282791137695312
-11.280781745910645
-11.280126571655273
-11.276766777038574
-11.271295547485352
-11.27011775970459
-11.27064037322998
-11.277507781982422
-11.27841567993164
-11.27985954284668
-11.276463508605957
-11.276765823364258
-11.259969711303711
-11.242532730102539
-11.236199378967285
-11.24940013885498
-11.266546249389648
-11.273599624633789
-11.273306846618652
-11.281028747558594
-11.279128074645996
-11.2769775390625
-11.272018432617188
-11.272980690002441
-11.276067733764648
-11.28469467163086
-11.28215217590332
-11.277948379516602
-11.275778770446777
-11.276388168334961
-11.278105735778809
-11.283041954040527
-11.283242225646973
-11.282297134399414
-11.281500816345215
-11.284804344177246
-11.282068252563477
-11.278055191040039
-11.279205322265625
-11.272687911987305
-11.268659591674805
-11.269272804260254
-11.27000904083252
-11.267913818359375
-11.273231506347656
-11.27538013458252
-11.28271770477295
-11.283666610717773
-11.276371002197266
-11.26888656616211
-11.258313179016113
-11.258872032165527
-11.257365226745605
-11.272811889648438
-11.281160354614258
-11.278555870056152
-11.27164077758789
-11.259560585021973
-11.252151489257812
-11.253376960754395
-11.256385803222656
-11.261049270629883
-11.270071983337402
-11.273941993713379
-11.281712532043457
-11.278847694396973
-11.278700828552246
-11.28078842163086
-11.282373428344727
-11.281390190124512
-11.28361988067627
-11.282376289367676
-11.282103538513184
-11.28312873840332
-11.278569221496582
-11.273642539978027
-11.27474594116211
-11.27298641204834
-11.274038314819336
-11.282354354858398
-11.281560897827148
-11.279472351074219
-11.280633926391602
-11.282731056213379
-11.284790992736816
-11.283041954040527
-11.281855583190918
-11.282360076904297
-11.285264015197754
-11.281092643737793
-11.278008460998535
-11.278711318969727
-11.275880813598633
-11.276458740234375
-11.277302742004395
-11.277741432189941
-11.279725074768066
-11.279540061950684
-11.280527114868164
-11.28239917755127
-11.282729148864746
-11.282929420471191
-11.280379295349121
-11.272906303405762
-11.266061782836914
-11.259819984436035
-11.262545585632324
-11.269804000854492
-11.273101806640625
-11.278152465820312
-11.283994674682617
-11.285571098327637
-11.275224685668945
-11.267141342163086
-11.264697074890137
-11.253437995910645
-11.247109413146973
-11.247930526733398
-11.252511024475098
-11.268404006958008
-11.275814056396484
-11.276731491088867
-11.277807235717773
-11.273857116699219
-11.266676902770996
-11.271230697631836
-11.279926300048828
-11.284072875976562
-11.282417297363281
-11.283284187316895
-11.2787446975708
-11.2730073928833
-11.273527145385742
-11.27531623840332
-11.275437355041504
-11.278106689453125
-11.28028678894043
-11.283263206481934
-11.282039642333984
-11.285516738891602
-11.283817291259766
-11.287348747253418
-11.2855806350708
-11.282962799072266
-11.282143592834473
-11.274035453796387
-11.271551132202148
-11.269689559936523
-11.27077865600586
-11.278335571289062
-11.279970169067383
-11.28183364868164
-11.281188011169434
-11.287660598754883
-11.282812118530273
-11.287156105041504
-11.277830123901367
-11.275156021118164
-11.267587661743164
-11.256412506103516
-11.24584674835205
-11.245257377624512
-11.26305866241455
-11.279328346252441
-11.286823272705078
-11.268224716186523
-11.251138687133789
-11.2290678024292
-11.213576316833496
-11.230422973632812
-11.256834030151367
-11.276662826538086
-11.286419868469238
-11.284265518188477
-11.279415130615234
-11.276872634887695
-11.273882865905762
-11.266523361206055
-11.256841659545898
-11.259376525878906
-11.266647338867188
-11.271379470825195
-11.276952743530273
-11.28609848022461
-11.287474632263184
-11.286730766296387
-11.283661842346191
-11.27981185913086
-11.273638725280762
-11.27219295501709
-11.27200698852539
-11.276703834533691
-11.283323287963867
-11.285396575927734
-11.288074493408203
-11.28449535369873
-11.280984878540039
-11.275105476379395
-11.269364356994629
-11.278678894042969
-11.283602714538574
-11.28737735748291
-11.283672332763672
-11.281744003295898
-11.276180267333984
-11.27700424194336
-11.281821250915527
-11.282731056213379
-11.27988052368164
-11.281815528869629
-11.272293090820312
-11.270882606506348
-11.27464771270752
-11.280473709106445
-11.276358604431152
-11.260286331176758
-11.239375114440918
-11.23253345489502
-11.251995086669922
-11.276289939880371
-11.287294387817383
-11.281407356262207
-11.267253875732422
-11.25180721282959
-11.251199722290039
-11.25576400756836
-11.26424789428711
-11.277505874633789
-11.28725814819336
-11.28261661529541
-11.274284362792969
-11.278461456298828
-11.275989532470703
-11.283921241760254
-11.286338806152344
-11.285370826721191
-11.28869342803955
-11.287832260131836
-11.28538703918457
-11.287266731262207
-11.285969734191895
-11.286510467529297
-11.289093971252441
-11.284955978393555
-11.286397933959961
-11.284406661987305
-11.285421371459961
-11.283757209777832
-11.281825065612793
-11.283262252807617
-11.28689193725586
-11.283616065979004
-11.284834861755371
-11.28770637512207
-11.289261817932129
-11.288559913635254
-11.287561416625977
-11.288406372070312
-11.29138469696045
-11.286272048950195
-11.288415908813477
-11.285932540893555
-11.281464576721191
-11.278586387634277
-11.274949073791504
-11.275951385498047
-11.279369354248047
-11.281086921691895
-11.285456657409668
-11.289976119995117
-11.287734031677246
-11.287529945373535
-11.287149429321289
-11.285614967346191
-11.287029266357422
-11.28613567352295
-11.281275749206543
-11.283781051635742
-11.281064987182617
-11.274636268615723
-11.26540756225586
-11.264182090759277
-11.26464557647705
-11.273088455200195
-11.280780792236328
-11.285624504089355
-11.284014701843262
-11.282121658325195
-11.272647857666016
-11.267579078674316
-11.270700454711914
-11.274441719055176
-11.281862258911133
-11.286707878112793
-11.289688110351562
-11.282050132751465
-11.275542259216309
-11.260903358459473
-11.253814697265625
-11.257491111755371
-11.258123397827148
-11.26871109008789
-11.271797180175781
-11.266585350036621
-11.268603324890137
-11.275690078735352
-11.284997940063477
-11.280684471130371
-11.248512268066406
-11.202622413635254
-11.204769134521484
-11.254132270812988
-11.2862548828125
-11.283945083618164
-11.247401237487793
-11.211835861206055
-11.219722747802734
-11.250657081604004
-11.278203964233398
-11.270341873168945
-11.229266166687012
-11.199478149414062
-11.232986450195312
-11.279942512512207
-11.275824546813965
-11.220771789550781
-11.178157806396484
-11.248639106750488
-11.280340194702148
-11.206910133361816
-11.15621566772461
-11.247113227844238
-11.284153938293457
-11.219486236572266
-11.175543785095215
-11.242125511169434
-11.28740119934082
-11.278665542602539
-11.241174697875977
-11.231707572937012
-11.267568588256836
-11.290263175964355
-11.277679443359375
-11.250539779663086
-11.24374771118164
-11.268105506896973
-11.288261413574219
-11.280856132507324
-11.262575149536133
-11.256903648376465
-11.276121139526367
-11.28855037689209
-11.286401748657227
-11.27309513092041
-11.278058052062988
-11.284098625183105
-11.287193298339844
-11.294140815734863
-11.28718090057373
-11.286455154418945
-11.286332130432129
-11.288457870483398
-11.289716720581055
-11.289532661437988
-11.289854049682617
-11.289202690124512
-11.290946960449219
-11.292070388793945
-11.288618087768555
-11.291857719421387
-11.290569305419922
-11.290909767150879
-11.290164947509766
-11.29348087310791
-11.29135513305664
-11.288331031799316
-11.291845321655273
-11.289019584655762
-11.290850639343262
-11.290029525756836
-11.2880277633667
-11.2882719039917
-11.288225173950195
-11.288817405700684
-11.292339324951172
-11.291226387023926
-11.290915489196777
-11.289595603942871
-11.285385131835938
-11.291987419128418
-11.291934967041016
-11.291427612304688
-11.288307189941406
-11.288314819335938
-11.287457466125488
-11.28744888305664
-11.290177345275879
-11.290581703186035
-11.291427612304688
-11.28750228881836
-11.2869234085083
-11.287224769592285
-11.289057731628418
-11.290545463562012
-11.290192604064941
-11.286559104919434
-11.286486625671387
-11.28498363494873
-11.288819313049316
-11.289589881896973
-11.292078971862793
-11.29006290435791
-11.290083885192871
-11.289265632629395
-11.289512634277344
-11.290346145629883
-11.290223121643066
-11.290722846984863
-11.292343139648438
-11.290383338928223
-11.291678428649902
-11.29132080078125
-11.291182518005371
-11.291851043701172
-11.290273666381836
-11.291704177856445
-11.290800094604492
-11.292927742004395
-11.29366683959961
-11.287497520446777
-11.29147720336914
-11.29209041595459
-11.291301727294922
-11.292377471923828
-11.292383193969727
-11.290932655334473
-11.290324211120605
-11.294268608093262
-11.29097843170166
-11.293326377868652
-11.292027473449707
-11.294849395751953
-11.292058944702148
-11.291488647460938
-11.293855667114258
-11.289517402648926
-11.288593292236328
-11.29109001159668
-11.288591384887695
-11.29063892364502
-11.290319442749023
-11.293120384216309
-11.288249015808105
-11.288307189941406
-11.290351867675781
-11.292916297912598
-11.292580604553223
-11.293533325195312
-11.29104232788086
-11.294868469238281
-11.289827346801758
-11.286705017089844
-11.2836332321167
-11.28500747680664
-11.284647941589355
-11.286154747009277
-11.282909393310547
-11.284565925598145
-11.285651206970215
-11.291340827941895
-11.290574073791504
-11.292174339294434
-11.291507720947266
-11.293971061706543
-11.289530754089355
-11.29148006439209
-11.285515785217285
-11.286425590515137
-11.282576560974121
-11.283419609069824
-11.287513732910156
-11.287713050842285
-11.285932540893555
-11.28779411315918
-11.289329528808594
-11.291753768920898
-11.296894073486328
-11.293439865112305
-11.290682792663574
-11.281233787536621
-11.272286415100098
-11.2738676071167
-11.275341033935547
-11.277787208557129
-11.285299301147461
-11.289575576782227
-11.292717933654785
-11.289409637451172
-11.282737731933594
-11.27215576171875
-11.269450187683105
-11.279294967651367
-11.286565780639648
-11.29124927520752
-11.289734840393066
-11.29267692565918
-11.293255805969238
-11.290777206420898
-11.288382530212402
-11.280203819274902
-11.2713041305542
-11.258800506591797
-11.259623527526855
-11.268778800964355
-11.281848907470703
-11.288381576538086
-11.292281150817871
-11.293545722961426
-11.290526390075684
-11.287954330444336
-11.283164978027344
-11.277013778686523
-11.263080596923828
-11.253578186035156
-11.257920265197754
-11.276911735534668
-11.288780212402344
-11.287182807922363
-11.275323867797852
-11.274677276611328
-11.285871505737305
-11.293410301208496
-11.288597106933594
-11.26961612701416
-11.262255668640137
-11.268861770629883
-11.287483215332031
-11.291254997253418
-11.289047241210938
-11.278562545776367
-11.260851860046387
-11.24837589263916
-11.254875183105469
-11.274778366088867
-11.290206909179688
-11.290817260742188
-11.293502807617188
-11.28927230834961
-11.286012649536133
-11.28554630279541
-11.287226676940918
-11.290820121765137
-11.291186332702637
-11.293139457702637
-11.295215606689453
-11.291960716247559
-11.29565715789795
-11.291021347045898
-11.287898063659668
-11.28772258758545
-11.285835266113281
-11.287108421325684
-11.28771686553955
-11.29211139678955
-11.293741226196289
-11.29345417022705
-11.292522430419922
-11.2918701171875
-11.288650512695312
-11.287818908691406
-11.288100242614746
-11.289139747619629
-11.293450355529785
-11.294784545898438
-11.294944763183594
-11.297616958618164
-11.29382610321045
-11.292308807373047
-11.290980339050293
-11.28860855102539
-11.28496265411377
-11.281632423400879
-11.28254508972168
-11.287690162658691
-11.290688514709473
-11.293352127075195
-11.293734550476074
-11.29156494140625
-11.295792579650879
-11.296372413635254
-11.296238899230957
-11.294453620910645
-11.293015480041504
-11.29609203338623
-11.294927597045898
-11.293318748474121
-11.29078483581543
-11.290310859680176
-11.289213180541992
-11.289244651794434
-11.290447235107422
-11.291730880737305
-11.293672561645508
-11.293718338012695
-11.297195434570312
-11.292198181152344
-11.289587020874023
-11.286336898803711
-11.276970863342285
-11.275518417358398
-11.281935691833496
-11.279723167419434
-11.281551361083984
-11.28842830657959
-11.291871070861816
-11.296282768249512
-11.295466423034668
-11.295051574707031
-11.290939331054688
-11.29149055480957
-11.287867546081543
-11.28613567352295
-11.28353214263916
-11.280206680297852
-11.279023170471191
-11.279848098754883
-11.284485816955566
-11.292673110961914
-11.296061515808105
-11.291731834411621
-11.284629821777344
-11.278982162475586
-11.278447151184082
-11.284222602844238
-11.29101848602295
-11.293469429016113
-11.296852111816406
-11.297599792480469
-11.29345417022705
-11.292634963989258
-11.292057991027832
-11.287651062011719
-11.281436920166016
-11.279230117797852
-11.273778915405273
-11.27237319946289
-11.276033401489258
-11.282319068908691
-11.290205955505371
-11.290177345275879
-11.289731979370117
-11.291177749633789
-11.285858154296875
-11.28844928741455
-11.286032676696777
-11.2920503616333
-11.292047500610352
-11.297616004943848
-11.295133590698242
-11.291414260864258
-11.28342342376709
-11.273752212524414
-11.265082359313965
-11.271178245544434
-11.27099895477295
-11.280779838562012
-11.287306785583496
-11.287517547607422
-11.288460731506348
-11.289880752563477
-11.292598724365234
-11.289460182189941
-11.28562068939209
-11.284269332885742
-11.284852027893066
-11.28093147277832
-11.28171443939209
-11.282543182373047
-11.277467727661133
-11.272367477416992
-11.270751953125
-11.274361610412598
-11.276491165161133
-11.277610778808594
-11.28313159942627
-11.290107727050781
-11.297212600708008
-11.293022155761719
-11.286849021911621
-11.280438423156738
-11.272436141967773
-11.272598266601562
-11.278608322143555
-11.286934852600098
-11.295104026794434
-11.297196388244629
-11.297898292541504
-11.297515869140625
-11.292914390563965
-11.291666984558105
-11.292167663574219
-11.293036460876465
-11.297823905944824
-11.29511547088623
-11.295045852661133
-11.287518501281738
-11.286880493164062
-11.287224769592285
-11.289802551269531
-11.290459632873535
-11.297765731811523
-11.299389839172363
-11.29495906829834
-11.290245056152344
-11.286309242248535
-11.281367301940918
-11.278700828552246
-11.279070854187012
-11.281148910522461
-11.286487579345703
-11.290664672851562
-11.2946138381958
-11.299394607543945
-11.298315048217773
-11.298185348510742
-11.297342300415039
-11.28950309753418
-11.285207748413086
-11.278882026672363
-11.277674674987793
-11.279706001281738
-11.288490295410156
-11.293169975280762
-11.296883583068848
-11.295958518981934
-11.297280311584473
-11.296001434326172
-11.288985252380371
-11.278582572937012
-11.263850212097168
-11.25444221496582
-11.256385803222656
-11.267463684082031
-11.287352561950684
-11.294219970703125
-11.299413681030273
-11.289533615112305
-11.269343376159668
-11.25005054473877
-11.252960205078125
-11.258188247680664
-11.274975776672363
-11.28956413269043
-11.29686164855957
-11.294069290161133
-11.286555290222168
-11.270454406738281
-11.261404991149902
-11.27302360534668
-11.286980628967285
-11.29766845703125
-11.296669960021973
-11.279544830322266
-11.261881828308105
-11.256171226501465
-11.276556015014648
-11.288474082946777
-11.29426097869873
-11.291023254394531
-11.268542289733887
-11.233245849609375
-11.217412948608398
-11.252811431884766
-11.28945255279541
-11.28355598449707
-11.245610237121582
-11.245851516723633
-11.286375999450684
-11.295413970947266
-11.275019645690918
-11.254764556884766
-11.261423110961914
-11.285040855407715
-11.292573928833008
-11.271280288696289
-11.236185073852539
-11.22849178314209
-11.259556770324707
-11.28938102722168
-11.287139892578125
-11.240707397460938
-11.207963943481445
-11.245437622070312
-11.288634300231934
-11.270997047424316
-11.209320068359375
-11.201977729797363
-11.274142265319824
-11.28691291809082
-11.234049797058105
-11.205465316772461
-11.260310173034668
-11.295183181762695
-11.27508544921875
-11.265433311462402
-11.277640342712402
-11.29535961151123
-11.291484832763672
-11.28427505493164
-11.289837837219238
-11.296643257141113
-11.293227195739746
-11.292133331298828
-11.291979789733887
-11.295398712158203
-11.29938793182373
-11.301376342773438
-11.293937683105469
-11.294129371643066
-11.299580574035645
-11.295459747314453
-11.287675857543945
-11.28491497039795
-11.29185676574707
-11.296070098876953
-11.285550117492676
-11.268394470214844
-11.273296356201172
-11.292506217956543
-11.292196273803711
-11.274358749389648
-11.266951560974121
-11.273446083068848
-11.294426918029785
-11.295817375183105
-11.299474716186523
-11.28558349609375
-11.2802734375
-11.285982131958008
-11.295924186706543
-11.297734260559082
-11.292671203613281
-11.290552139282227
-11.291624069213867
-11.296926498413086
-11.299894332885742
-11.300407409667969
-11.300073623657227
-11.297795295715332
-11.298381805419922
-11.298992156982422
-11.30034351348877
-11.30196475982666
-11.299448013305664
-11.300122261047363
-11.300155639648438
-11.299859046936035
-11.30225944519043
-11.29874038696289
-11.301308631896973
-11.300579071044922
-11.301270484924316
-11.296614646911621
-11.299908638000488
-11.299652099609375
-11.299335479736328
-11.30032730102539
-11.299887657165527
-11.300546646118164
-11.294770240783691
-11.297502517700195
-11.295368194580078
-11.29607105255127
-11.29849624633789
-11.297781944274902
-11.299386024475098
-11.29819107055664
-11.301118850708008
-11.301029205322266
-11.30097770690918
-11.300711631774902
-11.291606903076172
-11.29000473022461
-11.29581356048584
-11.296307563781738
-11.302563667297363
-11.300801277160645
-11.297289848327637
-11.292398452758789
-11.290841102600098
-11.288763999938965
-11.295166969299316
-11.296493530273438
-11.301045417785645
-11.302452087402344
-11.299485206604004
-11.295938491821289
-11.29418659210205
-11.293672561645508
-11.297781944274902
-11.299388885498047
-11.301222801208496
-11.29771614074707
-11.291019439697266
-11.283866882324219
-11.282093048095703
-11.284744262695312
-11.295760154724121
-11.3003568649292
-11.297934532165527
-11.293852806091309
-11.286952018737793
-11.28537654876709
-11.290281295776367
-11.294951438903809
-11.300580978393555
-11.299742698669434
-11.299306869506836
-11.292268753051758
-11.285171508789062
-11.2889404296875
-11.29473876953125
-11.296393394470215
-11.301363945007324
-11.302817344665527
-11.300644874572754
-11.29980754852295
-11.29917049407959
-11.296159744262695
-11.292891502380371
-11.293696403503418
-11.293473243713379
-11.296501159667969
-11.301026344299316
-11.299768447875977
-11.299102783203125
-11.297930717468262
-11.295829772949219
-11.299072265625
-11.30062198638916
-11.302899360656738
-11.295462608337402
-11.300436973571777
-11.301403045654297
-11.30081558227539
-11.302342414855957
-11.298627853393555
-11.300185203552246
-11.300240516662598
-11.300575256347656
-11.300919532775879
-11.301192283630371
-11.298273086547852
-11.30144214630127
-11.299896240234375
-11.299357414245605
-11.299461364746094
-11.304266929626465
-11.300875663757324
-11.296809196472168
-11.297008514404297
-11.298324584960938
-11.2966947555542
-11.299866676330566
-11.300976753234863
-11.301067352294922
-11.297307014465332
-11.295979499816895
-11.28980541229248
-11.28699016571045
-11.28461742401123
-11.288812637329102
-11.288896560668945
-11.291356086730957
-11.293686866760254
-11.289459228515625
-11.288858413696289
-11.286396026611328
-11.289710998535156
-11.28306770324707
-11.289024353027344
-11.294272422790527
-11.294974327087402
-11.294506072998047
-11.294885635375977
-11.291543006896973
-11.290055274963379
-11.283000946044922
-11.271421432495117
-11.265181541442871
-11.269479751586914
-11.284955978393555
-11.295415878295898
-11.296836853027344
-11.276719093322754
-11.242979049682617
-11.221837997436523
-11.256145477294922
-11.284648895263672
-11.297049522399902
-11.28847599029541
-11.276123046875
-11.282428741455078
-11.28819465637207
-11.292319297790527
-11.293516159057617
-11.295185089111328
-11.29851245880127
-11.300785064697266
-11.29930591583252
-11.295026779174805
-11.296209335327148
-11.303474426269531
-11.29976749420166
-11.294242858886719
-11.290596008300781
-11.284217834472656
-11.285569190979004
-11.28956127166748
-11.297930717468262
-11.302030563354492
-11.304471015930176
-11.299894332885742
-11.29765510559082
-11.297799110412598
-11.303034782409668
-11.30196475982666
-11.30156421661377
-11.296314239501953
-11.293549537658691
-11.29024600982666
-11.282958030700684
-11.289994239807129
-11.295372009277344
-11.302885055541992
-11.299308776855469
-11.28088092803955
-11.26415729522705
-11.267621994018555
-11.289411544799805
-11.300701141357422
-11.301474571228027
-11.303342819213867
-11.302271842956543
-11.302557945251465
-11.302448272705078
-11.302236557006836
-11.303561210632324
-11.301199913024902
-11.300322532653809
-11.301142692565918
-11.302556037902832
-11.302663803100586
-11.303847312927246
-11.300040245056152
-11.298611640930176
-11.295241355895996
-11.295294761657715
-11.292911529541016
-11.296862602233887
-11.298566818237305
-11.299434661865234
-11.303058624267578
-11.3032808303833
-11.30357551574707
-11.303403854370117
-11.304048538208008
-11.300643920898438
-11.30495548248291
-11.304884910583496
-11.303658485412598
-11.303689002990723
-11.303085327148438
-11.304366111755371
-11.301377296447754
-11.302713394165039
-11.300289154052734
-11.302898406982422
-11.303149223327637
-11.301613807678223
-11.304099082946777
-11.306374549865723
-11.302431106567383
-11.305289268493652
-11.303407669067383
-11.300935745239258
-11.297771453857422
-11.295477867126465
-11.298198699951172
-11.299175262451172
-11.3001127243042
-11.303435325622559
-11.300702095031738
-11.303348541259766
-11.304213523864746
-11.302384376525879
-11.303457260131836
-11.302899360656738
-11.302305221557617
-11.302358627319336
-11.305057525634766
-11.302840232849121
-11.303428649902344
-11.304671287536621
-11.303862571716309
-11.303654670715332
-11.300435066223145
-11.297639846801758
-11.290811538696289
-11.287017822265625
-11.28363037109375
-11.282669067382812
-11.287568092346191
-11.289019584655762
-11.293400764465332
-11.296751976013184
-11.302770614624023
-11.302305221557617
-11.305320739746094
-11.30431079864502
-11.30490779876709
-11.302083969116211
-11.302827835083008
-11.300946235656738
-11.29991626739502
-11.29666519165039
-11.29625415802002
-11.292186737060547
-11.295088768005371
-11.292387008666992
-11.300278663635254
-11.302388191223145
-11.299427032470703
-11.304680824279785
-11.302691459655762
-11.303827285766602
-11.30532455444336
-11.298308372497559
-11.295849800109863
-11.288446426391602
-11.278108596801758
-11.267280578613281
-11.26075553894043
-11.267745971679688
-11.279221534729004
-11.28762435913086
-11.293825149536133
-11.297621726989746
-11.298730850219727
-11.304000854492188
-11.303787231445312
-11.302207946777344
-11.303179740905762
-11.306208610534668
-11.304293632507324
-11.29947280883789
-11.290050506591797
-11.282795906066895
-11.2794771194458
-11.28406047821045
-11.298510551452637
-11.301098823547363
-11.307012557983398
-11.304823875427246
-11.306242942810059
-11.301732063293457
-11.296930313110352
-11.283403396606445
-11.277331352233887
-11.279820442199707
-11.2769136428833
-11.286341667175293
-11.29591178894043
-11.301536560058594
-11.306378364562988
-11.303275108337402
-11.300958633422852
-11.303524017333984
-11.30259895324707
-11.29873275756836
-11.304020881652832
-11.303646087646484
-11.305285453796387
-11.303824424743652
-11.307711601257324
-11.303668022155762
-11.305741310119629
-11.303272247314453
-11.304113388061523
-11.305548667907715
-11.305896759033203
-11.30470085144043
-11.302255630493164
-11.306873321533203
-11.305489540100098
-11.306320190429688
-11.303265571594238
-11.303763389587402
-11.304096221923828
-11.303638458251953
-11.306602478027344
-11.30449104309082
-11.305456161499023
-11.304521560668945
-11.305459976196289
-11.30329418182373
-11.304671287536621
-11.303863525390625
-11.300529479980469
-11.301413536071777
-11.296952247619629
-11.300206184387207
-11.29635238647461
-11.302446365356445
-11.303672790527344
-11.30244255065918
-11.303722381591797
-11.300932884216309
-11.29784107208252
-11.294185638427734
-11.28511905670166
-11.271324157714844
-11.263862609863281
-11.266165733337402
-11.260024070739746
-11.267616271972656
-11.283942222595215
-11.302896499633789
-11.304142951965332
-11.300705909729004
-11.293268203735352
-11.285890579223633
-11.2811861038208
-11.2829008102417
-11.285513877868652
-11.28337574005127
-11.285764694213867
-11.289168357849121
-11.299589157104492
-11.299022674560547
-11.302286148071289
-11.306532859802246
-11.303731918334961
-11.301297187805176
-11.290085792541504
-11.278046607971191
-11.265073776245117
-11.265806198120117
-11.28122615814209
-11.2900972366333
-11.300517082214355
-11.306259155273438
-11.305606842041016
-11.305991172790527
-11.302775382995605
-11.300536155700684
-11.296817779541016
-11.291259765625
-11.291725158691406
-11.28689193725586
-11.288329124450684
-11.293379783630371
-11.299088478088379
-11.305854797363281
-11.305477142333984
-11.30527114868164
-11.299620628356934
-11.293147087097168
-11.286954879760742
-11.286397933959961
-11.292211532592773
-11.29607105255127
-11.294537544250488
-11.291979789733887
-11.302960395812988
-11.306349754333496
-11.303224563598633
-11.295636177062988
-11.289596557617188
-11.28870964050293
-11.288691520690918
-11.290169715881348
-11.297635078430176
-11.300206184387207
-11.302947044372559
-11.302120208740234
-11.302536010742188
-11.30418872833252
-11.306405067443848
-11.30846118927002
-11.304878234863281
-11.30466365814209
-11.294391632080078
-11.28183364868164
-11.273921966552734
-11.280613899230957
-11.295063972473145
-11.306554794311523
-11.306292533874512
-11.299426078796387
-11.288803100585938
-11.280680656433105
-11.275934219360352
-11.28385066986084
-11.293386459350586
-11.302335739135742
-11.305248260498047
-11.304665565490723
-11.304447174072266
-11.293988227844238
-11.282177925109863
-11.276172637939453
-11.275736808776855
-11.28604507446289
-11.294158935546875
-11.304625511169434
-11.305254936218262
-11.298861503601074
-11.29401969909668
-11.288491249084473
-11.286917686462402
-11.288808822631836
-11.29128646850586
-11.29808235168457
-11.304838180541992
-11.307832717895508
-11.30601978302002
-11.298137664794922
-11.28942584991455
-11.281000137329102
-11.277813911437988
-11.282474517822266
-11.283980369567871
-11.290184020996094
-11.300280570983887
-11.306269645690918
-11.308599472045898
-11.307902336120605
-11.306739807128906
-11.301668167114258
-11.291606903076172
-11.286198616027832
-11.279983520507812
-11.284621238708496
-11.299981117248535
-11.307520866394043
-11.309181213378906
-11.307195663452148
-11.307476997375488
-11.305254936218262
-11.306939125061035
-11.305797576904297
-11.307568550109863
-11.30691909790039
-11.309516906738281
-11.308005332946777
-11.30056095123291
-11.298198699951172
-11.29360580444336
-11.293022155761719
-11.30136489868164
-11.30713176727295
-11.307785034179688
-11.309439659118652
-11.308231353759766
-11.308395385742188
-11.305216789245605
-11.304231643676758
-11.303804397583008
-11.304983139038086
-11.306486129760742
-11.306246757507324
-11.307336807250977
-11.308243751525879
-11.304532051086426
-11.304632186889648
-11.305749893188477
-11.304356575012207
-11.30673885345459
-11.307649612426758
-11.30589485168457
-11.307241439819336
-11.308222770690918
-11.303960800170898
-11.301257133483887
-11.299497604370117
-11.29649543762207
-11.296613693237305
-11.297118186950684
-11.29388427734375
-11.2958345413208
-11.302326202392578
-11.303499221801758
-11.308019638061523
-11.310539245605469
-11.309327125549316
-11.308841705322266
-11.308966636657715
-11.308876037597656
-11.308013916015625
-11.307506561279297
-11.305825233459473
-11.309181213378906
-11.307470321655273
-11.310434341430664
-11.309812545776367
-11.308212280273438
-11.307167053222656
-11.307327270507812
-11.306530952453613
-11.306599617004395
-11.30246639251709
-11.300048828125
-11.296961784362793
-11.298545837402344
-11.29863452911377
-11.304642677307129
-11.306541442871094
-11.308709144592285
-11.30704402923584
-11.298895835876465
-11.291521072387695
-11.281132698059082
-11.280003547668457
-11.287135124206543
-11.289542198181152
-11.297277450561523
-11.305318832397461
-11.307225227355957
-11.311296463012695
-11.308955192565918
-11.307611465454102
-11.310428619384766
-11.305859565734863
-11.303460121154785
-11.300226211547852
-11.2883882522583
-11.283612251281738
-11.279500007629395
-11.280708312988281
-11.289850234985352
-11.29425048828125
-11.302323341369629
-11.308799743652344
-11.306225776672363
-11.308244705200195
-11.309111595153809
-11.307050704956055
-11.30715274810791
-11.307652473449707
-11.302532196044922
-11.302735328674316
-11.297235488891602
-11.29781723022461
-11.29452896118164
-11.2940034866333
-11.295025825500488
-11.300799369812012
-11.304636001586914
-11.307690620422363
-11.304291725158691
-11.30873966217041
-11.30709171295166
-11.303714752197266
-11.298500061035156
-11.287115097045898
-11.285894393920898
-11.287546157836914
-11.293267250061035
-11.290900230407715
-11.290541648864746
-11.291016578674316
-11.295854568481445
-11.303022384643555
-11.308537483215332
-11.310293197631836
-11.306520462036133
-11.311502456665039
-11.307601928710938
-11.309364318847656
-11.309255599975586
-11.310903549194336
-11.309890747070312
-11.305925369262695
-11.303303718566895
-11.294295310974121
-11.285146713256836
-11.271488189697266
-11.26412582397461
-11.276951789855957
-11.293254852294922
-11.296637535095215
-11.301023483276367
-11.30344009399414
-11.306519508361816
-11.308926582336426
-11.307720184326172
-11.308589935302734
-11.310256004333496
-11.310248374938965
-11.308826446533203
-11.310256004333496
-11.309579849243164
-11.303593635559082
-11.292925834655762
-11.282180786132812
-11.275688171386719
-11.264047622680664
-11.257255554199219
-11.275020599365234
-11.299212455749512
-11.302913665771484
-11.306492805480957
-11.306056022644043
-11.300921440124512
-11.29710865020752
-11.292890548706055
-11.289066314697266
-11.285466194152832
-11.28503704071045
-11.286733627319336
-11.292387962341309
-11.304773330688477
-11.308985710144043
-11.305129051208496
-11.309510231018066
-11.306303024291992
-11.295456886291504
-11.282490730285645
-11.274016380310059
-11.279473304748535
-11.294029235839844
-11.302960395812988
-11.308531761169434
-11.308147430419922
-11.304024696350098
-11.297073364257812
-11.288381576538086
-11.294676780700684
-11.296418190002441
-11.296607971191406
-11.303391456604004
-11.309343338012695
-11.310973167419434
-11.310159683227539
-11.307608604431152
-11.305418968200684
-11.29705810546875
-11.291515350341797
-11.28671932220459
-11.284913063049316
-11.291603088378906
-11.295814514160156
-11.306458473205566
-11.309615135192871
-11.305546760559082
-11.297354698181152
-11.283313751220703
-11.27846908569336
-11.286684036254883
-11.297445297241211
-11.309024810791016
-11.309714317321777
-11.3070650100708
-11.300585746765137
-11.299023628234863
-11.298629760742188
-11.299715042114258
-11.303732872009277
-11.30506420135498
-11.308891296386719
-11.310260772705078
-11.312355041503906
-11.309255599975586
-11.311681747436523
-11.311440467834473
-11.311064720153809
-11.310296058654785
-11.310208320617676
-11.312255859375
-11.308587074279785
-11.31247615814209
-11.310311317443848
-11.309490203857422
-11.309853553771973
-11.307814598083496
-11.308929443359375
-11.312928199768066
-11.310508728027344
-11.309986114501953
-11.309161186218262
-11.309930801391602
-11.309951782226562
-11.310839653015137
-11.307798385620117
-11.303964614868164
-11.306266784667969
-11.308366775512695
-11.309370994567871
-11.311190605163574
-11.31135368347168
-11.312806129455566
-11.313231468200684
-11.312125205993652
-11.314627647399902
-11.311785697937012
-11.309934616088867
-11.312532424926758
-11.309489250183105
-11.3125581741333
-11.312596321105957
-11.311424255371094
-11.30766773223877
-11.30916976928711
-11.305560111999512
-11.303121566772461
-11.304884910583496
-11.300978660583496
-11.296185493469238
-11.294527053833008
-11.29379653930664
-11.302773475646973
-11.302545547485352
-11.307740211486816
-11.307873725891113
-11.306843757629395
-11.275330543518066
-11.235889434814453
-11.214263916015625
-11.246994018554688
-11.284339904785156
-11.306467056274414
-11.307595252990723
-11.291610717773438
-11.26091194152832
-11.23834228515625
-11.242500305175781
-11.273846626281738
-11.306336402893066
-11.310725212097168
-11.307586669921875
-11.299437522888184
-11.297842979431152
-11.304347038269043
-11.309005737304688
-11.312321662902832
-11.307623863220215
-11.299138069152832
-11.288518905639648
-11.274532318115234
-11.279186248779297
-11.285858154296875
-11.300313949584961
-11.30834674835205
-11.312215805053711
-11.30794620513916
-11.301777839660645
-11.300068855285645
-11.29873275756836
-11.305290222167969
-11.311376571655273
-11.310355186462402
-11.305578231811523
-11.30026626586914
-11.2959566116333
-11.298227310180664
-11.300585746765137
-11.304957389831543
-11.314107894897461
-11.311209678649902
-11.30010986328125
-11.29283618927002
-11.281604766845703
-11.28403091430664
-11.294837951660156
-11.307440757751465
-11.310917854309082
-11.297052383422852
-11.265480995178223
-11.245600700378418
-11.267494201660156
-11.298638343811035
-11.310003280639648
-11.3062162399292
-11.288191795349121
-11.266972541809082
-11.261962890625
-11.291960716247559
-11.308077812194824
-11.30900764465332
-11.303565979003906
-11.303680419921875
-11.306865692138672
-11.31445598602295
-11.309159278869629
-11.297453880310059
-11.295111656188965
-11.29919719696045
-11.308151245117188
-11.311988830566406
-11.30921745300293
-11.299391746520996
-11.296865463256836
-11.297283172607422
-11.309099197387695
-11.312691688537598
-11.304433822631836
-11.294647216796875
-11.287890434265137
-11.293022155761719
-11.306798934936523
-11.315710067749023
-11.312810897827148
-11.3090238571167
-11.304274559020996
-11.305091857910156
-11.309693336486816
-11.314401626586914
-11.311063766479492
-11.311765670776367
-11.309701919555664
-11.306868553161621
-11.310686111450195
-11.314207077026367
-11.311128616333008
-11.311196327209473
-11.306159019470215
-11.309164047241211
-11.30978012084961
-11.311128616333008
-11.313940048217773
-11.309052467346191
-11.303712844848633
-11.296188354492188
-11.29680061340332
-11.302434921264648
-11.309892654418945
-11.315515518188477
-11.308876991271973
-11.304755210876465
-11.295172691345215
-11.292823791503906
-11.30286979675293
-11.308501243591309
-11.312859535217285
-11.310800552368164
-11.309128761291504
-11.301470756530762
-11.301079750061035
-11.307357788085938
-11.307149887084961
-11.309993743896484
-11.314913749694824
-11.313152313232422
-11.31363296508789
-11.313244819641113
-11.31165599822998
-11.312409400939941
-11.312896728515625
-11.312947273254395
-11.313833236694336
-11.314170837402344
-11.312353134155273
-11.310669898986816
-11.30667781829834
-11.30809497833252
-11.310717582702637
-11.312030792236328
-11.315356254577637
-11.312564849853516
-11.313167572021484
-11.31553840637207
-11.314014434814453
-11.312314987182617
-11.314213752746582
-11.312981605529785
-11.316343307495117
-11.316134452819824
-11.312095642089844
-11.308231353759766
-11.303513526916504
-11.308699607849121
-11.305301666259766
-11.301351547241211
-11.303313255310059
-11.308305740356445
-11.3135347366333
-11.311454772949219
-11.308130264282227
-11.293737411499023
-11.277063369750977
-11.280462265014648
-11.30084228515625
-11.312832832336426
-11.31212043762207
-11.303683280944824
-11.2969388961792
-11.294620513916016
-11.299840927124023
-11.304348945617676
-11.307913780212402
-11.311683654785156
-11.315305709838867
-11.319005966186523
-11.313756942749023
-11.306756019592285
-11.305675506591797
-11.304159164428711
-11.306612014770508
-11.306742668151855
-11.312003135681152
-11.31627368927002
-11.307337760925293
-11.292359352111816
-11.279627799987793
-11.27741813659668
-11.280142784118652
-11.291505813598633
-11.31277847290039
-11.317343711853027
-11.31240177154541
-11.314785957336426
-11.316217422485352
-11.315729141235352
-11.31401252746582
-11.313700675964355
-11.31456184387207
-11.314863204956055
-11.3151273727417
-11.313735008239746
-11.315179824829102
-11.316305160522461
-11.313872337341309
-11.311285972595215
-11.31106185913086
-11.311849594116211
-11.312346458435059
-11.313729286193848
-11.31477165222168
-11.31490421295166
-11.316131591796875
-11.315031051635742
-11.314126014709473
-11.316458702087402
-11.314270973205566
-11.315413475036621
-11.315439224243164
-11.315064430236816
-11.315791130065918
-11.310328483581543
-11.312687873840332
-11.308246612548828
-11.313127517700195
-11.316940307617188
-11.315423011779785
-11.31556224822998
-11.314576148986816
-11.311699867248535
-11.311844825744629
-11.307502746582031
-11.308018684387207
-11.309449195861816
-11.310687065124512
-11.316213607788086
-11.318818092346191
-11.315104484558105
-11.313426971435547
-11.315116882324219
-11.312883377075195
-11.310909271240234
-11.311670303344727
-11.312694549560547
-11.31029987335205
-11.312690734863281
-11.312967300415039
-11.315165519714355
-11.313722610473633
-11.31153392791748
-11.310201644897461
-11.310636520385742
-11.306589126586914
-11.307594299316406
-11.308265686035156
-11.312438011169434
-11.315239906311035
-11.314238548278809
-11.293499946594238
-11.2492036819458
-11.234076499938965
-11.254973411560059
-11.29234790802002
-11.312493324279785
-11.311269760131836
-11.297735214233398
-11.276474952697754
-11.27285385131836
-11.28040599822998
-11.30589771270752
-11.314571380615234
-11.29729175567627
-11.277059555053711
-11.265256881713867
-11.273345947265625
-11.295971870422363
-11.311809539794922
-11.314669609069824
-11.308210372924805
-11.306065559387207
-11.301985740661621
-11.306368827819824
-11.313658714294434
-11.315498352050781
-11.315563201904297
-11.312450408935547
-11.302268028259277
-11.281620979309082
-11.281792640686035
-11.28884220123291
-11.300092697143555
-11.312053680419922
-11.316434860229492
-11.31309700012207
-11.31112003326416
-11.302589416503906
-11.292065620422363
-11.29678726196289
-11.30703067779541
-11.312795639038086
-11.318537712097168
-11.317313194274902
-11.314474105834961
-11.31265640258789
-11.311731338500977
-11.307793617248535
-11.306451797485352
-11.311120986938477
-11.31639575958252
-11.316710472106934
-11.317201614379883
-11.313369750976562
-11.308552742004395
-11.304045677185059
-11.30628776550293
-11.30900764465332
-11.310142517089844
-11.312980651855469
-11.314805030822754
-11.317296028137207
-11.31659984588623
-11.31879997253418
-11.317127227783203
-11.318706512451172
-11.319403648376465
-11.320348739624023
-11.316740989685059
-11.317697525024414
-11.318305969238281
-11.31875991821289
-11.317422866821289
-11.3165283203125
-11.31444263458252
-11.312715530395508
-11.313708305358887
-11.313292503356934
-11.31888198852539
-11.316760063171387
-11.316110610961914
-11.31765365600586
-11.315227508544922
-11.31425952911377
-11.316217422485352
-11.315762519836426
-11.315197944641113
-11.317178726196289
-11.317614555358887
-11.318142890930176
-11.319273948669434
-11.315893173217773
-11.31734848022461
-11.320347785949707
-11.317627906799316
-11.314602851867676
-11.315712928771973
-11.309879302978516
-11.310219764709473
-11.309799194335938
-11.312795639038086
-11.315415382385254
-11.318378448486328
-11.319302558898926
-11.317758560180664
-11.319117546081543
-11.320651054382324
-11.320321083068848
-11.318925857543945
-11.316008567810059
-11.318442344665527
-11.318656921386719
-11.31572151184082
-11.321083068847656
-11.318359375
-11.320094108581543
-11.31977653503418
-11.3208646774292
-11.316665649414062
-11.32036018371582
-11.318711280822754
-11.31773567199707
-11.315244674682617
-11.317919731140137
-11.318169593811035
-11.321133613586426
-11.319977760314941
-11.316611289978027
-11.314610481262207
-11.310234069824219
-11.307927131652832
-11.304262161254883
-11.298233032226562
-11.291324615478516
-11.293355941772461
-11.296619415283203
-11.311066627502441
-11.314888954162598
-11.311490058898926
-11.313183784484863
-11.313175201416016
-11.315936088562012
-11.311666488647461
-11.312768936157227
-11.314765930175781
-11.310770988464355
-11.31106185913086
-11.316434860229492
-11.316410064697266
-11.319599151611328
-11.318268775939941
-11.317651748657227
-11.320493698120117
-11.318940162658691
-11.316285133361816
-11.312527656555176
-11.306300163269043
-11.302900314331055
-11.295743942260742
-11.292959213256836
-11.29172134399414
-11.30368709564209
-11.308557510375977
-11.312178611755371
-11.315446853637695
-11.316873550415039
-11.31680679321289
-11.316923141479492
-11.312032699584961
-11.311461448669434
-11.312681198120117
-11.318927764892578
-11.318077087402344
-11.318465232849121
-11.315773963928223
-11.31197738647461
-11.299570083618164
-11.288792610168457
-11.280128479003906
-11.285502433776855
-11.297514915466309
-11.300227165222168
-11.309767723083496
-11.312225341796875
-11.309488296508789
-11.307815551757812
-11.314745903015137
-11.317428588867188
-11.311208724975586
-11.295735359191895
-11.282693862915039
-11.287022590637207
-11.298506736755371
-11.303305625915527
-11.30979061126709
-11.311971664428711
-11.312278747558594
-11.316052436828613
-11.314631462097168
-11.314140319824219
-11.312422752380371
-11.31636905670166
-11.316242218017578
-11.318920135498047
-11.318641662597656
-11.32262134552002
-11.31894588470459
-11.31855583190918
-11.319804191589355
-11.319112777709961
-11.309940338134766
-11.30693531036377
-11.305353164672852
-11.31015396118164
-11.313079833984375
-11.31694221496582
-11.318796157836914
-11.317874908447266
-11.302227020263672
-11.280752182006836
-11.261813163757324
-11.259008407592773
-11.27767562866211
-11.303366661071777
-11.317943572998047
-11.313199043273926
-11.303549766540527
-11.298314094543457
-11.299909591674805
-11.302882194519043
-11.306251525878906
-11.310335159301758
-11.31629753112793
-11.313253402709961
-11.302270889282227
-11.292409896850586
-11.289826393127441
-11.2943696975708
-11.298125267028809
-11.309285163879395
-11.31574821472168
-11.320645332336426
-11.319880485534668
-11.31923770904541
-11.309124946594238
-11.3003511428833
-11.293764114379883
-11.299660682678223
-11.31070613861084
-11.320860862731934
-11.318395614624023
-11.31407642364502
-11.29737663269043
-11.287766456604004
-11.290470123291016
-11.298239707946777
-11.309979438781738
-11.316904067993164
-11.319254875183105
-11.314868927001953
-11.310126304626465
-11.308930397033691
-11.316701889038086
-11.320881843566895
-11.320080757141113
-11.317166328430176
-11.314157485961914
-11.303101539611816
-11.292078971862793
-11.287209510803223
-11.29797649383545
-11.31262493133545
-11.321993827819824
-11.313743591308594
-11.288407325744629
-11.266499519348145
-11.270223617553711
-11.295628547668457
-11.316370010375977
-11.319128036499023
-11.311297416687012
-11.2966890335083
-11.287885665893555
-11.30014419555664
-11.306288719177246
-11.313627243041992
-11.320425987243652
-11.321040153503418
-11.309340476989746
-11.301461219787598
-11.298072814941406
-11.296798706054688
-11.303740501403809
-11.312331199645996
-11.320416450500488
-11.32130241394043
-11.316396713256836
-11.3121919631958
-11.301223754882812
-11.303557395935059
-11.310625076293945
-11.322381973266602
-11.317035675048828
-11.302693367004395
-11.299541473388672
-11.302453994750977
-11.308043479919434
-11.316729545593262
-11.319604873657227
-11.32271671295166
-11.319670677185059
-11.319487571716309
-11.318607330322266
-11.314748764038086
-11.315125465393066
-11.31989860534668
-11.321493148803711
-11.322051048278809
-11.321834564208984
-11.32131290435791
-11.31765079498291
-11.316709518432617
-11.312906265258789
-11.308629989624023
-11.3101167678833
-11.31231689453125
-11.31977367401123
-11.32331657409668
-11.318968772888184
-11.315773010253906
-11.314705848693848
-11.314554214477539
-11.316645622253418
-11.318061828613281
-11.321860313415527
-11.321609497070312
-11.316940307617188
-11.317564964294434
-11.31956672668457
-11.321340560913086
-11.319587707519531
-11.323033332824707
-11.323142051696777
-11.323328971862793
-11.3209228515625
-11.323037147521973
-11.324464797973633
-11.322911262512207
-11.322084426879883
-11.321950912475586
-11.324642181396484
-11.322996139526367
-11.320971488952637
-11.321202278137207
-11.322906494140625
-11.321562767028809
-11.323771476745605
-11.323396682739258
-11.323417663574219
-11.324394226074219
-11.323099136352539
-11.320793151855469
-11.320924758911133
-11.323789596557617
-11.321821212768555
-11.325809478759766
-11.321473121643066
-11.32146167755127
-11.324109077453613
-11.320290565490723
-11.325201034545898
-11.324846267700195
-11.32380199432373
-11.321978569030762
-11.32564926147461
-11.323711395263672
-11.32176685333252
-11.321863174438477
-11.322846412658691
-11.321100234985352
-11.323928833007812
-11.321739196777344
-11.322399139404297
-11.32319450378418
-11.324655532836914
-11.31994342803955
-11.320564270019531
-11.320240020751953
-11.323617935180664
-11.320396423339844
-11.322381019592285
-11.324469566345215
-11.319894790649414
-11.32278060913086
-11.324464797973633
-11.325228691101074
-11.32403564453125
-11.32243537902832
-11.321868896484375
-11.321351051330566
-11.32178783416748
-11.322596549987793
-11.321418762207031
-11.321050643920898
-11.319716453552246
-11.319652557373047
-11.318472862243652
-11.319852828979492
-11.31331729888916
-11.310564041137695
-11.3095703125
-11.305312156677246
-11.307747840881348
-11.311225891113281
-11.310450553894043
-11.30667781829834
-11.302608489990234
-11.303107261657715
-11.302791595458984
-11.31165885925293
-11.319737434387207
-11.32112979888916
-11.324230194091797
-11.322513580322266
-11.322178840637207
-11.315718650817871
-11.304129600524902
-11.305678367614746
-11.29460620880127
-11.297486305236816
-11.299044609069824
-11.30254077911377
-11.315155982971191
-11.319537162780762
-11.319573402404785
-11.31197452545166
-11.30002212524414
-11.291693687438965
-11.29404067993164
-11.305694580078125
-11.319328308105469
-11.321781158447266
-11.31489086151123
-11.304174423217773
-11.27359390258789
-11.251460075378418
-11.267831802368164
-11.29861831665039
-11.317578315734863
-11.321442604064941
-11.316145896911621
-11.299651145935059
-11.2827787399292
-11.276041984558105
-11.282770156860352
-11.29890251159668
-11.317582130432129
-11.32607364654541
-11.31519889831543
-11.305233001708984
-11.295987129211426
-11.296669960021973
-11.289202690124512
-11.297822952270508
-11.316043853759766
-11.32640552520752
-11.316804885864258
-11.29631519317627
-11.282851219177246
-11.284783363342285
-11.31169605255127
-11.31854248046875
-11.310356140136719
-11.285306930541992
-11.271261215209961
-11.287549018859863
-11.315143585205078
-11.31873607635498
-11.301112174987793
-11.278829574584961
-11.283011436462402
-11.305655479431152
-11.316391944885254
-11.312929153442383
-11.30028247833252
-11.285037994384766
-11.294055938720703
-11.313496589660645
-11.325399398803711
-11.311628341674805
-11.291343688964844
-11.29377555847168
-11.305793762207031
-11.31751537322998
-11.321334838867188
-11.314519882202148
-11.302109718322754
-11.298900604248047
-11.306178092956543
-11.318990707397461
-11.323835372924805
-11.321690559387207
-11.31389045715332
-11.301400184631348
-11.30386734008789
-11.315328598022461
-11.324398040771484
-11.320494651794434
-11.315301895141602
-11.30495834350586
-11.309296607971191
-11.316218376159668
-11.321708679199219
-11.324040412902832
-11.318594932556152
-11.315723419189453
-11.31879711151123
-11.321731567382812
-11.324414253234863
-11.323149681091309
-11.32124137878418
-11.323454856872559
-11.324591636657715
-11.321428298950195
-11.322635650634766
-11.323616981506348
-11.322639465332031
-11.325414657592773
-11.32149887084961
-11.3172607421875
-11.314820289611816
-11.3140869140625
-11.31882095336914
-11.323976516723633
-11.32447624206543
-11.32121753692627
-11.31152057647705
-11.312345504760742
-11.315553665161133
-11.317158699035645
-11.316247940063477
-11.3230619430542
-11.322640419006348
-11.32651424407959
-11.325562477111816
-11.325129508972168
-11.321556091308594
-11.321081161499023
-11.325368881225586
-11.320883750915527
-11.318280220031738
-11.31574821472168
-11.315608024597168
-11.321942329406738
-11.324994087219238
-11.325244903564453
-11.323739051818848
-11.319770812988281
-11.320012092590332
-11.319272994995117
-11.32301139831543
-11.324013710021973
-11.323406219482422
-11.324516296386719
-11.32237720489502
-11.321535110473633
-11.322362899780273
-11.32559871673584
-11.323860168457031
-11.323638916015625
-11.32517147064209
-11.326934814453125
-11.326706886291504
-11.326963424682617
-11.322473526000977
-11.3247652053833
-11.324848175048828
-11.322312355041504
-11.323697090148926
-11.318346977233887
-11.318222045898438
-11.31826400756836
-11.322854042053223
-11.323780059814453
-11.324755668640137
-11.322080612182617
-11.326591491699219
-11.325390815734863
-11.325034141540527
-11.324424743652344
-11.325498580932617
-11.325279235839844
-11.329187393188477
-11.325969696044922
-11.326415061950684
-11.325604438781738
-11.325928688049316
-11.324065208435059
-11.325271606445312
-11.324363708496094
-11.320474624633789
-11.321356773376465
-11.325162887573242
-11.32463264465332
-11.323511123657227
-11.321833610534668
-11.3236722946167
-11.320573806762695
-11.31806755065918
-11.318931579589844
-11.314727783203125
-11.316790580749512
-11.318596839904785
-11.317193984985352
-11.314669609069824
-11.315666198730469
-11.314483642578125
-11.319623947143555
-11.319026947021484
-11.322339057922363
-11.324451446533203
-11.324647903442383
-11.327012062072754
-11.324477195739746
-11.325445175170898
-11.326562881469727
-11.32222843170166
-11.327154159545898
-11.324628829956055
-11.325242042541504
-11.326451301574707
-11.324499130249023
-11.321988105773926
-11.3240327835083
-11.32211971282959
-11.318706512451172
-11.317447662353516
-11.31772518157959
-11.320764541625977
-11.316587448120117
-11.32063102722168
-11.32218074798584
-11.325409889221191
-11.32683277130127
-11.323761940002441
-11.325400352478027
-11.322793006896973
-11.323742866516113
-11.322028160095215
-11.318742752075195
-11.31517505645752
-11.311798095703125
-11.30628490447998
-11.301411628723145
-11.297624588012695
-11.2969970703125
-11.305624961853027
-11.315110206604004
-11.320786476135254
-11.322863578796387
-11.316749572753906
-11.308377265930176
-11.298391342163086
-11.29488468170166
-11.291202545166016
-11.291264533996582
-11.304320335388184
-11.316200256347656
-11.323492050170898
-11.323718070983887
-11.321502685546875
-11.315726280212402
-11.302064895629883
-11.286060333251953
-11.282217979431152
-11.295336723327637
-11.314330101013184
-11.320464134216309
-11.325020790100098
-11.323466300964355
-11.323690414428711
-11.317863464355469
-11.307602882385254
-11.30846881866455
-11.31112289428711
-11.310016632080078
-11.314369201660156
-11.318267822265625
-11.322839736938477
-11.325577735900879
-11.324087142944336
-11.312817573547363
-11.308964729309082
-11.31071949005127
-11.318774223327637
-11.322080612182617
-11.324729919433594
-11.325010299682617
-11.313481330871582
-11.308015823364258
-11.307548522949219
-11.310332298278809
-11.316130638122559
-11.321147918701172
-11.326728820800781
-11.325762748718262
-11.322776794433594
-11.31607437133789
-11.306624412536621
-11.302200317382812
-11.30660629272461
-11.31450366973877
-11.3218355178833
-11.326042175292969
-11.325998306274414
-11.325926780700684
-11.317839622497559
-11.307025909423828
-11.301592826843262
-11.302470207214355
-11.313319206237793
-11.318354606628418
-11.325188636779785
-11.325933456420898
-11.322515487670898
-11.323065757751465
-11.317081451416016
-11.314366340637207
-11.319025993347168
-11.316598892211914
-11.322916030883789
-11.32698917388916
-11.3270263671875
-11.321038246154785
-11.319405555725098
-11.314836502075195
-11.310794830322266
-11.314362525939941
-11.322994232177734
-11.325105667114258
-11.325307846069336
-11.32221794128418
-11.317317962646484
-11.302329063415527
-11.300883293151855
-11.304625511169434
-11.317530632019043
-11.323671340942383
-11.317991256713867
-11.308576583862305
-11.29992961883545
-11.302295684814453
-11.312878608703613
-11.319355964660645
-11.323555946350098
-11.325931549072266
-11.325765609741211
-11.326028823852539
-11.322917938232422
-11.326762199401855
-11.327178001403809
-11.326919555664062
-11.326946258544922
-11.325742721557617
-11.322908401489258
-11.323009490966797
-11.32007884979248
-11.316427230834961
-11.317316055297852
-11.316792488098145
-11.3154296875
-11.314215660095215
-11.315937995910645
-11.31627368927002
-11.32210636138916
-11.326298713684082
-11.318702697753906
-11.293692588806152
-11.271309852600098
-11.285623550415039
-11.314882278442383
-11.318580627441406
-11.290576934814453
-11.25461483001709
-11.249372482299805
-11.286498069763184
-11.321584701538086
-11.321481704711914
-11.301692962646484
-11.288203239440918
-11.294001579284668
-11.305929183959961
-11.318230628967285
-11.319037437438965
-11.303495407104492
-11.282025337219238
-11.280083656311035
-11.297097206115723
-11.316536903381348
-11.326753616333008
-11.32741928100586
-11.321573257446289
-11.316948890686035
-11.311543464660645
-11.314360618591309
-11.322457313537598
-11.32620620727539
-11.323526382446289
-11.32243824005127
-11.313888549804688
-11.310493469238281
-11.316291809082031
-11.321139335632324
-11.323997497558594
-11.324624061584473
-11.320906639099121
-11.316014289855957
-11.314375877380371
-11.318705558776855
-11.323332786560059
-11.324907302856445
-11.318992614746094
-11.318652153015137
-11.318480491638184
-11.323637008666992
-11.318611145019531
-11.316840171813965
-11.323694229125977
-11.32843017578125
-11.328699111938477
-11.325835227966309
-11.326647758483887
-11.325532913208008
-11.326762199401855
-11.327568054199219
-11.327567100524902
-11.328727722167969
-11.328754425048828
-11.327024459838867
-11.32589340209961
-11.326586723327637
-11.32264232635498
-11.32591724395752
-11.32939338684082
-11.328094482421875
-11.329376220703125
-11.326282501220703
-11.326830863952637
-11.32468032836914
-11.3253755569458
-11.328399658203125
-11.325335502624512
-11.327248573303223
-11.327869415283203
-11.3266019821167
-11.329076766967773
-11.329904556274414
-11.327491760253906
-11.329329490661621
-11.331125259399414
-11.327350616455078
-11.32744026184082
-11.327920913696289
-11.325961112976074
-11.326977729797363
-11.3267240524292
-11.32684326171875
-11.328455924987793
-11.328669548034668
-11.32889461517334
-11.326730728149414
-11.3287353515625
-11.327858924865723
-11.325658798217773
-11.32700252532959
-11.327539443969727
-11.328068733215332
-11.32896900177002
-11.326970100402832
-11.328590393066406
-11.32799243927002
-11.328857421875
-11.329204559326172
-11.330729484558105
-11.329947471618652
-11.327631950378418
-11.326523780822754
-11.328790664672852
-11.331088066101074
-11.329517364501953
-11.326827049255371
-11.32728385925293
-11.329996109008789
-11.32828426361084
-11.328825950622559
-11.323819160461426
-11.32132339477539
-11.32022762298584
-11.323115348815918
-11.325129508972168
-11.326258659362793
-11.32886791229248
-11.329959869384766
-11.329442024230957
-11.327516555786133
-11.32756519317627
-11.324075698852539
-11.324491500854492
-11.326345443725586
-11.321876525878906
-11.322975158691406
-11.326294898986816
-11.322749137878418
-11.320120811462402
-11.318534851074219
-11.320587158203125
-11.316242218017578
-11.317177772521973
-11.317795753479004
-11.319050788879395
-11.325397491455078
-11.330831527709961
-11.320939064025879
-11.308340072631836
-11.294357299804688
-11.293069839477539
-11.297384262084961
-11.304720878601074
-11.318827629089355
-11.324271202087402
-11.330007553100586
-11.32469654083252
-11.318092346191406
-11.307141304016113
-11.298685073852539
-11.284293174743652
-11.283173561096191
-11.283825874328613
-11.299046516418457
-11.315974235534668
-11.324654579162598
-11.330659866333008
-11.328994750976562
-11.324029922485352
-11.319581031799316
-11.320467948913574
-11.318819999694824
-11.314237594604492
-11.313929557800293
-11.320265769958496
-11.323256492614746
-11.32705020904541
-11.328757286071777
-11.328847885131836
-11.329164505004883
-11.328985214233398
-11.328145027160645
-11.324130058288574
-11.323604583740234
-11.325114250183105
-11.32096004486084
-11.320396423339844
-11.320667266845703
-11.320042610168457
-11.318696022033691
-11.323873519897461
-11.327682495117188
-11.33017635345459
-11.325126647949219
-11.315062522888184
-11.302953720092773
-11.301891326904297
-11.308419227600098
-11.316911697387695
-11.326359748840332
-11.328983306884766
-11.330909729003906
-11.326604843139648
-11.328710556030273
-11.325617790222168
-11.324555397033691
-11.32638168334961
-11.322789192199707
-11.320935249328613
-11.32038402557373
-11.3184232711792
-11.319408416748047
-11.32140827178955
-11.323905944824219
-11.326739311218262
-11.328507423400879
-11.328795433044434
-11.328696250915527
-11.328486442565918
-11.331184387207031
-11.331088066101074
-11.326591491699219
-11.322699546813965
-11.320964813232422
-11.317824363708496
-11.309130668640137
-11.304581642150879
-11.30785083770752
-11.317261695861816
-11.323486328125
-11.323812484741211
-11.32658576965332
-11.323957443237305
-11.320453643798828
-11.325636863708496
-11.327326774597168
-11.328985214233398
-11.329154968261719
-11.330782890319824
-11.329270362854004
-11.327970504760742
-11.327093124389648
-11.323807716369629
-11.324041366577148
-11.321878433227539
-11.320700645446777
-11.317659378051758
-11.31424331665039
-11.315902709960938
-11.312013626098633
-11.310510635375977
-11.31772232055664
-11.319911003112793
-11.32729721069336
-11.328750610351562
-11.318998336791992
-11.312337875366211
-11.308998107910156
-11.309710502624512
-11.309233665466309
-11.307596206665039
-11.312712669372559
-11.315996170043945
-11.31263542175293
-11.313533782958984
-11.31644344329834
-11.314064979553223
-11.30413818359375
-11.301074028015137
-11.304099082946777
-11.314175605773926
-11.321866989135742
-11.326204299926758
-11.328338623046875
-11.320632934570312
-11.318061828613281
-11.317375183105469
-11.312111854553223
-11.309892654418945
-11.316147804260254
-11.321971893310547
-11.32822322845459
-11.332104682922363
-11.327598571777344
-11.324685096740723
-11.31905746459961
-11.31375789642334
-11.31391716003418
-11.321966171264648
-11.325665473937988
-11.325179100036621
-11.306540489196777
-11.292264938354492
-11.288765907287598
-11.302568435668945
-11.321434020996094
-11.327792167663574
-11.305644035339355
-11.285075187683105
-11.285638809204102
-11.302533149719238
-11.320605278015137
-11.327655792236328
-11.325875282287598
-11.324435234069824
-11.329363822937012
-11.325886726379395
-11.318877220153809
-11.3103609085083
-11.30370044708252
-11.3075532913208
-11.298933982849121
-11.304076194763184
-11.315386772155762
-11.330528259277344
-11.327722549438477
-11.315793991088867
-11.308876037597656
-11.308554649353027
-11.321457862854004
-11.325762748718262
-11.318105697631836
-11.297027587890625
-11.285706520080566
-11.295564651489258
-11.319524765014648
-11.330558776855469
-11.322684288024902
-11.307743072509766
-11.295027732849121
-11.298003196716309
-11.318387031555176
-11.327727317810059
-11.32461166381836
-11.319866180419922
-11.316858291625977
-11.31322956085205
-11.319746971130371
-11.321832656860352
-11.313923835754395
-11.30849838256836
-11.309574127197266
-11.320962905883789
-11.330646514892578
-11.328786849975586
-11.326459884643555
-11.323902130126953
-11.328369140625
-11.332357406616211
-11.328193664550781
-11.322336196899414
-11.325569152832031
-11.327194213867188
-11.328097343444824
-11.328958511352539
-11.326581954956055
-11.329307556152344
-11.331657409667969
-11.325931549072266
-11.327958106994629
-11.32744312286377
-11.327686309814453
-11.327155113220215
-11.323230743408203
-11.328197479248047
-11.329828262329102
-11.323740005493164
-11.30457878112793
-11.297842979431152
-11.310205459594727
-11.327320098876953
-11.32925033569336
-11.325140953063965
-11.32617473602295
-11.32551097869873
-11.327079772949219
-11.328259468078613
-11.328400611877441
-11.332365036010742
-11.33133602142334
-11.329153060913086
-11.331289291381836
-11.33069896697998
-11.330041885375977
-11.327986717224121
-11.327319145202637
-11.320722579956055
-11.31422233581543
-11.312886238098145
-11.316854476928711
-11.31937313079834
-11.328912734985352
-11.333669662475586
-11.327186584472656
-11.324787139892578
-11.326518058776855
-11.329917907714844
-11.331822395324707
-11.325098037719727
-11.326025009155273
-11.326278686523438
-11.324891090393066
-11.326285362243652
-11.327919006347656
-11.331120491027832
-11.327847480773926
-11.330256462097168
-11.32984733581543
-11.328051567077637
-11.329855918884277
-11.331685066223145
-11.3296537399292
-11.329558372497559
-11.327342987060547
-11.32648754119873
-11.32627010345459
-11.324748039245605
-11.324542045593262
-11.32667350769043
-11.330642700195312
-11.326810836791992
-11.330408096313477
-11.329828262329102
-11.328445434570312
-11.331188201904297
-11.32918643951416
-11.331157684326172
-11.33021354675293
-11.330303192138672
-11.328876495361328
-11.328808784484863
-11.327067375183105
-11.3253812789917
-11.32544231414795
-11.321942329406738
-11.32150936126709
-11.32154655456543
-11.32544231414795
-11.325235366821289
-11.330060958862305
-11.327188491821289
-11.3297758102417
-11.330818176269531
-11.331910133361816
-11.33110237121582
-11.333881378173828
-11.3285551071167
-11.33065414428711
-11.325325012207031
-11.326669692993164
-11.326929092407227
-11.325233459472656
-11.319305419921875
-11.3231782913208
-11.323949813842773
-11.326026916503906
-11.323732376098633
-11.325067520141602
-11.327011108398438
-11.327391624450684
-11.327539443969727
-11.331311225891113
-11.331416130065918
-11.331694602966309
-11.32702350616455
-11.325068473815918
-11.319927215576172
-11.317861557006836
-11.31436824798584
-11.31887435913086
-11.325210571289062
-11.328922271728516
-11.3314790725708
-11.329951286315918
-11.324127197265625
-11.325637817382812
-11.320967674255371
-11.316361427307129
-11.3065824508667
-11.301322937011719
-11.306836128234863
-11.320660591125488
-11.328388214111328
-11.322488784790039
-11.31383228302002
-11.30364990234375
-11.29593276977539
-11.302335739135742
-11.320201873779297
-11.321269035339355
-11.307670593261719
-11.287832260131836
-11.281291961669922
-11.292596817016602
-11.3143310546875
-11.32561206817627
-11.320652961730957
-11.295783042907715
-11.276074409484863
-11.287311553955078
-11.315540313720703
-11.32745361328125
-11.312225341796875
-11.274336814880371
-11.269683837890625
-11.296396255493164
-11.32469367980957
-11.330878257751465
-11.32601261138916
-11.320145606994629
-11.322991371154785
-11.32934284210205
-11.324098587036133
-11.308929443359375
-11.294344902038574
-11.298210144042969
-11.319437980651855
-11.33063793182373
-11.328184127807617
-11.325614929199219
-11.324336051940918
-11.323001861572266
-11.321144104003906
-11.324263572692871
-11.329126358032227
-11.32919979095459
-11.331825256347656
-11.331449508666992
-11.329002380371094
-11.32729434967041
-11.326664924621582
-11.323639869689941
-11.319647789001465
-11.320233345031738
-11.321564674377441
-11.325162887573242
-11.33106517791748
-11.329025268554688
-11.319476127624512
-11.311264038085938
-11.312461853027344
-11.323623657226562
-11.33195972442627
-11.330692291259766
-11.327880859375
-11.322090148925781
-11.321867942810059
-11.327272415161133
-11.3307466506958
-11.330994606018066
-11.332697868347168
-11.32756233215332
-11.325061798095703
-11.3267822265625
-11.326786041259766
-11.328971862792969
-11.331840515136719
-11.328715324401855
-11.324308395385742
-11.323729515075684
-11.326574325561523
-11.327795028686523
-11.330748558044434
-11.33140754699707
-11.331608772277832
-11.330002784729004
-11.331265449523926
-11.330967903137207
-11.332213401794434
-11.331998825073242
-11.334948539733887
-11.33284854888916
-11.332408905029297
-11.331318855285645
-11.332782745361328
-11.3294677734375
-11.331849098205566
-11.329641342163086
-11.33357048034668
-11.333127975463867
-11.333043098449707
-11.333351135253906
-11.332289695739746
-11.33145523071289
-11.331605911254883
-11.332215309143066
-11.333133697509766
-11.331180572509766
-11.334647178649902
-11.334321022033691
-11.332916259765625
-11.330917358398438
-11.331437110900879
-11.333102226257324
-11.332633018493652
-11.332898139953613
-11.333195686340332
-11.333740234375
-11.33305835723877
-11.332809448242188
-11.335384368896484
-11.333565711975098
-11.33476734161377
-11.332356452941895
-11.331174850463867
-11.333573341369629
-11.332990646362305
-11.33121109008789
-11.334036827087402
-11.330183982849121
-11.331072807312012
-11.335074424743652
-11.33540153503418
-11.332002639770508
-11.332218170166016
-11.33039665222168
-11.327229499816895
-11.326239585876465
-11.32790756225586
-11.330078125
-11.330488204956055
-11.331592559814453
-11.33385181427002
-11.333982467651367
-11.33202075958252
-11.333877563476562
-11.332915306091309
-11.330767631530762
-11.328532218933105
-11.332255363464355
-11.334461212158203
-11.329352378845215
-11.333455085754395
-11.332305908203125
-11.332727432250977
-11.331987380981445
-11.331964492797852
-11.333293914794922
-11.334053039550781
-11.331242561340332
-11.333467483520508
-11.332160949707031
-11.33089542388916
-11.329282760620117
-11.324233055114746
-11.320330619812012
-11.31663990020752
-11.313258171081543
-11.314422607421875
-11.310539245605469
-11.307031631469727
-11.309536933898926
-11.311328887939453
-11.315777778625488
-11.324783325195312
-11.324930191040039
-11.329063415527344
-11.324254035949707
-11.328283309936523
-11.33125114440918
-11.331270217895508
-11.33045482635498
-11.328185081481934
-11.325690269470215
-11.325064659118652
-11.319342613220215
-11.314855575561523
-11.312830924987793
-11.314367294311523
-11.321544647216797
-11.323385238647461
-11.328450202941895
-11.3322172164917
-11.333270072937012
-11.326637268066406
-11.310277938842773
-11.300009727478027
-11.2974853515625
-11.306975364685059
-11.319869041442871
-11.327201843261719
-11.326924324035645
-11.329215049743652
-11.331600189208984
-11.333868026733398
-11.334575653076172
-11.330360412597656
-11.327093124389648
-11.32514762878418
-11.316181182861328
-11.308210372924805
-11.303559303283691
-11.307818412780762
-11.321250915527344
-11.329618453979492
-11.33372688293457
-11.323101997375488
-11.299642562866211
-11.283905029296875
-11.300557136535645
-11.322539329528809
-11.329521179199219
-11.33012866973877
-11.321403503417969
-11.311166763305664
-11.30300521850586
-11.31434154510498
-11.327535629272461
-11.330784797668457
-11.331259727478027
-11.324760437011719
-11.311729431152344
-11.295673370361328
-11.297282218933105
-11.315230369567871
-11.330032348632812
-11.314496994018555
-11.282857894897461
-11.265764236450195
-11.298382759094238
-11.32282829284668
-11.326189994812012
-11.328606605529785
-11.332164764404297
-11.331341743469238
-11.33242416381836
-11.330620765686035
-11.328932762145996
-11.330228805541992
-11.332146644592285
-11.329858779907227
-11.327458381652832
-11.32062816619873
-11.318479537963867
-11.316064834594727
-11.321783065795898
-11.326784133911133
-11.331197738647461
-11.332364082336426
-11.33119010925293
-11.331876754760742
-11.331016540527344
-11.332454681396484
-11.333131790161133
-11.331952095031738
-11.332175254821777
-11.33229923248291
-11.331754684448242
-11.330735206604004
-11.334035873413086
-11.333990097045898
-11.33337688446045
-11.330927848815918
-11.33397102355957
-11.331000328063965
-11.33188533782959
-11.3323335647583
-11.331158638000488
-11.33287239074707
-11.333331108093262
-11.333402633666992
-11.332754135131836
-11.33324909210205
-11.332198143005371
-11.332687377929688
-11.330257415771484
-11.330018997192383
-11.333117485046387
-11.333742141723633
-11.334681510925293
-11.33434009552002
-11.333759307861328
-11.331113815307617
-11.327287673950195
-11.32669734954834
-11.321992874145508
-11.320856094360352
-11.323006629943848
-11.32553768157959
-11.325119972229004
-11.326627731323242
-11.327628135681152
-11.324309349060059
-11.324477195739746
-11.317604064941406
-11.317802429199219
-11.32118034362793
-11.326239585876465
-11.330001831054688
-11.333200454711914
-11.333687782287598
-11.331924438476562
-11.325531005859375
-11.320417404174805
-11.316145896911621
-11.315181732177734
-11.311450958251953
-11.31112003326416
-11.31224250793457
-11.322129249572754
-11.328693389892578
-11.33181095123291
-11.331732749938965
-11.329184532165527
-11.331031799316406
-11.331912994384766
-11.333956718444824
-11.331637382507324
-11.329337120056152
-11.323467254638672
-11.326891899108887
-11.327052116394043
-11.327102661132812
-11.328617095947266
-11.330002784729004
-11.334892272949219
-11.332541465759277
-11.328242301940918
-11.320411682128906
-11.312819480895996
-11.308919906616211
-11.306041717529297
-11.311046600341797
-11.319382667541504
-11.33183479309082
-11.334795951843262
-11.333240509033203
-11.33143138885498
-11.331371307373047
-11.330327987670898
-11.331939697265625
-11.33066177368164
-11.33188247680664
-11.329075813293457
-11.329882621765137
-11.330842971801758
-11.331960678100586
-11.332671165466309
-11.331942558288574
-11.334238052368164
-11.335042953491211
-11.335854530334473
-11.332816123962402
-11.333470344543457
-11.328771591186523
-11.324568748474121
-11.319353103637695
-11.314031600952148
-11.320676803588867
-11.322948455810547
-11.325533866882324
-11.326168060302734
-11.33181095123291
-11.329176902770996
-11.334250450134277
-11.33099365234375
-11.33029556274414
-11.328989028930664
-11.329374313354492
-11.329903602600098
-11.32573413848877
-11.324698448181152
-11.323887825012207
-11.323813438415527
-11.324190139770508
-11.327220916748047
-11.33156967163086
-11.331162452697754
-11.332133293151855
-11.333991050720215
-11.338403701782227
-11.334526062011719
-11.335800170898438
-11.33364486694336
-11.32950210571289
-11.325465202331543
-11.319793701171875
-11.321441650390625
-11.322184562683105
-11.328713417053223
-11.3308687210083
-11.334997177124023
-11.3341064453125
-11.333209991455078
-11.329453468322754
-11.322571754455566
-11.320236206054688
-11.318106651306152
-11.314872741699219
-11.318875312805176
-11.321929931640625
-11.331074714660645
-11.331422805786133
-11.332074165344238
-11.330976486206055
-11.331637382507324
-11.334341049194336
-11.33156967163086
-11.326614379882812
-11.32758903503418
-11.320235252380371
-11.308807373046875
-11.299226760864258
-11.2966890335083
-11.30794620513916
-11.315632820129395
-11.325227737426758
-11.332475662231445
-11.335626602172852
-11.329556465148926
-11.320853233337402
-11.306678771972656
-11.299358367919922
-11.305586814880371
-11.312825202941895
-11.321711540222168
-11.329985618591309
-11.33608341217041
-11.32740592956543
-11.312677383422852
-11.294612884521484
-11.292743682861328
-11.311800956726074
-11.32784652709961
-11.333063125610352
-11.331856727600098
-11.335268020629883
-11.336028099060059
-11.328116416931152
-11.31063461303711
-11.29035758972168
-11.282005310058594
-11.293591499328613
-11.315776824951172
-11.329943656921387
-11.336711883544922
-11.327842712402344
-11.317500114440918
-11.3174467086792
-11.318045616149902
-11.322406768798828
-11.331042289733887
-11.334857940673828
-11.332784652709961
-11.334602355957031
-11.333780288696289
-11.333603858947754
-11.333789825439453
-11.333468437194824
-11.334933280944824
-11.33444595336914
-11.335700035095215
-11.335281372070312
-11.334501266479492
-11.33336353302002
-11.33260726928711
-11.33544635772705
-11.33475112915039
-11.333900451660156
-11.335532188415527
-11.331958770751953
-11.327558517456055
-11.319405555725098
-11.317317962646484
-11.31621265411377
-11.322649955749512
-11.328227996826172
-11.332999229431152
-11.333940505981445
-11.335594177246094
-11.33438777923584
-11.334192276000977
-11.33453369140625
-11.33301067352295
-11.33214282989502
-11.334315299987793
-11.335498809814453
-11.33582878112793
-11.33419418334961
-11.334964752197266
-11.333170890808105
-11.334205627441406
-11.333638191223145
-11.334067344665527
-11.335765838623047
-11.331822395324707
-11.333102226257324
-11.331013679504395
-11.329113006591797
-11.329373359680176
-11.325852394104004
-11.324987411499023
-11.326835632324219
-11.329845428466797
-11.330739974975586
-11.334882736206055
-11.33018684387207
-11.323354721069336
-11.324275970458984
-11.324658393859863
-11.327018737792969
-11.330138206481934
-11.33324909210205
-11.333296775817871
-11.335465431213379
-11.334290504455566
-11.3314790725708
-11.330039024353027
-11.324505805969238
-11.324345588684082
-11.326859474182129
-11.33133602142334
-11.334087371826172
-11.332043647766113
-11.317998886108398
-11.309574127197266
-11.307770729064941
-11.318058967590332
-11.329873085021973
-11.333267211914062
-11.334158897399902
-11.33446979522705
-11.335678100585938
-11.33748722076416
-11.332974433898926
-11.334370613098145
-11.332304000854492
-11.331598281860352
-11.331061363220215
-11.332923889160156
-11.33169174194336
-11.332000732421875
-11.330413818359375
-11.32758903503418
-11.330327987670898
-11.331840515136719
-11.333633422851562
-11.332648277282715
-11.334982872009277
-11.334383010864258
-11.335416793823242
-11.335637092590332
-11.336504936218262
-11.335442543029785
-11.335734367370605
-11.33679485321045
-11.336588859558105
-11.33659839630127
-11.336519241333008
-11.336185455322266
-11.332925796508789
-11.334654808044434
-11.332529067993164
-11.333730697631836
-11.333060264587402
-11.334253311157227
-11.334091186523438
-11.333498001098633
-11.334686279296875
-11.334044456481934
-11.334914207458496
-11.333187103271484
-11.336749076843262
-11.336112022399902
-11.334373474121094
-11.332569122314453
-11.332110404968262
-11.33363151550293
-11.33305835723877
-11.334624290466309
-11.333767890930176
-11.333415985107422
-11.335593223571777
-11.336191177368164
-11.337089538574219
-11.33592414855957
-11.334609031677246
-11.33608627319336
-11.335491180419922
-11.33392333984375
-11.336748123168945
-11.335543632507324
-11.332130432128906
-11.33069896697998
-11.327439308166504
-11.326517105102539
-11.319050788879395
-11.320436477661133
-11.320300102233887
-11.316826820373535
-11.31202507019043
-11.320728302001953
-11.327445030212402
-11.333770751953125
-11.328675270080566
-11.312233924865723
-11.288990020751953
-11.279870986938477
-11.29516315460205
-11.316652297973633
-11.331868171691895
-11.335922241210938
-11.331626892089844
-11.328313827514648
-11.320590019226074
-11.314228057861328
-11.308502197265625
-11.317193984985352
-11.324662208557129
-11.322970390319824
-11.304323196411133
-11.27673625946045
-11.274600982666016
-11.307352066040039
-11.326173782348633
-11.317712783813477
-11.27756118774414
-11.251206398010254
-11.285237312316895
-11.32455825805664
-11.333563804626465
-11.322592735290527
-11.309629440307617
-11.312677383422852
-11.32967758178711
-11.336564064025879
-11.326899528503418
-11.315587997436523
-11.310675621032715
-11.31748104095459
-11.324867248535156
-11.332714080810547
-11.335477828979492
-11.330817222595215
-11.32736587524414
-11.320377349853516
-11.315947532653809
-11.320162773132324
-11.328925132751465
-11.337411880493164
-11.335714340209961
-11.329268455505371
-11.329150199890137
-11.329976081848145
-11.336026191711426
-11.332000732421875
-11.322750091552734
-11.303633689880371
-11.295648574829102
-11.303357124328613
-11.32174301147461
-11.33287239074707
-11.335816383361816
-11.328723907470703
-11.32286262512207
-11.323846817016602
-11.33059310913086
-11.336142539978027
-11.333759307861328
-11.333154678344727
-11.329233169555664
-11.328934669494629
-11.333829879760742
-11.33525276184082
-11.33364486694336
-11.334293365478516
-11.334196090698242
-11.331331253051758
-11.335285186767578
-11.338088035583496
-11.336079597473145
-11.334251403808594
-11.334115982055664
-11.332283020019531
-11.334935188293457
-11.33776569366455
-11.337628364562988
-11.336472511291504
-11.334930419921875
-11.33447265625
-11.333195686340332
-11.334806442260742
-11.333210945129395
-11.328883171081543
-11.330107688903809
-11.330753326416016
-11.332758903503418
-11.332975387573242
-11.330141067504883
-11.328752517700195
-11.329389572143555
-11.331079483032227
-11.327679634094238
-11.331399917602539
-11.337705612182617
-11.336256980895996
-11.328466415405273
-11.32158088684082
-11.31603717803955
-11.320432662963867
-11.324159622192383
-11.331363677978516
-11.33273696899414
-11.332993507385254
-11.333091735839844
-11.330986022949219
-11.334461212158203
-11.334208488464355
-11.338532447814941
-11.334831237792969
-11.33151912689209
-11.323602676391602
-11.317962646484375
-11.312087059020996
-11.307427406311035
-11.315054893493652
-11.324729919433594
-11.334095001220703
-11.336908340454102
-11.333842277526855
-11.331559181213379
-11.321516990661621
-11.321484565734863
-11.331592559814453
-11.33456802368164
-11.324605941772461
-11.30897045135498
-11.298798561096191
-11.304084777832031
-11.316025733947754
-11.329155921936035
-11.335421562194824
-11.334796905517578
-11.335524559020996
-11.335348129272461
-11.334376335144043
-11.33238697052002
-11.333763122558594
-11.335029602050781
-11.335576057434082
-11.337141990661621
-11.338322639465332
-11.337425231933594
-11.33796501159668
-11.335315704345703
-11.337099075317383
-11.337496757507324
-11.335225105285645
-11.335484504699707
-11.335390090942383
-11.336297988891602
-11.334602355957031
-11.334284782409668
-11.337411880493164
-11.338687896728516
-11.336545944213867
-11.337849617004395
-11.338766098022461
-11.338348388671875
-11.334473609924316
-11.332810401916504
-11.328385353088379
-11.325167655944824
-11.32741641998291
-11.327144622802734
-11.330717086791992
-11.3305025100708
-11.331269264221191
-11.333101272583008
-11.335411071777344
-11.335376739501953
-11.336560249328613
-11.333967208862305
-11.329100608825684
-11.31946849822998
-11.316909790039062
-11.318893432617188
-11.324917793273926
-11.332979202270508
-11.338892936706543
-11.334760665893555
-11.337746620178223
-11.326587677001953
-11.321385383605957
-11.319485664367676
-11.312055587768555
-11.30929946899414
-11.316437721252441
-11.325704574584961
-11.333751678466797
-11.334242820739746
-11.332174301147461
-11.327921867370605
-11.320948600769043
-11.323859214782715
-11.33036994934082
-11.336821556091309
-11.335022926330566
-11.335063934326172
-11.334382057189941
-11.33592414855957
-11.33853816986084
-11.335977554321289
-11.335912704467773
-11.337578773498535
-11.338048934936523
-11.337478637695312
-11.33728313446045
-11.33709716796875
-11.335590362548828
-11.336978912353516
-11.337671279907227
-11.33724308013916
-11.336525917053223
-11.338685035705566
-11.336517333984375
-11.33841609954834
-11.338310241699219
-11.337223052978516
-11.336973190307617
-11.336348533630371
-11.335906982421875
-11.329362869262695
-11.327571868896484
-11.32960319519043
-11.331389427185059
-11.336823463439941
-11.336669921875
-11.340958595275879
-11.33582592010498
-11.336089134216309
-11.332764625549316
-11.329228401184082
-11.327040672302246
-11.32823371887207
-11.326103210449219
-11.32629680633545
-11.327413558959961
-11.330809593200684
-11.330854415893555
-11.334735870361328
-11.336000442504883
-11.335926055908203
-11.336587905883789
-11.33830451965332
-11.335554122924805
-11.333539009094238
-11.330456733703613
-11.330968856811523
-11.33005428314209
-11.332610130310059
-11.336127281188965
-11.336249351501465
-11.33756160736084
-11.336838722229004
-11.338444709777832
-11.339447975158691
-11.335548400878906
-11.333890914916992
-11.333968162536621
-11.3311128616333
-11.33458137512207
-11.337124824523926
-11.336176872253418
-11.336273193359375
-11.33474063873291
-11.332559585571289
-11.327790260314941
-11.322927474975586
-11.322806358337402
-11.321392059326172
-11.32200813293457
-11.323997497558594
-11.325682640075684
-11.32980728149414
-11.332895278930664
-11.33408260345459
-11.33544921875
-11.334644317626953
-11.338461875915527
-11.334891319274902
-11.334949493408203
-11.334187507629395
-11.33847427368164
-11.337959289550781
-11.338650703430176
-11.335424423217773
-11.339534759521484
-11.336682319641113
-11.336298942565918
-11.335352897644043
-11.337981224060059
-11.338372230529785
-11.3375883102417
-11.336956024169922
-11.336981773376465
-11.337250709533691
-11.337698936462402
-11.338252067565918
-11.338481903076172
-11.337658882141113
-11.337559700012207
-11.332856178283691
-11.329829216003418
-11.323990821838379
-11.322769165039062
-11.32211685180664
-11.319430351257324
-11.322830200195312
-11.322336196899414
-11.3229341506958
-11.322759628295898
-11.3261079788208
-11.328048706054688
-11.331948280334473
-11.334465026855469
-11.333671569824219
-11.33836555480957
-11.336587905883789
-11.333033561706543
-11.323819160461426
-11.31889533996582
-11.312416076660156
-11.31075668334961
-11.312725067138672
-11.319561958312988
-11.323938369750977
-11.333334922790527
-11.337024688720703
-11.336063385009766
-11.330421447753906
-11.32032299041748
-11.295707702636719
-11.272309303283691
-11.289864540100098
-11.314282417297363
-11.333599090576172
-11.338213920593262
-11.33583927154541
-11.330718040466309
-11.32477855682373
-11.319854736328125
-11.319013595581055
-11.325227737426758
-11.330140113830566
-11.333454132080078
-11.336069107055664
-11.33848762512207
-11.338713645935059
-11.336952209472656
-11.331738471984863
-11.327340126037598
-11.324505805969238
-11.323922157287598
-11.325141906738281
-11.32487964630127
-11.326143264770508
-11.329363822937012
-11.338239669799805
-11.339410781860352
-11.334670066833496
-11.324070930480957
-11.311460494995117
-11.302144050598145
-11.300469398498535
-11.301849365234375
-11.318985939025879
-11.334842681884766
-11.33687686920166
-11.33189582824707
-11.326414108276367
-11.316898345947266
-11.311460494995117
-11.314257621765137
-11.323402404785156
-11.335111618041992
-11.33565616607666
-11.327275276184082
-11.319108963012695
-11.3186674118042
-11.317811012268066
-11.3173828125
-11.323132514953613
-11.330724716186523
-11.335587501525879
-11.337360382080078
-11.334213256835938
-11.326388359069824
-11.32447624206543
-11.328550338745117
-11.332204818725586
-11.333150863647461
-11.336831092834473
-11.323235511779785
-11.297070503234863
-11.295061111450195
-11.30395221710205
-11.319499969482422
-11.329765319824219
-11.337607383728027
-11.33464241027832
-11.327230453491211
-11.314651489257812
-11.312045097351074
-11.325167655944824
-11.336251258850098
-11.337708473205566
-11.333944320678711
-11.32658863067627
-11.31981086730957
-11.318300247192383
-11.322066307067871
-11.329246520996094
-11.334184646606445
-11.335844039916992
-11.335437774658203
-11.335043907165527
-11.33619213104248
-11.338584899902344
-11.338854789733887
-11.337440490722656
-11.339811325073242
-11.33757209777832
-11.336676597595215
-11.333576202392578
-11.336776733398438
-11.338227272033691
-11.335352897644043
-11.327926635742188
-11.325057029724121
-11.328899383544922
-11.337858200073242
-11.336636543273926
-11.324515342712402
-11.314290046691895
-11.313145637512207
-11.322856903076172
-11.337891578674316
-11.337457656860352
-11.325483322143555
-11.307945251464844
-11.303722381591797
-11.318182945251465
-11.334210395812988
-11.338722229003906
-11.331787109375
-11.319347381591797
-11.30865478515625
-11.315140724182129
-11.322702407836914
-11.324825286865234
-11.32805347442627
-11.332423210144043
-11.33529281616211
-11.338614463806152
-11.337902069091797
-11.338016510009766
-11.33732795715332
-11.337234497070312
-11.334001541137695
-11.334699630737305
-11.338239669799805
-11.33745288848877
-11.337605476379395
-11.337242126464844
-11.338881492614746
-11.339465141296387
-11.339941024780273
-11.33672046661377
-11.330340385437012
-11.328886985778809
-11.32802963256836
-11.33499526977539
-11.338777542114258
-11.335654258728027
-11.322257041931152
-11.31248950958252
-11.311712265014648
-11.317924499511719
-11.331695556640625
-11.336581230163574
-11.337265014648438
-11.325528144836426
-11.305184364318848
-11.285693168640137
-11.29114818572998
-11.31884479522705
-11.335874557495117
-11.3341646194458
-11.31799602508545
-11.309148788452148
-11.3212251663208
-11.334181785583496
-11.33691120147705
-11.337164878845215
-11.337408065795898
-11.339884757995605
-11.337590217590332
-11.335905075073242
-11.334176063537598
-11.336867332458496
-11.33599853515625
-11.336421012878418
-11.340346336364746
-11.336837768554688
-11.33556842803955
-11.335577964782715
-11.33362102508545
-11.338061332702637
-11.340254783630371
-11.338295936584473
-11.33621597290039
-11.327378273010254
-11.320448875427246
-11.320794105529785
-11.326977729797363
-11.331123352050781
-11.335648536682129
-11.338520050048828
-11.334871292114258
-11.337427139282227
-11.337724685668945
-11.33838939666748
-11.332429885864258
-11.329930305480957
-11.325111389160156
-11.330703735351562
-11.335991859436035
-11.338658332824707
-11.336835861206055
-11.328238487243652
-11.312995910644531
-11.306641578674316
-11.319671630859375
-11.333948135375977
-11.33753490447998
-11.33221435546875
-11.323864936828613
-11.318977355957031
-11.315862655639648
-11.324505805969238
-11.333873748779297
-11.339616775512695
-11.338944435119629
-11.334054946899414
-11.329421043395996
-11.327449798583984
-11.334080696105957
-11.337369918823242
-11.339923858642578
-11.340983390808105
-11.337772369384766
-11.340721130371094
-11.338784217834473
-11.339134216308594
-11.336135864257812
-11.33739948272705
-11.338309288024902
-11.341209411621094
-11.339908599853516
-11.339359283447266
-11.340540885925293
-11.338802337646484
-11.339653968811035
-11.338756561279297
-11.337766647338867
-11.340764045715332
-11.340916633605957
-11.339447021484375
-11.340171813964844
-11.338824272155762
-11.341447830200195
-11.339451789855957
-11.339921951293945
-11.339465141296387
-11.338367462158203
-11.340205192565918
-11.340474128723145
-11.343013763427734
-11.337638854980469
-11.339499473571777
-11.340333938598633
-11.340143203735352
-11.340872764587402
-11.340394020080566
-11.339681625366211
-11.339038848876953
-11.33986759185791
-11.340544700622559
-11.33811092376709
-11.338530540466309
-11.338174819946289
-11.33706283569336
-11.335593223571777
-11.33488941192627
-11.336526870727539
-11.336530685424805
-11.336592674255371
-11.33677864074707
-11.334250450134277
-11.336613655090332
-11.336121559143066
-11.336833953857422
-11.337597846984863
-11.338483810424805
-11.336191177368164
-11.334257125854492
-11.332521438598633
-11.329534530639648
-11.330507278442383
-11.328481674194336
-11.330941200256348
-11.334259986877441
-11.336156845092773
-11.339033126831055
-11.338774681091309
-11.334807395935059
-11.321297645568848
-11.31160831451416
-11.305520057678223
-11.307528495788574
-11.31965446472168
-11.335026741027832
-11.339700698852539
-11.334224700927734
-11.310698509216309
-11.284674644470215
-11.29195499420166
-11.316606521606445
-11.333066940307617
-11.33640193939209
-11.324320793151855
-11.30850601196289
-11.301968574523926
-11.319709777832031
-11.333230018615723
-11.339237213134766
-11.33780288696289
-11.334864616394043
-11.331917762756348
-11.331402778625488
-11.33535385131836
-11.33875560760498
-11.338563919067383
-11.341419219970703
-11.341266632080078
-11.33973217010498
-11.338003158569336
-11.332792282104492
-11.328608512878418
-11.323543548583984
-11.326061248779297
-11.33565616607666
-11.33926010131836
-11.34205436706543
-11.33735466003418
-11.335417747497559
-11.331631660461426
-11.331934928894043
-11.332012176513672
-11.336840629577637
-11.34067440032959
-11.340279579162598
-11.33946704864502
-11.337136268615723
-11.337495803833008
-11.336087226867676
-11.33491325378418
-11.338988304138184
-11.33700942993164
-11.340160369873047
-11.341761589050293
-11.33842945098877
-11.336970329284668
-11.329282760620117
-11.320886611938477
-11.311614036560059
-11.310887336730957
-11.320866584777832
-11.327733993530273
-11.333563804626465
-11.335562705993652
-11.33803939819336
-11.339314460754395
-11.337603569030762
-11.337675094604492
-11.334183692932129
-11.330361366271973
-11.329312324523926
-11.329507827758789
-11.332453727722168
-11.339499473571777
-11.339018821716309
-11.334721565246582
-11.325545310974121
-11.32075023651123
-11.32206916809082
-11.328303337097168
-11.33486557006836
-11.340500831604004
-11.337918281555176
-11.330782890319824
-11.322049140930176
-11.322940826416016
-11.325346946716309
-11.330119132995605
-11.335748672485352
-11.33888053894043
-11.337955474853516
-11.339399337768555
-11.336386680603027
-11.333638191223145
-11.333450317382812
-11.33123779296875
-11.333539009094238
-11.338565826416016
-11.340719223022461
-11.33907699584961
-11.33434772491455
-11.328587532043457
-11.325977325439453
-11.333064079284668
-11.335091590881348
-11.340812683105469
-11.342175483703613
-11.337478637695312
-11.329697608947754
-11.32990550994873
-11.33008098602295
-11.335548400878906
-11.339006423950195
-11.341041564941406
-11.340840339660645
-11.336684226989746
-11.330524444580078
-11.3242769241333
-11.321659088134766
-11.324604034423828
-11.331001281738281
-11.33726692199707
-11.338339805603027
-11.339056968688965
-11.340742111206055
-11.339717864990234
-11.340697288513184
-11.33952808380127
-11.341497421264648
-11.339631080627441
-11.336886405944824
-11.333688735961914
-11.33396053314209
-11.329244613647461
-11.327421188354492
-11.32990550994873
-11.330245018005371
-11.329191207885742
-11.328777313232422
-11.325944900512695
-11.325881958007812
-11.325953483581543
-11.325242042541504
-11.325900077819824
-11.328612327575684
-11.337678909301758
-11.33731460571289
-11.330320358276367
-11.315104484558105
-11.303752899169922
-11.30850601196289
-11.321942329406738
-11.333057403564453
-11.3380708694458
-11.341771125793457
-11.341633796691895
-11.336411476135254
-11.335286140441895
-11.336384773254395
-11.341575622558594
-11.341405868530273
-11.34195613861084
-11.337668418884277
-11.338048934936523
-11.336812019348145
-11.34109115600586
-11.338997840881348
-11.340096473693848
-11.337316513061523
-11.334630012512207
-11.334486961364746
-11.33273983001709
-11.335236549377441
-11.338522911071777
-11.340117454528809
-11.33947467803955
-11.340828895568848
-11.34278392791748
-11.340860366821289
-11.337662696838379
-11.338197708129883
-11.338258743286133
-11.338387489318848
-11.33885669708252
-11.339614868164062
-11.340147972106934
-11.341368675231934
-11.340106964111328
-11.342113494873047
-11.340545654296875
-11.341154098510742
-11.342025756835938
-11.340882301330566
-11.340324401855469
-11.340696334838867
-11.342917442321777
-11.344026565551758
-11.341177940368652
-11.340981483459473
-11.338695526123047
-11.339212417602539
-11.34015941619873
-11.34115219116211
-11.33973503112793
-11.338330268859863
-11.3372802734375
-11.33747386932373
-11.331781387329102
-11.330732345581055
-11.331257820129395
-11.33055591583252
-11.328369140625
-11.327983856201172
-11.334931373596191
-11.338366508483887
-11.339799880981445
-11.339333534240723
-11.34310531616211
-11.342405319213867
-11.343737602233887
-11.340764999389648
-11.342092514038086
-11.342924118041992
-11.341835975646973
-11.342114448547363
-11.340648651123047
-11.34276008605957
-11.342331886291504
-11.341509819030762
-11.338817596435547
-11.342162132263184
-11.341925621032715
-11.340476989746094
-11.34233283996582
-11.341414451599121
-11.342422485351562
-11.341348648071289
-11.340095520019531
-11.341806411743164
-11.33920955657959
-11.340107917785645
-11.336075782775879
-11.337989807128906
-11.337486267089844
-11.335379600524902
-11.332916259765625
-11.33238697052002
-11.324481964111328
-11.316847801208496
-11.311762809753418
-11.300041198730469
-11.307563781738281
-11.318498611450195
-11.330034255981445
-11.336686134338379
-11.337403297424316
-11.339110374450684
-11.338508605957031
-11.339737892150879
-11.33561897277832
-11.333657264709473
-11.330301284790039
-11.32513427734375
-11.325704574584961
-11.325164794921875
-11.326825141906738
-11.329863548278809
-11.334485054016113
-11.337055206298828
-11.333462715148926
-11.335832595825195
-11.333849906921387
-11.329366683959961
-11.331324577331543
-11.33482551574707
-11.337424278259277
-11.335118293762207
-11.340043067932129
-11.340595245361328
-11.339824676513672
-11.340352058410645
-11.339531898498535
-11.3406400680542
-11.341885566711426
-11.340044021606445
-11.340665817260742
-11.338240623474121
-11.339038848876953
-11.339858055114746
-11.337200164794922
-11.337957382202148
-11.336451530456543
-11.332232475280762
-11.33270263671875
-11.332162857055664
-11.333354949951172
-11.33200454711914
-11.336624145507812
-11.336644172668457
-11.33690357208252
-11.340140342712402
-11.34335994720459
-11.339698791503906
-11.337740898132324
-11.33411979675293
-11.329575538635254
-11.323077201843262
-11.319674491882324
-11.31472396850586
-11.310230255126953
-11.309365272521973
-11.315630912780762
-11.324081420898438
-11.334502220153809
-11.339404106140137
-11.340353012084961
-11.33674144744873
-11.328655242919922
-11.32224178314209
-11.326171875
-11.333086013793945
-11.335254669189453
-11.339110374450684
-11.340692520141602
-11.341316223144531
-11.337545394897461
-11.334141731262207
-11.329632759094238
-11.328219413757324
-11.327559471130371
-11.331716537475586
-11.336784362792969
-11.341279029846191
-11.341904640197754
-11.340545654296875
-11.33609676361084
-11.337593078613281
-11.33694839477539
-11.337186813354492
-11.340399742126465
-11.338815689086914
-11.338859558105469
-11.340904235839844
-11.342856407165527
-11.341651916503906
-11.339421272277832
-11.336450576782227
-11.330933570861816
-11.324965476989746
-11.317831039428711
-11.318059921264648
-11.329910278320312
-11.336021423339844
-11.343170166015625
-11.33735466003418
-11.328202247619629
-11.315828323364258
-11.30472183227539
-11.30517292022705
-11.313600540161133
-11.330428123474121
-11.337400436401367
-11.339704513549805
-11.343672752380371
-11.335824966430664
-11.326152801513672
-11.318314552307129
-11.317389488220215
-11.326265335083008
-11.332447052001953
-11.336451530456543
-11.340079307556152
-11.33881664276123
-11.339960098266602
-11.339280128479004
-11.341714859008789
-11.338780403137207
-11.33851432800293
-11.33741283416748
-11.336872100830078
-11.336517333984375
-11.336995124816895
-11.337729454040527
-11.339020729064941
-11.339404106140137
-11.339693069458008
-11.341415405273438
-11.341405868530273
-11.339794158935547
-11.342547416687012
-11.33991527557373
-11.341946601867676
-11.33951187133789
-11.337974548339844
-11.337688446044922
-11.336492538452148
-11.336039543151855
-11.339922904968262
-11.340518951416016
-11.34195327758789
-11.340862274169922
-11.338656425476074
-11.34146499633789
-11.341560363769531
-11.343913078308105
-11.343732833862305
-11.34166431427002
-11.341754913330078
-11.34031867980957
-11.340420722961426
-11.341862678527832
-11.338752746582031
-11.3408842086792
-11.340985298156738
-11.339303970336914
-11.343368530273438
-11.34270191192627
-11.341148376464844
-11.342470169067383
-11.34106731414795
-11.343950271606445
-11.339949607849121
-11.340188026428223
-11.340434074401855
-11.343037605285645
-11.344120025634766
-11.341827392578125
-11.338677406311035
-11.334955215454102
-11.333657264709473
-11.332148551940918
-11.32919979095459
-11.335686683654785
-11.338996887207031
-11.337074279785156
-11.342545509338379
-11.342828750610352
-11.343304634094238
-11.343303680419922
-11.340685844421387
-11.338943481445312
-11.330713272094727
-11.320484161376953
-11.303361892700195
-11.294160842895508
-11.30468463897705
-11.3219575881958
-11.338401794433594
-11.34286117553711
-11.336019515991211
-11.325109481811523
-11.306731224060059
-11.297024726867676
-11.303383827209473
-11.316632270812988
-11.328887939453125
-11.339545249938965
-11.342659950256348
-11.341328620910645
-11.334488868713379
-11.330648422241211
-11.323456764221191
-11.324873924255371
-11.326644897460938
-11.331733703613281
-11.3350191116333
-11.340860366821289
-11.343557357788086
-11.34131145477295
-11.332528114318848
-11.32288646697998
-11.317014694213867
-11.316864013671875
-11.324626922607422
-11.335206031799316
-11.344341278076172
-11.341558456420898
-11.333166122436523
-11.321770668029785
-11.317426681518555
-11.32086181640625
-11.329218864440918
-11.338943481445312
-11.342708587646484
-11.339373588562012
-11.332493782043457
-11.338279724121094
-11.341066360473633
-11.342377662658691
-11.34284496307373
-11.342733383178711
-11.338764190673828
-11.333270072937012
-11.324578285217285
-11.320211410522461
-11.322264671325684
-11.325423240661621
-11.338081359863281
-11.341276168823242
-11.341232299804688
-11.332466125488281
-11.324885368347168
-11.321634292602539
-11.322851181030273
-11.328129768371582
-11.333440780639648
-11.338563919067383
-11.341767311096191
-11.343072891235352
-11.341836929321289
-11.341423034667969
-11.336788177490234
-11.332124710083008
-11.329075813293457
-11.321277618408203
-11.322968482971191
-11.331604957580566
-11.338294982910156
-11.337926864624023
-11.331172943115234
-11.307819366455078
-11.297175407409668
-11.308303833007812
-11.32464599609375
-11.341519355773926
-11.34264850616455
-11.335832595825195
-11.32449722290039
-11.3195219039917
-11.325983047485352
-11.332308769226074
-11.337196350097656
-11.339706420898438
-11.343191146850586
-11.340337753295898
-11.343017578125
-11.34242057800293
-11.343783378601074
-11.343457221984863
-11.342782020568848
-11.341392517089844
-11.339347839355469
-11.340594291687012
-11.344511985778809
-11.342055320739746
-11.342740058898926
-11.344632148742676
-11.344215393066406
-11.343137741088867
-11.34321117401123
-11.341744422912598
-11.342385292053223
-11.343650817871094
-11.343585014343262
-11.343711853027344
-11.342610359191895
-11.341999053955078
-11.342194557189941
-11.337652206420898
-11.34131908416748
-11.340546607971191
-11.340387344360352
-11.342179298400879
-11.343595504760742
-11.342682838439941
-11.341540336608887
-11.341424942016602
-11.33840560913086
-11.337736129760742
-11.339893341064453
-11.340872764587402
-11.3402681350708
-11.340643882751465
-11.344650268554688
-11.34299373626709
-11.343132019042969
-11.340688705444336
-11.339499473571777
-11.33591365814209
-11.333613395690918
-11.33459758758545
-11.33242416381836
-11.333171844482422
-11.332972526550293
-11.337754249572754
-11.341413497924805
-11.342514038085938
-11.342996597290039
-11.343442916870117
-11.341817855834961
-11.343071937561035
-11.34069538116455
-11.336950302124023
-11.329671859741211
-11.329482078552246
-11.331364631652832
-11.336668014526367
-11.33935546875
-11.342615127563477
-11.340935707092285
-11.342687606811523
-11.33871841430664
-11.340619087219238
-11.338611602783203
-11.33749771118164
-11.336587905883789
-11.333874702453613
-11.336871147155762
-11.335078239440918
-11.3369779586792
-11.337728500366211
-11.339927673339844
-11.343111991882324
-11.342597961425781
-11.343560218811035
-11.339398384094238
-11.340083122253418
-11.338384628295898
-11.336005210876465
-11.338123321533203
-11.342408180236816
-11.343687057495117
-11.34158992767334
-11.339147567749023
-11.333725929260254
-11.328685760498047
-11.324953079223633
-11.32559871673584
-11.328153610229492
-11.334864616394043
-11.340030670166016
-11.341436386108398
-11.344372749328613
-11.341577529907227
-11.335373878479004
-11.331343650817871
-11.329215049743652
-11.332735061645508
-11.337860107421875
-11.343785285949707
-11.342182159423828
-11.336708068847656
-11.327447891235352
-11.32043170928955
-11.310812950134277
-11.304746627807617
-11.308961868286133
-11.332378387451172
-11.343226432800293
-11.3399019241333
-11.322718620300293
-11.310412406921387
-11.32397747039795
-11.340812683105469
-11.339406967163086
-11.317331314086914
-11.286569595336914
-11.288102149963379
-11.311969757080078
-11.33696174621582
-11.341399192810059
-11.3323974609375
-11.314912796020508
-11.305222511291504
-11.313324928283691
-11.329408645629883
-11.34110164642334
-11.339543342590332
-11.33494758605957
-11.330047607421875
-11.324450492858887
-11.320637702941895
-11.328563690185547
-11.336068153381348
-11.338332176208496
-11.33967113494873
-11.328044891357422
-11.318049430847168
-11.32125473022461
-11.333206176757812
-11.343063354492188
-11.33859634399414
-11.332751274108887
-11.32436752319336
-11.326333045959473
-11.331315040588379
-11.338452339172363
-11.342684745788574
-11.337721824645996
-11.324248313903809
-11.318404197692871
-11.331101417541504
-11.339054107666016
-11.309322357177734
-11.243760108947754
-11.253114700317383
-11.317707061767578
-11.342196464538574
-11.321573257446289
-11.295801162719727
-11.303277969360352
-11.330992698669434
-11.34219741821289
-11.336845397949219
-11.328068733215332
-11.327576637268066
-11.329838752746582
-11.337267875671387
-11.34277057647705
-11.339485168457031
-11.332273483276367
-11.327262878417969
-11.335447311401367
-11.34182071685791
-11.343306541442871
-11.34210205078125
-11.34355640411377
-11.344046592712402
-11.345760345458984
-11.342825889587402
-11.34408187866211
-11.339004516601562
-11.330713272094727
-11.330492973327637
-11.332850456237793
-11.339120864868164
-11.343188285827637
-11.342615127563477
-11.338854789733887
-11.336819648742676
-11.335649490356445
-11.33747673034668
-11.342966079711914
-11.343944549560547
-11.34023380279541
-11.336782455444336
-11.340659141540527
-11.34097671508789
-11.34092903137207
-11.341236114501953
-11.339977264404297
-11.339706420898438
-11.341194152832031
-11.34392261505127
-11.34167194366455
-11.341418266296387
-11.341691970825195
-11.340124130249023
-11.337921142578125
-11.33987045288086
-11.344557762145996
-11.34221076965332
-11.338055610656738
-11.33207893371582
-11.33224868774414
-11.33452320098877
-11.342915534973145
-11.345782279968262
-11.345342636108398
-11.342482566833496
-11.340612411499023
-11.34126091003418
-11.344891548156738
-11.345191955566406
-11.345495223999023
-11.343962669372559
-11.345430374145508
-11.343687057495117
-11.344940185546875
-11.343154907226562
-11.343738555908203
-11.346691131591797
-11.342020034790039
-11.341167449951172
-11.341789245605469
-11.339616775512695
-11.342422485351562
-11.343420028686523
-11.3453950881958
-11.343378067016602
-11.344533920288086
-11.34412956237793
-11.344353675842285
-11.345556259155273
-11.344157218933105
-11.345149040222168
-11.34565544128418
-11.344722747802734
-11.345216751098633
-11.343960762023926
-11.345027923583984
-11.344198226928711
-11.345283508300781
-11.342615127563477
-11.343805313110352
-11.343615531921387
-11.345043182373047
-11.343205451965332
-11.344636917114258
-11.345417976379395
-11.343796730041504
-11.344770431518555
-11.342653274536133
-11.341876983642578
-11.342394828796387
-11.343786239624023
-11.345626831054688
-11.3445405960083
-11.345562934875488
-11.345566749572754
-11.344449043273926
-11.343721389770508
-11.344450950622559
-11.344538688659668
-11.345473289489746
-11.343360900878906
-11.342631340026855
-11.34531021118164
-11.344629287719727
-11.345422744750977
-11.345108985900879
-11.343753814697266
-11.342659950256348
-11.344210624694824
-11.34533405303955
-11.345229148864746
-11.343015670776367
-11.343988418579102
-11.341597557067871
-11.342086791992188
-11.344107627868652
-11.343427658081055
-11.342827796936035
-11.345718383789062
-11.34404468536377
-11.34251594543457
-11.346299171447754
-11.345953941345215
-11.344685554504395
-11.345094680786133
-11.345498085021973
-11.346965789794922
-11.345783233642578
-11.346141815185547
-11.344082832336426
-11.344680786132812
-11.344978332519531
-11.344127655029297
-11.346146583557129
-11.343467712402344
-11.344106674194336
-11.346353530883789
-11.347175598144531
-11.343640327453613
-11.34426212310791
-11.344847679138184
-11.343856811523438
-11.34323787689209
-11.343536376953125
-11.344137191772461
-11.34247875213623
-11.343774795532227
-11.341804504394531
-11.342071533203125
-11.341221809387207
-11.337772369384766
-11.334224700927734
-11.331782341003418
-11.327143669128418
-11.324878692626953
-11.319927215576172
-11.316407203674316
-11.314443588256836
-11.324633598327637
-11.33229923248291
-11.332743644714355
-11.337663650512695
-11.334066390991211
-11.33344841003418
-11.327230453491211
-11.324043273925781
-11.327348709106445
-11.334136962890625
-11.339350700378418
-11.335850715637207
-11.328734397888184
-11.319440841674805
-11.31685733795166
-11.31690788269043
-11.311856269836426
-11.319182395935059
-11.331748008728027
-11.340919494628906
-11.334983825683594
-11.31506061553955
-11.303357124328613
-11.299592971801758
-11.308384895324707
-11.320134162902832
-11.336691856384277
-11.345071792602539
-11.339821815490723
-11.333257675170898
-11.323040008544922
-11.321246147155762
-11.32140827178955
-11.32675838470459
-11.330183029174805
-11.334249496459961
-11.338776588439941
-11.341133117675781
-11.342794418334961
-11.340887069702148
-11.343377113342285
-11.344111442565918
-11.339926719665527
-11.338099479675293
-11.338996887207031
-11.340633392333984
-11.343454360961914
-11.344368934631348
-11.338554382324219
-11.33083724975586
-11.321553230285645
-11.324172019958496
-11.333352088928223
-11.343266487121582
-11.34434700012207
-11.344380378723145
-11.339990615844727
-11.33734130859375
-11.335243225097656
-11.34163761138916
-11.34035587310791
-11.338831901550293
-11.341626167297363
-11.342784881591797
-11.343250274658203
-11.346150398254395
-11.344943046569824
-11.341167449951172
-11.342964172363281
-11.346609115600586
-11.345175743103027
-11.343474388122559
-11.342284202575684
-11.343948364257812
-11.344970703125
-11.343864440917969
-11.3385648727417
-11.337620735168457
-11.33682632446289
-11.340086936950684
-11.342411041259766
-11.344244003295898
-11.344802856445312
-11.345442771911621
-11.344861030578613
-11.34338665008545
-11.338971138000488
-11.334037780761719
-11.32465934753418
-11.316246032714844
-11.313584327697754
-11.320918083190918
-11.327999114990234
-11.33436107635498
-11.3379545211792
-11.342169761657715
-11.338042259216309
-11.315232276916504
-11.274407386779785
-11.273609161376953
-11.310606002807617
-11.343281745910645
-11.337250709533691
-11.308069229125977
-11.291337966918945
-11.312814712524414
-11.340067863464355
-11.342845916748047
-11.324603080749512
-11.313481330871582
-11.32068157196045
-11.33591079711914
-11.34538745880127
-11.342312812805176
-11.330497741699219
-11.327247619628906
-11.333046913146973
-11.342100143432617
-11.343476295471191
-11.343317031860352
-11.335349082946777
-11.331021308898926
-11.335132598876953
-11.336801528930664
-11.340963363647461
-11.346272468566895
-11.344157218933105
-11.339232444763184
-11.334003448486328
-11.33061408996582
-11.333131790161133
-11.3369779586792
-11.342988967895508
-11.342164993286133
-11.346030235290527
-11.344335556030273
-11.342610359191895
-11.343426704406738
-11.344802856445312
-11.34343433380127
-11.343935012817383
-11.346200942993164
-11.345513343811035
-11.343977928161621
-11.346647262573242
-11.34381103515625
-11.344282150268555
-11.34586238861084
-11.34710693359375
-11.346024513244629
-11.344785690307617
-11.345487594604492
-11.343944549560547
-11.344465255737305
-11.346095085144043
-11.343101501464844
-11.342988967895508
-11.342729568481445
-11.344732284545898
-11.346519470214844
-11.344388961791992
-11.344759941101074
-11.345711708068848
-11.345863342285156
-11.345235824584961
-11.344732284545898
-11.345243453979492
-11.3460054397583
-11.347433090209961
-11.344991683959961
-11.346799850463867
-11.346399307250977
-11.346416473388672
-11.347846031188965
-11.345178604125977
-11.345699310302734
-11.3473539352417
-11.344919204711914
-11.345675468444824
-11.34412670135498
-11.347204208374023
-11.34481143951416
-11.346192359924316
-11.345105171203613
-11.34521770477295
-11.345962524414062
-11.345366477966309
-11.347070693969727
-11.345488548278809
-11.344732284545898
-11.34646987915039
-11.345738410949707
-11.344279289245605
-11.345260620117188
-11.345455169677734
-11.347793579101562
-11.34592056274414
-11.344575881958008
-11.342445373535156
-11.343069076538086
-11.343116760253906
-11.345232963562012
-11.345390319824219
-11.345196723937988
-11.346189498901367
-11.346772193908691
-11.34466552734375
-11.346549987792969
-11.345070838928223
-11.344691276550293
-11.342920303344727
-11.341803550720215
-11.340104103088379
-11.338173866271973
-11.34072494506836
-11.345359802246094
-11.345426559448242
-11.346024513244629
-11.34218978881836
-11.334672927856445
-11.328798294067383
-11.326630592346191
-11.326563835144043
-11.331210136413574
-11.335633277893066
-11.343019485473633
-11.347167015075684
-11.346014976501465
-11.345865249633789
-11.342286109924316
-11.344789505004883
-11.34476089477539
-11.345181465148926
-11.346545219421387
-11.34492015838623
-11.347232818603516
-11.347016334533691
-11.345726013183594
-11.345573425292969
-11.344215393066406
-11.341534614562988
-11.336764335632324
-11.334712028503418
-11.332674026489258
-11.332470893859863
-11.333525657653809
-11.3367338180542
-11.342048645019531
-11.34372329711914
-11.34516429901123
-11.342408180236816
-11.342029571533203
-11.339393615722656
-11.338231086730957
-11.339695930480957
-11.338349342346191
-11.332597732543945
-11.32614803314209
-11.328336715698242
-11.330239295959473
-11.337420463562012
-11.34325885772705
-11.347261428833008
-11.343101501464844
-11.33663272857666
-11.332032203674316
-11.32711124420166
-11.326169967651367
-11.327223777770996
-11.331121444702148
-11.335392951965332
-11.340093612670898
-11.345064163208008
-11.344990730285645
-11.346739768981934
-11.337072372436523
-11.329764366149902
-11.318042755126953
-11.309602737426758
-11.313587188720703
-11.321743965148926
-11.332547187805176
-11.340530395507812
-11.347331047058105
-11.343107223510742
-11.33651351928711
-11.327067375183105
-11.321364402770996
-11.326083183288574
-11.333903312683105
-11.342885971069336
-11.34277057647705
-11.334310531616211
-11.31905460357666
-11.317039489746094
-11.321765899658203
-11.332435607910156
-11.341907501220703
-11.345229148864746
-11.346392631530762
-11.343709945678711
-11.339651107788086
-11.343490600585938
-11.342495918273926
-11.345047950744629
-11.344671249389648
-11.343518257141113
-11.345935821533203
-11.346558570861816
-11.34604263305664
-11.347043991088867
-11.344623565673828
-11.34173583984375
-11.340187072753906
-11.338770866394043
-11.33928394317627
-11.34058952331543
-11.341687202453613
-11.343347549438477
-11.345573425292969
-11.34550666809082
-11.34473991394043
-11.346558570861816
-11.346213340759277
-11.343201637268066
-11.3426513671875
-11.339980125427246
-11.341621398925781
-11.344815254211426
-11.346465110778809
-11.345597267150879
-11.346137046813965
-11.344956398010254
-11.345551490783691
-11.34722900390625
-11.344888687133789
-11.34642219543457
-11.346818923950195
-11.348183631896973
-11.345589637756348
-11.345907211303711
-11.34644889831543
-11.345732688903809
-11.343230247497559
-11.339208602905273
-11.338802337646484
-11.341890335083008
-11.340262413024902
-11.34438419342041
-11.346258163452148
-11.345308303833008
-11.346589088439941
-11.346686363220215
-11.345979690551758
-11.344228744506836
-11.344225883483887
-11.344042778015137
-11.343406677246094
-11.342292785644531
-11.34127426147461
-11.345459938049316
-11.346307754516602
-11.347099304199219
-11.345704078674316
-11.345447540283203
-11.345029830932617
-11.340999603271484
-11.337769508361816
-11.334822654724121
-11.33102035522461
-11.333976745605469
-11.334757804870605
-11.34141731262207
-11.346344947814941
-11.345146179199219
-11.343099594116211
-11.342255592346191
-11.34466552734375
-11.346500396728516
-11.347248077392578
-11.345061302185059
-11.34133243560791
-11.33395767211914
-11.324216842651367
-11.312045097351074
-11.308871269226074
-11.320999145507812
-11.334848403930664
-11.340332984924316
-11.343768119812012
-11.341573715209961
-11.343862533569336
-11.34689998626709
-11.34625244140625
-11.343586921691895
-11.343889236450195
-11.340599060058594
-11.334440231323242
-11.334615707397461
-11.338047981262207
-11.339329719543457
-11.341248512268066
-11.344298362731934
-11.347518920898438
-11.34654426574707
-11.345340728759766
-11.34546947479248
-11.343280792236328
-11.342268943786621
-11.340594291687012
-11.334314346313477
-11.331609725952148
-11.334362983703613
-11.335843086242676
-11.339619636535645
-11.341797828674316
-11.345230102539062
-11.344268798828125
-11.345599174499512
-11.34687328338623
-11.346626281738281
-11.34638500213623
-11.345596313476562
-11.341821670532227
-11.338851928710938
-11.337899208068848
-11.338558197021484
-11.340888977050781
-11.342354774475098
-11.343234062194824
-11.346451759338379
-11.345357894897461
-11.345526695251465
-11.346564292907715
-11.346416473388672
-11.345203399658203
-11.339348793029785
-11.33411979675293
-11.333663940429688
-11.335114479064941
-11.339709281921387
-11.345585823059082
-11.345985412597656
-11.346851348876953
-11.34375286102295
-11.336463928222656
-11.329267501831055
-11.327545166015625
-11.330399513244629
-11.341395378112793
-11.345613479614258
-11.345823287963867
-11.342706680297852
-11.337929725646973
-11.3341064453125
-11.33263874053955
-11.332881927490234
-11.334773063659668
-11.336830139160156
-11.333836555480957
-11.336716651916504
-11.342477798461914
-11.345630645751953
-11.34922981262207
-11.346094131469727
-11.342886924743652
-11.332505226135254
-11.330207824707031
-11.33065414428711
-11.334249496459961
-11.332783699035645
-11.338201522827148
-11.337321281433105
-11.337804794311523
-11.340532302856445
-11.341196060180664
-11.343573570251465
-11.345306396484375
-11.343626022338867
-11.343927383422852
-11.343542098999023
-11.335711479187012
-11.323817253112793
-11.318655967712402
-11.322526931762695
-11.336655616760254
-11.343685150146484
-11.34628677368164
-11.346151351928711
-11.347078323364258
-11.345006942749023
-11.345240592956543
-11.344362258911133
-11.335813522338867
-11.32250690460205
-11.311040878295898
-11.316787719726562
-11.338604927062988
-11.34810733795166
-11.340346336364746
-11.32701301574707
-11.317122459411621
-11.313905715942383
-11.31856632232666
-11.329141616821289
-11.342796325683594
-11.346795082092285
-11.338218688964844
-11.326492309570312
-11.320100784301758
-11.326616287231445
-11.338233947753906
-11.344301223754883
-11.345879554748535
-11.34460163116455
-11.341568946838379
-11.343500137329102
-11.343363761901855
-11.345698356628418
-11.346172332763672
-11.340741157531738
-11.34525203704834
-11.346542358398438
-11.343846321105957
-11.345674514770508
-11.346774101257324
-11.346508979797363
-11.346478462219238
-11.344928741455078
-11.345063209533691
-11.34587287902832
-11.341256141662598
-11.34313678741455
-11.347705841064453
-11.347756385803223
-11.347236633300781
-11.346002578735352
-11.347186088562012
-11.345955848693848
-11.347233772277832
-11.346468925476074
-11.347277641296387
-11.346209526062012
-11.347508430480957
-11.348204612731934
-11.348852157592773
-11.346453666687012
-11.346572875976562
-11.347681045532227
-11.345393180847168
-11.345845222473145
-11.346242904663086
-11.345191955566406
-11.346248626708984
-11.34898567199707
-11.34826946258545
-11.348130226135254
-11.348194122314453
-11.347352981567383
-11.34538459777832
-11.347229957580566
-11.345394134521484
-11.347403526306152
-11.347175598144531
-11.346270561218262
-11.3471097946167
-11.348565101623535
-11.347908973693848
-11.34829330444336
-11.349742889404297
-11.346610069274902
-11.34683895111084
-11.348538398742676
-11.347444534301758
-11.34640121459961
-11.346750259399414
-11.34783935546875
-11.349193572998047
-11.347092628479004
-11.348443031311035
-11.348064422607422
-11.347339630126953
-11.350131034851074
-11.348357200622559
-11.34674072265625
-11.347431182861328
-11.34472942352295
-11.344985008239746
-11.343644142150879
-11.34437084197998
-11.345528602600098
-11.343680381774902
-11.347253799438477
-11.344832420349121
-11.34463119506836
-11.345720291137695
-11.345357894897461
-11.338669776916504
-11.328333854675293
-11.317546844482422
-11.30495834350586
-11.301989555358887
-11.309488296508789
-11.327373504638672
-11.34214973449707
-11.341118812561035
-11.320195198059082
-11.297164916992188
-11.288507461547852
-11.29529857635498
-11.315213203430176
-11.336919784545898
-11.342864990234375
-11.346266746520996
-11.346702575683594
-11.347407341003418
-11.3411283493042
-11.340449333190918
-11.340530395507812
-11.336426734924316
-11.33409595489502
-11.336060523986816
-11.340521812438965
-11.345638275146484
-11.345316886901855
-11.345592498779297
-11.347465515136719
-11.34646224975586
-11.345762252807617
-11.346868515014648
-11.348002433776855
-11.348145484924316
-11.345799446105957
-11.33946418762207
-11.331815719604492
-11.325030326843262
-11.318597793579102
-11.331169128417969
-11.337981224060059
-11.342363357543945
-11.345580101013184
-11.347121238708496
-11.34411334991455
-11.333101272583008
-11.322681427001953
-11.315987586975098
-11.316137313842773
-11.318855285644531
-11.323707580566406
-11.330524444580078
-11.335354804992676
-11.337836265563965
-11.334242820739746
-11.319567680358887
-11.278815269470215
-11.261474609375
-11.305710792541504
-11.334222793579102
-11.273443222045898
-11.21651554107666
-11.301607131958008
-11.346664428710938
-11.320817947387695
-11.26790714263916
-11.267586708068848
-11.326497077941895
-11.34053897857666
-11.299223899841309
-11.282962799072266
-11.32180404663086
-11.339646339416504
-11.317041397094727
-11.283783912658691
-11.307247161865234
-11.34060287475586
-11.34243106842041
-11.322932243347168
-11.31941032409668
-11.332840919494629
-11.345426559448242
-11.345922470092773
-11.335817337036133
-11.333231925964355
-11.335336685180664
-11.339434623718262
-11.34637451171875
-11.344705581665039
-11.34518051147461
-11.346240997314453
-11.348041534423828
-11.338976860046387
-11.337949752807617
-11.340805053710938
-11.343844413757324
-11.345002174377441
-11.344950675964355
-11.342243194580078
-11.34013843536377
-11.341529846191406
-11.343124389648438
-11.347464561462402
-11.34492301940918
-11.341940879821777
-11.336557388305664
-11.33947467803955
-11.344413757324219
-11.347233772277832
-11.343161582946777
-11.335805892944336
-11.33448600769043
-11.342153549194336
-11.346872329711914
-11.346874237060547
-11.344913482666016
-11.343452453613281
-11.344346046447754
-11.347216606140137
-11.346566200256348
-11.349189758300781
-11.346356391906738
-11.349077224731445
-11.348493576049805
-11.349242210388184
-11.349156379699707
-11.348471641540527
-11.348523139953613
-11.348441123962402
-11.348427772521973
-11.347484588623047
-11.350404739379883
-11.347978591918945
-11.348304748535156
-11.34687614440918
-11.347352027893066
-11.348695755004883
-11.347711563110352
-11.348573684692383
-11.347944259643555
-11.348061561584473
-11.347753524780273
-11.348129272460938
-11.346976280212402
-11.346963882446289
-11.347949028015137
-11.34928035736084
-11.347973823547363
-11.347892761230469
-11.348490715026855
-11.347804069519043
-11.347838401794434
-11.349364280700684
-11.348737716674805
-11.350024223327637
-11.349583625793457
-11.349063873291016
-11.350319862365723
-11.349173545837402
-11.349027633666992
-11.348493576049805
-11.348855018615723
-11.348812103271484
-11.348578453063965
-11.3465576171875
-11.346768379211426
-11.349050521850586
-11.348906517028809
-11.350071907043457
-11.34817886352539
-11.348564147949219
-11.34972858428955
-11.347993850708008
-11.348488807678223
-11.349203109741211
-11.348017692565918
-11.346952438354492
-11.347346305847168
-11.348348617553711
-11.350201606750488
-11.348184585571289
-11.350521087646484
-11.34804916381836
-11.349981307983398
-11.347211837768555
-11.348710060119629
-11.34854793548584
-11.348922729492188
-11.34874439239502
-11.348179817199707
-11.349126815795898
-11.347064018249512
-11.347457885742188
-11.347871780395508
-11.347962379455566
-11.348518371582031
-11.34868049621582
-11.34799575805664
-11.348649024963379
-11.346844673156738
-11.349474906921387
-11.349620819091797
-11.349555015563965
-11.346211433410645
-11.349103927612305
-11.34797477722168
-11.348979949951172
-11.347360610961914
-11.349406242370605
-11.34900951385498
-11.345869064331055
-11.348929405212402
-11.347402572631836
-11.349176406860352
-11.34808349609375
-11.349322319030762
-11.347037315368652
-11.347869873046875
-11.349233627319336
-11.348979949951172
-11.349373817443848
-11.348206520080566
-11.348048210144043
-11.349477767944336
-11.348505973815918
-11.346844673156738
-11.3469877243042
-11.345520973205566
-11.343706130981445
-11.346576690673828
-11.344900131225586
-11.347760200500488
-11.348233222961426
-11.349801063537598
-11.347214698791504
-11.347336769104004
-11.346406936645508
-11.344462394714355
-11.345903396606445
-11.34624195098877
-11.346019744873047
-11.347888946533203
-11.348306655883789
-11.348612785339355
-11.348310470581055
-11.348241806030273
-11.343456268310547
-11.343228340148926
-11.340118408203125
-11.345309257507324
-11.347176551818848
-11.347763061523438
-11.348039627075195
-11.347759246826172
-11.341670036315918
-11.330174446105957
-11.31999397277832
-11.317665100097656
-11.325108528137207
-11.328731536865234
-11.340755462646484
-11.34484577178955
-11.348544120788574
-11.348756790161133
-11.346781730651855
-11.347400665283203
-11.345564842224121
-11.344905853271484
-11.345008850097656
-11.345385551452637
-11.341288566589355
-11.344364166259766
-11.34327220916748
-11.346034049987793
-11.345046997070312
-11.348451614379883
-11.348602294921875
-11.350071907043457
-11.347569465637207
-11.349931716918945
-11.34901237487793
-11.349186897277832
-11.349326133728027
-11.349225044250488
-11.347911834716797
-11.348013877868652
-11.349621772766113
-11.34792423248291
-11.349299430847168
-11.3475341796875
-11.344521522521973
-11.3422212600708
-11.333298683166504
-11.321075439453125
-11.311092376708984
-11.307806015014648
-11.320517539978027
-11.336662292480469
-11.346774101257324
-11.34788990020752
-11.34921646118164
-11.347939491271973
-11.343473434448242
-11.341601371765137
-11.342642784118652
-11.341297149658203
-11.344559669494629
-11.342670440673828
-11.3424711227417
-11.340324401855469
-11.339899063110352
-11.346549987792969
-11.348820686340332
-11.349194526672363
-11.34778881072998
-11.346503257751465
-11.340968132019043
-11.331843376159668
-11.331901550292969
-11.329115867614746
-11.33215045928955
-11.33668327331543
-11.345532417297363
-11.34909725189209
-11.344429016113281
-11.339874267578125
-11.330257415771484
-11.32878303527832
-11.32991886138916
-11.33143424987793
-11.330986976623535
-11.335671424865723
-11.342306137084961
-11.345773696899414
-11.345566749572754
-11.346601486206055
-11.344722747802734
-11.339205741882324
-11.329647064208984
-11.328454971313477
-11.33284854888916
-11.340550422668457
-11.344764709472656
-11.347362518310547
-11.345267295837402
-11.337821006774902
-11.318778991699219
-11.309486389160156
-11.313061714172363
-11.333536148071289
-11.344926834106445
-11.34331226348877
-11.31692886352539
-11.291147232055664
-11.299190521240234
-11.324642181396484
-11.343552589416504
-11.348341941833496
-11.341907501220703
-11.329377174377441
-11.32551383972168
-11.340231895446777
-11.347402572631836
-11.347360610961914
-11.3383207321167
-11.329638481140137
-11.3232421875
-11.322502136230469
-11.331016540527344
-11.340495109558105
-11.345647811889648
-11.345945358276367
-11.340951919555664
-11.333500862121582
-11.331246376037598
-11.333478927612305
-11.339452743530273
-11.344674110412598
-11.346359252929688
-11.349625587463379
-11.344672203063965
-11.337459564208984
-11.335631370544434
-11.337242126464844
-11.34458065032959
-11.348872184753418
-11.347871780395508
-11.346739768981934
-11.344505310058594
-11.34605598449707
-11.348062515258789
-11.3495454788208
-11.349947929382324
-11.349227905273438
-11.348856925964355
-11.345442771911621
-11.34499740600586
-11.346346855163574
-11.344732284545898
-11.342312812805176
-11.346526145935059
-11.344461441040039
-11.347862243652344
-11.348994255065918
-11.349942207336426
-11.348628044128418
-11.348248481750488
-11.347257614135742
-11.346256256103516
-11.349663734436035
-11.350125312805176
-11.350353240966797
-11.35064697265625
-11.349958419799805
-11.34873104095459
-11.34929370880127
-11.349553108215332
-11.349862098693848
-11.347532272338867
-11.34772777557373
-11.34809398651123
-11.347835540771484
-11.350516319274902
-11.348197937011719
-11.348501205444336
-11.348067283630371
-11.346186637878418
-11.345205307006836
-11.34274673461914
-11.34682846069336
-11.348365783691406
-11.35018539428711
-11.350203514099121
-11.348423957824707
-11.344200134277344
-11.343118667602539
-11.34402084350586
-11.34292221069336
-11.343783378601074
-11.345897674560547
-11.344615936279297
-11.347658157348633
-11.348414421081543
-11.350323677062988
-11.347671508789062
-11.346046447753906
-11.342645645141602
-11.34047794342041
-11.34256362915039
-11.344697952270508
-11.34457778930664
-11.344254493713379
-11.34751033782959
-11.349563598632812
-11.349438667297363
-11.34871768951416
-11.34911823272705
-11.345113754272461
-11.343475341796875
-11.343464851379395
-11.344297409057617
-11.34765338897705
-11.3512544631958
-11.347752571105957
-11.34127426147461
-11.329814910888672
-11.321786880493164
-11.322519302368164
-11.329647064208984
-11.34076976776123
-11.346572875976562
-11.348499298095703
-11.349555015563965
-11.34437370300293
-11.335357666015625
-11.331917762756348
-11.329306602478027
-11.33010482788086
-11.339766502380371
-11.346305847167969
-11.351292610168457
-11.348062515258789
-11.341193199157715
-11.332953453063965
-11.322651863098145
-11.328842163085938
-11.340271949768066
-11.347454071044922
-11.347517013549805
-11.34415340423584
-11.341256141662598
-11.340800285339355
-11.34468936920166
-11.345603942871094
-11.348981857299805
-11.349258422851562
-11.349191665649414
-11.34664249420166
-11.344913482666016
-11.345072746276855
-11.34420394897461
-11.344748497009277
-11.347029685974121
-11.35111141204834
-11.349237442016602
-11.347320556640625
-11.3432035446167
-11.343100547790527
-11.34835433959961
-11.348888397216797
-11.34816837310791
-11.343436241149902
-11.334993362426758
-11.33427906036377
-11.336094856262207
-11.34117603302002
-11.346905708312988
-11.349532127380371
-11.348668098449707
-11.347847938537598
-11.343332290649414
-11.340056419372559
-11.33818244934082
-11.337952613830566
-11.345209121704102
-11.347955703735352
-11.351638793945312
-11.351587295532227
-11.350104331970215
-11.350248336791992
-11.35000991821289
-11.348858833312988
-11.35040283203125
-11.349571228027344
-11.351273536682129
-11.348697662353516
-11.350577354431152
-11.349703788757324
-11.349120140075684
-11.348920822143555
-11.346125602722168
-11.348005294799805
-11.349931716918945
-11.34995174407959
-11.348687171936035
-11.3443021774292
-11.346819877624512
-11.344615936279297
-11.345844268798828
-11.344343185424805
-11.33873176574707
-11.333867073059082
-11.337782859802246
-11.335436820983887
-11.346203804016113
-11.348530769348145
-11.351179122924805
-11.344632148742676
-11.347243309020996
-11.3462553024292
-11.35085391998291
-11.350541114807129
-11.350552558898926
-11.34939193725586
-11.347015380859375
-11.34483814239502
-11.344285011291504
-11.348017692565918
-11.348936080932617
-11.344396591186523
-11.338480949401855
-11.327190399169922
-11.32297420501709
-11.329239845275879
-11.338794708251953
-11.348106384277344
-11.350703239440918
-11.34084415435791
-11.326271057128906
-11.318961143493652
-11.319393157958984
-11.332769393920898
-11.346388816833496
-11.346292495727539
-11.334482192993164
-11.326492309570312
-11.32469367980957
-11.334263801574707
-11.348516464233398
-11.350577354431152
-11.345588684082031
-11.34170913696289
-11.33913516998291
-11.336332321166992
-11.342896461486816
-11.34831714630127
-11.347585678100586
-11.339729309082031
-11.325021743774414
-11.31973934173584
-11.31893539428711
-11.323089599609375
-11.32667350769043
-11.332751274108887
-11.33769416809082
-11.347679138183594
-11.348323822021484
-11.346304893493652
-11.3461275100708
-11.33544635772705
-11.321368217468262
-11.31721305847168
-11.330755233764648
-11.335801124572754
-11.342196464538574
-11.337828636169434
-11.33992862701416
-11.346680641174316
-11.350342750549316
-11.348515510559082
-11.341484069824219
-11.335679054260254
-11.332255363464355
-11.34074592590332
-11.342854499816895
-11.344213485717773
-11.34791374206543
-11.349852561950684
-11.345293998718262
-11.349231719970703
-11.349358558654785
-11.351127624511719
-11.347901344299316
-11.342456817626953
-11.33864974975586
-11.336580276489258
-11.338747024536133
-11.34316635131836
-11.348481178283691
-11.351679801940918
-11.348848342895508
-11.34860897064209
-11.349068641662598
-11.35070514678955
-11.350279808044434
-11.349842071533203
-11.350454330444336
-11.351160049438477
-11.349574089050293
-11.349522590637207
-11.35194206237793
-11.350066184997559
-11.352075576782227
-11.352653503417969
-11.350379943847656
-11.35054874420166
-11.35212230682373
-11.3507080078125
-11.350728988647461
-11.351157188415527
-11.351644515991211
-11.349518775939941
-11.351195335388184
-11.350494384765625
-11.34866714477539
-11.352004051208496
-11.350764274597168
-11.35174560546875
-11.350441932678223
-11.352339744567871
-11.350910186767578
-11.350672721862793
-11.351212501525879
-11.352046966552734
-11.35046100616455
-11.35224723815918
-11.353004455566406
-11.352608680725098
-11.349898338317871
-11.351813316345215
-11.352526664733887
-11.350255966186523
-11.35084056854248
-11.351733207702637
-11.35203742980957
-11.35085678100586
-11.35071086883545
-11.351213455200195
-11.350362777709961
-11.35120964050293
-11.353250503540039
-11.35180950164795
-11.351465225219727
-11.348094940185547
-11.347247123718262
-11.34695053100586
-11.346271514892578
-11.348153114318848
-11.348125457763672
-11.34778118133545
-11.347457885742188
-11.346702575683594
-11.349631309509277
-11.350603103637695
-11.351095199584961
-11.350484848022461
-11.350995063781738
-11.349327087402344
-11.347858428955078
-11.345128059387207
-11.341940879821777
-11.33829402923584
-11.339157104492188
-11.340505599975586
-11.343481063842773
-11.347874641418457
-11.350419998168945
-11.350847244262695
-11.349933624267578
-11.35273551940918
-11.352666854858398
-11.351956367492676
-11.35007381439209
-11.352143287658691
-11.351996421813965
-11.35022258758545
-11.35098934173584
-11.351346969604492
-11.349812507629395
-11.350137710571289
-11.348902702331543
-11.348984718322754
-11.347108840942383
-11.347029685974121
-11.347700119018555
-11.346494674682617
-11.346160888671875
-11.344873428344727
-11.346342086791992
-11.346723556518555
-11.346370697021484
-11.344632148742676
-11.344321250915527
-11.346744537353516
-11.349007606506348
-11.351370811462402
-11.350471496582031
-11.351336479187012
-11.350886344909668
-11.350303649902344
-11.349238395690918
-11.350520133972168
-11.351707458496094
-11.349310874938965
-11.344735145568848
-11.334494590759277
-11.32358169555664
-11.31931209564209
-11.319291114807129
-11.3279390335083
-11.33495807647705
-11.347892761230469
-11.351081848144531
-11.351621627807617
-11.351394653320312
-11.35218620300293
-11.351938247680664
-11.350578308105469
-11.351250648498535
-11.350776672363281
-11.352279663085938
-11.351081848144531
-11.3515043258667
-11.352713584899902
-11.35261058807373
-11.352294921875
-11.351473808288574
-11.352033615112305
-11.351760864257812
-11.350720405578613
-11.350301742553711
-11.35044002532959
-11.35067081451416
-11.352612495422363
-11.352799415588379
-11.351980209350586
-11.350464820861816
-11.353474617004395
-11.352176666259766
-11.349592208862305
-11.34900188446045
-11.346274375915527
-11.340619087219238
-11.333648681640625
-11.325297355651855
-11.32529354095459
-11.3321533203125
-11.337667465209961
-11.343606948852539
-11.344459533691406
-11.346488952636719
-11.346449851989746
-11.349757194519043
-11.349739074707031
-11.352108001708984
-11.353837013244629
-11.353111267089844
-11.349995613098145
-11.349742889404297
-11.34621810913086
-11.342498779296875
-11.334864616394043
-11.324686050415039
-11.31616497039795
-11.31617546081543
-11.32848834991455
-11.338216781616211
-11.349462509155273
-11.352133750915527
-11.349884986877441
-11.344915390014648
-11.33763599395752
-11.333520889282227
-11.334173202514648
-11.341964721679688
-11.346707344055176
-11.351522445678711
-11.348688125610352
-11.348326683044434
-11.350671768188477
-11.35340690612793
-11.351236343383789
