loss_b
-0.36265087127685547
-0.3655849099159241
-0.36690840125083923
-0.3677048683166504
-0.3674715757369995
-0.3674924969673157
-0.36719635128974915
-0.36729058623313904
-0.3675234913825989
-0.36795586347579956
-0.3681873679161072
-0.36876240372657776
-0.368780255317688
-0.3692421317100525
-0.3692038655281067
-0.3696416914463043
-0.37013334035873413
-0.3703809678554535
-0.37065717577934265
-0.3707626760005951
-0.3707747757434845
-0.372023344039917
-0.3726271688938141
-0.37323468923568726
-0.373415470123291
-0.37436050176620483
-0.37473881244659424
-0.3763376474380493
-0.37769725918769836
-0.37849143147468567
-0.3791182339191437
-0.3818187117576599
-0.38413697481155396
-0.38680702447891235
-0.38849717378616333
-0.3916497826576233
-0.39411497116088867
-0.3989379107952118
-0.4029800593852997
-0.4040854871273041
-0.41380712389945984
-0.42132365703582764
-0.4258613884449005
-0.4284961223602295
-0.4420175552368164
-0.4530376195907593
-0.46259087324142456
-0.47683364152908325
-0.4855153560638428
-0.4907708168029785
-0.5261497497558594
-0.5402195453643799
-0.5500349998474121
-0.5821942090988159
-0.6165170669555664
-0.6535117626190186
-0.6593038439750671
-0.7313805222511292
-0.754549503326416
-0.7738337516784668
-0.8343361020088196
-0.8940016031265259
-0.9655992984771729
-1.0664805173873901
-1.134772539138794
-1.2593562602996826
-1.327582597732544
-1.4469141960144043
-1.5480313301086426
-1.8120074272155762
-1.9984157085418701
-2.2091543674468994
-2.3031699657440186
-2.8274457454681396
-3.107999563217163
-3.4775683879852295
-3.3985962867736816
-3.202181339263916
-3.171976327896118
-3.0859477519989014
-3.0618815422058105
-2.96366286277771
-3.337298631668091
-3.502457857131958
-3.443796157836914
-3.447507858276367
-3.4649391174316406
-3.5763180255889893
-3.6334333419799805
-3.5953712463378906
-3.759596109390259
-3.2673120498657227
-3.710956573486328
-3.606797218322754
-3.7407877445220947
-3.9478766918182373
-3.8603689670562744
-3.6789002418518066
-4.003126621246338
-4.012111663818359
-3.825230360031128
-4.010090351104736
-4.114435195922852
-3.9445641040802
-3.744264841079712
-3.836683988571167
-3.8500382900238037
-3.901684284210205
-3.9558820724487305
-4.057282447814941
-4.094944000244141
-3.9991519451141357
-3.912620782852173
-4.145493507385254
-4.189164638519287
-4.17226505279541
-4.286632537841797
-4.3322529792785645
-4.398108005523682
-4.362023830413818
-4.111526012420654
-4.485217571258545
-4.558061599731445
-4.2500224113464355
-4.367407321929932
-4.713160037994385
-4.442817687988281
-4.337432384490967
-4.459787845611572
-4.605343341827393
-4.705168724060059
-4.543128490447998
-4.497320175170898
-4.603405475616455
-4.783181667327881
-4.734283924102783
-4.856131553649902
-4.643451690673828
-5.327518463134766
-4.910333156585693
-5.115446090698242
-4.959242343902588
-5.111030578613281
-5.270656108856201
-5.084101676940918
-5.519892692565918
-5.3386125564575195
-5.414371967315674
-5.5185770988464355
-5.591732501983643
-5.621277332305908
-5.703080654144287
-5.628023147583008
-5.484458923339844
-5.846756458282471
-5.653858661651611
-5.872737407684326
-5.905449390411377
-5.982456207275391
-5.834453582763672
-6.064823627471924
-6.043506622314453
-6.1064133644104
-6.145981788635254
-6.120598793029785
-6.125524997711182
-6.15166711807251
-6.165849685668945
-6.0871171951293945
-6.1434760093688965
-6.1699395179748535
-6.093814849853516
-6.155138969421387
-6.197098731994629
-6.2298078536987305
-6.175728797912598
-6.175126075744629
-6.239195823669434
-6.156352996826172
-6.211554527282715
-6.284914016723633
-6.253381729125977
-6.279804706573486
-6.31958532333374
-6.263627529144287
-6.28489875793457
-6.3772077560424805
-6.345742225646973
-6.37777042388916
-6.425424575805664
-6.394989967346191
-6.396528244018555
-6.386713981628418
-6.405096054077148
-6.429285049438477
-6.413669109344482
-6.496094703674316
-6.502508163452148
-6.468869209289551
-6.421649932861328
-6.473608016967773
-6.484097480773926
-6.4750142097473145
-6.500694751739502
-6.506924152374268
-6.493537425994873
-6.468013286590576
-6.504538059234619
-6.582344055175781
-6.472424030303955
-6.527813911437988
-6.574514389038086
-6.599252223968506
-6.550426006317139
-6.601465225219727
-6.616790294647217
-6.649503707885742
-6.636945724487305
-6.619698524475098
-6.593078136444092
-6.55872106552124
-6.618636131286621
-6.591428279876709
-6.605978965759277
-6.71318244934082
-6.580268859863281
-6.621560096740723
-6.682861804962158
-6.671422004699707
-6.6566290855407715
-6.751981735229492
-6.7150139808654785
-6.712925910949707
-6.718482971191406
-6.656137466430664
-6.695007801055908
-6.6185150146484375
-6.743118762969971
-6.7134528160095215
-6.736617565155029
-6.749815940856934
-6.675487041473389
-6.700166702270508
-6.745982646942139
-6.784054756164551
-6.805814743041992
-6.795248508453369
-6.809385299682617
-6.8183112144470215
-6.853544235229492
-6.7509942054748535
-6.858639240264893
-6.784659385681152
-6.889586925506592
-6.812596797943115
-6.808694362640381
-6.8213934898376465
-6.880352973937988
-6.9245076179504395
-6.893714904785156
-6.885864734649658
-6.875720977783203
-6.886178970336914
-6.88920783996582
-6.911276340484619
-6.941679000854492
-6.976622104644775
-6.917054653167725
-6.999214172363281
-6.92803430557251
-6.945354461669922
-6.895109176635742
-6.988805294036865
-6.886433124542236
-6.997476100921631
-7.01570987701416
-7.038146495819092
-6.996059894561768
-7.01563024520874
-7.046362400054932
-7.038463592529297
-7.01630973815918
-7.023622989654541
-7.036035060882568
-7.0717997550964355
-7.086119651794434
-6.984508514404297
-7.063081741333008
-7.029383182525635
-7.0398688316345215
-7.044598579406738
-7.0787224769592285
-7.071163654327393
-7.099192142486572
-7.115368366241455
-6.997758388519287
-7.153628349304199
-7.081248760223389
-7.1205596923828125
-7.069146156311035
-7.131651401519775
-7.092933177947998
-7.184723854064941
-7.098575592041016
-7.218815803527832
-7.166182518005371
-7.183149814605713
-7.230193138122559
-7.18494176864624
-7.18298864364624
-7.199364185333252
-7.194411277770996
-7.278110504150391
-7.179232120513916
-7.185193061828613
-7.292619705200195
-7.2556843757629395
-7.220866680145264
-7.226714611053467
-7.283973217010498
-7.2766008377075195
-7.290660381317139
-7.296217918395996
-7.20041036605835
-7.293565273284912
-7.223758697509766
-7.305992126464844
-7.226566791534424
-7.304122447967529
-7.303855895996094
-7.24089241027832
-7.280063152313232
-7.28532600402832
-7.3603410720825195
-7.316040992736816
-7.31985330581665
-7.353416919708252
-7.3993635177612305
-7.330167770385742
-7.364023208618164
-7.353323459625244
-7.445674896240234
-7.384608268737793
-7.353280067443848
-7.498233318328857
-7.358012676239014
-7.348409175872803
-7.383472919464111
-7.364572048187256
-7.424675464630127
-7.396083831787109
-7.507627964019775
-7.38585901260376
-7.4410858154296875
-7.463432788848877
-7.505802631378174
-7.418967247009277
-7.489111423492432
-7.4295735359191895
-7.486682891845703
-7.484834671020508
-7.541403293609619
-7.501601696014404
-7.520239353179932
-7.430934429168701
-7.564024925231934
-7.452138423919678
-7.559134483337402
-7.4718241691589355
-7.564765453338623
-7.5293121337890625
-7.513749599456787
-7.56080961227417
-7.501697063446045
-7.593043804168701
-7.506257057189941
-7.631958484649658
-7.481070041656494
-7.627355575561523
-7.49000358581543
-7.632720470428467
-7.577887535095215
-7.600189208984375
-7.614537715911865
-7.641171932220459
-7.6051130294799805
-7.560370445251465
-7.643112659454346
-7.585164546966553
-7.7099833488464355
-7.625405311584473
-7.648317813873291
-7.694944858551025
-7.653830051422119
-7.682093620300293
-7.689301013946533
-7.717639923095703
-7.701925277709961
-7.686573028564453
-7.758398056030273
-7.759199619293213
-7.667359828948975
-7.77579402923584
-7.611487865447998
-7.704544544219971
-7.727087020874023
-7.730698585510254
-7.667316913604736
-7.830801963806152
-7.69264030456543
-7.628666400909424
-7.6679840087890625
-7.767000198364258
-7.74444055557251
-7.825067520141602
-7.765937328338623
-7.7017693519592285
-7.788034915924072
-7.803167343139648
-7.7476959228515625
-7.716869831085205
-7.791292190551758
-7.661170482635498
-7.80080509185791
-7.793787002563477
-7.761631965637207
-7.7668232917785645
-7.76550817489624
-7.771766185760498
-7.700994968414307
-7.734945297241211
-7.7677154541015625
-7.78486442565918
-7.829569339752197
-7.827345371246338
-7.782448768615723
-7.805192470550537
-7.846329212188721
-7.851629734039307
-7.777896881103516
-7.912665367126465
-7.81126070022583
-7.780074119567871
-7.790255069732666
-7.867088794708252
-7.827563285827637
-7.820701599121094
-7.917078018188477
-7.851753234863281
-7.842598915100098
-7.851994514465332
-7.786092758178711
-7.849885940551758
-7.7935261726379395
-7.895664215087891
-7.830265045166016
-7.907232761383057
-7.75990629196167
-7.77405309677124
-7.866627216339111
-7.806414604187012
-7.883546352386475
-7.895365238189697
-7.850581645965576
-7.877323627471924
-7.815283298492432
-7.894606113433838
-7.90220308303833
-7.818325996398926
-7.949408531188965
-7.863870143890381
-7.926355838775635
-7.981983661651611
-7.916761875152588
-7.947747230529785
-7.9603376388549805
-7.933227062225342
-7.8937506675720215
-7.856363773345947
-7.894773006439209
-7.892243385314941
-7.933913230895996
-7.8975677490234375
-7.889875888824463
-7.985090732574463
-7.898296356201172
-7.914089679718018
-7.930599689483643
-8.02166748046875
-7.949604034423828
-7.907747268676758
-7.996403694152832
-7.959919452667236
-7.893911838531494
-8.009416580200195
-7.93251371383667
-7.930637836456299
-7.940866470336914
-7.992087364196777
-7.975945949554443
-7.913000106811523
-7.94041109085083
-7.937685012817383
-7.893648624420166
-7.9946980476379395
-7.946414947509766
-7.974635601043701
-7.919983863830566
-8.001559257507324
-8.016547203063965
-7.963432312011719
-7.997913360595703
-8.000686645507812
-7.994123935699463
-7.9430365562438965
-7.984306812286377
-7.932277679443359
-7.982734680175781
-7.946420192718506
-8.013769149780273
-8.000473976135254
-8.030832290649414
-7.97238302230835
-8.052452087402344
-7.962654113769531
-8.022078514099121
-7.9860124588012695
-8.006443977355957
-8.030035018920898
-8.062088966369629
-8.036956787109375
-7.982448577880859
-8.1030855178833
-7.987576484680176
-7.961297512054443
-8.03828239440918
-7.961881160736084
-7.9897942543029785
-8.0769624710083
-8.02998161315918
-7.993536949157715
-8.12314224243164
-7.954139709472656
-8.01822280883789
-8.0714111328125
-7.914071559906006
-8.071133613586426
-8.034585952758789
-7.982708930969238
-8.05907917022705
-8.04844856262207
-8.066781997680664
-8.066451072692871
-7.958927631378174
-8.105459213256836
-8.072875022888184
-8.010605812072754
-8.089816093444824
-8.07980728149414
-8.076610565185547
-8.141924858093262
-8.042692184448242
-8.089743614196777
-8.097367286682129
-8.056499481201172
-8.086291313171387
-8.096492767333984
-8.087913513183594
-8.16745662689209
-8.107460021972656
-8.122232437133789
-8.100658416748047
-8.136395454406738
-8.086069107055664
-8.127803802490234
-8.11092472076416
-8.183231353759766
-8.133273124694824
-8.09391975402832
-8.201066017150879
-8.073325157165527
-8.13938045501709
-8.079068183898926
-8.090957641601562
-8.17348861694336
-8.066800117492676
-8.146544456481934
-8.093119621276855
-8.157444953918457
-8.09430980682373
-8.161053657531738
-8.048420906066895
-8.156956672668457
-8.156355857849121
-8.17339038848877
-8.180573463439941
-8.068260192871094
-8.163304328918457
-8.163923263549805
-8.202658653259277
-8.066587448120117
-8.221151351928711
-8.160511016845703
-8.146538734436035
-8.17701244354248
-8.059916496276855
-8.221399307250977
-8.177918434143066
-8.267080307006836
-8.146296501159668
-8.266766548156738
-8.182870864868164
-8.269926071166992
-8.176543235778809
-8.212199211120605
-8.180045127868652
-8.241189956665039
-8.239700317382812
-8.227724075317383
-8.246332168579102
-8.162081718444824
-8.208118438720703
-8.276433944702148
-8.263045310974121
-8.204482078552246
-8.226042747497559
-8.24002742767334
-8.214508056640625
-8.218636512756348
-8.244154930114746
-8.18409252166748
-8.253717422485352
-8.204876899719238
-8.274755477905273
-8.22002124786377
-8.31251049041748
-8.270647048950195
-8.29627513885498
-8.254733085632324
-8.289130210876465
-8.24513053894043
-8.275150299072266
-8.25141716003418
-8.24218463897705
-8.220596313476562
-8.289359092712402
-8.306814193725586
-8.292207717895508
-8.298040390014648
-8.29573917388916
-8.299782752990723
-8.33163833618164
-8.286127090454102
-8.180007934570312
-8.353167533874512
-8.253340721130371
-8.285689353942871
-8.338815689086914
-8.285623550415039
-8.28046989440918
-8.27026081085205
-8.276581764221191
-8.327288627624512
-8.297917366027832
-8.319289207458496
-8.30263900756836
-8.289796829223633
-8.298598289489746
-8.26301097869873
-8.37609577178955
-8.232358932495117
-8.284016609191895
-8.330700874328613
-8.32245922088623
-8.29040813446045
-8.302765846252441
-8.317924499511719
-8.383072853088379
-8.304030418395996
-8.247116088867188
-8.333852767944336
-8.389732360839844
-8.24040412902832
-8.31544017791748
-8.296792030334473
-8.326427459716797
-8.328784942626953
-8.35008430480957
-8.354798316955566
-8.396432876586914
-8.371047973632812
-8.363429069519043
-8.364568710327148
-8.294808387756348
-8.34287166595459
-8.376486778259277
-8.387659072875977
-8.375030517578125
-8.3421630859375
-8.371004104614258
-8.391951560974121
-8.395533561706543
-8.378466606140137
-8.371306419372559
-8.393683433532715
-8.429571151733398
-8.402506828308105
-8.396273612976074
-8.423660278320312
-8.403173446655273
-8.499979972839355
-8.416129112243652
-8.377421379089355
-8.449057579040527
-8.459512710571289
-8.351863861083984
-8.394600868225098
-8.508153915405273
-8.414430618286133
-8.469486236572266
-8.42837142944336
-8.39960765838623
-8.462882041931152
-8.535969734191895
-8.402078628540039
-8.476033210754395
-8.486532211303711
-8.42923641204834
-8.5137357711792
-8.496678352355957
-8.455535888671875
-8.490750312805176
-8.51330852508545
-8.495231628417969
-8.505188941955566
-8.570562362670898
-8.474373817443848
-8.441025733947754
-8.460959434509277
-8.457947731018066
-8.51442813873291
-8.492844581604004
-8.396395683288574
-8.445841789245605
-8.560891151428223
-8.496258735656738
-8.508003234863281
-8.484803199768066
-8.519845962524414
-8.536637306213379
-8.498537063598633
-8.54328441619873
-8.550421714782715
-8.596080780029297
-8.564472198486328
-8.578644752502441
-8.516446113586426
-8.57215404510498
-8.604544639587402
-8.517427444458008
-8.48403549194336
-8.468093872070312
-8.471136093139648
-8.556112289428711
-8.594801902770996
-8.560240745544434
-8.521809577941895
-8.523913383483887
-8.558878898620605
-8.575512886047363
-8.577956199645996
-8.563998222351074
-8.573026657104492
-8.588019371032715
-8.602483749389648
-8.57676887512207
-8.513854026794434
-8.590276718139648
-8.583849906921387
-8.586992263793945
-8.59994125366211
-8.58152961730957
-8.612996101379395
-8.62028694152832
-8.58406925201416
-8.507644653320312
-8.537663459777832
-8.566062927246094
-8.613489151000977
-8.577116012573242
-8.538555145263672
-8.645925521850586
-8.621630668640137
-8.64472770690918
-8.619988441467285
-8.524300575256348
-8.481865882873535
-8.597440719604492
-8.64892864227295
-8.620087623596191
-8.649415969848633
-8.59121322631836
-8.637057304382324
-8.667902946472168
-8.64324951171875
-8.679344177246094
-8.576629638671875
-8.620475769042969
-8.612663269042969
-8.616847038269043
-8.668107032775879
-8.675880432128906
-8.683388710021973
-8.639032363891602
-8.614017486572266
-8.621837615966797
-8.638347625732422
-8.653347969055176
-8.653419494628906
-8.686017990112305
-8.691025733947754
-8.712730407714844
-8.702199935913086
-8.665011405944824
-8.67456340789795
-8.664182662963867
-8.606870651245117
-8.633831024169922
-8.649282455444336
-8.70943832397461
-8.659921646118164
-8.671244621276855
-8.602265357971191
-8.677169799804688
-8.666133880615234
-8.716490745544434
-8.706972122192383
-8.717771530151367
-8.652095794677734
-8.65743637084961
-8.666460990905762
-8.667280197143555
-8.72212028503418
-8.681819915771484
-8.53854751586914
-8.696985244750977
-8.746612548828125
-8.692553520202637
-8.638371467590332
-8.674981117248535
-8.7130708694458
-8.729348182678223
-8.7089204788208
-8.753756523132324
-8.733141899108887
-8.693768501281738
-8.726269721984863
-8.651912689208984
-8.742914199829102
-8.766777992248535
-8.75609302520752
-8.746442794799805
-8.683981895446777
-8.685772895812988
-8.796738624572754
-8.764398574829102
-8.671798706054688
-8.682979583740234
-8.759720802307129
-8.750887870788574
-8.640924453735352
-8.763851165771484
-8.79942512512207
-8.809062957763672
-8.751947402954102
-8.738873481750488
-8.78530216217041
-8.798402786254883
-8.741399765014648
-8.829901695251465
-8.77645492553711
-8.799897193908691
-8.823600769042969
-8.801840782165527
-8.813640594482422
-8.802817344665527
-8.825159072875977
-8.742332458496094
-8.768774032592773
-8.803236961364746
-8.804226875305176
-8.811118125915527
-8.791962623596191
-8.800738334655762
-8.821296691894531
-8.786934852600098
-8.739827156066895
-8.715676307678223
-8.711010932922363
-8.826242446899414
-8.785343170166016
-8.713753700256348
-8.729140281677246
-8.855472564697266
-8.780062675476074
-8.750885009765625
-8.73835563659668
-8.764957427978516
-8.79104232788086
-8.83173656463623
-8.82031536102295
-8.821168899536133
-8.817866325378418
-8.804248809814453
-8.833353996276855
-8.817791938781738
-8.846036911010742
-8.848787307739258
-8.836777687072754
-8.819400787353516
-8.837430953979492
-8.861756324768066
-8.802989959716797
-8.748427391052246
-8.79575252532959
-8.84489917755127
-8.829055786132812
-8.842239379882812
-8.822032928466797
-8.84096908569336
-8.856809616088867
-8.854247093200684
-8.866024017333984
-8.833564758300781
-8.833135604858398
-8.851987838745117
-8.820789337158203
-8.848655700683594
-8.8618745803833
-8.865312576293945
-8.83304500579834
-8.870123863220215
-8.838929176330566
-8.823360443115234
-8.861761093139648
-8.855073928833008
-8.870797157287598
-8.824851989746094
-8.832599639892578
-8.857278823852539
-8.881772994995117
-8.855440139770508
-8.848800659179688
-8.820212364196777
-8.842096328735352
-8.846076965332031
-8.887046813964844
-8.888888359069824
-8.83608341217041
-8.785223007202148
-8.865431785583496
-8.876051902770996
-8.87178897857666
-8.787044525146484
-8.81663703918457
-8.868239402770996
-8.867680549621582
-8.928876876831055
-8.898746490478516
-8.901843070983887
-8.904431343078613
-8.922141075134277
-8.881391525268555
-8.924017906188965
-8.885198593139648
-8.871512413024902
-8.913373947143555
-8.8930025100708
-8.875286102294922
-8.886242866516113
-8.902996063232422
-8.867059707641602
-8.929963111877441
-8.8865327835083
-8.908501625061035
-8.950746536254883
-8.951159477233887
-8.924981117248535
-8.925025939941406
-8.909355163574219
-8.893178939819336
-8.91292667388916
-8.898280143737793
-8.876160621643066
-8.905961990356445
-8.938587188720703
-8.936893463134766
-8.935784339904785
-8.942062377929688
-8.913065910339355
-8.894147872924805
-8.89410400390625
-8.93652057647705
-8.895998001098633
-8.896950721740723
-8.863423347473145
-8.862992286682129
-8.893448829650879
-8.910558700561523
-8.958930015563965
-8.945752143859863
-8.948406219482422
-8.947550773620605
-8.95296859741211
-8.929105758666992
-8.931821823120117
-8.943251609802246
-8.908641815185547
-8.907800674438477
-8.906359672546387
-8.91089153289795
-8.942421913146973
-8.967445373535156
-8.969930648803711
-8.96574878692627
-8.963251113891602
-8.926433563232422
-8.946654319763184
-8.90286922454834
-8.96120834350586
-8.925886154174805
-8.97026252746582
-8.958415031433105
-9.011752128601074
-8.969260215759277
-8.970097541809082
-8.842206001281738
-8.952997207641602
-8.968953132629395
-8.999260902404785
-8.970471382141113
-8.919449806213379
-8.880936622619629
-8.898083686828613
-8.908672332763672
-9.00272274017334
-8.95135498046875
-8.8451566696167
-8.882305145263672
-8.89749813079834
-9.000341415405273
-8.957439422607422
-8.891271591186523
-8.834083557128906
-8.913004875183105
-8.969908714294434
-8.953227996826172
-8.98660659790039
-8.940421104431152
-8.867202758789062
-8.859845161437988
-8.9705171585083
-8.975544929504395
-8.9611234664917
-8.945401191711426
-8.942117691040039
-8.980683326721191
-9.014128684997559
-9.007598876953125
-8.950325965881348
-8.929703712463379
-8.955450057983398
-8.977805137634277
-9.01080322265625
-8.99230670928955
-9.02493953704834
-9.011670112609863
-8.933706283569336
-8.942411422729492
-8.974540710449219
-9.041533470153809
-8.964337348937988
-8.910775184631348
-8.963645935058594
-8.99792766571045
-9.0252685546875
-9.044222831726074
-8.980813980102539
-8.998178482055664
-9.00786304473877
-9.016505241394043
-9.011143684387207
-9.019024848937988
-9.021139144897461
-9.022381782531738
-9.019464492797852
-8.978967666625977
-9.018744468688965
-8.984313011169434
-8.977495193481445
-8.986349105834961
-9.043251991271973
-9.024188041687012
-8.958274841308594
-8.95688533782959
-8.996170997619629
-8.980443000793457
-9.038066864013672
-9.03344440460205
-9.014253616333008
-9.008987426757812
-8.962041854858398
-8.950217247009277
-8.993918418884277
-9.049180030822754
-8.985981941223145
-8.935853004455566
-8.967721939086914
-9.044897079467773
-9.008139610290527
-8.994856834411621
-8.972787857055664
-9.035375595092773
-9.036698341369629
-9.042223930358887
-9.038022994995117
-9.044060707092285
-8.91927433013916
-8.942815780639648
-9.024162292480469
-9.02884292602539
-8.984940528869629
-9.032793045043945
-9.056876182556152
-9.0501708984375
-9.065317153930664
-9.063401222229004
-9.059538841247559
-9.067212104797363
-9.022527694702148
-9.052327156066895
-9.059569358825684
-9.072739601135254
-9.075101852416992
-9.082016944885254
-9.064372062683105
-9.042448997497559
-8.985033988952637
-9.006766319274902
-9.013792037963867
-9.078288078308105
-9.086392402648926
-9.042019844055176
-9.015832901000977
-8.993631362915039
-9.029176712036133
-9.060616493225098
-9.10423755645752
-9.09674072265625
-9.068519592285156
-9.075031280517578
-9.073731422424316
-9.071029663085938
-9.078155517578125
-9.109163284301758
-9.061319351196289
-9.082043647766113
-9.084165573120117
-9.108755111694336
-9.058830261230469
-9.067605018615723
-9.101495742797852
-9.097387313842773
-9.113591194152832
-9.109692573547363
-9.131065368652344
-9.11270809173584
-9.086365699768066
-9.103983879089355
-9.055875778198242
-9.090591430664062
-9.114394187927246
-9.08091926574707
-9.053959846496582
-9.057775497436523
-9.099818229675293
-9.120328903198242
-9.10412311553955
-9.101539611816406
-9.09669017791748
-9.087471961975098
-9.089641571044922
-9.096853256225586
-9.128153800964355
-9.136783599853516
-9.102631568908691
-9.12014102935791
-9.065300941467285
-9.017085075378418
-8.99647045135498
-9.010982513427734
-9.075958251953125
-9.079499244689941
-9.140563011169434
-9.132220268249512
-9.099380493164062
-8.976398468017578
-8.953466415405273
-9.057985305786133
-9.120991706848145
-9.125476837158203
-9.05981159210205
-9.03114128112793
-9.022112846374512
-9.047879219055176
-9.15307331085205
-9.110118865966797
-9.154912948608398
-9.124183654785156
-9.003774642944336
-9.032763481140137
-9.082504272460938
-9.116044998168945
-9.124434471130371
-9.101675033569336
-9.085301399230957
-9.101719856262207
-9.12313175201416
-9.08074951171875
-9.045536994934082
-9.042327880859375
-9.085996627807617
-9.129836082458496
-9.146553039550781
-9.102128982543945
-8.999199867248535
-9.017046928405762
-9.1229248046875
-9.117403030395508
-9.08382511138916
-9.052170753479004
-9.08205795288086
-9.115517616271973
-9.15311050415039
-9.13622760772705
-9.090627670288086
-8.980055809020996
-9.09378433227539
-9.136724472045898
-9.071737289428711
-9.052990913391113
-9.073745727539062
-9.14472484588623
-9.103015899658203
-9.003750801086426
-9.09844970703125
-9.180024147033691
-9.125120162963867
-9.051506996154785
-9.009625434875488
-9.118471145629883
-9.145916938781738
-9.061537742614746
-9.07898235321045
-9.167220115661621
-9.178986549377441
-9.101801872253418
-9.080941200256348
-9.123618125915527
-9.168800354003906
-9.149396896362305
-9.114087104797363
-9.084490776062012
-9.14522933959961
-9.176650047302246
-9.212291717529297
-9.146240234375
-9.12681770324707
-9.124407768249512
-9.150958061218262
-9.179780006408691
-9.184374809265137
-9.14472770690918
-9.113245010375977
-9.12083911895752
-9.168549537658691
-9.168060302734375
-9.142107963562012
-9.182940483093262
-9.19141960144043
-9.148662567138672
-9.091765403747559
-9.10971450805664
-9.211949348449707
-9.164846420288086
-9.039274215698242
-9.022029876708984
-9.164530754089355
-9.162408828735352
-9.079391479492188
-9.130642890930176
-9.16830825805664
-9.196649551391602
-9.175284385681152
-9.149819374084473
-9.128557205200195
-9.153945922851562
-9.17553424835205
-9.194430351257324
-9.18159294128418
-9.1771240234375
-9.193367958068848
-9.190316200256348
-9.180946350097656
-9.213236808776855
-9.19266414642334
-9.177847862243652
-9.198616981506348
-9.207919120788574
-9.200274467468262
-9.198580741882324
-9.186346054077148
-9.217916488647461
-9.220975875854492
-9.195127487182617
-9.228655815124512
-9.208169937133789
-9.19422435760498
-9.241413116455078
-9.183464050292969
-9.193613052368164
-9.19901180267334
-9.188704490661621
-9.170552253723145
-9.212306022644043
-9.211296081542969
-9.217484474182129
-9.217844009399414
-9.217299461364746
-9.21619701385498
-9.181761741638184
-9.155572891235352
-9.141357421875
-9.175928115844727
-9.157543182373047
-9.19803524017334
-9.21480655670166
-9.194541931152344
-9.181714057922363
-9.135251998901367
-9.151650428771973
-9.19116497039795
-9.204854965209961
-9.212441444396973
-9.166951179504395
-9.059733390808105
-9.128582954406738
-9.206039428710938
-9.156286239624023
-9.07806396484375
-9.079126358032227
-9.22085952758789
-9.234834671020508
-9.176813125610352
-9.081673622131348
-9.114826202392578
-9.199620246887207
-9.204915046691895
-9.169767379760742
-9.164855003356934
-9.22191333770752
-9.241140365600586
-9.236042022705078
-9.200444221496582
-9.213395118713379
-9.195113182067871
-9.245695114135742
-9.219794273376465
-9.218657493591309
-9.178244590759277
-9.131994247436523
-9.152128219604492
-9.188364028930664
-9.22311782836914
-9.199485778808594
-9.176558494567871
-9.0965576171875
-9.115852355957031
-9.21890640258789
-9.228323936462402
-9.203130722045898
-9.12038803100586
-9.138113021850586
-9.218179702758789
-9.234368324279785
-9.218934059143066
-9.198068618774414
-9.202226638793945
-9.220335960388184
-9.238570213317871
-9.251009941101074
-9.229022979736328
-9.181866645812988
-9.185319900512695
-9.21253490447998
-9.290069580078125
-9.187647819519043
-9.100739479064941
-9.209247589111328
-9.255661964416504
-9.240886688232422
-9.200495719909668
-9.1233491897583
-9.22042179107666
-9.24349594116211
-9.205583572387695
-9.184757232666016
-9.128458976745605
-9.20632553100586
-9.22378921508789
-9.266274452209473
-9.226590156555176
-9.232999801635742
-9.22036075592041
-9.196288108825684
-9.207315444946289
-9.248711585998535
-9.249335289001465
-9.26488971710205
-9.238898277282715
-9.196135520935059
-9.175760269165039
-9.20024585723877
-9.250216484069824
-9.266075134277344
-9.227654457092285
-9.176925659179688
-9.1887788772583
-9.214933395385742
-9.248549461364746
-9.26077938079834
-9.208526611328125
-9.230793952941895
-9.208763122558594
-9.230583190917969
-9.233485221862793
-9.242597579956055
-9.243156433105469
-9.244771003723145
-9.223018646240234
-9.252267837524414
-9.264867782592773
-9.273834228515625
-9.25167465209961
-9.254912376403809
-9.236334800720215
-9.246150016784668
-9.227334976196289
-9.212261199951172
-9.274796485900879
-9.279006004333496
-9.240973472595215
-9.183333396911621
-9.169507026672363
-9.243193626403809
-9.251577377319336
-9.252631187438965
-9.158343315124512
-9.133989334106445
-9.182966232299805
-9.260879516601562
-9.258438110351562
-9.214811325073242
-9.204732894897461
-9.21307373046875
-9.277069091796875
-9.259661674499512
-9.255990028381348
-9.24147891998291
-9.207602500915527
-9.23794937133789
-9.248248100280762
-9.245875358581543
-9.299803733825684
-9.273106575012207
-9.285663604736328
-9.279715538024902
-9.270771026611328
-9.284591674804688
-9.294025421142578
-9.277956008911133
-9.277915000915527
-9.292366027832031
-9.279335975646973
-9.259418487548828
-9.296625137329102
-9.241580963134766
-9.263588905334473
-9.261223793029785
-9.222480773925781
-9.264352798461914
-9.24526309967041
-9.251177787780762
-9.277480125427246
-9.278606414794922
-9.300013542175293
-9.321269035339355
-9.285114288330078
-9.31704044342041
-9.314347267150879
-9.27529239654541
-9.260141372680664
-9.232784271240234
-9.196761131286621
-9.23678970336914
-9.300779342651367
-9.286669731140137
-9.275530815124512
-9.296662330627441
-9.301648139953613
-9.26220417022705
-9.24938678741455
-9.284700393676758
-9.243965148925781
-9.226243019104004
-9.257946968078613
-9.269136428833008
-9.308375358581543
-9.265008926391602
-9.290482521057129
-9.251730918884277
-9.2471284866333
-9.21920108795166
-9.237053871154785
-9.261746406555176
-9.27584171295166
-9.28236198425293
-9.290620803833008
-9.284096717834473
-9.192334175109863
-9.185125350952148
-9.250499725341797
-9.262619018554688
-9.290024757385254
-9.198249816894531
-9.15437126159668
-9.196435928344727
-9.27316951751709
-9.275101661682129
-9.194574356079102
-9.16506576538086
-9.270768165588379
-9.28575325012207
-9.300549507141113
-9.256301879882812
-9.24903678894043
-9.305257797241211
-9.32391357421875
-9.292106628417969
-9.300701141357422
-9.307910919189453
-9.321455001831055
-9.319297790527344
-9.338123321533203
-9.309426307678223
-9.291915893554688
-9.262809753417969
-9.264162063598633
-9.263147354125977
-9.329968452453613
-9.346039772033691
-9.31766414642334
-9.290899276733398
-9.30366325378418
-9.3101806640625
-9.311295509338379
-9.29844856262207
-9.263489723205566
-9.293386459350586
-9.281628608703613
-9.318754196166992
-9.316794395446777
-9.322613716125488
-9.342621803283691
-9.346206665039062
-9.308869361877441
-9.284978866577148
-9.284005165100098
-9.292008399963379
-9.302045822143555
-9.294212341308594
-9.31935977935791
-9.293848991394043
-9.311163902282715
-9.278604507446289
-9.30947208404541
-9.271865844726562
-9.34129524230957
-9.35457992553711
-9.344093322753906
-9.313538551330566
-9.315720558166504
-9.31729507446289
-9.291905403137207
-9.26759147644043
-9.298407554626465
-9.306696891784668
-9.323844909667969
-9.343374252319336
-9.330430030822754
-9.331369400024414
-9.32864761352539
-9.287861824035645
-9.301190376281738
-9.270976066589355
-9.304065704345703
-9.294750213623047
-9.31954574584961
-9.326804161071777
-9.309229850769043
-9.321600914001465
-9.321386337280273
-9.297205924987793
-9.325285911560059
-9.312679290771484
-9.287853240966797
-9.301872253417969
-9.287250518798828
-9.265542984008789
-9.262540817260742
-9.305829048156738
-9.33408260345459
-9.335677146911621
-9.322321891784668
-9.319430351257324
-9.332803726196289
-9.313538551330566
-9.284940719604492
-9.285310745239258
-9.278679847717285
-9.287763595581055
-9.296494483947754
-9.322341918945312
-9.364099502563477
-9.347625732421875
-9.30870532989502
-9.256171226501465
-9.235931396484375
-9.260823249816895
-9.299995422363281
-9.317952156066895
-9.341115951538086
-9.26673698425293
-9.182936668395996
-9.301369667053223
-9.347211837768555
-9.346745491027832
-9.347935676574707
-9.33123779296875
-9.336671829223633
-9.341143608093262
-9.352763175964355
-9.381800651550293
-9.374073028564453
-9.337855339050293
-9.341259956359863
-9.346365928649902
-9.368450164794922
-9.35606575012207
-9.390543937683105
-9.361784934997559
-9.364612579345703
-9.343934059143066
-9.33348274230957
-9.353647232055664
-9.354975700378418
-9.359772682189941
-9.32613468170166
-9.35135269165039
-9.290425300598145
-9.178086280822754
-9.244012832641602
-9.274231910705566
-9.330841064453125
-9.284914016723633
-9.123773574829102
-9.237462997436523
-9.340385437011719
-9.349017143249512
-9.34109115600586
-9.34631633758545
-9.339483261108398
-9.28207015991211
-9.360136032104492
-9.373897552490234
-9.328164100646973
-9.33598518371582
-9.323103904724121
-9.281883239746094
-9.328897476196289
-9.34548282623291
-9.357491493225098
-9.372626304626465
-9.37218952178955
-9.345276832580566
-9.351664543151855
-9.334184646606445
-9.32150650024414
-9.307223320007324
-9.318155288696289
-9.320462226867676
-9.331954956054688
-9.347087860107422
-9.376009941101074
-9.373541831970215
-9.353459358215332
-9.363872528076172
-9.375640869140625
-9.380152702331543
-9.3546142578125
-9.373610496520996
-9.349746704101562
-9.311039924621582
-9.279644012451172
-9.249017715454102
-9.361103057861328
-9.343219757080078
-9.36993408203125
-9.328869819641113
-9.255561828613281
-9.247979164123535
-9.33825397491455
-9.371665000915527
-9.28829574584961
-9.217548370361328
-9.268814086914062
-9.334925651550293
-9.381048202514648
-9.341521263122559
-9.21216106414795
-9.333510398864746
-9.313518524169922
-9.200714111328125
-9.238405227661133
-9.330907821655273
-9.322721481323242
-9.213557243347168
-9.205349922180176
-9.314372062683105
-9.353778839111328
-9.342535972595215
-9.350484848022461
-9.299711227416992
-9.374844551086426
-9.375980377197266
-9.389564514160156
-9.39157485961914
-9.368012428283691
-9.36642837524414
-9.348381996154785
-9.306157112121582
-9.327645301818848
-9.363618850708008
-9.388405799865723
-9.372607231140137
-9.371649742126465
-9.340993881225586
-9.340465545654297
-9.340627670288086
-9.340124130249023
-9.378705024719238
-9.37216854095459
-9.405034065246582
-9.391239166259766
-9.409101486206055
-9.39484977722168
-9.365374565124512
-9.312453269958496
-9.307031631469727
-9.336348533630371
-9.38219165802002
-9.39218807220459
-9.402694702148438
-9.351327896118164
-9.313592910766602
-9.288798332214355
-9.346918106079102
-9.407862663269043
-9.386862754821777
-9.388225555419922
-9.417574882507324
-9.397555351257324
-9.404370307922363
-9.4178466796875
-9.386918067932129
-9.378912925720215
-9.353190422058105
-9.352804183959961
-9.375608444213867
-9.404109001159668
-9.414103507995605
-9.416443824768066
-9.376384735107422
-9.34412956237793
-9.341236114501953
-9.39731502532959
-9.41334056854248
-9.441075325012207
-9.411405563354492
-9.35017204284668
-9.26227855682373
-9.274142265319824
-9.386961936950684
-9.376808166503906
-9.352145195007324
-9.251750946044922
-9.260455131530762
-9.380054473876953
-9.410823822021484
-9.378190994262695
-9.25294017791748
-9.254744529724121
-9.386899948120117
-9.386592864990234
-9.379423141479492
-9.347496032714844
-9.395269393920898
-9.383293151855469
-9.401369094848633
-9.4160795211792
-9.419038772583008
-9.414165496826172
-9.398515701293945
-9.391871452331543
-9.416584968566895
-9.397330284118652
-9.394644737243652
-9.437507629394531
-9.392413139343262
-9.36975383758545
-9.358617782592773
-9.34819221496582
-9.334758758544922
-9.381399154663086
-9.398958206176758
-9.403485298156738
-9.399724006652832
-9.436097145080566
-9.424488067626953
-9.390018463134766
-9.375871658325195
-9.337456703186035
-9.316821098327637
-9.362374305725098
-9.382100105285645
-9.382709503173828
-9.409029960632324
-9.423949241638184
-9.400177001953125
-9.375332832336426
-9.333709716796875
-9.271686553955078
-9.301692008972168
-9.39001178741455
-9.400094985961914
-9.325881958007812
-9.276192665100098
-9.325008392333984
-9.380621910095215
-9.405634880065918
-9.410101890563965
-9.41404914855957
-9.405649185180664
-9.390424728393555
-9.334138870239258
-9.304086685180664
-9.316001892089844
-9.411444664001465
-9.40930461883545
-9.368010520935059
-9.35013198852539
-9.332590103149414
-9.324010848999023
-9.415424346923828
-9.393611907958984
-9.418606758117676
-9.402731895446777
-9.422301292419434
-9.424910545349121
-9.418534278869629
-9.435579299926758
-9.422720909118652
-9.44615650177002
-9.42343521118164
-9.418754577636719
-9.383467674255371
-9.363450050354004
-9.403968811035156
-9.400025367736816
-9.38449764251709
-9.412841796875
-9.429001808166504
-9.445992469787598
-9.442861557006836
-9.419366836547852
-9.340633392333984
-9.294888496398926
-9.354219436645508
-9.392786979675293
-9.463400840759277
-9.405906677246094
-9.372777938842773
-9.384675979614258
-9.372539520263672
-9.415130615234375
-9.441787719726562
-9.418704986572266
-9.451991081237793
-9.431320190429688
-9.436320304870605
-9.429205894470215
-9.410914421081543
-9.352290153503418
-9.332320213317871
-9.356480598449707
-9.42613697052002
-9.432891845703125
-9.437244415283203
-9.422552108764648
-9.331867218017578
-9.3152437210083
-9.37272834777832
-9.439017295837402
-9.446526527404785
-9.413581848144531
-9.37840747833252
-9.323175430297852
-9.31512451171875
-9.448914527893066
-9.46226978302002
-9.40121841430664
-9.335861206054688
-9.312369346618652
-9.443349838256836
-9.433647155761719
-9.365978240966797
-9.331047058105469
-9.354193687438965
-9.440129280090332
-9.435708045959473
-9.426593780517578
-9.364444732666016
-9.30990982055664
-9.343936920166016
-9.420289039611816
-9.47176456451416
-9.41830062866211
-9.340652465820312
-9.358490943908691
-9.383896827697754
-9.462685585021973
-9.460793495178223
-9.44596004486084
-9.462051391601562
-9.477180480957031
-9.43348217010498
-9.431188583374023
-9.453912734985352
-9.414936065673828
-9.447487831115723
-9.463842391967773
-9.442822456359863
-9.452592849731445
-9.445314407348633
-9.4620361328125
-9.435920715332031
-9.450971603393555
-9.466938018798828
-9.427992820739746
-9.393754005432129
-9.33031940460205
-9.360479354858398
-9.391105651855469
-9.466141700744629
-9.426770210266113
-9.389081954956055
-9.330196380615234
-9.397601127624512
-9.414052963256836
-9.450321197509766
-9.474505424499512
-9.415040016174316
-9.436887741088867
-9.437430381774902
-9.40229606628418
-9.418450355529785
-9.417967796325684
-9.404932022094727
-9.462148666381836
-9.449182510375977
-9.477551460266113
-9.444918632507324
-9.449750900268555
-9.425350189208984
-9.391277313232422
-9.408675193786621
-9.473435401916504
-9.451078414916992
-9.353943824768066
-9.223913192749023
-9.395862579345703
-9.487646102905273
-9.367815971374512
-9.315258026123047
-9.42648696899414
-9.436531066894531
-9.4608793258667
-9.414294242858887
-9.380099296569824
-9.39555549621582
-9.47663688659668
-9.46486759185791
-9.420105934143066
-9.476704597473145
-9.457257270812988
-9.443792343139648
-9.471908569335938
-9.482192993164062
-9.479424476623535
-9.458555221557617
-9.46988296508789
-9.481836318969727
-9.522798538208008
-9.457293510437012
-9.451677322387695
-9.44260025024414
-9.421469688415527
-9.438868522644043
-9.475004196166992
-9.474215507507324
-9.456658363342285
-9.395122528076172
-9.330239295959473
-9.406257629394531
-9.482327461242676
-9.480732917785645
-9.478644371032715
-9.439841270446777
-9.418889999389648
-9.452234268188477
-9.455729484558105
-9.43089771270752
-9.408708572387695
-9.37028694152832
-9.388768196105957
-9.444952011108398
-9.4877347946167
-9.467409133911133
-9.465726852416992
-9.4126558303833
-9.414167404174805
-9.445900917053223
-9.449056625366211
-9.470841407775879
-9.424771308898926
-9.278362274169922
-9.347023963928223
-9.499421119689941
-9.3834867477417
-9.223967552185059
-9.421533584594727
-9.468382835388184
-9.410776138305664
-9.34035587310791
-9.411507606506348
-9.439163208007812
-9.4849853515625
-9.47998046875
-9.488653182983398
-9.455288887023926
-9.453640937805176
-9.419779777526855
-9.4445161819458
-9.45348834991455
-9.497651100158691
-9.489617347717285
-9.374117851257324
-9.347246170043945
-9.43313217163086
-9.49151611328125
-9.4306640625
-9.400169372558594
-9.385525703430176
-9.430867195129395
-9.484476089477539
-9.477718353271484
-9.381176948547363
-9.330748558044434
-9.44066333770752
-9.489453315734863
-9.425824165344238
-9.400818824768066
-9.39718246459961
-9.423437118530273
-9.484371185302734
-9.503374099731445
-9.418760299682617
-9.33341121673584
-9.318244934082031
-9.474713325500488
-9.456366539001465
-9.301515579223633
-9.41302490234375
-9.463576316833496
-9.418008804321289
-9.352227210998535
-9.417945861816406
-9.483067512512207
-9.501860618591309
-9.42260456085205
-9.383764266967773
-9.448942184448242
-9.493005752563477
-9.45975112915039
-9.350912094116211
-9.432835578918457
-9.476502418518066
-9.475942611694336
-9.506826400756836
-9.482110977172852
-9.490592956542969
-9.483891487121582
-9.488272666931152
-9.500748634338379
-9.496490478515625
-9.503377914428711
-9.498942375183105
-9.49212646484375
-9.450360298156738
-9.460378646850586
-9.432934761047363
-9.470108032226562
-9.495733261108398
-9.525538444519043
-9.483406066894531
-9.441758155822754
-9.445347785949707
-9.42834186553955
-9.467653274536133
-9.535447120666504
-9.491662979125977
-9.503040313720703
-9.461795806884766
-9.482489585876465
-9.485271453857422
-9.475895881652832
-9.51012897491455
-9.519103050231934
-9.456992149353027
-9.443697929382324
-9.471710205078125
-9.495328903198242
-9.498542785644531
-9.50700569152832
-9.489370346069336
-9.476696968078613
-9.472044944763184
-9.492159843444824
-9.46817684173584
-9.496192932128906
-9.487719535827637
-9.490377426147461
-9.435395240783691
-9.462688446044922
-9.493632316589355
-9.524983406066895
-9.507652282714844
-9.473844528198242
-9.461968421936035
-9.468175888061523
-9.490131378173828
-9.503642082214355
-9.49816608428955
-9.457575798034668
-9.496794700622559
-9.502750396728516
-9.515047073364258
-9.510448455810547
-9.51109790802002
-9.549334526062012
-9.506712913513184
-9.541678428649902
-9.516432762145996
-9.501341819763184
-9.495283126831055
-9.43956184387207
-9.45884895324707
-9.48542594909668
-9.518288612365723
-9.512513160705566
-9.519472122192383
-9.499999046325684
-9.501873016357422
-9.497483253479004
-9.53849983215332
-9.50725269317627
-9.506942749023438
-9.464770317077637
-9.462451934814453
-9.522420883178711
-9.472272872924805
-9.470199584960938
-9.479352951049805
-9.480175018310547
-9.507198333740234
-9.523990631103516
-9.529911041259766
-9.518497467041016
-9.511384963989258
-9.486442565917969
-9.49639892578125
-9.528780937194824
-9.516433715820312
-9.511786460876465
-9.5523042678833
-9.505057334899902
-9.486135482788086
-9.500635147094727
-9.503840446472168
-9.529794692993164
-9.562443733215332
-9.547298431396484
-9.548458099365234
-9.527496337890625
-9.52106761932373
-9.470125198364258
-9.43915843963623
-9.503094673156738
-9.443103790283203
-9.483768463134766
-9.483377456665039
-9.491540908813477
-9.530656814575195
-9.525704383850098
-9.549360275268555
-9.516349792480469
-9.530728340148926
-9.53066349029541
-9.442228317260742
-9.39687728881836
-9.461846351623535
-9.497481346130371
-9.515583038330078
-9.528956413269043
-9.529085159301758
-9.476951599121094
-9.502670288085938
-9.519242286682129
-9.511370658874512
-9.490495681762695
-9.504961013793945
-9.470921516418457
-9.467888832092285
-9.46557331085205
-9.487556457519531
-9.49974250793457
-9.5081148147583
-9.522740364074707
-9.514713287353516
-9.464116096496582
-9.454503059387207
-9.531508445739746
-9.521050453186035
-9.5199613571167
-9.519730567932129
-9.510775566101074
-9.52047061920166
-9.52525520324707
-9.531126976013184
-9.530572891235352
-9.556971549987793
-9.531281471252441
-9.543041229248047
-9.547106742858887
-9.506357192993164
-9.405223846435547
-9.404037475585938
-9.476861000061035
-9.531845092773438
-9.48910140991211
-9.4273681640625
-9.428574562072754
-9.510412216186523
-9.519460678100586
-9.525778770446777
-9.528318405151367
-9.516438484191895
-9.467291831970215
-9.437540054321289
-9.438121795654297
-9.495684623718262
-9.518854141235352
-9.519227027893066
-9.547074317932129
-9.508540153503418
-9.518171310424805
-9.506704330444336
-9.53130054473877
-9.521088600158691
-9.542786598205566
-9.528071403503418
-9.545392036437988
-9.52443790435791
-9.511624336242676
-9.500852584838867
-9.488261222839355
-9.485285758972168
-9.48684024810791
-9.518778800964355
-9.51154613494873
-9.488332748413086
-9.487801551818848
-9.50482177734375
-9.487241744995117
-9.505655288696289
-9.572102546691895
-9.529826164245605
-9.378527641296387
-9.434992790222168
-9.457662582397461
-9.534087181091309
-9.551799774169922
-9.484285354614258
-9.423949241638184
-9.520434379577637
-9.534089088439941
-9.47803020477295
-9.405980110168457
-9.456344604492188
-9.489401817321777
-9.517277717590332
-9.527168273925781
-9.526844024658203
-9.519505500793457
-9.427061080932617
-9.411757469177246
-9.450207710266113
-9.50462818145752
-9.57249641418457
-9.535933494567871
-9.502043724060059
-9.38795280456543
-9.498257637023926
-9.531251907348633
-9.483137130737305
-9.41739273071289
-9.37099838256836
-9.539813041687012
-9.573039054870605
-9.490715026855469
-9.507743835449219
-9.52248764038086
-9.520528793334961
-9.532655715942383
-9.532665252685547
-9.538873672485352
-9.553232192993164
-9.54463005065918
-9.572563171386719
-9.611532211303711
-9.541335105895996
-9.535140037536621
-9.561383247375488
-9.528653144836426
-9.552783966064453
-9.579060554504395
-9.561294555664062
-9.525732040405273
-9.517849922180176
-9.52096176147461
-9.480497360229492
-9.54828929901123
-9.554337501525879
-9.549593925476074
-9.52705192565918
-9.481070518493652
-9.437326431274414
-9.4929780960083
-9.536249160766602
-9.539413452148438
-9.448237419128418
-9.464922904968262
-9.477514266967773
-9.560830116271973
-9.562575340270996
-9.536596298217773
-9.486727714538574
-9.418416976928711
-9.45992374420166
-9.51325511932373
-9.582291603088379
-9.553245544433594
-9.549577713012695
-9.470739364624023
-9.500399589538574
-9.517186164855957
-9.58858871459961
-9.530174255371094
-9.469368934631348
-9.432262420654297
-9.512646675109863
-9.58098316192627
-9.578858375549316
-9.569501876831055
-9.550458908081055
-9.530776023864746
-9.518234252929688
-9.510710716247559
-9.544393539428711
-9.545100212097168
-9.554654121398926
-9.556571960449219
-9.535832405090332
-9.5034761428833
-9.499385833740234
-9.492616653442383
-9.533698081970215
-9.563756942749023
-9.561212539672852
-9.56500244140625
-9.567720413208008
-9.546297073364258
-9.558987617492676
-9.555203437805176
-9.583706855773926
-9.58122730255127
-9.585719108581543
-9.576982498168945
-9.568815231323242
-9.570629119873047
-9.545502662658691
-9.55296802520752
-9.55286979675293
-9.542715072631836
-9.582380294799805
-9.576668739318848
-9.535822868347168
-9.545981407165527
-9.56482219696045
-9.512664794921875
-9.479940414428711
-9.526445388793945
-9.564796447753906
-9.58923625946045
-9.59860897064209
-9.562484741210938
-9.568610191345215
-9.506102561950684
-9.463589668273926
-9.500639915466309
-9.54614543914795
-9.587005615234375
-9.579216957092285
-9.574728012084961
-9.571117401123047
-9.589777946472168
-9.538990020751953
-9.51367473602295
-9.51175594329834
-9.46630859375
-9.485560417175293
-9.561355590820312
-9.565703392028809
-9.561963081359863
-9.483254432678223
-9.443816184997559
-9.442614555358887
-9.531550407409668
-9.5581636428833
-9.574875831604004
-9.561623573303223
-9.590423583984375
-9.578177452087402
-9.531699180603027
-9.570863723754883
-9.571402549743652
-9.590578079223633
-9.593694686889648
-9.565935134887695
-9.558610916137695
-9.544825553894043
-9.5868501663208
-9.59711742401123
-9.528636932373047
-9.519631385803223
-9.492009162902832
-9.535836219787598
-9.564515113830566
-9.588212966918945
-9.534653663635254
-9.510261535644531
-9.52510929107666
-9.534406661987305
-9.55211067199707
-9.58842945098877
-9.558072090148926
-9.583178520202637
-9.502374649047852
-9.48461627960205
-9.54841423034668
-9.545294761657715
-9.573537826538086
-9.549362182617188
-9.540464401245117
-9.51424503326416
-9.481186866760254
-9.581012725830078
-9.584549903869629
-9.591129302978516
-9.562691688537598
-9.464375495910645
-9.44674015045166
-9.540518760681152
-9.587504386901855
-9.60749340057373
-9.579625129699707
-9.526633262634277
-9.470128059387207
-9.45174789428711
-9.57746696472168
-9.576811790466309
-9.562418937683105
-9.517529487609863
-9.487458229064941
-9.500702857971191
-9.579300880432129
-9.584753036499023
-9.610674858093262
-9.497779846191406
-9.427437782287598
-9.542119026184082
-9.57307243347168
-9.597832679748535
-9.444425582885742
-9.328851699829102
-9.589192390441895
-9.535063743591309
-9.311540603637695
-9.561502456665039
-9.586357116699219
-9.46473503112793
-9.42615795135498
-9.545453071594238
-9.602901458740234
-9.526507377624512
-9.37850570678711
-9.458054542541504
-9.59200382232666
-9.593626976013184
-9.511632919311523
-9.439399719238281
-9.54109001159668
-9.597935676574707
-9.580288887023926
-9.530317306518555
-9.493227005004883
-9.545848846435547
-9.576574325561523
-9.588234901428223
-9.531167030334473
-9.51211929321289
-9.522133827209473
-9.58301067352295
-9.563828468322754
-9.578960418701172
-9.503266334533691
-9.539461135864258
-9.561853408813477
-9.580972671508789
-9.60450267791748
-9.61902141571045
-9.61438274383545
-9.586889266967773
-9.590932846069336
-9.561379432678223
-9.548418998718262
-9.567590713500977
-9.610072135925293
-9.58239459991455
-9.547715187072754
-9.568997383117676
-9.487777709960938
-9.522022247314453
-9.555933952331543
-9.58639144897461
-9.625833511352539
-9.591985702514648
-9.59161376953125
-9.549967765808105
-9.52589225769043
-9.52730941772461
-9.538308143615723
-9.583827018737793
-9.598698616027832
-9.59635066986084
-9.625638961791992
-9.610371589660645
-9.590269088745117
-9.61226749420166
-9.630629539489746
-9.603354454040527
-9.619135856628418
-9.633856773376465
-9.625333786010742
-9.615325927734375
-9.622751235961914
-9.584549903869629
-9.575811386108398
-9.582380294799805
-9.627847671508789
-9.599377632141113
-9.580826759338379
-9.52712631225586
-9.482501029968262
-9.565337181091309
-9.61234188079834
-9.557042121887207
-9.50052261352539
-9.468539237976074
-9.529730796813965
-9.597156524658203
-9.623553276062012
-9.564085960388184
-9.478507041931152
-9.50635814666748
-9.55993366241455
-9.61910629272461
-9.587013244628906
-9.54349136352539
-9.519996643066406
-9.506996154785156
-9.554328918457031
-9.622041702270508
-9.605132102966309
-9.597967147827148
-9.51419448852539
-9.513550758361816
-9.548039436340332
-9.613471031188965
-9.623217582702637
-9.598125457763672
-9.536151885986328
-9.489261627197266
-9.567208290100098
-9.60061264038086
-9.633209228515625
-9.645631790161133
-9.645825386047363
-9.638956069946289
-9.631342887878418
-9.62548828125
-9.64844036102295
-9.648435592651367
-9.605317115783691
-9.600159645080566
-9.604021072387695
-9.57764720916748
-9.532245635986328
-9.60140609741211
-9.620148658752441
-9.626008033752441
-9.621479988098145
-9.622954368591309
-9.63216781616211
-9.622586250305176
-9.602246284484863
-9.572565078735352
-9.55872917175293
-9.583391189575195
-9.631797790527344
-9.625887870788574
-9.62344741821289
-9.61609935760498
-9.601753234863281
-9.59742259979248
-9.573323249816895
-9.571701049804688
-9.624747276306152
-9.621055603027344
-9.62048053741455
-9.617046356201172
-9.611042022705078
-9.55575180053711
-9.572571754455566
-9.593688011169434
-9.629504203796387
-9.615461349487305
-9.64139461517334
-9.64461898803711
-9.631438255310059
-9.613265037536621
-9.588715553283691
-9.559287071228027
-9.597875595092773
-9.613521575927734
-9.597613334655762
-9.610184669494629
-9.593921661376953
-9.619664192199707
-9.614350318908691
-9.611948013305664
-9.611506462097168
-9.612540245056152
-9.626751899719238
-9.553754806518555
-9.561079025268555
-9.571371078491211
-9.590849876403809
-9.611504554748535
-9.620399475097656
-9.647049903869629
-9.65104866027832
-9.63733196258545
-9.592948913574219
-9.560384750366211
-9.549029350280762
-9.537525177001953
-9.579474449157715
-9.591836929321289
-9.633028030395508
-9.57111644744873
-9.46540641784668
-9.559500694274902
-9.630172729492188
-9.624757766723633
-9.609432220458984
-9.61693000793457
-9.589844703674316
-9.552014350891113
-9.54571533203125
-9.601645469665527
-9.601475715637207
-9.619185447692871
-9.631470680236816
-9.640974998474121
-9.645532608032227
-9.626675605773926
-9.616193771362305
-9.58862018585205
-9.485249519348145
-9.590021133422852
-9.612248420715332
-9.633761405944824
-9.653910636901855
-9.635668754577637
-9.588226318359375
-9.523336410522461
-9.525908470153809
-9.535371780395508
-9.578160285949707
-9.602619171142578
-9.60022258758545
-9.637578964233398
-9.644876480102539
-9.634273529052734
-9.627791404724121
-9.60253620147705
-9.56316089630127
-9.559988021850586
-9.565266609191895
-9.526328086853027
-9.596531867980957
-9.632671356201172
-9.648425102233887
-9.637449264526367
-9.651942253112793
-9.631294250488281
-9.64065170288086
-9.65729808807373
-9.612764358520508
-9.58328914642334
-9.572338104248047
-9.514723777770996
-9.59074592590332
-9.637794494628906
-9.64306926727295
-9.634476661682129
-9.64571762084961
-9.644424438476562
-9.634794235229492
-9.64892578125
-9.666276931762695
-9.613802909851074
-9.571131706237793
-9.563989639282227
-9.607285499572754
-9.613153457641602
-9.649120330810547
-9.628935813903809
-9.674395561218262
-9.62139892578125
-9.612435340881348
-9.550934791564941
-9.564528465270996
-9.597108840942383
-9.521279335021973
-9.596477508544922
-9.646970748901367
-9.641141891479492
-9.680126190185547
-9.66922378540039
-9.672062873840332
-9.642378807067871
-9.64539909362793
-9.674676895141602
-9.61760425567627
-9.645832061767578
-9.611255645751953
-9.614802360534668
-9.590109825134277
-9.568269729614258
-9.597736358642578
-9.604375839233398
-9.629302024841309
-9.670267105102539
-9.65379524230957
-9.6755952835083
-9.654454231262207
-9.633225440979004
-9.631237983703613
-9.599588394165039
-9.565886497497559
-9.560869216918945
-9.631016731262207
-9.665977478027344
-9.67418384552002
-9.620416641235352
-9.60244083404541
-9.54744815826416
-9.543745994567871
-9.562507629394531
-9.637612342834473
-9.631192207336426
-9.668052673339844
-9.640316009521484
-9.618119239807129
-9.548623085021973
-9.598599433898926
-9.597857475280762
-9.579985618591309
-9.560992240905762
-9.591436386108398
-9.613304138183594
-9.634286880493164
-9.616864204406738
-9.64030647277832
-9.62171459197998
-9.628148078918457
-9.62052059173584
-9.636151313781738
-9.650355339050293
-9.66672134399414
-9.6572904586792
-9.65011215209961
-9.598362922668457
-9.616393089294434
-9.599652290344238
-9.648846626281738
-9.619277000427246
-9.655813217163086
-9.644466400146484
-9.593954086303711
-9.487258911132812
-9.494402885437012
-9.627717971801758
-9.637968063354492
-9.664706230163574
-9.623607635498047
-9.537736892700195
-9.583529472351074
-9.594853401184082
-9.642986297607422
-9.634922981262207
-9.6384916305542
-9.650771141052246
-9.667488098144531
-9.659153938293457
-9.64121150970459
-9.63483715057373
-9.656259536743164
-9.662851333618164
-9.688769340515137
-9.665261268615723
-9.655740737915039
-9.670218467712402
-9.666556358337402
-9.684419631958008
-9.645888328552246
-9.606560707092285
-9.593545913696289
-9.577749252319336
-9.538435935974121
-9.611970901489258
-9.667755126953125
-9.666435241699219
-9.640284538269043
-9.658276557922363
-9.669960021972656
-9.66552734375
-9.672769546508789
-9.607099533081055
-9.620386123657227
-9.637906074523926
-9.63006591796875
-9.599081039428711
-9.575273513793945
-9.588932991027832
-9.644184112548828
-9.671982765197754
-9.655388832092285
-9.672411918640137
-9.618490219116211
-9.599882125854492
-9.602831840515137
-9.651555061340332
-9.63381576538086
-9.652624130249023
-9.56564998626709
-9.580680847167969
-9.644728660583496
-9.663782119750977
-9.685905456542969
-9.621574401855469
-9.566927909851074
-9.589731216430664
-9.591983795166016
-9.619583129882812
-9.648666381835938
-9.669851303100586
-9.64200496673584
-9.688881874084473
-9.680933952331543
-9.657389640808105
-9.629738807678223
-9.55108642578125
-9.611645698547363
-9.638566017150879
-9.659059524536133
-9.628423690795898
-9.613447189331055
-9.59323501586914
-9.666474342346191
-9.666411399841309
-9.710714340209961
-9.682951927185059
-9.676815032958984
-9.670578956604004
-9.673975944519043
-9.68159294128418
-9.665407180786133
-9.617233276367188
-9.595657348632812
-9.589118957519531
-9.574234008789062
-9.598079681396484
-9.667135238647461
-9.677742004394531
-9.700719833374023
-9.647989273071289
-9.600579261779785
-9.551308631896973
-9.599129676818848
-9.64228630065918
-9.661764144897461
-9.634078979492188
-9.542405128479004
-9.541046142578125
-9.577237129211426
-9.666357040405273
-9.651927947998047
-9.515565872192383
-9.538811683654785
-9.638761520385742
-9.683298110961914
-9.66290283203125
-9.539772987365723
-9.543296813964844
-9.584173202514648
-9.649191856384277
-9.615601539611816
-9.47315788269043
-9.468392372131348
-9.618298530578613
-9.655882835388184
-9.668204307556152
-9.585681915283203
-9.537233352661133
-9.6354398727417
-9.685269355773926
-9.67468547821045
-9.676267623901367
-9.674602508544922
-9.707406997680664
-9.678499221801758
-9.672868728637695
-9.649798393249512
-9.605280876159668
-9.599523544311523
-9.581521987915039
-9.669928550720215
-9.678102493286133
-9.680776596069336
-9.658019065856934
-9.678772926330566
-9.68116569519043
-9.673008918762207
-9.662318229675293
-9.666894912719727
-9.668344497680664
-9.636881828308105
-9.524221420288086
-9.530229568481445
-9.682369232177734
-9.64598560333252
-9.588801383972168
-9.508846282958984
-9.564608573913574
-9.67052173614502
-9.692469596862793
-9.49866008758545
-9.508352279663086
-9.656841278076172
-9.651810646057129
-9.636253356933594
-9.58090591430664
-9.619768142700195
-9.652970314025879
-9.686680793762207
-9.685784339904785
-9.62427806854248
-9.646014213562012
-9.703107833862305
-9.673983573913574
-9.710320472717285
-9.68037223815918
-9.63437557220459
-9.578622817993164
-9.551118850708008
-9.636919975280762
-9.684991836547852
-9.693561553955078
-9.692471504211426
-9.702910423278809
-9.72616958618164
-9.695825576782227
-9.657729148864746
-9.636445045471191
-9.587326049804688
-9.607888221740723
-9.68136978149414
-9.685785293579102
-9.65725040435791
-9.526593208312988
-9.535235404968262
-9.675434112548828
-9.722818374633789
-9.670622825622559
-9.634312629699707
-9.603458404541016
-9.605916023254395
-9.668473243713379
-9.692380905151367
-9.677271842956543
-9.691805839538574
-9.666580200195312
-9.595563888549805
-9.58680248260498
-9.665719985961914
-9.715088844299316
-9.69162654876709
-9.710672378540039
-9.665450096130371
-9.651345252990723
-9.634115219116211
-9.618471145629883
-9.669142723083496
-9.681355476379395
-9.715437889099121
-9.673853874206543
-9.687996864318848
-9.69406509399414
-9.686431884765625
-9.647409439086914
-9.585652351379395
-9.637627601623535
-9.689288139343262
-9.692241668701172
-9.63992977142334
-9.602315902709961
-9.602555274963379
-9.631438255310059
-9.724401473999023
-9.734728813171387
-9.673100471496582
-9.704242706298828
-9.710155487060547
-9.70526123046875
-9.704070091247559
-9.698616027832031
-9.689882278442383
-9.701743125915527
-9.654720306396484
-9.653450012207031
-9.635579109191895
-9.655707359313965
-9.680018424987793
-9.687765121459961
-9.698297500610352
-9.653094291687012
-9.663021087646484
-9.653987884521484
-9.666439056396484
-9.687085151672363
-9.681559562683105
-9.723261833190918
-9.686554908752441
-9.716998100280762
-9.701262474060059
-9.682594299316406
-9.695493698120117
-9.623011589050293
-9.593025207519531
-9.609505653381348
-9.676369667053223
-9.701095581054688
-9.699688911437988
-9.718113899230957
-9.7197265625
-9.697752952575684
-9.729230880737305
-9.70553207397461
-9.69986629486084
-9.728032112121582
-9.637650489807129
-9.60628604888916
-9.662468910217285
-9.688349723815918
-9.744918823242188
-9.730827331542969
-9.701187133789062
-9.664379119873047
-9.666014671325684
-9.686949729919434
-9.690933227539062
-9.634459495544434
-9.590901374816895
-9.637665748596191
-9.649980545043945
-9.685628890991211
-9.711284637451172
-9.684081077575684
-9.667488098144531
-9.667364120483398
-9.607138633728027
-9.594770431518555
-9.65678882598877
-9.724396705627441
-9.705535888671875
-9.65908432006836
-9.714097023010254
-9.718670845031738
-9.686431884765625
-9.693510055541992
-9.65781021118164
-9.654556274414062
-9.629611015319824
-9.616018295288086
-9.685455322265625
-9.715349197387695
-9.707365036010742
-9.715587615966797
-9.696900367736816
-9.667332649230957
-9.623953819274902
-9.659664154052734
-9.699712753295898
-9.717238426208496
-9.708353996276855
-9.735941886901855
-9.709573745727539
-9.709208488464355
-9.683273315429688
-9.577481269836426
-9.559221267700195
-9.67432975769043
-9.71252727508545
-9.685235023498535
-9.590730667114258
-9.597893714904785
-9.669723510742188
-9.699274063110352
-9.666542053222656
-9.544758796691895
-9.520600318908691
-9.685444831848145
-9.685123443603516
-9.586518287658691
-9.586821556091309
-9.636039733886719
-9.710885047912598
-9.720097541809082
-9.679417610168457
-9.562448501586914
-9.574967384338379
-9.658722877502441
-9.680721282958984
-9.70079231262207
-9.731911659240723
-9.686612129211426
-9.645648002624512
-9.629484176635742
-9.690898895263672
-9.707722663879395
-9.70233154296875
-9.710715293884277
-9.72172737121582
-9.726624488830566
-9.726018905639648
-9.698872566223145
-9.708951950073242
-9.713876724243164
-9.720552444458008
-9.752375602722168
-9.745305061340332
-9.745719909667969
-9.720052719116211
-9.716804504394531
-9.687530517578125
-9.68238353729248
-9.662910461425781
-9.661039352416992
-9.683279037475586
-9.698270797729492
-9.722712516784668
-9.717413902282715
-9.740327835083008
-9.72326374053955
-9.687572479248047
-9.684698104858398
-9.654727935791016
-9.645171165466309
-9.672630310058594
-9.729155540466309
-9.728645324707031
-9.708479881286621
-9.715721130371094
-9.73318099975586
-9.684267044067383
-9.723855972290039
-9.70968246459961
-9.63428020477295
-9.584117889404297
-9.629197120666504
-9.729665756225586
-9.735739707946777
-9.689023971557617
-9.653810501098633
-9.640764236450195
-9.657642364501953
-9.638455390930176
-9.707574844360352
-9.70573902130127
-9.714241027832031
-9.615191459655762
-9.522533416748047
-9.646571159362793
-9.735198974609375
-9.660826683044434
-9.557171821594238
-9.543116569519043
-9.687438011169434
-9.690164566040039
-9.612370491027832
-9.558051109313965
-9.637371063232422
-9.69177532196045
-9.732146263122559
-9.709112167358398
-9.690913200378418
-9.649356842041016
-9.661953926086426
-9.666153907775879
-9.664342880249023
-9.686649322509766
-9.713220596313477
-9.731735229492188
-9.728474617004395
-9.731287002563477
-9.752013206481934
-9.705559730529785
-9.707490921020508
-9.717368125915527
-9.630162239074707
-9.589107513427734
-9.623665809631348
-9.643291473388672
-9.699634552001953
-9.733131408691406
-9.70429515838623
-9.69148063659668
-9.604690551757812
-9.677245140075684
-9.714984893798828
-9.703380584716797
-9.65208625793457
-9.587553977966309
-9.617835998535156
-9.672141075134277
-9.744832992553711
-9.751189231872559
-9.705235481262207
-9.634626388549805
-9.588150024414062
-9.693097114562988
-9.747997283935547
-9.69140625
-9.642895698547363
-9.646895408630371
-9.597586631774902
-9.690606117248535
-9.730504989624023
-9.737288475036621
-9.679031372070312
-9.733296394348145
-9.73927116394043
-9.657112121582031
-9.643171310424805
-9.639147758483887
-9.688538551330566
-9.74726676940918
-9.722204208374023
-9.735157012939453
-9.70994758605957
-9.685319900512695
-9.674534797668457
-9.683390617370605
-9.69775390625
-9.727103233337402
-9.721403121948242
-9.68735408782959
-9.616384506225586
-9.605741500854492
-9.717331886291504
-9.761345863342285
-9.679723739624023
-9.682365417480469
-9.62423038482666
-9.655524253845215
-9.717187881469727
-9.743331909179688
-9.717676162719727
-9.634503364562988
-9.666035652160645
-9.662130355834961
-9.74749755859375
-9.700382232666016
-9.583449363708496
-9.564091682434082
-9.675342559814453
-9.755306243896484
-9.635665893554688
-9.534871101379395
-9.616104125976562
-9.688777923583984
-9.709346771240234
-9.610868453979492
-9.589797973632812
-9.704333305358887
-9.73947525024414
-9.68371868133545
-9.598774909973145
-9.561883926391602
-9.718456268310547
-9.712854385375977
-9.5444974899292
-9.56013298034668
-9.725716590881348
-9.73725414276123
-9.693203926086426
-9.636457443237305
-9.678818702697754
-9.74102783203125
-9.746600151062012
-9.705812454223633
-9.738713264465332
-9.696491241455078
-9.695976257324219
-9.766372680664062
-9.751550674438477
-9.738282203674316
-9.754035949707031
-9.748702049255371
-9.751473426818848
-9.71840763092041
-9.755695343017578
-9.760469436645508
-9.741751670837402
-9.749335289001465
-9.729689598083496
-9.759415626525879
-9.736899375915527
-9.723698616027832
-9.753210067749023
-9.78185749053955
-9.744714736938477
-9.777944564819336
-9.745994567871094
-9.737078666687012
-9.750330924987793
-9.756531715393066
-9.805316925048828
-9.741044998168945
-9.78011703491211
-9.739103317260742
-9.743821144104004
-9.7333345413208
-9.72320556640625
-9.668435096740723
-9.675625801086426
-9.74421215057373
-9.70471477508545
-9.74451732635498
-9.753793716430664
-9.697352409362793
-9.666046142578125
-9.63314151763916
-9.612974166870117
-9.709320068359375
-9.757894515991211
-9.724328994750977
-9.70867919921875
-9.709264755249023
-9.70046329498291
-9.717280387878418
-9.72589111328125
-9.724793434143066
-9.708442687988281
-9.712337493896484
-9.730366706848145
-9.74301815032959
-9.744064331054688
-9.762874603271484
-9.7673978805542
-9.762882232666016
-9.767231941223145
-9.784771919250488
-9.749094009399414
-9.780257225036621
-9.761157989501953
-9.724987030029297
-9.69166088104248
-9.686135292053223
-9.70832347869873
-9.709221839904785
-9.749329566955566
-9.788159370422363
-9.722172737121582
-9.768061637878418
-9.710102081298828
-9.651123046875
-9.63613224029541
-9.732834815979004
-9.739174842834473
-9.7720308303833
-9.746471405029297
-9.741660118103027
-9.725759506225586
-9.701148986816406
-9.686325073242188
-9.631451606750488
-9.700665473937988
-9.754125595092773
-9.775309562683105
-9.726428985595703
-9.744754791259766
-9.718120574951172
-9.673256874084473
-9.667410850524902
-9.719267845153809
-9.729460716247559
-9.77731990814209
-9.763790130615234
-9.764517784118652
-9.724629402160645
-9.620902061462402
-9.684321403503418
-9.739118576049805
-9.782021522521973
-9.754502296447754
-9.6745023727417
-9.561595916748047
-9.638651847839355
-9.724126815795898
-9.796379089355469
-9.785921096801758
-9.750374794006348
-9.67457103729248
-9.687658309936523
-9.71816349029541
-9.779074668884277
-9.755958557128906
-9.743424415588379
-9.762877464294434
-9.750109672546387
-9.744651794433594
-9.718286514282227
-9.745530128479004
-9.74673080444336
-9.755488395690918
-9.770997047424316
-9.75224781036377
-9.720928192138672
-9.740310668945312
-9.748299598693848
-9.769906997680664
-9.779094696044922
-9.772834777832031
-9.783554077148438
-9.776248931884766
-9.745981216430664
-9.72970962524414
-9.72368049621582
-9.75426959991455
-9.76171875
-9.755887031555176
-9.7393217086792
-9.772748947143555
-9.754566192626953
-9.772870063781738
-9.7527437210083
-9.718108177185059
-9.656614303588867
-9.627761840820312
-9.654990196228027
-9.731446266174316
-9.771199226379395
-9.781570434570312
-9.644251823425293
-9.601730346679688
-9.719358444213867
-9.725483894348145
-9.751862525939941
-9.761879920959473
-9.698053359985352
-9.724623680114746
-9.704753875732422
-9.700616836547852
-9.73399543762207
-9.774866104125977
-9.774880409240723
-9.754450798034668
-9.713860511779785
-9.694860458374023
-9.72280216217041
-9.743698120117188
-9.758570671081543
-9.706536293029785
-9.700456619262695
-9.69356632232666
-9.68749713897705
-9.752053260803223
-9.819891929626465
-9.790152549743652
-9.772125244140625
-9.767709732055664
-9.758745193481445
-9.797484397888184
-9.799942016601562
-9.725960731506348
-9.660327911376953
-9.608275413513184
-9.744016647338867
-9.76710033416748
-9.652473449707031
-9.558832168579102
-9.626347541809082
-9.762699127197266
-9.768028259277344
-9.698599815368652
-9.620033264160156
-9.639793395996094
-9.714383125305176
-9.790451049804688
-9.822649002075195
-9.730979919433594
-9.714138984680176
-9.64074993133545
-9.673846244812012
-9.733667373657227
-9.794482231140137
-9.708348274230957
-9.621247291564941
-9.682802200317383
-9.74321460723877
-9.76967716217041
-9.6962890625
-9.58967399597168
-9.676318168640137
-9.756627082824707
-9.79477596282959
-9.74178695678711
-9.643568992614746
-9.711615562438965
-9.730306625366211
-9.801916122436523
-9.739335060119629
-9.674261093139648
-9.671684265136719
-9.701732635498047
-9.746024131774902
-9.779160499572754
-9.774839401245117
-9.774650573730469
-9.657846450805664
-9.652994155883789
-9.732439041137695
-9.767904281616211
-9.731555938720703
-9.65329360961914
-9.659493446350098
-9.756550788879395
-9.775301933288574
-9.683844566345215
-9.61302661895752
-9.721131324768066
-9.803150177001953
-9.736041069030762
-9.658658027648926
-9.662556648254395
-9.693672180175781
-9.762222290039062
-9.777032852172852
-9.765177726745605
-9.720636367797852
-9.671774864196777
-9.772228240966797
-9.767882347106934
-9.614278793334961
-9.605125427246094
-9.756123542785645
-9.787802696228027
-9.715178489685059
-9.60786247253418
-9.691901206970215
-9.791659355163574
-9.671043395996094
-9.61047649383545
-9.734667778015137
-9.804178237915039
-9.699372291564941
-9.614948272705078
-9.722620010375977
-9.787007331848145
-9.773665428161621
-9.72763442993164
-9.672327995300293
-9.726677894592285
-9.777284622192383
-9.773747444152832
-9.682906150817871
-9.611145973205566
-9.726463317871094
-9.79247760772705
-9.780454635620117
-9.763042449951172
-9.76470947265625
-9.751408576965332
-9.782330513000488
-9.791658401489258
-9.803119659423828
-9.773513793945312
-9.76529598236084
-9.804293632507324
-9.75567626953125
-9.74504566192627
-9.741338729858398
-9.759271621704102
-9.76856517791748
-9.798068046569824
-9.78696060180664
-9.802948951721191
-9.797496795654297
-9.724032402038574
-9.707518577575684
-9.726723670959473
-9.78969955444336
-9.785943984985352
-9.71415901184082
-9.667376518249512
-9.753548622131348
-9.790080070495605
-9.767448425292969
-9.69924259185791
-9.647648811340332
-9.760320663452148
-9.789918899536133
-9.785393714904785
-9.72402286529541
-9.693534851074219
-9.729134559631348
-9.79358196258545
-9.800851821899414
-9.797664642333984
-9.749096870422363
-9.767721176147461
-9.787239074707031
-9.806502342224121
-9.783570289611816
-9.808279037475586
-9.790922164916992
-9.763073921203613
-9.804071426391602
-9.796098709106445
-9.744349479675293
-9.711734771728516
-9.764552116394043
-9.823514938354492
-9.798433303833008
-9.837126731872559
-9.78056526184082
-9.789949417114258
-9.771492004394531
-9.729524612426758
-9.711665153503418
-9.763567924499512
-9.784323692321777
-9.818934440612793
-9.783952713012695
-9.792278289794922
-9.776429176330566
-9.727310180664062
-9.728997230529785
-9.685162544250488
-9.777527809143066
-9.815401077270508
-9.797830581665039
-9.792475700378418
-9.7633695602417
-9.760873794555664
-9.759407997131348
-9.79322624206543
-9.765839576721191
-9.815169334411621
-9.785401344299316
-9.781333923339844
-9.756630897521973
-9.7482328414917
-9.776848793029785
-9.825407028198242
-9.819527626037598
-9.721323013305664
-9.64229679107666
-9.73327922821045
-9.783186912536621
-9.783888816833496
-9.760298728942871
-9.653206825256348
-9.743558883666992
-9.783854484558105
-9.80638313293457
-9.752494812011719
-9.709293365478516
-9.701165199279785
-9.777420997619629
-9.807969093322754
-9.759922981262207
-9.618799209594727
-9.715009689331055
-9.74604320526123
-9.783707618713379
-9.727592468261719
-9.648463249206543
-9.707784652709961
-9.792828559875488
-9.804332733154297
-9.808503150939941
-9.806833267211914
-9.805996894836426
-9.820822715759277
-9.799262046813965
-9.788082122802734
-9.80976676940918
-9.816781044006348
-9.854226112365723
-9.805290222167969
-9.80074691772461
-9.746857643127441
-9.763700485229492
-9.79541015625
-9.776716232299805
-9.774377822875977
-9.768804550170898
-9.776638984680176
-9.800966262817383
-9.821476936340332
-9.825270652770996
-9.799652099609375
-9.814026832580566
-9.787735939025879
-9.822859764099121
-9.810418128967285
-9.78848648071289
-9.79707145690918
-9.746757507324219
-9.718119621276855
-9.776371002197266
-9.790196418762207
-9.823363304138184
-9.79547119140625
-9.791526794433594
-9.773778915405273
-9.768665313720703
-9.734037399291992
-9.770095825195312
-9.789657592773438
-9.790369033813477
-9.805025100708008
-9.834738731384277
-9.828792572021484
-9.778538703918457
-9.797179222106934
-9.768741607666016
-9.786084175109863
-9.746430397033691
-9.735790252685547
-9.771937370300293
-9.811264991760254
-9.800848007202148
-9.850801467895508
-9.828551292419434
-9.815282821655273
-9.744771957397461
-9.694396018981934
-9.726466178894043
-9.774519920349121
-9.824917793273926
-9.79443645477295
-9.760788917541504
-9.71678352355957
-9.681924819946289
-9.748798370361328
-9.79934024810791
-9.798154830932617
-9.713144302368164
-9.680830955505371
-9.664594650268555
-9.756001472473145
-9.802234649658203
-9.771242141723633
-9.724540710449219
-9.714242935180664
-9.783354759216309
-9.835105895996094
-9.79251766204834
-9.802525520324707
-9.750082015991211
-9.708044052124023
-9.75585651397705
-9.790140151977539
-9.825522422790527
-9.741366386413574
-9.714607238769531
-9.736635208129883
-9.807482719421387
-9.809410095214844
-9.723865509033203
-9.680356979370117
-9.736352920532227
-9.777033805847168
-9.813190460205078
-9.802660942077637
-9.731796264648438
-9.688104629516602
-9.695145606994629
-9.809432029724121
-9.820738792419434
-9.761026382446289
-9.628565788269043
-9.701464653015137
-9.785135269165039
-9.811041831970215
-9.682778358459473
-9.66938591003418
-9.802128791809082
-9.772053718566895
-9.588616371154785
-9.711263656616211
-9.81336498260498
-9.791797637939453
-9.800567626953125
-9.804422378540039
-9.821052551269531
-9.808003425598145
-9.74416446685791
-9.717411994934082
-9.738604545593262
-9.830495834350586
-9.856553077697754
-9.824223518371582
-9.769190788269043
-9.715493202209473
-9.775529861450195
-9.824856758117676
-9.811723709106445
-9.7600736618042
-9.6713228225708
-9.726778030395508
-9.805963516235352
-9.851556777954102
-9.765787124633789
-9.714315414428711
-9.70287036895752
-9.788286209106445
-9.838308334350586
-9.842747688293457
-9.815995216369629
-9.740324974060059
-9.756111145019531
-9.766752243041992
-9.768755912780762
-9.7904691696167
-9.821767807006836
-9.810090065002441
-9.81498908996582
-9.809906005859375
-9.754842758178711
-9.734834671020508
-9.765271186828613
-9.794363021850586
-9.812788009643555
-9.85152530670166
-9.811935424804688
-9.775033950805664
-9.759842872619629
-9.84814167022705
-9.82085132598877
-9.782137870788574
-9.702676773071289
-9.70435905456543
-9.80754280090332
-9.833130836486816
-9.756875038146973
-9.69834041595459
-9.69312572479248
-9.832277297973633
-9.84789752960205
-9.7701416015625
-9.70541000366211
-9.714130401611328
-9.797431945800781
-9.822822570800781
-9.815592765808105
-9.784222602844238
-9.765824317932129
-9.743586540222168
-9.776996612548828
-9.821135520935059
-9.834808349609375
-9.796440124511719
-9.702964782714844
-9.664522171020508
-9.782782554626465
-9.794429779052734
-9.709206581115723
-9.632752418518066
-9.742108345031738
-9.822487831115723
-9.729753494262695
-9.655366897583008
-9.756552696228027
-9.820326805114746
-9.74853801727295
-9.613677024841309
-9.736967086791992
-9.841083526611328
-9.823390007019043
-9.745529174804688
-9.770515441894531
-9.780793190002441
-9.808511734008789
-9.834513664245605
-9.8146333694458
-9.832118034362793
-9.756428718566895
-9.81527042388916
-9.8304443359375
-9.812355995178223
-9.825597763061523
-9.824705123901367
-9.845054626464844
-9.856851577758789
-9.858660697937012
-9.865865707397461
-9.816612243652344
-9.846626281738281
-9.837939262390137
-9.831235885620117
-9.879145622253418
-9.842805862426758
-9.829062461853027
-9.808133125305176
-9.828927040100098
-9.829272270202637
-9.795619010925293
-9.795377731323242
-9.83005142211914
-9.79071044921875
-9.787057876586914
-9.804618835449219
-9.833935737609863
-9.841736793518066
-9.84036922454834
-9.8461332321167
-9.838313102722168
-9.828125
-9.814234733581543
-9.816890716552734
-9.776288986206055
-9.808140754699707
-9.840117454528809
-9.82744312286377
-9.814125061035156
-9.830541610717773
-9.858597755432129
-9.826655387878418
-9.84835433959961
-9.844893455505371
-9.846390724182129
-9.856194496154785
-9.821317672729492
-9.840738296508789
-9.820991516113281
-9.801629066467285
-9.763038635253906
-9.803277969360352
-9.802173614501953
-9.799420356750488
-9.860626220703125
-9.8323974609375
-9.849860191345215
-9.868557929992676
-9.846395492553711
-9.787199974060059
-9.757281303405762
-9.742314338684082
-9.790534973144531
-9.862018585205078
-9.84160041809082
-9.848075866699219
-9.83659553527832
-9.798188209533691
-9.824812889099121
-9.76427936553955
-9.780305862426758
-9.820138931274414
-9.825267791748047
-9.796695709228516
-9.879766464233398
-9.872958183288574
-9.87187671661377
-9.854776382446289
-9.834219932556152
-9.82223129272461
-9.828001976013184
-9.793184280395508
-9.787793159484863
-9.838454246520996
-9.840946197509766
-9.869549751281738
-9.861913681030273
-9.827994346618652
-9.829923629760742
-9.78879165649414
-9.78891658782959
-9.779348373413086
-9.825041770935059
-9.845947265625
-9.838422775268555
-9.837431907653809
-9.804316520690918
-9.814118385314941
-9.79309368133545
-9.804883003234863
-9.852169036865234
-9.79808521270752
-9.801115036010742
-9.766960144042969
-9.791336059570312
-9.821101188659668
-9.838174819946289
-9.801154136657715
-9.71412181854248
-9.716598510742188
-9.817666053771973
-9.856005668640137
-9.793973922729492
-9.669398307800293
-9.725525856018066
-9.8238525390625
-9.845697402954102
-9.82707405090332
-9.644186973571777
-9.6650972366333
-9.802349090576172
-9.809782028198242
-9.834921836853027
-9.791522979736328
-9.821769714355469
-9.814691543579102
-9.80580997467041
-9.859090805053711
-9.815388679504395
-9.860719680786133
-9.800270080566406
-9.81788444519043
-9.825372695922852
-9.792799949645996
-9.770910263061523
-9.808316230773926
-9.8402099609375
-9.861588478088379
-9.86727523803711
-9.857775688171387
-9.776453018188477
-9.723343849182129
-9.78100299835205
-9.848265647888184
-9.87630558013916
-9.787208557128906
-9.707353591918945
-9.741244316101074
-9.852495193481445
-9.813246726989746
-9.676362991333008
-9.684463500976562
-9.83068561553955
-9.813616752624512
-9.624168395996094
-9.722829818725586
-9.82695198059082
-9.839242935180664
-9.831469535827637
-9.732672691345215
-9.857404708862305
-9.859700202941895
-9.837539672851562
-9.86164379119873
-9.873313903808594
-9.828192710876465
-9.871193885803223
-9.827672958374023
-9.767047882080078
-9.805609703063965
-9.80476188659668
-9.85628604888916
-9.857867240905762
-9.869804382324219
-9.846394538879395
-9.843027114868164
-9.817938804626465
-9.746915817260742
-9.731512069702148
-9.839256286621094
-9.871147155761719
-9.876825332641602
-9.827740669250488
-9.785324096679688
-9.779391288757324
-9.854459762573242
-9.874494552612305
-9.857542991638184
-9.836432456970215
-9.859406471252441
-9.80793571472168
-9.817559242248535
-9.778077125549316
-9.824217796325684
-9.79935359954834
-9.842731475830078
-9.858687400817871
-9.819881439208984
-9.781926155090332
-9.68614673614502
-9.764837265014648
-9.806200981140137
-9.850502014160156
-9.803914070129395
-9.71867847442627
-9.734770774841309
-9.816671371459961
-9.827433586120605
-9.740949630737305
-9.721179008483887
-9.811405181884766
-9.851628303527832
-9.8116455078125
-9.704778671264648
-9.690000534057617
-9.79117488861084
-9.852845191955566
-9.809884071350098
-9.723151206970215
-9.767126083374023
-9.847100257873535
-9.880504608154297
-9.849767684936523
-9.773309707641602
-9.824417114257812
-9.823752403259277
-9.899138450622559
-9.841280937194824
-9.758291244506836
-9.740756034851074
-9.822908401489258
-9.841519355773926
-9.886003494262695
-9.822003364562988
-9.747074127197266
-9.728506088256836
-9.85335636138916
-9.876893043518066
-9.842195510864258
-9.800225257873535
-9.736541748046875
-9.734346389770508
-9.856402397155762
-9.858207702636719
-9.781352043151855
-9.749977111816406
-9.816995620727539
-9.850918769836426
-9.895745277404785
-9.892148971557617
-9.832893371582031
-9.8377046585083
-9.824393272399902
-9.80138874053955
-9.833968162536621
-9.863600730895996
-9.862184524536133
-9.809599876403809
-9.818341255187988
-9.837906837463379
-9.878793716430664
-9.903892517089844
-9.865547180175781
-9.885795593261719
-9.856964111328125
-9.855094909667969
-9.779376983642578
-9.809350967407227
-9.811450958251953
-9.841445922851562
-9.894499778747559
-9.854510307312012
-9.876228332519531
-9.862225532531738
-9.827391624450684
-9.812118530273438
-9.836087226867676
-9.852814674377441
-9.863729476928711
-9.823506355285645
-9.812868118286133
-9.814128875732422
-9.860793113708496
-9.846378326416016
-9.836048126220703
-9.84800910949707
-9.853920936584473
-9.857752799987793
-9.878091812133789
-9.867924690246582
-9.864099502563477
-9.86172866821289
-9.852293968200684
-9.840802192687988
-9.821557998657227
-9.775197982788086
-9.804620742797852
-9.821577072143555
-9.848655700683594
-9.860097885131836
-9.842711448669434
-9.847931861877441
-9.858033180236816
-9.879707336425781
-9.859238624572754
-9.87111759185791
-9.851784706115723
-9.846761703491211
-9.801239013671875
-9.814214706420898
-9.834810256958008
-9.801383018493652
-9.823355674743652
-9.8297700881958
-9.880377769470215
-9.863665580749512
-9.828179359436035
-9.777219772338867
-9.763729095458984
-9.81379222869873
-9.86638355255127
-9.760001182556152
-9.644719123840332
-9.788620948791504
-9.901930809020996
-9.76590347290039
-9.65357494354248
-9.817120552062988
-9.863649368286133
-9.79882526397705
-9.665279388427734
-9.807812690734863
-9.876813888549805
-9.816347122192383
-9.72523307800293
-9.73704719543457
-9.840672492980957
-9.890719413757324
-9.833683013916016
-9.81264877319336
-9.824886322021484
-9.771249771118164
-9.812142372131348
-9.863306045532227
-9.848671913146973
-9.801735877990723
-9.837908744812012
-9.822967529296875
-9.855657577514648
-9.861900329589844
-9.88067626953125
-9.794857025146484
-9.690956115722656
-9.846360206604004
-9.877954483032227
-9.833561897277832
-9.727313995361328
-9.752721786499023
-9.821832656860352
-9.882827758789062
-9.87553882598877
-9.726633071899414
-9.743009567260742
-9.847052574157715
-9.886765480041504
-9.886475563049316
-9.820590019226074
-9.809500694274902
-9.823545455932617
-9.866291999816895
-9.862936019897461
-9.864054679870605
-9.897482872009277
-9.873831748962402
-9.862038612365723
-9.875844955444336
-9.89023494720459
-9.864473342895508
-9.919830322265625
-9.860214233398438
-9.866639137268066
-9.88877010345459
-9.885100364685059
-9.866718292236328
-9.879016876220703
-9.904589653015137
-9.90219497680664
-9.887442588806152
-9.898181915283203
-9.84134292602539
-9.830711364746094
-9.855547904968262
-9.864886283874512
-9.894043922424316
-9.888556480407715
-9.830374717712402
-9.738526344299316
-9.8035306930542
-9.863898277282715
-9.856775283813477
-9.905675888061523
-9.871552467346191
-9.891077041625977
-9.855542182922363
-9.809296607971191
-9.797771453857422
-9.858816146850586
-9.854061126708984
-9.905644416809082
-9.898269653320312
-9.908397674560547
-9.850174903869629
-9.809480667114258
-9.79276180267334
-9.836210250854492
-9.829032897949219
-9.911603927612305
-9.882688522338867
-9.87487506866455
-9.823554039001465
-9.753569602966309
-9.845846176147461
-9.893936157226562
-9.886695861816406
-9.847284317016602
-9.802156448364258
-9.817520141601562
-9.872823715209961
-9.898146629333496
-9.816439628601074
-9.715803146362305
-9.777584075927734
-9.857041358947754
-9.852710723876953
-9.822511672973633
-9.761075019836426
-9.790679931640625
-9.855913162231445
-9.85181713104248
-9.8662109375
-9.844193458557129
-9.835381507873535
-9.75660228729248
-9.784432411193848
-9.876140594482422
-9.900900840759277
-9.91181468963623
-9.929797172546387
-9.898309707641602
-9.878290176391602
-9.875892639160156
-9.859345436096191
-9.856992721557617
-9.872870445251465
-9.85079288482666
-9.905479431152344
-9.892338752746582
-9.874446868896484
-9.879278182983398
-9.860968589782715
-9.857809066772461
-9.844067573547363
-9.826407432556152
-9.865859031677246
-9.86296272277832
-9.819060325622559
-9.801483154296875
-9.777203559875488
-9.870129585266113
-9.916224479675293
-9.89862060546875
-9.891324043273926
-9.89614486694336
-9.886957168579102
-9.905667304992676
-9.86776065826416
-9.880274772644043
-9.77563190460205
-9.770673751831055
-9.834076881408691
-9.916611671447754
-9.811736106872559
-9.693883895874023
-9.71976089477539
-9.851713180541992
-9.891940116882324
-9.70346450805664
-9.71953010559082
-9.855596542358398
-9.871603965759277
-9.851910591125488
-9.793148040771484
-9.723898887634277
-9.819229125976562
-9.925115585327148
-9.879643440246582
-9.762972831726074
-9.7474365234375
-9.809842109680176
-9.904610633850098
-9.880627632141113
-9.76866626739502
-9.805471420288086
-9.830086708068848
-9.83738899230957
-9.891439437866211
-9.86396312713623
-9.839730262756348
-9.815836906433105
-9.849200248718262
-9.855814933776855
-9.905686378479004
-9.864029884338379
-9.836017608642578
-9.835372924804688
-9.913792610168457
-9.904173851013184
-9.8124361038208
-9.827068328857422
-9.761942863464355
-9.801375389099121
-9.872886657714844
-9.885809898376465
-9.877347946166992
-9.890767097473145
-9.932520866394043
-9.903419494628906
-9.90710163116455
-9.872776985168457
-9.86086654663086
-9.826560020446777
-9.848082542419434
-9.907794952392578
-9.899380683898926
-9.895479202270508
-9.881096839904785
-9.84156608581543
-9.85372543334961
-9.889692306518555
-9.898893356323242
-9.87490463256836
-9.89792251586914
-9.836103439331055
-9.794181823730469
-9.852950096130371
-9.878255844116211
-9.888557434082031
-9.91389274597168
-9.927961349487305
-9.869661331176758
-9.813287734985352
-9.826292991638184
-9.841048240661621
-9.865296363830566
-9.844053268432617
-9.836421966552734
-9.86851978302002
-9.870734214782715
-9.871744155883789
-9.87402057647705
-9.884506225585938
-9.897477149963379
-9.884801864624023
-9.92231273651123
-9.884025573730469
-9.865019798278809
-9.927010536193848
-9.911320686340332
-9.948108673095703
-9.905661582946777
-9.91350269317627
-9.813623428344727
-9.755287170410156
-9.805680274963379
-9.870444297790527
-9.930325508117676
-9.882399559020996
-9.832988739013672
-9.791203498840332
-9.85844612121582
-9.890701293945312
-9.901942253112793
-9.874358177185059
-9.836053848266602
-9.816330909729004
-9.831317901611328
-9.875029563903809
-9.87872314453125
-9.904984474182129
-9.930431365966797
-9.924614906311035
-9.913261413574219
-9.904407501220703
-9.879067420959473
-9.834206581115723
-9.908109664916992
-9.878558158874512
-9.836105346679688
-9.836509704589844
-9.874496459960938
-9.880609512329102
-9.92516040802002
-9.916221618652344
-9.911747932434082
-9.81204891204834
-9.695070266723633
-9.791157722473145
-9.903512954711914
-9.894128799438477
-9.883901596069336
-9.86456298828125
-9.839649200439453
-9.851524353027344
-9.869393348693848
-9.925834655761719
-9.909775733947754
-9.913349151611328
-9.89342975616455
-9.88702392578125
-9.892824172973633
-9.825961112976074
-9.82911491394043
-9.86184024810791
-9.860199928283691
-9.908029556274414
-9.91324234008789
-9.927475929260254
-9.899186134338379
-9.909833908081055
-9.916608810424805
-9.896944999694824
-9.812569618225098
-9.773970603942871
-9.870997428894043
-9.89206314086914
-9.757266998291016
-9.721578598022461
-9.821870803833008
-9.927334785461426
-9.865167617797852
-9.785428047180176
-9.779083251953125
-9.834961891174316
-9.886324882507324
-9.890766143798828
-9.910296440124512
-9.91620922088623
-9.89510726928711
-9.892481803894043
-9.900683403015137
-9.863300323486328
-9.813270568847656
-9.815229415893555
-9.86793327331543
-9.894089698791504
-9.89377498626709
-9.91354751586914
-9.92127513885498
-9.929238319396973
-9.90481185913086
-9.926295280456543
-9.896604537963867
-9.868217468261719
-9.884180068969727
-9.866960525512695
-9.878925323486328
-9.935225486755371
-9.911334037780762
-9.892816543579102
-9.92503833770752
-9.937756538391113
-9.947466850280762
-9.918747901916504
-9.9309720993042
-9.940537452697754
-9.939645767211914
-9.919425964355469
-9.921492576599121
-9.842292785644531
-9.865989685058594
-9.853073120117188
-9.789289474487305
-9.830619812011719
-9.890192985534668
-9.86829948425293
-9.941367149353027
-9.932344436645508
-9.870855331420898
-9.832315444946289
-9.825546264648438
-9.886899948120117
-9.912233352661133
-9.917060852050781
-9.905184745788574
-9.917487144470215
-9.854429244995117
-9.826078414916992
-9.867925643920898
-9.898780822753906
-9.921260833740234
-9.896190643310547
-9.947148323059082
-9.944019317626953
-9.901119232177734
-9.881885528564453
-9.880549430847168
-9.869702339172363
-9.870722770690918
-9.876906394958496
-9.842804908752441
-9.847434997558594
-9.841415405273438
-9.899345397949219
-9.900972366333008
-9.899090766906738
-9.885397911071777
-9.903526306152344
-9.882502555847168
-9.848447799682617
-9.8684720993042
-9.831499099731445
-9.844157218933105
-9.895973205566406
-9.935640335083008
-9.903695106506348
-9.926918983459473
-9.899675369262695
-9.842425346374512
-9.809408187866211
-9.843697547912598
-9.859206199645996
-9.863043785095215
-9.910511016845703
-9.93263053894043
-9.908143997192383
-9.943628311157227
-9.872140884399414
-9.88497257232666
-9.886040687561035
-9.918327331542969
-9.874645233154297
-9.90700912475586
-9.893918991088867
-9.917829513549805
-9.927860260009766
-9.925743103027344
-9.887679100036621
-9.867528915405273
-9.863961219787598
-9.908845901489258
-9.887116432189941
-9.93266773223877
-9.934685707092285
-9.916812896728516
-9.949726104736328
-9.924784660339355
-9.868095397949219
-9.87167739868164
-9.829931259155273
-9.805566787719727
-9.886652946472168
-9.894471168518066
-9.924678802490234
-9.945530891418457
-9.929516792297363
-9.919766426086426
-9.849495887756348
-9.78699779510498
-9.816526412963867
-9.83243465423584
-9.92356014251709
-9.967691421508789
-9.930356979370117
-9.873143196105957
-9.802963256835938
-9.797345161437988
-9.868759155273438
-9.905826568603516
-9.962127685546875
-9.938811302185059
-9.913650512695312
-9.877917289733887
-9.921796798706055
-9.907341003417969
-9.897972106933594
-9.846394538879395
-9.867891311645508
-9.852076530456543
-9.90709400177002
-9.90475845336914
-9.882376670837402
-9.893766403198242
-9.850136756896973
-9.88180923461914
-9.908906936645508
-9.92155647277832
-9.879613876342773
-9.880805969238281
-9.867552757263184
-9.895989418029785
-9.936101913452148
-9.902093887329102
-9.972436904907227
-9.924336433410645
-9.849348068237305
-9.76952838897705
-9.874361038208008
-9.934744834899902
-9.94629955291748
-9.947935104370117
-9.924328804016113
-9.846651077270508
-9.812395095825195
-9.8056001663208
-9.890425682067871
-9.946037292480469
-9.928765296936035
-9.922125816345215
-9.901838302612305
-9.88408374786377
-9.816582679748535
-9.830602645874023
-9.884919166564941
-9.932354927062988
-9.93282699584961
-9.829545974731445
-9.8378267288208
-9.857085227966309
-9.954092025756836
-9.916748046875
-9.905863761901855
-9.845466613769531
-9.792284965515137
-9.83203411102295
-9.929637908935547
-9.959257125854492
-9.861242294311523
-9.805273056030273
-9.856614112854004
-9.891613006591797
-9.948460578918457
-9.9376802444458
-9.861923217773438
-9.817216873168945
-9.756848335266113
-9.839319229125977
-9.890863418579102
-9.951566696166992
-9.89527416229248
-9.745015144348145
-9.845333099365234
-9.874675750732422
-9.921789169311523
-9.907831192016602
-9.879582405090332
-9.880827903747559
-9.928633689880371
-9.90740966796875
-9.917430877685547
-9.920034408569336
-9.929011344909668
-9.906911849975586
-9.843276023864746
-9.853184700012207
-9.873037338256836
-9.854216575622559
-9.881505966186523
-9.923335075378418
-9.939229011535645
-9.912457466125488
-9.93382740020752
-9.928586959838867
-9.913188934326172
-9.877311706542969
-9.840086936950684
-9.851285934448242
-9.882466316223145
-9.892715454101562
-9.92948055267334
-9.924654006958008
-9.947113990783691
-9.921669960021973
-9.846052169799805
-9.824256896972656
-9.86953067779541
-9.895626068115234
-9.954352378845215
-9.924455642700195
-9.936955451965332
-9.866666793823242
-9.770764350891113
-9.878461837768555
-9.92845344543457
-9.969531059265137
-9.952104568481445
-9.912544250488281
-9.8822660446167
-9.844873428344727
-9.887063026428223
-9.93831729888916
-9.924120903015137
-9.93583869934082
-9.937442779541016
-9.935600280761719
-9.918498992919922
-9.8734712600708
-9.910019874572754
-9.907757759094238
-9.888704299926758
-9.93134593963623
-9.903271675109863
-9.92113208770752
-9.956469535827637
-9.928194046020508
-9.96161937713623
-9.918262481689453
-9.944769859313965
-9.889150619506836
-9.881465911865234
-9.938628196716309
-9.939026832580566
-9.974462509155273
-9.933490753173828
-9.952276229858398
-9.897068977355957
-9.789863586425781
-9.833454132080078
-9.907027244567871
-9.941999435424805
-9.983779907226562
-9.957233428955078
-9.943131446838379
-9.943965911865234
-9.8880615234375
-9.865194320678711
-9.846369743347168
-9.83913516998291
-9.922369003295898
-9.950715065002441
-9.941739082336426
-9.919440269470215
-9.953071594238281
-9.920950889587402
-9.895771026611328
-9.863435745239258
-9.844542503356934
-9.905046463012695
-9.944884300231934
-9.95486068725586
-9.955318450927734
-9.91466236114502
-9.774290084838867
-9.78280258178711
-9.855927467346191
-9.92473030090332
-9.915260314941406
-9.952418327331543
-9.937623977661133
-9.931371688842773
-9.90941333770752
-9.85346794128418
-9.803077697753906
-9.880961418151855
-9.96701431274414
-9.954324722290039
-9.981661796569824
-9.9513521194458
-9.958098411560059
-9.9446382522583
-9.908927917480469
-9.914255142211914
-9.922383308410645
-9.915369987487793
-9.910263061523438
-9.833873748779297
-9.874534606933594
-9.895989418029785
-9.955339431762695
-9.908218383789062
-9.922347068786621
-9.919293403625488
-9.955748558044434
-9.965641021728516
-9.936887741088867
-9.945557594299316
-9.888681411743164
-9.90213394165039
-9.865120887756348
-9.911222457885742
-9.922740936279297
-9.94005298614502
-9.930150985717773
-9.912249565124512
-9.969135284423828
-9.911791801452637
-9.883760452270508
-9.889472007751465
-9.842179298400879
-9.885616302490234
-9.907137870788574
-9.92791748046875
-9.913442611694336
-9.934592247009277
-9.967266082763672
-9.861244201660156
-9.808159828186035
-9.821673393249512
-9.888702392578125
-9.933991432189941
-9.982466697692871
-9.947700500488281
-9.771310806274414
-9.841681480407715
-9.912454605102539
-9.931978225708008
-9.962545394897461
-9.920426368713379
-9.94914436340332
-9.972525596618652
-9.947859764099121
-9.915582656860352
-9.864459037780762
-9.827653884887695
-9.882643699645996
-9.94006061553955
-9.960360527038574
-9.977014541625977
-9.968226432800293
-9.930608749389648
-9.9274320602417
-9.904155731201172
-9.942877769470215
-9.949016571044922
-9.955862045288086
-9.939054489135742
-9.94790267944336
-9.951482772827148
-9.938054084777832
-9.907783508300781
-9.849394798278809
-9.866565704345703
-9.888738632202148
-9.952154159545898
-9.942625999450684
-9.971588134765625
-9.956428527832031
-9.956788063049316
-9.952802658081055
-9.948739051818848
-9.965167045593262
-9.972843170166016
-9.929803848266602
-9.938553810119629
-9.865691184997559
-9.772329330444336
-9.862190246582031
-9.925237655639648
-9.958788871765137
-9.933465003967285
-9.909036636352539
-9.86991024017334
-9.866281509399414
-9.948114395141602
-9.948725700378418
-10.003934860229492
-9.959249496459961
-9.906299591064453
-9.81352424621582
-9.830866813659668
-9.917143821716309
-9.94815444946289
-9.942465782165527
-9.873385429382324
-9.823143005371094
-9.848380088806152
-9.900823593139648
-9.935501098632812
-9.975686073303223
-9.982349395751953
-9.996194839477539
-9.918706893920898
-9.87954330444336
-9.82705020904541
-9.866056442260742
-9.938472747802734
-9.955108642578125
-9.966543197631836
-9.963946342468262
-9.892522811889648
-9.802526473999023
-9.81430721282959
-9.941661834716797
-9.979429244995117
-9.955318450927734
-9.84173583984375
-9.807787895202637
-9.898889541625977
-9.936543464660645
-9.962241172790527
-9.918272018432617
-9.843381881713867
-9.852907180786133
-9.868106842041016
-9.94629955291748
-9.959990501403809
-9.928318977355957
-9.898681640625
-9.802934646606445
-9.777469635009766
-9.848063468933105
-9.975131034851074
-9.906803131103516
-9.712823867797852
-9.816838264465332
-9.925925254821777
-9.849183082580566
-9.689408302307129
-9.823585510253906
-9.964167594909668
-9.912032127380371
-9.844584465026855
-9.793691635131836
-9.863323211669922
-9.930855751037598
-9.970744132995605
-9.908933639526367
-9.844072341918945
-9.84826374053955
-9.951170921325684
-9.96410083770752
-9.972067832946777
-9.965662956237793
-9.958252906799316
-9.948648452758789
-9.913434982299805
-9.949110984802246
-9.971162796020508
-9.982142448425293
-9.956841468811035
-9.964838027954102
-9.902151107788086
-9.838370323181152
-9.835311889648438
-9.931487083435059
-9.949075698852539
-9.911828994750977
-9.931280136108398
-9.889711380004883
-9.906059265136719
-9.883118629455566
-9.904016494750977
-9.944905281066895
-9.982865333557129
-9.9375638961792
-9.916996002197266
-9.890812873840332
-9.895881652832031
-9.920458793640137
-9.96086597442627
-9.931989669799805
-9.876466751098633
-9.803221702575684
-9.896358489990234
-9.993741035461426
-9.983565330505371
-9.86740493774414
-9.770304679870605
-9.850507736206055
-9.983966827392578
-9.93554401397705
-9.80418872833252
-9.77223014831543
-9.934025764465332
-9.971028327941895
-9.877923965454102
-9.820770263671875
-9.79806900024414
-9.958641052246094
-10.002281188964844
-9.963107109069824
-9.96821403503418
-9.92655086517334
-9.86578369140625
-9.859564781188965
-9.929779052734375
-10.0068998336792
-9.95143985748291
-9.837965965270996
-9.847389221191406
-9.925697326660156
-9.976956367492676
-9.921135902404785
-9.831997871398926
-9.785207748413086
-9.90866470336914
-9.979440689086914
-9.984068870544434
-9.935469627380371
-9.93797492980957
-9.936151504516602
-9.961106300354004
-9.9464750289917
-9.978612899780273
-9.929887771606445
-9.955676078796387
-9.938591003417969
-9.944766998291016
-9.95411491394043
-9.978745460510254
-9.965744972229004
-10.007420539855957
-9.95748519897461
-9.922384262084961
-9.957674980163574
-9.961268424987793
-9.973104476928711
-9.97036361694336
-9.931059837341309
-9.935924530029297
-9.909947395324707
-9.928664207458496
-9.936456680297852
-9.963815689086914
-9.992258071899414
-9.97414779663086
-9.989008903503418
-9.986831665039062
-9.9625825881958
-9.943560600280762
-9.878776550292969
-9.853311538696289
-9.90208625793457
-9.927438735961914
-9.956451416015625
-9.966806411743164
-9.965069770812988
-9.970181465148926
-9.939367294311523
-9.958740234375
-9.942543983459473
-9.935611724853516
-9.974754333496094
-9.971217155456543
-9.940507888793945
-9.931782722473145
-9.927835464477539
-9.901200294494629
-9.910406112670898
-9.942139625549316
-9.943521499633789
-9.974539756774902
-9.9874267578125
-9.969246864318848
-9.972211837768555
-9.962124824523926
-9.911905288696289
-9.921101570129395
-9.934374809265137
-9.950730323791504
-9.990883827209473
-9.998647689819336
-9.984455108642578
-9.995186805725098
-9.977614402770996
-9.988822937011719
-9.973570823669434
-9.937313079833984
-9.939383506774902
-9.919936180114746
-9.91506576538086
-9.947750091552734
-9.955324172973633
-9.939855575561523
-9.894492149353027
-9.967864036560059
-9.940387725830078
-9.983807563781738
-9.964292526245117
-10.005207061767578
-9.94362735748291
-9.919096946716309
-9.877408981323242
-9.903413772583008
-9.92552375793457
-9.96467399597168
-9.962433815002441
-9.966203689575195
-9.954835891723633
-9.905914306640625
-9.941923141479492
-9.954017639160156
-9.971430778503418
-9.996444702148438
-9.997878074645996
-9.952166557312012
-10.007153511047363
-9.965140342712402
-9.935052871704102
-9.903143882751465
-9.90903377532959
-9.903407096862793
-9.972232818603516
-9.986071586608887
-9.98812198638916
-9.998353004455566
-9.95844554901123
-9.892815589904785
-9.883766174316406
-9.886469841003418
-9.964640617370605
-9.975504875183105
-9.9945650100708
-9.958158493041992
-9.885910987854004
-9.907784461975098
-9.900649070739746
-9.964301109313965
-9.985396385192871
-9.99200439453125
-10.015541076660156
-10.000332832336426
-10.014263153076172
-9.971907615661621
-9.969033241271973
-9.98915958404541
-9.981603622436523
-10.002030372619629
-10.015396118164062
-10.016749382019043
-9.940361022949219
-9.959583282470703
-9.891982078552246
-9.859015464782715
-9.876555442810059
-9.968934059143066
-10.00484848022461
-9.94537353515625
-9.81967544555664
-9.831772804260254
-9.956496238708496
-9.98432445526123
-9.904183387756348
-9.784435272216797
-9.863380432128906
-9.962974548339844
-10.003169059753418
-9.919041633605957
-9.868544578552246
-9.833395957946777
-9.884325981140137
-10.015485763549805
-9.963276863098145
-9.868337631225586
-9.792957305908203
-9.896934509277344
-9.975831985473633
-10.002981185913086
-9.96192741394043
-9.965882301330566
-9.91454029083252
-9.924026489257812
-9.929301261901855
-9.925867080688477
-9.954876899719238
-9.980212211608887
-10.004359245300293
-10.01853084564209
-9.998276710510254
-10.004444122314453
-10.009197235107422
-9.950193405151367
-9.890697479248047
-9.946343421936035
-9.919270515441895
-9.940106391906738
-9.980908393859863
-9.965934753417969
-9.962228775024414
-9.96902847290039
-9.945097923278809
-9.965718269348145
-9.999149322509766
-10.014154434204102
-9.980963706970215
-9.98183822631836
-9.979425430297852
-9.984270095825195
-9.949585914611816
-9.975889205932617
-10.001387596130371
-9.998649597167969
-10.029435157775879
-9.992071151733398
-10.012882232666016
-9.96314811706543
-9.90288257598877
-9.881397247314453
-9.956798553466797
-9.986030578613281
-10.022191047668457
-9.978959083557129
-9.969581604003906
-9.938735961914062
-9.920069694519043
-9.868473052978516
-9.901741981506348
-9.948630332946777
-9.975582122802734
-9.96477222442627
-9.937333106994629
-9.938132286071777
-9.94724178314209
-9.94363784790039
-9.96773624420166
-10.016494750976562
-9.969510078430176
-9.986376762390137
-9.969566345214844
-9.905510902404785
-9.960515022277832
-9.986713409423828
-9.959790229797363
-9.986114501953125
-9.994338035583496
-10.046365737915039
-10.005049705505371
-10.002724647521973
-10.009931564331055
-10.011054039001465
-10.018088340759277
-9.982147216796875
-9.9989595413208
-10.008170127868652
-9.967947006225586
-9.93381118774414
-9.944884300231934
-9.973867416381836
-9.993806838989258
-9.981895446777344
-9.954570770263672
-9.897988319396973
-9.856501579284668
-9.934514045715332
-9.963150978088379
-9.956663131713867
-9.894499778747559
-9.820347785949707
-9.889909744262695
-10.000020027160645
-9.964170455932617
-9.922201156616211
-9.76180362701416
-9.88701057434082
-10.002306938171387
-9.983160018920898
-9.820816993713379
-9.859503746032715
-9.94896125793457
-9.979084968566895
-10.01107120513916
-10.001551628112793
-9.972281455993652
-9.970932006835938
-9.880270957946777
-9.87341594696045
-9.948710441589355
-10.00700569152832
-10.027270317077637
-10.00429916381836
-9.988934516906738
-9.945267677307129
-9.884760856628418
-9.91576099395752
-9.962479591369629
-10.000740051269531
-10.004568099975586
-9.96153736114502
-9.961013793945312
-9.926263809204102
-9.89370059967041
-9.911069869995117
-9.981974601745605
-10.00623893737793
-9.962667465209961
-9.844612121582031
-9.790008544921875
-9.957086563110352
-10.022371292114258
-9.98354721069336
-9.925989151000977
-9.853238105773926
-9.94161605834961
-9.988787651062012
-10.005870819091797
-10.05359935760498
-9.9766206741333
-9.94137191772461
-9.914558410644531
-9.960366249084473
-9.939099311828613
-9.980018615722656
-10.00386905670166
-10.004056930541992
-10.008527755737305
-9.960712432861328
-9.98221206665039
-9.968672752380371
-9.956992149353027
-9.951848030090332
-9.933905601501465
-9.976316452026367
-9.975171089172363
-9.97496223449707
-9.97317123413086
-9.973958015441895
-9.940715789794922
-9.913415908813477
-9.942547798156738
-9.998333930969238
-9.988764762878418
-10.006210327148438
-10.016624450683594
-10.023663520812988
-10.032021522521973
-10.003607749938965
-9.989606857299805
-9.943868637084961
-9.923641204833984
-9.914175033569336
-9.956062316894531
-9.998483657836914
-10.026390075683594
-10.038750648498535
-10.01267147064209
-9.968655586242676
-9.900137901306152
-9.87208080291748
-9.93201732635498
-10.021194458007812
-10.009467124938965
-9.990667343139648
-9.922062873840332
-9.90256118774414
-9.944591522216797
-9.982325553894043
-10.036395072937012
-10.01410961151123
-9.998697280883789
-9.935056686401367
-9.988243103027344
-9.987069129943848
-9.981868743896484
-10.025985717773438
-9.988408088684082
-9.946454048156738
-9.86924934387207
-9.90766716003418
-9.949743270874023
-9.925752639770508
-9.966352462768555
-9.954690933227539
-9.982795715332031
-9.960145950317383
-9.921205520629883
-9.919255256652832
-10.007635116577148
-9.982640266418457
-9.986727714538574
-9.984657287597656
-9.942022323608398
-9.925544738769531
-9.907732963562012
-9.946257591247559
-9.990177154541016
-10.016644477844238
-9.98625659942627
-9.869997024536133
-9.862489700317383
-9.948086738586426
-10.016762733459473
-9.974653244018555
-10.009315490722656
-9.969147682189941
-9.925895690917969
-9.935406684875488
-9.995813369750977
-10.00370979309082
-9.998738288879395
-10.030216217041016
-9.982748985290527
-9.93663501739502
-9.933093070983887
-9.922693252563477
-9.939252853393555
-9.980920791625977
-10.051469802856445
-10.001993179321289
-9.961103439331055
-9.893354415893555
-9.925408363342285
-9.931022644042969
-10.010672569274902
-10.03299617767334
-9.983242988586426
-9.943418502807617
-9.9357271194458
-9.975068092346191
-9.993908882141113
-9.984018325805664
-9.997629165649414
-9.979085922241211
-9.960567474365234
-9.925090789794922
-9.925524711608887
-9.95353889465332
-9.964215278625488
-9.964645385742188
-10.018538475036621
-10.043157577514648
-10.013151168823242
-10.046098709106445
-10.032130241394043
-10.008610725402832
-10.013915061950684
-9.971208572387695
-9.939629554748535
-9.880220413208008
-9.93308162689209
-9.997121810913086
-10.002754211425781
-10.020099639892578
-10.023204803466797
-10.033987998962402
-10.012828826904297
-10.01678466796875
-10.044066429138184
-9.981172561645508
-9.861988067626953
-9.926011085510254
-9.94363021850586
-9.989546775817871
-9.99250316619873
-9.986639022827148
-10.010972023010254
-9.998976707458496
-10.00221061706543
-9.96638011932373
-9.92347526550293
-9.939295768737793
-9.941598892211914
-9.97276782989502
-10.029951095581055
-10.035088539123535
-9.988707542419434
-9.981788635253906
-9.936418533325195
-9.932049751281738
-9.948969841003418
-9.980506896972656
-9.989119529724121
-10.02796459197998
-9.994667053222656
-10.038649559020996
-10.039836883544922
-10.026673316955566
-9.991877555847168
-9.932440757751465
-9.930509567260742
-9.954560279846191
-9.96658992767334
-10.001830101013184
-9.9849271774292
-9.999820709228516
-9.895391464233398
-9.870662689208984
-9.969880104064941
-10.021814346313477
-10.030126571655273
-10.014912605285645
-10.02625560760498
-9.976937294006348
-9.929300308227539
-9.924673080444336
-9.964704513549805
-10.022109985351562
-10.044925689697266
-10.007173538208008
-10.013640403747559
-9.976456642150879
-9.956367492675781
-9.973404884338379
-9.97091293334961
-9.972590446472168
-9.983074188232422
-10.007017135620117
-10.044604301452637
-9.975515365600586
-9.9451322555542
-9.919896125793457
-9.956320762634277
-10.017334938049316
-10.020015716552734
-10.032424926757812
-9.989513397216797
-10.017782211303711
-10.03697395324707
-10.050796508789062
-10.00713062286377
-9.954351425170898
-9.914046287536621
-9.948636054992676
-9.977039337158203
-9.992175102233887
-10.028319358825684
-10.021108627319336
-10.03004264831543
-9.995133399963379
-9.99831771850586
-10.008614540100098
-10.019987106323242
-10.022041320800781
-10.016356468200684
-10.031697273254395
-9.980680465698242
-9.99636173248291
-10.003520965576172
-9.981903076171875
-10.019974708557129
-9.955007553100586
-9.88785457611084
-9.910992622375488
-9.940343856811523
-10.021515846252441
-10.04291820526123
-10.023712158203125
-9.970470428466797
-9.896697998046875
-9.886417388916016
-9.96796703338623
-9.991131782531738
-10.024922370910645
-10.031947135925293
-9.982059478759766
-9.975029945373535
-9.905512809753418
-9.904900550842285
-9.970274925231934
-9.989285469055176
-10.047340393066406
-10.049202919006348
-10.014263153076172
-9.929705619812012
-9.916325569152832
-9.962417602539062
-10.026737213134766
-10.024828910827637
-10.007603645324707
-9.942316055297852
-9.805259704589844
-9.860286712646484
-9.99522590637207
-10.012592315673828
-10.006567001342773
-10.008856773376465
-9.954141616821289
-9.922550201416016
-9.91922664642334
-9.973259925842285
-10.011094093322754
-10.023876190185547
-9.910491943359375
-9.815004348754883
-9.940572738647461
-10.029696464538574
-10.037542343139648
-9.958196640014648
-9.909248352050781
-9.955981254577637
-10.030041694641113
-10.030981063842773
-10.002504348754883
-10.026344299316406
-10.032211303710938
-10.011090278625488
-10.039351463317871
-10.028059005737305
-10.063352584838867
-10.033280372619629
-10.030359268188477
-10.045656204223633
-10.019588470458984
-9.997127532958984
-9.987823486328125
-10.004190444946289
-9.977306365966797
-9.956440925598145
-9.945276260375977
-10.009502410888672
-9.982133865356445
-10.01904582977295
-10.002593040466309
-10.034082412719727
-10.032271385192871
-10.079217910766602
-10.01821231842041
-10.00434398651123
-9.866098403930664
-9.8595552444458
-9.996837615966797
-10.060115814208984
-9.950197219848633
-9.793537139892578
-9.917170524597168
-10.043176651000977
-10.056232452392578
-10.029937744140625
-9.959659576416016
-9.927247047424316
-9.928563117980957
-9.968382835388184
-10.021260261535645
-10.011252403259277
-10.02716064453125
-10.0566987991333
-10.077564239501953
-10.041535377502441
-10.04304027557373
-10.006558418273926
-9.994308471679688
-9.968518257141113
-9.94752025604248
-9.992748260498047
-9.98768424987793
-10.044343948364258
-10.024627685546875
-10.047329902648926
-10.030962944030762
-9.998868942260742
-10.028581619262695
-10.040048599243164
-10.03779125213623
-10.030539512634277
-10.002704620361328
-9.957542419433594
-9.929556846618652
-9.964033126831055
-9.995797157287598
-10.010075569152832
-10.027610778808594
-10.046211242675781
-9.999671936035156
-10.045291900634766
-10.027435302734375
-10.029095649719238
-10.017605781555176
-9.957468032836914
-9.9002103805542
-9.877325057983398
-9.998885154724121
-10.031978607177734
-10.02538776397705
-9.919795036315918
-9.914122581481934
-9.956826210021973
-10.028007507324219
-10.063275337219238
-10.03915023803711
-10.009160041809082
-9.936386108398438
-9.84788703918457
-9.901022911071777
-9.987654685974121
-10.040717124938965
-10.033102035522461
-10.049396514892578
-10.0280179977417
-9.9810152053833
-9.97618579864502
-9.954350471496582
-9.886436462402344
-9.934240341186523
-9.998307228088379
-10.036027908325195
-10.016090393066406
-10.037569999694824
-10.027652740478516
-10.010807991027832
-9.981186866760254
-9.951003074645996
-10.007062911987305
-10.035057067871094
-10.053293228149414
-10.026802062988281
-9.906717300415039
-9.894584655761719
-9.942526817321777
-9.992924690246582
-10.042523384094238
-10.055399894714355
-9.983194351196289
-9.903722763061523
-9.962565422058105
-9.989884376525879
-10.03646469116211
-10.037426948547363
-10.060250282287598
-10.019624710083008
-10.031579971313477
-10.021808624267578
-9.929132461547852
-9.938982009887695
-9.986479759216309
-9.998806953430176
-10.02756404876709
-10.041971206665039
-10.059381484985352
-10.033011436462402
-10.035029411315918
-10.035791397094727
-9.971416473388672
-9.88820743560791
-9.937413215637207
-9.990103721618652
-10.045467376708984
-10.041519165039062
-10.020216941833496
-10.059113502502441
-10.033297538757324
-9.972888946533203
-9.949934959411621
-9.934053421020508
-10.007989883422852
-10.026872634887695
-10.044659614562988
-10.041172981262207
-10.006978034973145
-9.976726531982422
-9.93441390991211
-9.924799919128418
-9.997014045715332
-10.004939079284668
-10.023350715637207
-10.073225021362305
-10.061779022216797
-10.03226375579834
-10.085542678833008
-10.043842315673828
-9.91829776763916
-9.874869346618652
-9.990407943725586
-10.032831192016602
-10.054665565490723
-10.023189544677734
-9.967855453491211
-9.843880653381348
-9.99276065826416
-10.059829711914062
-10.077373504638672
-10.010669708251953
-9.905517578125
-9.926164627075195
-9.965143203735352
-10.023734092712402
-10.057756423950195
-10.066262245178223
-9.973357200622559
-9.902298927307129
-9.941956520080566
-9.971386909484863
-10.002376556396484
-10.058943748474121
-10.062909126281738
-10.020411491394043
-10.003155708312988
-9.996792793273926
-9.964111328125
-10.003331184387207
-10.018234252929688
-10.047110557556152
-10.060585021972656
-10.062591552734375
-10.047819137573242
-10.018719673156738
-10.046696662902832
-10.032918930053711
-10.042146682739258
-10.052245140075684
-10.022528648376465
-9.910879135131836
-9.806012153625488
-9.979662895202637
-9.98898983001709
-9.684496879577637
-9.944046974182129
-10.035881042480469
-9.829707145690918
-9.813691139221191
-10.025912284851074
-10.052631378173828
-10.00730037689209
-9.900981903076172
-9.926191329956055
-10.013748168945312
-10.077425956726074
-10.019942283630371
-9.932671546936035
-9.943375587463379
-10.013656616210938
-10.043144226074219
-10.035636901855469
-10.066082954406738
-10.06536865234375
-10.059450149536133
-10.080982208251953
-10.066347122192383
-10.039156913757324
-9.999541282653809
-9.984151840209961
-9.974417686462402
-10.021793365478516
-10.031720161437988
-10.0469388961792
-10.06588363647461
-10.05941104888916
-10.034906387329102
-10.05434799194336
-10.041023254394531
-10.021749496459961
-9.980015754699707
-9.976941108703613
-9.998146057128906
-10.040007591247559
-10.027694702148438
-10.028782844543457
-10.003263473510742
-9.949795722961426
-9.936145782470703
-9.995163917541504
-10.039546966552734
-10.087510108947754
-10.061272621154785
-10.049383163452148
-10.098676681518555
-10.060548782348633
-10.00883674621582
-9.980385780334473
-9.913540840148926
-10.0087251663208
-10.026105880737305
-10.063730239868164
-10.067972183227539
-10.043624877929688
-9.925863265991211
-9.902233123779297
-10.016257286071777
-10.05928897857666
-10.077621459960938
-10.026765823364258
-9.971031188964844
-9.924886703491211
-9.939491271972656
-10.01701545715332
-10.008299827575684
-10.02168083190918
-10.0378999710083
-10.060608863830566
-10.072415351867676
-10.079834938049316
-10.042695045471191
-10.022555351257324
-9.971359252929688
-9.896368026733398
-9.980332374572754
-10.025070190429688
-10.040993690490723
-10.08224105834961
-10.021066665649414
-9.87631607055664
-9.903233528137207
-9.995710372924805
-10.0623140335083
-10.055109024047852
-10.021036148071289
-10.005791664123535
-10.021984100341797
-9.99453067779541
-9.969143867492676
-9.986164093017578
-10.010682106018066
-9.994654655456543
-9.961392402648926
-9.911581039428711
-9.949236869812012
-10.007716178894043
-10.018411636352539
-10.030455589294434
-10.007335662841797
-9.998126029968262
-10.035604476928711
-10.051763534545898
-10.044058799743652
-9.981164932250977
-9.994341850280762
-10.011360168457031
-10.028783798217773
-10.049881935119629
-10.063237190246582
-10.073661804199219
-10.020365715026855
-9.987914085388184
-9.956274032592773
-9.98947811126709
-10.047964096069336
-10.092751502990723
-10.075607299804688
-10.077548027038574
-10.047152519226074
-9.917961120605469
-9.876479148864746
-9.97558879852295
-10.023493766784668
-10.065577507019043
-10.083098411560059
-9.97282886505127
-9.926630020141602
-9.980138778686523
-10.016061782836914
-9.992226600646973
-10.026326179504395
-10.030293464660645
-10.052058219909668
-10.061285018920898
-10.07502555847168
-10.022281646728516
-10.003722190856934
-9.919453620910645
-9.95698070526123
-9.991293907165527
-9.990819931030273
-10.02573013305664
-10.041908264160156
-10.007073402404785
-9.971917152404785
-10.010571479797363
-10.012480735778809
-10.062273025512695
-10.077449798583984
-10.064205169677734
-10.060864448547363
-10.040959358215332
-10.040448188781738
-9.997179985046387
-9.995783805847168
-9.956088066101074
-9.977126121520996
-10.015800476074219
-10.044994354248047
-10.075912475585938
-10.069855690002441
-10.071185111999512
-10.080477714538574
-10.051531791687012
-10.090024948120117
-10.057470321655273
-10.058431625366211
-10.047008514404297
-9.961380004882812
-9.866620063781738
-9.949692726135254
-10.054278373718262
-10.09477424621582
-10.086519241333008
-10.025651931762695
-10.012389183044434
-9.986639976501465
-9.968388557434082
-9.999716758728027
-10.047365188598633
-10.053041458129883
-10.073858261108398
-10.05904769897461
-10.04781436920166
-10.05256175994873
-10.048951148986816
-9.993302345275879
-10.048047065734863
-10.01464557647705
-10.037666320800781
-10.02898120880127
-10.045801162719727
-10.026371955871582
-9.98833179473877
-9.996797561645508
-10.006896018981934
-10.002335548400879
-9.97515869140625
-9.950202941894531
-10.015432357788086
-10.061578750610352
-10.05822467803955
-10.071537971496582
-9.988011360168457
-9.829867362976074
-9.955129623413086
-10.068843841552734
-10.067499160766602
-9.975200653076172
-9.83069133758545
-9.953529357910156
-10.067696571350098
-10.06493091583252
-9.92612361907959
-9.893597602844238
-10.016314506530762
-10.056449890136719
-10.043564796447754
-9.965290069580078
-9.976492881774902
-9.995498657226562
-10.053244590759277
-10.06826114654541
-10.016253471374512
-9.993772506713867
-9.916617393493652
-9.947869300842285
-10.023467063903809
-10.083765029907227
-10.060319900512695
-10.017661094665527
-9.993988037109375
-9.980986595153809
-9.998612403869629
-9.97610855102539
-10.009526252746582
-10.026819229125977
-10.008563995361328
-10.006600379943848
-10.054091453552246
-10.042204856872559
-10.046221733093262
-10.066607475280762
-10.02181339263916
-9.996865272521973
-9.987613677978516
-9.990477561950684
-10.00424575805664
-10.020426750183105
-10.041942596435547
-10.031407356262207
-9.974570274353027
-9.959579467773438
-10.031964302062988
-10.058568000793457
-10.017589569091797
-10.002066612243652
-9.967059135437012
-9.927900314331055
-9.958168983459473
-10.000675201416016
-10.064181327819824
-10.058836936950684
-10.046318054199219
-10.021559715270996
-9.988286018371582
-9.95461654663086
-10.0213041305542
-10.0488862991333
-10.085906028747559
-10.101105690002441
-10.066767692565918
-10.095094680786133
-10.080183029174805
-10.061729431152344
-10.089184761047363
-10.095588684082031
-10.065134048461914
-10.063375473022461
-10.019558906555176
-10.015881538391113
-9.987711906433105
-9.967368125915527
-10.011784553527832
-10.048218727111816
-10.107328414916992
-10.044737815856934
-9.936718940734863
-9.890384674072266
-10.028868675231934
-10.065876960754395
-10.069865226745605
-10.015511512756348
-9.994261741638184
-9.945813179016113
-10.002201080322266
-10.026405334472656
-10.02548599243164
-10.07680606842041
-10.065458297729492
-10.078369140625
-10.0714111328125
-10.068155288696289
-9.993416786193848
-9.949431419372559
-10.02208423614502
-10.066189765930176
-10.086630821228027
-10.0172700881958
-9.889313697814941
-9.875530242919922
-10.017380714416504
-10.071561813354492
-10.074201583862305
-9.99081802368164
-9.899029731750488
-9.953954696655273
-10.031473159790039
-10.062787055969238
-10.097674369812012
-10.084833145141602
-10.058377265930176
-10.00355052947998
-9.983729362487793
-9.9884614944458
-9.994237899780273
-10.018209457397461
-10.041975975036621
-10.059467315673828
-10.061896324157715
-10.064787864685059
-10.097360610961914
-10.10747241973877
-10.067530632019043
-10.106085777282715
-10.094452857971191
-10.073885917663574
-9.981292724609375
-9.948271751403809
-10.000126838684082
-10.046453475952148
-10.074024200439453
-10.079097747802734
-9.9788236618042
-9.92399787902832
-10.001994132995605
-10.07600212097168
-10.061660766601562
-9.980888366699219
-9.962883949279785
-10.003439903259277
-10.000262260437012
-10.096259117126465
-10.070143699645996
-10.034478187561035
-9.869833946228027
-9.947607040405273
-10.07199478149414
-10.08901309967041
-10.039422035217285
-9.938634872436523
-9.971858978271484
-10.031561851501465
-10.087023735046387
-10.063163757324219
-10.066071510314941
-10.104047775268555
-10.082037925720215
-10.066174507141113
-10.093207359313965
-10.10403823852539
-10.091662406921387
-10.072611808776855
-10.100834846496582
-10.09575366973877
-10.07502555847168
-10.086312294006348
-10.093809127807617
-10.044119834899902
-10.027460098266602
-10.022268295288086
-9.969385147094727
-10.014001846313477
-10.033939361572266
-10.063599586486816
-10.085214614868164
-10.036917686462402
-10.04115104675293
-9.954957962036133
-9.907428741455078
-10.005358695983887
-10.095728874206543
-10.071995735168457
-9.953909873962402
-9.955940246582031
-10.008712768554688
-10.021369934082031
-10.071402549743652
-10.110310554504395
-10.097627639770508
-10.089826583862305
-10.101292610168457
-10.09929370880127
-10.09557056427002
-10.115594863891602
-10.087451934814453
-10.074090957641602
-10.07326889038086
-10.023284912109375
-10.00239372253418
-9.963622093200684
-9.981282234191895
-10.060133934020996
-10.048674583435059
-10.10159969329834
-10.082050323486328
-10.065516471862793
-10.005524635314941
-10.000845909118652
-9.977611541748047
-10.041276931762695
-10.106207847595215
-10.089914321899414
-10.10348129272461
-10.076148986816406
-10.07526969909668
-10.046425819396973
-9.970946311950684
-9.928958892822266
-10.051690101623535
-10.090875625610352
-10.100016593933105
-10.058883666992188
-10.049168586730957
-9.988064765930176
-10.017748832702637
-10.043017387390137
-10.077177047729492
-10.090500831604004
-10.068085670471191
-9.925312995910645
-9.938916206359863
-10.027338981628418
-10.09750747680664
-10.098037719726562
-10.065080642700195
-10.038679122924805
-9.991823196411133
-9.981585502624512
-10.020930290222168
-10.074752807617188
-10.093034744262695
-10.075231552124023
-10.108887672424316
-10.088966369628906
-10.10555362701416
-10.046441078186035
-10.021875381469727
-9.956369400024414
-9.99682331085205
-10.042651176452637
-10.103560447692871
-10.084406852722168
-10.085514068603516
-10.040519714355469
-9.921630859375
-9.906844139099121
-10.011910438537598
-10.079670906066895
-10.067838668823242
-9.974127769470215
-9.91666316986084
-9.996378898620605
-10.086669921875
-10.049699783325195
-9.893006324768066
-9.915842056274414
-10.031020164489746
-10.086750030517578
-10.053570747375488
-9.954987525939941
-9.91347885131836
-9.99579906463623
-10.064984321594238
-10.081361770629883
-9.985326766967773
-9.915130615234375
-9.939138412475586
-10.053299903869629
-10.097125053405762
-10.09406566619873
-10.031644821166992
-10.029951095581055
-9.918108940124512
-9.981593132019043
-10.028583526611328
-10.072484016418457
-10.071885108947754
-10.069612503051758
-10.074909210205078
-10.047263145446777
-9.982220649719238
-9.920899391174316
-10.022639274597168
-10.062777519226074
-10.08691120147705
-10.000808715820312
-9.866458892822266
-9.974544525146484
-10.095475196838379
-10.075064659118652
-10.013684272766113
-9.957928657531738
-9.977072715759277
-10.057340621948242
-10.086166381835938
-10.097078323364258
-10.03508472442627
-9.987632751464844
-9.974266052246094
-10.045504570007324
-10.108247756958008
-10.10903549194336
-10.071341514587402
-10.093629837036133
-10.08524227142334
-10.063045501708984
-10.075033187866211
-10.07946491241455
-10.071883201599121
-10.033565521240234
-10.042004585266113
-10.054732322692871
-10.044323921203613
-10.045692443847656
-10.05811595916748
-10.06306266784668
-10.043109893798828
-10.075323104858398
-10.058122634887695
-10.040534019470215
-10.052961349487305
-10.03770637512207
-10.030579566955566
-10.046257019042969
-10.051482200622559
-10.046881675720215
-10.06559944152832
-10.053136825561523
-10.040263175964355
-10.040294647216797
-10.032008171081543
-10.027106285095215
-9.96243953704834
-10.005484580993652
-10.055127143859863
-10.093058586120605
-10.049601554870605
-10.03559684753418
-9.975512504577637
-9.966897010803223
-10.00131607055664
-10.056324005126953
-10.082470893859863
-10.101637840270996
-10.077499389648438
-10.092402458190918
-10.064643859863281
-10.041810035705566
-10.025776863098145
-10.029006958007812
-10.046651840209961
-10.07187557220459
-10.079614639282227
-10.112524032592773
-10.046916961669922
-10.032934188842773
-10.02310562133789
-10.024020195007324
-10.035345077514648
-10.037413597106934
-10.098021507263184
-10.097620964050293
-10.089256286621094
-10.110569953918457
-10.090232849121094
-10.050837516784668
-9.98788833618164
-9.962274551391602
-9.952384948730469
-10.068425178527832
-10.095748901367188
-10.101221084594727
-10.092122077941895
-10.042375564575195
-10.006939888000488
-10.066600799560547
-10.039912223815918
-10.033859252929688
-10.099406242370605
-10.06484317779541
-10.013303756713867
-10.03087043762207
-10.059117317199707
-10.077027320861816
-10.081369400024414
-10.12583065032959
-10.086777687072754
-10.060137748718262
-10.056248664855957
-10.050622940063477
-10.033044815063477
-10.014842987060547
-10.060510635375977
-10.072896003723145
-10.065393447875977
-10.04962158203125
-10.094880104064941
-10.109312057495117
-10.082611083984375
-10.108996391296387
-10.09101390838623
-10.072321891784668
-10.019087791442871
-9.983306884765625
-9.993388175964355
-10.076312065124512
-10.06748104095459
-10.089938163757324
-10.103711128234863
-10.097636222839355
-10.106352806091309
-10.103076934814453
-10.063445091247559
-10.012369155883789
-9.962774276733398
-10.049793243408203
-10.072033882141113
-10.092466354370117
-10.114544868469238
-10.116843223571777
-10.096729278564453
-10.09272289276123
-10.053561210632324
-10.05671501159668
-9.966733932495117
-10.008161544799805
-10.035789489746094
-10.013951301574707
-10.032111167907715
-10.078217506408691
-10.068145751953125
-10.1180419921875
-10.101512908935547
-10.079280853271484
-10.053035736083984
-10.036826133728027
-10.092123031616211
-10.055957794189453
-10.074505805969238
-10.069056510925293
-10.0523099899292
-10.084403038024902
-10.048821449279785
-10.093738555908203
-10.099899291992188
-10.08973217010498
-10.115220069885254
-10.101997375488281
-10.081384658813477
-10.044744491577148
-9.976633071899414
-9.97059154510498
-10.034185409545898
-10.062737464904785
-10.089498519897461
-10.10085678100586
-10.09107494354248
-10.106240272521973
-10.100669860839844
-10.08201789855957
-10.058853149414062
-10.043683052062988
-10.047398567199707
-10.014994621276855
-10.025318145751953
-9.995314598083496
-10.031208992004395
-10.078481674194336
-10.105575561523438
-10.11489200592041
-10.098932266235352
-10.111410140991211
-10.079761505126953
-10.080613136291504
-10.11530590057373
-10.087839126586914
-10.100054740905762
-10.053827285766602
-10.041204452514648
-10.081273078918457
-10.094862937927246
-10.104390144348145
-10.125920295715332
-10.089216232299805
-10.122403144836426
-10.069515228271484
-10.064324378967285
-10.11861515045166
-10.083576202392578
-10.083544731140137
-10.090838432312012
-10.038540840148926
-10.010684967041016
-10.050682067871094
-10.02083969116211
-10.062143325805664
-10.055700302124023
-10.02111530303955
-10.024182319641113
-10.028274536132812
-10.025897979736328
-10.022536277770996
-10.049041748046875
-10.046866416931152
-10.070456504821777
-10.067523956298828
-10.041133880615234
-10.067706108093262
-10.087127685546875
-10.097458839416504
-10.110052108764648
-10.115128517150879
-10.106099128723145
-10.124258041381836
-10.10038948059082
-10.116106986999512
-10.148941040039062
-10.114850044250488
-10.103349685668945
-10.064316749572754
-10.025659561157227
-9.928567886352539
-9.979216575622559
-10.063141822814941
-10.108601570129395
-10.121689796447754
-10.10760498046875
-10.009289741516113
-9.89441967010498
-9.996953964233398
-10.100218772888184
-10.114526748657227
-10.092777252197266
-10.050697326660156
-10.011330604553223
-9.971620559692383
-10.013883590698242
-10.1004056930542
-10.091944694519043
-10.099165916442871
-10.083646774291992
-10.133865356445312
-10.099575996398926
-10.11916446685791
-10.105207443237305
-10.085659980773926
-10.03291130065918
-9.979165077209473
-9.996987342834473
-10.042525291442871
-10.103869438171387
-10.094945907592773
-10.130457878112793
-10.111737251281738
-10.097516059875488
-10.036690711975098
-9.95075798034668
-9.982902526855469
-10.05983829498291
-10.085644721984863
-10.093367576599121
-10.088970184326172
-10.070945739746094
-10.026483535766602
-10.015997886657715
-10.029370307922363
-10.082108497619629
-10.075593948364258
-10.081892967224121
-10.096790313720703
-10.065364837646484
-10.099183082580566
-10.082327842712402
-10.052363395690918
-10.009990692138672
-10.01661491394043
-10.050378799438477
-10.091850280761719
-10.151257514953613
-10.097820281982422
-10.06911849975586
-9.984371185302734
-10.016858100891113
-10.061620712280273
-10.126376152038574
-10.04809856414795
-9.955793380737305
-9.943781852722168
-10.043880462646484
-10.099377632141113
-10.12224006652832
-10.059698104858398
-9.917243957519531
-9.947005271911621
-10.084091186523438
-10.133727073669434
-10.098038673400879
-10.057073593139648
-9.942597389221191
-9.978403091430664
-10.06619644165039
-10.10593318939209
-10.118583679199219
-10.082326889038086
-10.027172088623047
-9.988544464111328
-10.049144744873047
-10.091724395751953
-10.076242446899414
-10.037580490112305
-10.06949520111084
-10.055646896362305
-10.0672025680542
-10.115350723266602
-10.0693359375
-10.100834846496582
-10.045926094055176
-10.041501998901367
-10.052986145019531
-10.087794303894043
-10.090360641479492
-10.136712074279785
-10.106657981872559
-10.109709739685059
-10.109397888183594
-10.111265182495117
-10.061779975891113
-9.990289688110352
-9.974813461303711
-10.022709846496582
-10.048478126525879
-10.091031074523926
-10.107751846313477
-10.109977722167969
-10.116527557373047
-10.131155967712402
-10.105180740356445
-10.094245910644531
-10.0167236328125
-9.991486549377441
-10.026082038879395
-10.069561958312988
-10.099010467529297
-10.105033874511719
-10.125807762145996
-10.11385440826416
-10.08578109741211
-10.024249076843262
-10.079404830932617
-10.069656372070312
-10.045710563659668
-10.035748481750488
-9.994545936584473
-10.02871036529541
-10.053069114685059
-10.100860595703125
-10.100748062133789
-10.09376049041748
-10.102132797241211
-10.051478385925293
-10.031901359558105
-9.992379188537598
-10.043107986450195
-10.09234619140625
-10.11229419708252
-10.105989456176758
-10.123680114746094
-10.132242202758789
-10.138053894042969
-10.137739181518555
-10.11037540435791
-10.134057998657227
-10.133262634277344
-10.09420108795166
-10.038138389587402
-10.00121021270752
-10.009584426879883
-10.077316284179688
-10.118551254272461
-10.114012718200684
-10.143806457519531
-10.13125991821289
-10.053694725036621
-9.999067306518555
-10.026897430419922
-10.055232048034668
-10.119864463806152
-10.117067337036133
-10.128392219543457
-10.100947380065918
-10.121654510498047
-10.101364135742188
-10.068206787109375
-10.082170486450195
-10.046689987182617
-10.054245948791504
-10.01032543182373
-10.059966087341309
-10.101622581481934
-10.110712051391602
-10.106101036071777
-10.092377662658691
-10.10373306274414
-10.123998641967773
-10.115254402160645
-10.085895538330078
-9.947519302368164
-9.940853118896484
-10.065478324890137
-10.11497974395752
-10.10765266418457
-10.119486808776855
-10.14114761352539
-10.130075454711914
-10.125226020812988
-10.129467010498047
-10.047094345092773
-9.949414253234863
-9.975031852722168
-10.0892915725708
-10.111344337463379
-10.086631774902344
-10.042549133300781
-10.000798225402832
-9.988085746765137
-10.098645210266113
-10.140838623046875
-10.07313060760498
-9.881848335266113
-9.951058387756348
-10.13054084777832
-10.117412567138672
-10.077425003051758
-9.9212064743042
-9.951004981994629
-10.092277526855469
-10.111059188842773
-10.126943588256836
-10.135168075561523
-10.102269172668457
-10.05637264251709
-10.035908699035645
-9.994771957397461
-9.980477333068848
-10.032806396484375
-10.049896240234375
-10.088878631591797
-10.104104995727539
-10.093793869018555
-10.077066421508789
-10.030900955200195
-10.043842315673828
-10.022539138793945
-10.061346054077148
-10.091398239135742
-10.111635208129883
-10.069544792175293
-9.970867156982422
-9.957598686218262
-10.066802024841309
-10.094018936157227
-10.112435340881348
-10.122124671936035
-10.13107681274414
-10.070311546325684
-10.077908515930176
-10.050525665283203
-10.061498641967773
-10.082529067993164
-10.092175483703613
-10.100316047668457
-10.123059272766113
-10.145233154296875
-10.14825439453125
-10.136399269104004
-10.100971221923828
-10.051684379577637
-9.985188484191895
-10.015213966369629
-10.086722373962402
-10.117981910705566
-9.966729164123535
-9.910999298095703
-10.048890113830566
-10.105925559997559
-10.057870864868164
-9.785507202148438
-9.957289695739746
-10.131165504455566
-10.026601791381836
-9.910177230834961
-10.020844459533691
-10.126995086669922
-10.12213134765625
-10.045587539672852
-9.948723793029785
-10.05540657043457
-10.098604202270508
-10.167338371276855
-10.142992973327637
-10.104888916015625
-10.096080780029297
-10.054790496826172
-10.001008033752441
-9.988123893737793
-10.093101501464844
-10.112798690795898
-10.072952270507812
-9.989432334899902
-10.010117530822754
-10.074175834655762
-10.13287353515625
-10.117508888244629
-10.0577392578125
-9.990571022033691
-10.046944618225098
-10.11123275756836
-10.097606658935547
-9.981979370117188
-9.876716613769531
-10.077634811401367
-10.1061429977417
-10.019661903381348
-9.898916244506836
-10.023285865783691
-10.133710861206055
-10.105382919311523
-9.985791206359863
-9.943922996520996
-10.079936027526855
-10.137407302856445
-10.009425163269043
-9.909790992736816
-10.026233673095703
-10.114425659179688
-10.127913475036621
-10.118864059448242
-10.083283424377441
-10.035364151000977
-10.01722526550293
-10.076974868774414
-10.115203857421875
-10.148967742919922
-10.096190452575684
-10.020834922790527
-9.983473777770996
-10.04427719116211
-10.116613388061523
-10.147468566894531
-10.12905502319336
-10.134770393371582
-10.090231895446777
-10.028120040893555
-9.959043502807617
-10.06849193572998
-10.133380889892578
-10.119518280029297
-10.010985374450684
-9.991599082946777
-10.011819839477539
-10.116015434265137
-10.105377197265625
-10.088396072387695
-9.97718334197998
-9.96064567565918
-10.062071800231934
-10.12549877166748
-10.139498710632324
-10.129064559936523
-10.099922180175781
-10.14105224609375
-10.084535598754883
-10.021787643432617
-10.017273902893066
-10.070042610168457
-10.088685989379883
-9.935832023620605
-9.86309814453125
-10.066875457763672
-10.135769844055176
-10.090806007385254
-9.96132755279541
-10.01380443572998
-10.125446319580078
-10.112573623657227
-9.97452163696289
-9.96281623840332
-10.050880432128906
-10.115013122558594
-10.057860374450684
-9.946526527404785
-9.996149063110352
-10.116626739501953
-10.149040222167969
-10.15316104888916
-10.084734916687012
-10.06969928741455
-10.042984008789062
-10.106369972229004
-10.139713287353516
-10.106090545654297
-10.070770263671875
-10.048669815063477
-10.073850631713867
-10.084944725036621
-10.0949125289917
-10.099276542663574
-10.036918640136719
-10.052475929260254
-10.091164588928223
-10.122684478759766
-10.052239418029785
-9.868168830871582
-9.980635643005371
-10.095763206481934
-10.117242813110352
-10.054872512817383
-10.005081176757812
-10.065302848815918
-10.133544921875
-10.127115249633789
-10.092659950256348
-10.032840728759766
-10.020284652709961
-10.109034538269043
-10.115833282470703
-10.072382926940918
-10.015880584716797
-10.011648178100586
-10.091364860534668
-10.099775314331055
-10.117650032043457
-10.123735427856445
-10.113607406616211
-10.073617935180664
-10.070019721984863
-10.04891586303711
-10.023543357849121
-10.055578231811523
-10.095260620117188
-10.118226051330566
-10.156105041503906
-10.13388729095459
-10.14301586151123
-10.106101989746094
-10.112059593200684
-10.125151634216309
-10.122864723205566
-10.115596771240234
-10.065619468688965
-9.987659454345703
-10.097759246826172
-10.138648986816406
-10.129643440246582
-10.160948753356934
-10.154534339904785
-10.134000778198242
-10.141921997070312
-10.149359703063965
-10.122575759887695
-10.133367538452148
-10.142232894897461
-10.140667915344238
-10.100561141967773
-10.131464004516602
-10.071613311767578
-10.091272354125977
-10.061467170715332
-10.10389232635498
-10.120161056518555
-10.07666301727295
-10.089898109436035
-10.10752010345459
-10.112709045410156
-10.087111473083496
-10.103768348693848
-10.097164154052734
-10.070478439331055
-10.089258193969727
-10.133980751037598
-10.163479804992676
-10.160030364990234
-10.140778541564941
-10.12071704864502
-10.167168617248535
-10.135842323303223
-10.084379196166992
-10.078524589538574
-10.025585174560547
-10.079641342163086
-10.123626708984375
-10.145849227905273
-10.142725944519043
-10.131321907043457
-10.149040222167969
-10.148035049438477
-10.146862030029297
-10.165733337402344
-10.134044647216797
-10.116499900817871
-10.09512710571289
-10.07832145690918
-10.085406303405762
-10.08350658416748
-10.028312683105469
-10.019824028015137
-10.053831100463867
-10.095392227172852
-10.116737365722656
-10.100101470947266
-10.096732139587402
-10.07370662689209
-10.09161376953125
-10.133532524108887
-10.15728759765625
-10.13965129852295
-10.177098274230957
-10.17165756225586
-10.131509780883789
-10.092035293579102
-10.078071594238281
-10.022660255432129
-10.025726318359375
-10.098746299743652
-10.1391019821167
-10.149801254272461
-10.101470947265625
-10.103567123413086
-10.072888374328613
-10.065979957580566
-10.102975845336914
-10.09006404876709
-10.085494995117188
-10.083115577697754
-10.113001823425293
-10.100383758544922
-10.13140869140625
-10.124069213867188
-10.148242950439453
-10.144857406616211
-10.176328659057617
-10.141295433044434
-10.152704238891602
-10.155985832214355
-10.140267372131348
-10.14561939239502
-10.138571739196777
-10.094141960144043
-10.087818145751953
-10.048174858093262
-10.051214218139648
-10.112676620483398
-10.111161231994629
-10.113971710205078
-10.144333839416504
-10.157103538513184
-10.153079986572266
-10.139970779418945
-10.124584197998047
-10.118459701538086
-10.070952415466309
-10.099570274353027
-10.120524406433105
-10.13547420501709
-10.126179695129395
-10.101639747619629
-10.0589599609375
-10.04416561126709
-10.076061248779297
-10.090703010559082
-10.091191291809082
-10.115791320800781
-10.10947036743164
-10.11878776550293
-10.111671447753906
-10.08246898651123
-10.01817512512207
-10.01837158203125
-10.091733932495117
-10.106500625610352
-10.118962287902832
-10.159157752990723
-10.153669357299805
-10.15024471282959
-10.153056144714355
-10.116435050964355
-10.085738182067871
-9.975422859191895
-10.078656196594238
-10.11051082611084
-10.135333061218262
-10.157423973083496
-10.100176811218262
-10.054336547851562
-9.995851516723633
-10.136576652526855
-10.108342170715332
-10.143527030944824
-10.053688049316406
-9.946765899658203
-10.05500316619873
-10.133402824401855
-10.152310371398926
-10.09939956665039
-9.996947288513184
-9.971290588378906
-10.052108764648438
-10.138713836669922
-10.156269073486328
-10.125061988830566
-10.112651824951172
-10.091646194458008
-10.060807228088379
-10.047380447387695
-10.046401023864746
-10.1056547164917
-10.120119094848633
-10.139141082763672
-10.12995433807373
-10.089712142944336
-10.05789566040039
-10.013422966003418
-10.083441734313965
-10.113862037658691
-10.097860336303711
-10.104619979858398
-10.12295150756836
-10.124166488647461
-10.126714706420898
-10.135140419006348
-10.095450401306152
-10.059871673583984
-10.03848648071289
-10.105704307556152
-10.111762046813965
-10.100028991699219
-10.12645149230957
-10.129267692565918
-10.146491050720215
-10.12866497039795
-10.136688232421875
-10.150152206420898
-10.154938697814941
-10.131065368652344
-10.067943572998047
-10.008216857910156
-10.031293869018555
-10.086825370788574
-10.122830390930176
-10.13249683380127
-10.150930404663086
-10.154142379760742
-10.142965316772461
-10.15980052947998
-10.173017501831055
-10.091526985168457
-10.07895565032959
-10.048087120056152
-10.043558120727539
-10.077439308166504
-10.104374885559082
-10.12825870513916
-10.118334770202637
-10.11228084564209
-10.075398445129395
-10.049857139587402
-10.053696632385254
-10.092549324035645
-10.112238883972168
-10.122462272644043
-10.128095626831055
-10.123333930969238
-10.153854370117188
-10.15804386138916
-10.128905296325684
-10.071615219116211
-10.016844749450684
-10.01341724395752
-10.090094566345215
-10.166346549987793
-10.132646560668945
-10.04590129852295
-9.930437088012695
-10.004423141479492
-10.132606506347656
-10.122820854187012
-10.004399299621582
-9.959957122802734
-10.063702583312988
-10.142383575439453
-10.116713523864746
-10.134431838989258
-10.134900093078613
-10.093786239624023
-10.138418197631836
-10.125032424926758
-10.132152557373047
-10.144800186157227
-10.162877082824707
-10.168954849243164
-10.129661560058594
-10.15582275390625
-10.153432846069336
-10.19013500213623
-10.165913581848145
-10.162567138671875
-10.151692390441895
-10.132993698120117
-10.11504077911377
-10.096022605895996
-10.07739543914795
-10.07504653930664
-10.093048095703125
-10.102313041687012
-10.1582612991333
-10.16736125946045
-10.150601387023926
-10.09431266784668
-10.091495513916016
-10.103187561035156
-10.11117172241211
-10.070940971374512
-10.052576065063477
-10.105047225952148
-10.135385513305664
-10.169803619384766
-10.124117851257324
-10.015377044677734
-10.042176246643066
-10.10211181640625
-10.153910636901855
-10.189175605773926
-10.15141487121582
-10.133264541625977
-10.085073471069336
-10.021242141723633
-10.053350448608398
-10.107078552246094
-10.15008544921875
-10.154500961303711
-10.136045455932617
-10.011900901794434
-10.040993690490723
-10.091851234436035
-10.148870468139648
-10.099263191223145
-9.956183433532715
-9.994684219360352
-10.101104736328125
-10.148553848266602
-10.151741981506348
-10.049896240234375
-10.006961822509766
-10.076460838317871
-10.113544464111328
-10.143784523010254
-10.155799865722656
-10.145768165588379
-10.01965618133545
-10.003902435302734
-10.069025993347168
-10.119988441467285
-10.146655082702637
-10.138797760009766
-10.088004112243652
-10.000947952270508
-10.098462104797363
-10.119032859802246
-10.158349990844727
-10.140070915222168
-10.092578887939453
-10.067171096801758
-10.08202838897705
-10.098447799682617
-10.11739730834961
-10.126607894897461
-10.116094589233398
-10.080134391784668
-10.091073036193848
-10.08114242553711
-10.091132164001465
-10.090970039367676
-10.09037971496582
-10.120551109313965
-10.12793254852295
-10.177995681762695
-10.1592435836792
-10.182901382446289
-10.165440559387207
-10.138277053833008
-10.112604141235352
-10.06717300415039
-10.120416641235352
-10.13955307006836
-10.161664009094238
-10.148853302001953
-10.126964569091797
-10.042093276977539
-9.991235733032227
-10.041706085205078
-10.104963302612305
-10.108541488647461
-10.128905296325684
-10.131434440612793
-10.148265838623047
-10.11147689819336
-10.095483779907227
-10.07326889038086
-10.069931983947754
-10.083906173706055
-10.108542442321777
-10.140214920043945
-10.155328750610352
-10.147021293640137
-10.002610206604004
-9.963215827941895
-10.098710060119629
-10.154332160949707
-10.156275749206543
-10.120351791381836
-10.080410957336426
-10.118972778320312
-10.11168384552002
-10.138993263244629
-10.128448486328125
-10.15365982055664
-10.141159057617188
-10.136752128601074
-10.143925666809082
-10.099048614501953
-10.052629470825195
-10.051709175109863
-10.138779640197754
-10.152850151062012
-10.160283088684082
-10.150701522827148
-10.078307151794434
-10.018978118896484
-9.996152877807617
-10.09699535369873
-10.134586334228516
-10.145177841186523
-10.137182235717773
-10.132736206054688
-9.989226341247559
-9.905315399169922
-10.116663932800293
-10.172971725463867
-10.137325286865234
-10.030532836914062
-10.022490501403809
-10.09402084350586
-10.143452644348145
-10.161689758300781
-10.153515815734863
-10.168346405029297
-10.177525520324707
-10.139785766601562
-10.101289749145508
-10.058154106140137
-10.042023658752441
-10.130084991455078
-10.160738945007324
-10.173062324523926
-10.138087272644043
-10.071615219116211
-9.986520767211914
-10.030210494995117
-10.101675033569336
-10.14966106414795
-10.160913467407227
-10.021855354309082
-9.938633918762207
-10.031780242919922
-10.135337829589844
-10.171524047851562
-10.092072486877441
-9.969565391540527
-10.022193908691406
-10.118309020996094
-10.146425247192383
-10.009227752685547
-9.951569557189941
-10.047293663024902
-10.121305465698242
-10.178352355957031
-10.125592231750488
-10.114328384399414
-10.042474746704102
-10.02475643157959
-10.138500213623047
-10.13704776763916
-10.075435638427734
-9.984965324401855
-9.984527587890625
-10.123589515686035
-10.151618003845215
-10.10913372039795
-10.063730239868164
-9.988273620605469
-10.126218795776367
-10.164551734924316
-10.077897071838379
-9.99185848236084
-10.005826950073242
-10.114313125610352
-10.143671035766602
-10.044304847717285
-9.930447578430176
-10.029974937438965
-10.154064178466797
-10.121458053588867
-9.975935935974121
-9.974813461303711
-10.133030891418457
-10.15684700012207
-10.09414291381836
-9.927884101867676
-9.96329402923584
-10.156477928161621
-10.1770601272583
-10.146395683288574
-10.066418647766113
-10.055980682373047
-10.131365776062012
-10.181265830993652
-10.173513412475586
-10.081260681152344
-9.99327278137207
-10.03666877746582
-10.132821083068848
-10.153690338134766
-10.168233871459961
-10.155179023742676
-10.147685050964355
-10.143978118896484
-10.17008113861084
-10.147294044494629
-10.147571563720703
-10.09648609161377
-10.0834379196167
-10.077743530273438
-10.082684516906738
-10.071361541748047
-10.125046730041504
-10.182605743408203
-10.124341011047363
-10.106576919555664
-10.111042022705078
-10.096073150634766
-10.162020683288574
-10.165016174316406
-10.172407150268555
-10.130487442016602
-10.008349418640137
-10.030343055725098
-10.110418319702148
-10.142400741577148
-10.167783737182617
-10.163861274719238
-10.15807819366455
-10.180328369140625
-10.163029670715332
-10.154478073120117
-10.11220932006836
-10.106891632080078
-10.099748611450195
-10.120545387268066
-10.109551429748535
-10.126374244689941
-10.140857696533203
-10.126411437988281
-10.101722717285156
-10.068465232849121
-10.095178604125977
-10.113286018371582
-10.158785820007324
-10.1547269821167
-10.157962799072266
-10.13100528717041
-10.121960639953613
-10.133617401123047
-10.154108047485352
-10.171648025512695
-10.140852928161621
-10.15911865234375
-10.12955379486084
-10.070354461669922
-10.008504867553711
-10.11016845703125
-10.167792320251465
-10.180673599243164
-10.13840103149414
-10.025155067443848
-10.018430709838867
-10.122930526733398
-10.17715072631836
-10.160810470581055
-10.062681198120117
-10.016007423400879
-10.077916145324707
-10.156768798828125
-10.156041145324707
-10.177206993103027
-10.171621322631836
-10.1625394821167
-10.172831535339355
-10.150341033935547
-10.196329116821289
-10.192831993103027
-10.162371635437012
-10.130622863769531
-10.100671768188477
-10.07788372039795
-10.09316349029541
-10.145363807678223
-10.188549041748047
-10.144821166992188
-10.089787483215332
-10.038278579711914
-10.033933639526367
-10.137955665588379
-10.16246509552002
-10.1898775100708
-10.14742660522461
-10.082647323608398
-10.002520561218262
-10.054622650146484
-10.134087562561035
-10.129714965820312
-10.112516403198242
-10.116942405700684
-10.141840934753418
-10.152121543884277
-10.121476173400879
-10.152399063110352
-10.120878219604492
-10.109106063842773
-10.139532089233398
-10.133562088012695
-10.128008842468262
-10.113597869873047
-10.152543067932129
-10.153382301330566
-10.12256145477295
-10.113506317138672
-10.045198440551758
-10.032722473144531
-10.101766586303711
-10.162354469299316
-10.17569637298584
-10.13011360168457
-10.071592330932617
-10.002779960632324
-10.050911903381348
-10.151679039001465
-10.172650337219238
-10.178593635559082
-10.166977882385254
-10.1131010055542
-10.013391494750977
-10.062429428100586
-10.11967945098877
-10.17606258392334
-10.170817375183105
-10.186349868774414
-10.154293060302734
-10.115594863891602
-10.102158546447754
-10.105337142944336
-10.16018295288086
-10.18329906463623
-10.161523818969727
-10.156092643737793
-10.07562255859375
-10.042213439941406
-10.089792251586914
-10.10766315460205
-10.126283645629883
-10.143815994262695
-10.147189140319824
-10.14019775390625
-10.178126335144043
-10.181729316711426
-10.173645973205566
-10.16766357421875
-10.084611892700195
-10.022156715393066
-10.034086227416992
-10.110079765319824
-10.157119750976562
-10.187209129333496
-10.174501419067383
-10.1329984664917
-10.147134780883789
-10.101862907409668
-10.120409965515137
-10.126654624938965
-10.164817810058594
-10.199058532714844
-10.181767463684082
-10.20427417755127
-10.152326583862305
-10.101978302001953
-10.064956665039062
-10.074333190917969
-10.129990577697754
-10.12519645690918
-10.134352684020996
-10.16321849822998
-10.136122703552246
-10.109699249267578
-10.074087142944336
-10.055502891540527
-10.09028148651123
-10.104730606079102
-10.164076805114746
-10.170352935791016
-10.076953887939453
-10.036030769348145
-10.05545425415039
-10.060212135314941
-10.11647891998291
-10.154207229614258
-10.171525955200195
-10.146626472473145
-10.142428398132324
-10.133481979370117
-10.11808967590332
-10.125693321228027
-10.140067100524902
-10.174368858337402
-10.187459945678711
-10.116663932800293
-10.055660247802734
-10.05124568939209
-10.116342544555664
-10.157767295837402
-10.1783447265625
-10.163433074951172
-10.189925193786621
-10.138307571411133
-10.138941764831543
-10.11474323272705
-10.091178894042969
-10.062366485595703
-10.141666412353516
-10.132728576660156
-10.171414375305176
-10.164946556091309
-10.191889762878418
-10.139595985412598
-10.078405380249023
-10.049159049987793
-10.08520221710205
-10.143424987792969
-10.131233215332031
-10.150147438049316
-10.164148330688477
-10.166298866271973
-10.118240356445312
-10.136441230773926
-10.139278411865234
-10.120641708374023
-10.136207580566406
-10.175992012023926
-10.177693367004395
-10.184383392333984
-10.146594047546387
-10.090584754943848
-10.088668823242188
-10.113652229309082
-10.141694068908691
-10.189502716064453
-10.182730674743652
-10.18410587310791
-10.187189102172852
-10.182144165039062
-10.186813354492188
-10.166557312011719
-10.187922477722168
-10.12479019165039
-10.078617095947266
-10.05346393585205
-10.047698974609375
-10.112446784973145
-10.160637855529785
-10.177027702331543
-10.179997444152832
-10.161636352539062
-10.136789321899414
-10.102887153625488
-10.090716361999512
-10.123224258422852
-10.169567108154297
-10.185602188110352
-10.164350509643555
-10.172324180603027
-10.189654350280762
-10.173069953918457
-10.171121597290039
-10.156543731689453
-10.167375564575195
-10.172002792358398
-10.15018367767334
-10.131608963012695
-10.081853866577148
-10.071267127990723
-10.115629196166992
-10.122309684753418
-10.163057327270508
-10.176863670349121
-10.183570861816406
-10.155517578125
-10.094487190246582
-10.102237701416016
-10.064545631408691
-10.052301406860352
-10.133460998535156
-10.146306991577148
-10.13325023651123
-10.155101776123047
-10.172294616699219
-10.179763793945312
-10.17837905883789
-10.186670303344727
-10.157966613769531
-10.187873840332031
-10.170604705810547
-10.17794418334961
-10.178298950195312
-10.19367790222168
-10.173232078552246
-10.156810760498047
-10.127321243286133
-10.038080215454102
-10.106815338134766
-10.156603813171387
-10.191983222961426
-10.215953826904297
-10.209327697753906
-10.200580596923828
-10.183720588684082
-10.190688133239746
-10.168828964233398
-10.199239730834961
-10.172607421875
-10.12900447845459
-10.074341773986816
-10.093647003173828
-10.080377578735352
-10.119535446166992
-10.1832857131958
-10.178668022155762
-10.16073989868164
-10.173194885253906
-10.199817657470703
-10.127710342407227
-10.120258331298828
-10.093742370605469
-10.090394020080566
-10.097683906555176
-10.151713371276855
-10.153214454650879
-10.147979736328125
-10.182628631591797
-10.179040908813477
-10.175695419311523
-10.192403793334961
-10.169815063476562
-10.15020751953125
-10.096855163574219
-10.090001106262207
-10.0923433303833
-10.08767032623291
-10.100977897644043
-10.125176429748535
-10.12601375579834
-10.138197898864746
-10.148568153381348
-10.163752555847168
-10.168625831604004
-10.206832885742188
-10.161904335021973
-10.180951118469238
-10.16694450378418
-10.218518257141113
-10.181756019592285
-10.179413795471191
-10.150626182556152
-10.148486137390137
-10.10400104522705
-10.088027954101562
-10.093369483947754
-10.113943099975586
-10.134942054748535
-10.124429702758789
-10.100682258605957
-10.095467567443848
-10.133563995361328
-10.145766258239746
-10.18101978302002
-10.196491241455078
-10.175498008728027
-10.193435668945312
-10.207022666931152
-10.154269218444824
-10.104196548461914
-10.061670303344727
-10.08811092376709
-10.083889961242676
-10.143054008483887
-10.184106826782227
-10.173700332641602
-10.179603576660156
-10.177401542663574
-10.15097427368164
-10.120253562927246
-10.089033126831055
-10.10084342956543
-10.107038497924805
-10.117399215698242
-10.100767135620117
-10.088102340698242
-10.08359432220459
-10.026444435119629
-10.079536437988281
-10.149548530578613
-10.212230682373047
-10.151240348815918
-10.029138565063477
-9.985809326171875
-10.124872207641602
-10.178999900817871
-10.05682373046875
-9.94102954864502
-10.04263687133789
-10.146428108215332
-10.110930442810059
-9.959099769592285
-10.007627487182617
-10.174434661865234
-10.11995792388916
-9.994465827941895
-9.993244171142578
-10.12578010559082
-10.16049861907959
-10.174033164978027
-10.191947937011719
-10.127363204956055
-9.985305786132812
-9.983172416687012
-10.059048652648926
-10.192885398864746
-10.151652336120605
-9.979970932006836
-9.979812622070312
-10.119579315185547
-10.103074073791504
-9.938725471496582
-9.98559856414795
-10.124822616577148
-10.148721694946289
-10.153313636779785
-10.065850257873535
-9.93647575378418
-10.018546104431152
-10.119315147399902
-10.174661636352539
-10.151739120483398
-10.023438453674316
-9.994797706604004
-10.095952987670898
-10.179634094238281
-10.19052791595459
-10.087644577026367
-10.104283332824707
-10.096162796020508
-10.154645919799805
-10.201165199279785
-10.178284645080566
-10.148719787597656
-10.132561683654785
-10.102814674377441
-10.09110164642334
-10.106302261352539
-10.139060020446777
-10.160667419433594
-10.191001892089844
-10.20531940460205
-10.18869400024414
-10.193657875061035
-10.208969116210938
-10.201472282409668
-10.204310417175293
-10.213652610778809
-10.18256950378418
-10.1970796585083
-10.205780982971191
-10.164704322814941
-10.171958923339844
-10.153347969055176
-10.078295707702637
-10.056632041931152
-10.070289611816406
-10.169785499572754
-10.17611312866211
-10.17404842376709
-10.160553932189941
-10.126814842224121
-10.08203125
-10.072478294372559
-10.16413688659668
-10.174674034118652
-10.201351165771484
-10.195528984069824
-10.170788764953613
-10.19163703918457
-10.174321174621582
-10.106693267822266
-10.098450660705566
-10.068819999694824
-10.103164672851562
-10.183049201965332
-10.175347328186035
-10.173325538635254
-10.185384750366211
-10.217338562011719
-10.185976028442383
-10.145429611206055
-10.097079277038574
-10.091772079467773
-10.149431228637695
-10.176876068115234
-10.171760559082031
-10.213805198669434
-10.195052146911621
-10.188864707946777
-10.206795692443848
-10.2092924118042
-10.17553997039795
-10.143194198608398
-10.11196517944336
-10.103965759277344
-10.10654354095459
-10.140921592712402
-10.165277481079102
-10.184486389160156
-10.190314292907715
-10.212687492370605
-10.183972358703613
-10.202248573303223
-10.199485778808594
-10.20858097076416
-10.1995210647583
-10.185428619384766
-10.18832778930664
-10.188408851623535
-10.182879447937012
-10.145096778869629
-10.14587688446045
-10.104679107666016
-10.085726737976074
-10.098523139953613
-10.12946891784668
-10.160109519958496
-10.176146507263184
-10.20833969116211
-10.204497337341309
-10.176538467407227
-10.170398712158203
-10.124238967895508
-10.030484199523926
-10.043542861938477
-10.144610404968262
-10.200886726379395
-10.170982360839844
-10.096420288085938
-10.01818561553955
-10.068599700927734
-10.152705192565918
-10.168950080871582
-10.200992584228516
-10.182662010192871
-10.136752128601074
-10.077946662902832
-10.066039085388184
-10.127923965454102
-10.15115737915039
-10.181884765625
-10.184112548828125
-10.177620887756348
-10.147814750671387
-10.12397289276123
-10.089134216308594
-10.1090726852417
-10.14528751373291
-10.164499282836914
-10.198131561279297
-10.161550521850586
-10.16093635559082
-10.17798137664795
-10.191222190856934
-10.191994667053223
-10.223663330078125
-10.175633430480957
-10.195586204528809
-10.184697151184082
-10.131722450256348
-10.119685173034668
-10.069801330566406
-10.125259399414062
-10.13736343383789
-10.145566940307617
-10.163614273071289
-10.186284065246582
-10.174846649169922
-10.149821281433105
-10.157533645629883
-10.104787826538086
-10.100346565246582
-10.062032699584961
-10.08187198638916
-10.104385375976562
-10.165785789489746
-10.18753433227539
-10.190274238586426
-10.186562538146973
-10.217848777770996
-10.189336776733398
-10.141986846923828
-10.116607666015625
-10.09521198272705
-10.109331130981445
-10.114933013916016
-10.124048233032227
-10.152304649353027
-10.18809700012207
-10.208142280578613
-10.212564468383789
-10.202999114990234
-10.181296348571777
-10.18313980102539
-10.179131507873535
-10.23046875
-10.20074462890625
-10.200080871582031
-10.19903564453125
-10.202208518981934
-10.176376342773438
-10.177650451660156
-10.1129732131958
-10.00517463684082
-10.071112632751465
-10.180644989013672
-10.224470138549805
-10.189116477966309
-10.181073188781738
-10.143531799316406
-10.062324523925781
-10.053995132446289
-10.103875160217285
-10.16689395904541
-10.150946617126465
-10.157827377319336
-10.195316314697266
-10.158086776733398
-10.112602233886719
-10.077253341674805
-10.094145774841309
-10.10909366607666
-10.174159049987793
-10.170021057128906
-10.168401718139648
-10.129640579223633
-10.1166353225708
-10.103412628173828
-10.12243938446045
-10.14644718170166
-10.20893669128418
-10.211166381835938
-10.22114086151123
-10.210687637329102
-10.212158203125
-10.178730010986328
-10.210774421691895
-10.18610668182373
-10.19772720336914
-10.171594619750977
-10.092378616333008
-10.102436065673828
-10.10266399383545
-10.182660102844238
-10.185127258300781
-10.20447063446045
-10.19040298461914
-10.156930923461914
-10.11281967163086
-10.091120719909668
-10.119524002075195
-10.138731002807617
-10.154389381408691
-10.156314849853516
-10.132079124450684
-10.15078353881836
-10.20914363861084
-10.1987943649292
-10.197978019714355
-10.200281143188477
-10.185096740722656
-10.160323143005371
-10.08741569519043
-10.111695289611816
-10.13366413116455
-10.18631362915039
-10.21446418762207
-10.20537281036377
-10.209345817565918
-10.193522453308105
-10.194710731506348
-10.178033828735352
-10.138284683227539
-10.084733009338379
-10.041292190551758
-10.082107543945312
-10.135836601257324
-10.175939559936523
-10.19271183013916
-10.202339172363281
-10.198431015014648
-10.188458442687988
-10.118535995483398
-10.110857009887695
-10.020448684692383
-10.118033409118652
-10.172284126281738
-10.183589935302734
-10.208343505859375
-10.198684692382812
-10.144269943237305
-10.032125473022461
-10.076180458068848
-10.149406433105469
-10.158185958862305
-10.207749366760254
-10.194433212280273
-10.207195281982422
-10.213253021240234
-10.2061128616333
-10.215280532836914
-10.227228164672852
-10.209030151367188
-10.209299087524414
-10.198004722595215
-10.195697784423828
-10.1558837890625
-10.08207893371582
-10.09752082824707
-10.134068489074707
-10.166872024536133
-10.209235191345215
-10.156538963317871
-10.128966331481934
-10.157252311706543
-10.120331764221191
-10.100554466247559
-10.029644012451172
-10.08836841583252
-10.162067413330078
-10.193690299987793
-10.185127258300781
-10.164093971252441
-10.07643985748291
-10.107206344604492
-10.192062377929688
-10.211112976074219
-10.126778602600098
-9.948941230773926
-10.032514572143555
-10.15699291229248
-10.162671089172363
-10.11167049407959
-10.051773071289062
-10.029440879821777
-10.138459205627441
-10.160082817077637
-10.165180206298828
-10.203125
-10.16968059539795
-10.135468482971191
-10.093680381774902
-10.028335571289062
-10.075372695922852
-10.155104637145996
-10.211084365844727
-10.193328857421875
-10.2061128616333
-10.20720100402832
-10.179489135742188
-10.200687408447266
-10.211530685424805
-10.217070579528809
-10.152546882629395
-10.107019424438477
-10.094049453735352
-10.175708770751953
-10.204931259155273
-10.20500659942627
-10.194108963012695
-10.131287574768066
-10.047211647033691
-10.097604751586914
-10.193032264709473
-10.215374946594238
-10.22758960723877
-10.167272567749023
-10.103536605834961
-10.079121589660645
-10.12845516204834
-10.1581392288208
-10.191731452941895
-10.220192909240723
-10.18490219116211
-10.139667510986328
-10.08573055267334
-10.076441764831543
-10.110265731811523
-10.138433456420898
-10.176405906677246
-10.153125762939453
-10.121356964111328
-10.1012544631958
-10.114163398742676
-10.150944709777832
-10.207263946533203
-10.178328514099121
-9.999100685119629
-9.954299926757812
-10.149140357971191
-10.223326683044434
-10.171152114868164
-10.117888450622559
-10.066049575805664
-10.149639129638672
-10.192718505859375
-10.210488319396973
-10.129133224487305
-10.056397438049316
-10.066415786743164
-10.165040016174316
-10.200242042541504
-10.212102890014648
-10.20311164855957
-10.231892585754395
-10.203547477722168
-10.205458641052246
-10.210721969604492
-10.136733055114746
-10.054265975952148
-10.090341567993164
-10.128840446472168
-10.166147232055664
-10.199700355529785
-10.198358535766602
-10.171250343322754
-10.163811683654785
-10.152255058288574
-10.150994300842285
-10.111173629760742
-10.038474082946777
-10.07318115234375
-10.191780090332031
-10.21058177947998
-10.177643775939941
-10.08218765258789
-10.063759803771973
-10.108756065368652
-10.19423770904541
-10.184918403625488
-10.19505500793457
-10.207296371459961
-10.21500301361084
-10.193163871765137
-10.212834358215332
-10.191473007202148
-10.17056655883789
-10.197696685791016
-10.163370132446289
-10.096490859985352
-10.124893188476562
-10.155497550964355
-10.194490432739258
-10.216097831726074
-10.194502830505371
-10.122014999389648
-10.06749153137207
-10.071550369262695
-10.181113243103027
-10.185731887817383
-10.192404747009277
-10.179828643798828
-10.152729988098145
-10.11733627319336
-10.050686836242676
-10.099373817443848
-10.163101196289062
-10.179510116577148
-10.179022789001465
-10.194016456604004
-10.127725601196289
-10.127104759216309
-10.100440979003906
-10.176146507263184
-10.175857543945312
-10.18867015838623
-10.21079158782959
-10.195934295654297
-10.187811851501465
-10.182307243347168
-10.092324256896973
-10.069854736328125
-10.101875305175781
-10.142267227172852
-10.17757511138916
-10.197198867797852
-10.19200325012207
-10.237015724182129
-10.217732429504395
-10.191265106201172
-10.12348747253418
-10.074544906616211
-10.120800018310547
-10.16150188446045
-10.194290161132812
-10.153949737548828
-10.169011116027832
-10.19871711730957
-10.170517921447754
-10.133149147033691
-10.151642799377441
-10.199980735778809
-10.212096214294434
-10.192869186401367
-10.196998596191406
-10.14793872833252
-10.104888916015625
-10.126559257507324
-10.1328706741333
-10.186494827270508
-10.193329811096191
-10.17866325378418
-10.200560569763184
-10.19039249420166
-10.139700889587402
-10.119989395141602
-10.082243919372559
-10.152831077575684
-10.175422668457031
-10.21509075164795
-10.244231224060059
-10.207355499267578
-10.240171432495117
-10.16224193572998
-10.132822036743164
-10.1187162399292
-10.167842864990234
-10.207207679748535
-10.205034255981445
-10.151017189025879
-10.082582473754883
-10.068239212036133
-10.14352035522461
-10.199838638305664
-10.245467185974121
-10.209967613220215
-10.207201957702637
-10.208318710327148
-10.214892387390137
-10.222892761230469
-10.213128089904785
-10.221835136413574
-10.229384422302246
-10.257730484008789
-10.226632118225098
-10.21601676940918
-10.216323852539062
-10.19999885559082
-10.170404434204102
-10.108396530151367
-10.113296508789062
-10.163869857788086
-10.21980094909668
-10.180628776550293
-10.132255554199219
-10.076420783996582
-10.09863567352295
-10.139403343200684
-10.163227081298828
-10.208789825439453
-10.237622261047363
-10.15344524383545
-10.051847457885742
-10.080426216125488
-10.16329288482666
-10.205608367919922
-10.232090950012207
-10.18844985961914
-10.11987018585205
-10.021039009094238
-10.069331169128418
-10.164538383483887
-10.222026824951172
-10.203612327575684
-10.218117713928223
-10.123785972595215
-10.058085441589355
-10.104597091674805
-10.216266632080078
-10.194845199584961
-10.19890022277832
-10.207684516906738
-10.190347671508789
-10.178499221801758
-10.204948425292969
-10.178133964538574
-10.100335121154785
-10.074491500854492
-10.127943992614746
-10.138372421264648
-10.17469310760498
-10.205198287963867
-10.203265190124512
-10.103452682495117
-10.021134376525879
-10.048013687133789
-10.20763111114502
-10.202322959899902
-10.11136531829834
-9.999505996704102
-10.069503784179688
-10.18747329711914
-10.238824844360352
-10.188821792602539
-10.11639404296875
-10.062676429748535
-10.129241943359375
-10.195064544677734
-10.20773983001709
-10.201159477233887
-10.23102855682373
-10.18096923828125
-10.150655746459961
-10.134804725646973
-10.145011901855469
-10.172829627990723
-10.214860916137695
-10.1622314453125
-9.98515796661377
-9.991899490356445
-10.17790699005127
-10.22668170928955
-10.153800010681152
-10.016505241394043
-10.056073188781738
-10.200037956237793
-10.205143928527832
-10.04699993133545
-10.00872802734375
-10.13783073425293
-10.205830574035645
-10.231062889099121
-10.21628189086914
-10.199131965637207
-10.179482460021973
-10.135865211486816
-10.123666763305664
-10.077515602111816
-10.138105392456055
-10.186357498168945
-10.203533172607422
-10.232723236083984
-10.127050399780273
-10.044177055358887
-10.136780738830566
-10.19165325164795
-10.21153450012207
-10.21285629272461
-10.200906753540039
-10.119417190551758
-10.077662467956543
-10.139094352722168
-10.155122756958008
-10.216036796569824
-10.224810600280762
-10.197239875793457
-10.213651657104492
-10.186677932739258
-10.138626098632812
-10.136049270629883
-10.172748565673828
-10.185086250305176
-10.183581352233887
-10.239933967590332
-10.2011079788208
-10.205379486083984
-10.234527587890625
-10.24360466003418
-10.227239608764648
-10.204232215881348
-10.193761825561523
-10.134783744812012
-10.132508277893066
-10.166481971740723
-10.17125129699707
-10.190892219543457
-10.184082984924316
-10.176934242248535
-10.16464614868164
-10.053242683410645
-10.119657516479492
-10.19321346282959
-10.234387397766113
-10.225360870361328
-10.219928741455078
-10.222684860229492
-10.201483726501465
-10.196389198303223
-10.13226318359375
-10.122699737548828
-10.113773345947266
-10.170299530029297
-10.202692985534668
-10.211291313171387
-10.205853462219238
-10.231267929077148
-10.174869537353516
-10.171622276306152
-10.105977058410645
-10.158347129821777
-10.158856391906738
-10.207879066467285
-10.234400749206543
-10.226936340332031
-10.211252212524414
-10.203566551208496
-10.195456504821777
-10.1103515625
-10.094602584838867
-10.128595352172852
-10.182761192321777
-10.205504417419434
-10.258110046386719
-10.214376449584961
-10.232519149780273
-10.174688339233398
-10.103691101074219
-10.073698043823242
-10.17117691040039
-10.208793640136719
-10.235926628112793
-10.203988075256348
-10.120640754699707
-10.099554061889648
-10.146495819091797
-10.187350273132324
-10.240743637084961
-10.224411010742188
-10.206229209899902
-10.184391021728516
-10.100360870361328
-10.05062484741211
-10.097973823547363
-10.187830924987793
-10.243407249450684
-10.2334623336792
-10.259060859680176
-10.253650665283203
-10.246172904968262
-10.22111701965332
-10.201574325561523
-10.168989181518555
-10.119267463684082
-10.10108470916748
-10.187373161315918
-10.23729419708252
-10.251493453979492
-10.234231948852539
-10.202889442443848
-10.217608451843262
-10.20177936553955
-10.185458183288574
-10.157377243041992
-10.126142501831055
-10.146153450012207
-10.164589881896973
-10.175312995910645
-10.200223922729492
-10.178018569946289
-10.187807083129883
-10.166383743286133
-10.204710006713867
-10.197836875915527
-10.188394546508789
-10.151446342468262
-10.145064353942871
-10.164580345153809
-10.163899421691895
-10.210128784179688
-10.20044231414795
-10.21626091003418
-10.165436744689941
-10.109174728393555
-10.122629165649414
-10.202009201049805
-10.23558521270752
-10.238786697387695
-10.18163013458252
-10.034781455993652
-10.079319953918457
-10.229928016662598
-10.149673461914062
-9.967552185058594
-10.11227035522461
-10.239903450012207
-10.20418643951416
-10.070964813232422
-10.03080940246582
-10.184667587280273
-10.221922874450684
-10.220646858215332
-10.132643699645996
-10.065946578979492
-10.208552360534668
-10.207178115844727
-10.247897148132324
-10.22767162322998
-10.190088272094727
-10.186497688293457
-10.169227600097656
-10.173467636108398
-10.189620018005371
-10.242086410522461
-10.231462478637695
-10.227983474731445
-10.221635818481445
-10.192174911499023
-10.17542839050293
-10.1487455368042
-10.144906997680664
-10.163686752319336
-10.248587608337402
-10.252202987670898
-10.239923477172852
-10.166613578796387
-10.074419021606445
-10.094335556030273
-10.159431457519531
-10.201976776123047
-10.239802360534668
-10.228310585021973
-10.25818157196045
-10.229984283447266
-10.228878021240234
-10.207439422607422
-10.170015335083008
-10.149391174316406
-10.170997619628906
-10.163220405578613
-10.210932731628418
-10.251060485839844
-10.221990585327148
-10.240935325622559
-10.246817588806152
-10.239680290222168
-10.246424674987793
-10.225672721862793
-10.209200859069824
-10.197975158691406
-10.19650936126709
-10.164139747619629
-10.18804931640625
-10.16642951965332
-10.186572074890137
-10.215156555175781
-10.228215217590332
-10.22720718383789
-10.20145034790039
-10.173604011535645
-10.140811920166016
-10.14713191986084
-10.175130844116211
-10.208207130432129
-10.234922409057617
-10.224345207214355
-10.224879264831543
-10.208868980407715
-10.232775688171387
-10.178921699523926
-10.173650741577148
-10.20988941192627
-10.195072174072266
-10.149616241455078
-10.1221342086792
-10.181913375854492
-10.232911109924316
-10.234817504882812
-10.218010902404785
-10.135930061340332
-10.078049659729004
-10.187522888183594
-10.232882499694824
-10.23758316040039
-10.217467308044434
-10.179034233093262
-10.15268611907959
-10.134822845458984
-10.135357856750488
-10.128382682800293
-10.19629955291748
-10.225306510925293
-10.24799633026123
-10.230718612670898
-10.229605674743652
-10.236525535583496
-10.221643447875977
-10.219246864318848
-10.221373558044434
-10.199604034423828
-10.201411247253418
-10.158719062805176
-10.185295104980469
-10.166486740112305
-10.10839557647705
-10.125343322753906
-10.168634414672852
-10.160999298095703
-10.18243408203125
-10.179515838623047
-10.18945598602295
-10.194726943969727
-10.191366195678711
-10.187909126281738
-10.13730239868164
-10.12483024597168
-10.191287994384766
-10.218306541442871
-10.197150230407715
-10.214153289794922
-10.173725128173828
-10.167861938476562
-10.187171936035156
-10.194113731384277
-10.209532737731934
-10.234230995178223
-10.196076393127441
-10.153040885925293
-10.17249584197998
-10.160014152526855
-10.149584770202637
-10.160338401794434
-10.190032958984375
-10.235267639160156
-10.24563217163086
-10.201056480407715
-10.179251670837402
-10.15417766571045
-10.172739028930664
-10.217829704284668
-10.183897972106934
-10.133254051208496
-10.075065612792969
-10.095372200012207
-10.2002534866333
-10.24716567993164
-10.264758110046387
-10.22878360748291
-10.245424270629883
-10.245416641235352
-10.264991760253906
-10.257434844970703
-10.253765106201172
-10.246846199035645
-10.247018814086914
-10.228434562683105
-10.208654403686523
-10.192055702209473
-10.17140007019043
-10.162057876586914
-10.18958854675293
-10.199783325195312
-10.207058906555176
-10.245667457580566
-10.254730224609375
-10.261286735534668
-10.248065948486328
-10.238226890563965
-10.256614685058594
-10.229147911071777
-10.183867454528809
-10.14376163482666
-10.090239524841309
-10.15221118927002
-10.223832130432129
-10.248046875
-10.25516414642334
-10.224438667297363
-10.168869018554688
-10.177753448486328
-10.18456745147705
-10.181461334228516
-10.169902801513672
-10.158814430236816
-10.197948455810547
-10.21214485168457
-10.184024810791016
-10.19483757019043
-10.206160545349121
-10.13754653930664
-10.143503189086914
-10.176335334777832
-10.188642501831055
-10.253085136413574
-10.243598937988281
-10.23729133605957
-10.151155471801758
-10.132294654846191
-10.100043296813965
-10.134611129760742
-10.155044555664062
-10.20800495147705
-10.214734077453613
-10.222502708435059
-10.224512100219727
-10.189411163330078
-10.194432258605957
-10.15661334991455
-10.093771934509277
-10.095422744750977
-10.17257308959961
-10.226716995239258
-10.241410255432129
-10.265774726867676
-10.246454238891602
-10.255545616149902
-10.261218070983887
-10.241583824157715
-10.200400352478027
-10.159353256225586
-10.133416175842285
-10.156892776489258
-10.238869667053223
-10.21488094329834
-10.241110801696777
-10.248501777648926
-10.230374336242676
-10.25357723236084
-10.22702407836914
-10.168550491333008
-10.105016708374023
-10.181798934936523
-10.225091934204102
-10.23012924194336
-10.21192455291748
-10.252596855163574
-10.25801944732666
-10.249320983886719
-10.19525146484375
-10.118212699890137
-10.122244834899902
-10.196721076965332
-10.21998405456543
-10.254518508911133
-10.251752853393555
-10.238489151000977
-10.155891418457031
-10.057219505310059
-10.138397216796875
-10.24509048461914
-10.226994514465332
-10.272802352905273
-10.260833740234375
-10.148575782775879
-10.09902572631836
-10.145669937133789
-10.179314613342285
-10.203701972961426
-10.216822624206543
-10.222858428955078
-10.218026161193848
-10.132344245910645
-10.142744064331055
-10.174155235290527
-10.187580108642578
-10.243781089782715
-10.224963188171387
-10.203351020812988
-10.150959968566895
-10.1693115234375
-10.174835205078125
-10.210713386535645
-10.240457534790039
-10.200265884399414
-10.16134262084961
-10.16551685333252
-10.115094184875488
-10.190381050109863
-10.245171546936035
-10.249737739562988
-10.248763084411621
-10.240431785583496
-10.199258804321289
-10.10236644744873
-10.148300170898438
-10.209847450256348
-10.23816204071045
-10.219943046569824
-10.092991828918457
-10.106218338012695
-10.225372314453125
-10.245504379272461
-10.234786033630371
-10.165372848510742
-10.120478630065918
-10.18398380279541
-10.243459701538086
-10.253271102905273
-10.245620727539062
-10.258633613586426
-10.176207542419434
-10.115349769592285
-10.15432071685791
-10.20676326751709
-10.218823432922363
-10.22940731048584
-10.231176376342773
-10.237345695495605
-10.2245512008667
-10.210672378540039
-10.223126411437988
-10.222150802612305
-10.225720405578613
-10.199797630310059
-10.179388999938965
-10.206948280334473
-10.206904411315918
-10.250638008117676
-10.23125171661377
-10.256763458251953
-10.255435943603516
-10.20036506652832
-10.169381141662598
-10.096460342407227
-10.170365333557129
-10.245055198669434
-10.289243698120117
-10.24870777130127
-10.158758163452148
-10.0914888381958
-10.163591384887695
-10.216651916503906
-10.238168716430664
-10.252001762390137
-10.253504753112793
-10.224621772766113
-10.122553825378418
-10.104371070861816
-10.193986892700195
-10.2339506149292
-10.245352745056152
-10.277756690979004
-10.27975082397461
-10.272107124328613
-10.25749683380127
-10.22564697265625
-10.179001808166504
-10.125883102416992
-10.175178527832031
-10.19676685333252
-10.25168514251709
-10.249677658081055
-10.26042652130127
-10.264429092407227
-10.257575035095215
-10.233716011047363
-10.225579261779785
-10.14095687866211
-10.142308235168457
-10.179594993591309
-10.194343566894531
-10.223017692565918
-10.21701431274414
-10.160588264465332
-10.109349250793457
-10.139511108398438
-10.165410995483398
-10.234546661376953
-10.232041358947754
-10.230300903320312
-10.206275939941406
-10.149517059326172
-10.14822769165039
-10.188599586486816
-10.207944869995117
-10.239490509033203
-10.209439277648926
-10.194303512573242
-10.127530097961426
-10.115524291992188
-10.132893562316895
-10.188981056213379
-10.22339153289795
-10.235936164855957
-10.208332061767578
-10.1221923828125
-10.053546905517578
-10.209397315979004
-10.254369735717773
-10.228492736816406
-10.183518409729004
-10.14069938659668
-10.227259635925293
-10.260955810546875
-10.264043807983398
-10.266959190368652
-10.225204467773438
-10.203320503234863
-10.205883979797363
-10.207887649536133
-10.189656257629395
-10.258066177368164
-10.257749557495117
-10.225802421569824
-10.136693954467773
-10.103297233581543
-10.165647506713867
-10.233379364013672
-10.253703117370605
-10.255473136901855
-10.273110389709473
-10.21328067779541
-10.183892250061035
-10.097071647644043
-10.148983001708984
-10.234334945678711
-10.262211799621582
-10.26291561126709
-10.227778434753418
-10.170385360717773
-10.109296798706055
-10.192155838012695
-10.25715160369873
-10.245095252990723
-10.193218231201172
-10.073211669921875
-10.074915885925293
-10.177816390991211
-10.245709419250488
-10.258013725280762
-10.252442359924316
-10.245827674865723
-10.278532028198242
-10.266648292541504
-10.260568618774414
-10.2659273147583
-10.258275985717773
-10.252699851989746
-10.215092658996582
-10.169588088989258
-10.177453994750977
-10.153247833251953
-10.151942253112793
-10.196537971496582
-10.229114532470703
-10.263810157775879
-10.280837059020996
-10.271928787231445
-10.283251762390137
-10.251140594482422
-10.266997337341309
-10.208647727966309
-10.106733322143555
-10.110118865966797
-10.19469928741455
-10.23379135131836
-10.256628036499023
-10.26392936706543
-10.197779655456543
-10.17838191986084
-10.15788745880127
-10.170052528381348
-10.198336601257324
-10.235123634338379
-10.261147499084473
-10.244091987609863
-10.212825775146484
-10.138657569885254
-10.129289627075195
-10.16202163696289
-10.228313446044922
-10.238097190856934
-10.260528564453125
-10.253837585449219
-10.215280532836914
-10.163143157958984
-10.157475471496582
-10.185368537902832
-10.208490371704102
-10.239853858947754
-10.255231857299805
-10.228508949279785
-10.193168640136719
-10.16179084777832
-10.179040908813477
-10.192146301269531
-10.170693397521973
-10.182113647460938
-10.206863403320312
-10.21391773223877
-10.252266883850098
-10.237866401672363
-10.17597770690918
-10.137031555175781
-10.155537605285645
-10.183472633361816
-10.23462963104248
-10.251543045043945
-10.281440734863281
-10.287643432617188
-10.251924514770508
-10.261832237243652
-10.250569343566895
-10.158084869384766
-10.089255332946777
-10.184721946716309
-10.238200187683105
-10.243727684020996
-10.20188045501709
-10.187889099121094
-10.151634216308594
-10.222784042358398
-10.240357398986816
-10.24146842956543
-10.241003036499023
-10.200892448425293
-10.147197723388672
-10.180282592773438
-10.191797256469727
-10.179797172546387
-10.223329544067383
-10.245415687561035
-10.237180709838867
-10.239861488342285
-10.179512023925781
-10.133506774902344
-10.1787109375
-10.222894668579102
-10.253151893615723
-10.27751350402832
-10.278315544128418
-10.241312026977539
-10.281588554382324
-10.263981819152832
-10.2872314453125
-10.225565910339355
-10.221487045288086
-10.226591110229492
-10.18493366241455
-10.206585884094238
-10.161084175109863
-10.210349082946777
-10.223752975463867
-10.24147891998291
-10.233216285705566
-10.24081802368164
-10.258736610412598
-10.244494438171387
-10.228547096252441
-10.15282154083252
-10.100822448730469
-10.20734977722168
-10.229496955871582
-10.260130882263184
-10.273561477661133
-10.274765014648438
-10.266182899475098
-10.302770614624023
-10.277478218078613
-10.281407356262207
-10.265121459960938
-10.264934539794922
-10.213897705078125
-10.175981521606445
-10.14411449432373
-10.170248985290527
-10.200124740600586
-10.272890090942383
-10.27030086517334
-10.300479888916016
-10.265647888183594
-10.157967567443848
-10.04368782043457
-10.136857032775879
-10.191978454589844
-10.261033058166504
-10.247979164123535
-10.281335830688477
-10.279215812683105
-10.231436729431152
-10.184672355651855
-10.153339385986328
-10.18821907043457
-10.2327880859375
-10.215094566345215
-10.251173973083496
-10.281946182250977
-10.235733985900879
-10.21602725982666
-10.15475082397461
-10.127521514892578
-10.222472190856934
-10.255128860473633
-10.250924110412598
-10.234750747680664
-10.151083946228027
-10.145873069763184
-10.174461364746094
-10.16926383972168
-10.2201509475708
-10.228617668151855
-10.249286651611328
-10.234768867492676
-10.227571487426758
-10.186492919921875
-10.196464538574219
-10.228079795837402
-10.277660369873047
-10.26069164276123
-10.234196662902832
-10.173633575439453
-10.163620948791504
-10.16907787322998
-10.167901992797852
-10.217164039611816
-10.183707237243652
-10.190386772155762
-10.2018461227417
-10.235785484313965
-10.279775619506836
-10.280317306518555
-10.266454696655273
-10.267755508422852
-10.222049713134766
-10.176145553588867
-10.10036563873291
-10.138750076293945
-10.201826095581055
-10.234272956848145
-10.273518562316895
-10.254480361938477
-10.26353645324707
-10.21390151977539
-10.138099670410156
-10.109529495239258
-10.14982795715332
-10.249225616455078
-10.252530097961426
-10.056612014770508
-10.028321266174316
-10.211066246032715
-10.254607200622559
-10.21787166595459
-10.069403648376465
-10.059839248657227
-10.165877342224121
-10.247492790222168
-10.182087898254395
-10.040000915527344
-10.140718460083008
-10.231042861938477
-10.259661674499512
-10.12668514251709
-10.021661758422852
-10.128739356994629
-10.208056449890137
-10.243734359741211
-10.22250747680664
-10.136401176452637
-10.148226737976074
-10.166115760803223
-10.232874870300293
-10.242609977722168
-10.246976852416992
-10.238025665283203
-10.224555015563965
-10.169047355651855
-10.200465202331543
-10.245075225830078
-10.283044815063477
-10.285290718078613
-10.283111572265625
-10.276326179504395
-10.284744262695312
-10.235252380371094
-10.208955764770508
-10.192174911499023
-10.218172073364258
-10.227837562561035
-10.257026672363281
-10.258136749267578
-10.248189926147461
-10.291186332702637
-10.292303085327148
-10.252496719360352
-10.262292861938477
-10.250648498535156
-10.193711280822754
-10.150500297546387
-10.211847305297852
-10.225719451904297
-10.256872177124023
-10.265871047973633
-10.289935111999512
-10.285066604614258
-10.248029708862305
-10.22640323638916
-10.231593132019043
-10.234101295471191
-10.245503425598145
-10.227161407470703
-10.257552146911621
-10.26052474975586
-10.218442916870117
-10.184064865112305
-10.169703483581543
-10.190900802612305
-10.244953155517578
-10.237793922424316
-10.275995254516602
-10.284610748291016
-10.289215087890625
-10.290663719177246
-10.271173477172852
-10.241788864135742
-10.181910514831543
-10.139431953430176
-10.200888633728027
-10.250127792358398
-10.280721664428711
-10.30228328704834
-10.30378532409668
-10.302375793457031
-10.264082908630371
-10.24027156829834
-10.182916641235352
-10.101981163024902
-10.163933753967285
-10.251046180725098
-10.241881370544434
-10.259252548217773
-10.208023071289062
-10.146810531616211
-10.177129745483398
-10.217780113220215
-10.244331359863281
-10.249608039855957
-10.294004440307617
-10.310115814208984
-10.29893970489502
-10.300797462463379
-10.289268493652344
-10.295495986938477
-10.297547340393066
-10.285027503967285
-10.288844108581543
-10.261516571044922
-10.207780838012695
-10.171164512634277
-10.133736610412598
-10.207598686218262
-10.245479583740234
-10.31113338470459
-10.29140853881836
-10.215652465820312
-10.173763275146484
-10.139019966125488
-10.229765892028809
-10.273719787597656
-10.291085243225098
-10.284871101379395
-10.263026237487793
-10.17468547821045
-10.087149620056152
-10.177188873291016
-10.232288360595703
-10.256810188293457
-10.286017417907715
-10.285046577453613
-10.268219947814941
-10.202049255371094
-10.116586685180664
-10.144609451293945
-10.230732917785645
-10.286463737487793
-10.261388778686523
-10.191656112670898
-10.09126091003418
-10.121796607971191
-10.224575996398926
-10.293902397155762
-10.274604797363281
-10.188182830810547
-10.079263687133789
-10.164563179016113
-10.227572441101074
-10.263044357299805
-10.267291069030762
-10.2899751663208
-10.271222114562988
-10.237580299377441
-10.141233444213867
-10.129435539245605
-10.16866397857666
-10.257885932922363
-10.284347534179688
-10.274590492248535
-10.294248580932617
-10.286018371582031
-10.259264945983887
-10.252087593078613
-10.143895149230957
-10.102346420288086
-10.241202354431152
-10.295761108398438
-10.266037940979004
-10.267154693603516
-10.232474327087402
-10.260987281799316
-10.250659942626953
-10.238725662231445
-10.222078323364258
-10.112805366516113
-10.135345458984375
-10.225615501403809
-10.247945785522461
-10.273161888122559
-10.269915580749512
-10.251194953918457
-10.188830375671387
-10.146815299987793
-10.154338836669922
-10.232988357543945
-10.273844718933105
-10.257484436035156
-10.165966987609863
-10.130373001098633
-10.19729232788086
-10.254471778869629
-10.253091812133789
-10.264403343200684
-10.261068344116211
-10.18359375
-10.093354225158691
-10.128646850585938
-10.23910140991211
-10.291214942932129
-10.224742889404297
-10.055943489074707
-10.086010932922363
-10.213541030883789
-10.29128646850586
-10.249882698059082
-10.16481876373291
-10.125582695007324
-10.156457901000977
-10.259292602539062
-10.28622817993164
-10.288037300109863
-10.287775039672852
-10.282461166381836
-10.24402141571045
-10.238431930541992
-10.194046974182129
-10.171567916870117
-10.201419830322266
-10.213651657104492
-10.237323760986328
-10.277234077453613
-10.281764030456543
-10.263265609741211
-10.268698692321777
-10.259969711303711
-10.23225212097168
-10.208565711975098
-10.18882942199707
-10.198894500732422
-10.216255187988281
-10.247836112976074
-10.28646469116211
-10.253235816955566
-10.107388496398926
-10.044432640075684
-10.210356712341309
-10.28200626373291
-10.20580768585205
-10.116599082946777
-10.12712574005127
-10.245305061340332
-10.290098190307617
-10.277342796325684
-10.162433624267578
-10.15170955657959
-10.178441047668457
-10.27769947052002
-10.249100685119629
-10.287312507629395
-10.2705659866333
-10.26519775390625
-10.21151065826416
-10.159435272216797
-10.190953254699707
-10.211418151855469
-10.267807960510254
-10.265565872192383
-10.285390853881836
-10.274970054626465
-10.258255958557129
-10.299006462097168
-10.283249855041504
-10.270776748657227
-10.24555492401123
-10.180523872375488
-10.15316104888916
-10.219895362854004
-10.251347541809082
-10.267257690429688
-10.300108909606934
-10.299978256225586
-10.29383373260498
-10.28134536743164
-10.252376556396484
-10.238950729370117
-10.230982780456543
-10.193001747131348
-10.188102722167969
-10.214493751525879
-10.25627326965332
-10.257367134094238
-10.28707218170166
-10.310391426086426
-10.276202201843262
-10.25826358795166
-10.237916946411133
-10.232447624206543
-10.258691787719727
-10.263129234313965
-10.263639450073242
-10.223270416259766
-10.175287246704102
-10.152602195739746
-10.210658073425293
-10.242042541503906
-10.271376609802246
-10.26218032836914
-10.216680526733398
-10.215153694152832
-10.21174430847168
-10.229633331298828
-10.237439155578613
-10.268512725830078
-10.261712074279785
-10.288837432861328
-10.22536849975586
-10.04705810546875
-10.124382972717285
-10.25700569152832
-10.314719200134277
-10.181727409362793
-10.063274383544922
-10.167335510253906
-10.298871040344238
-10.280158042907715
-10.165155410766602
-10.082066535949707
-10.195112228393555
-10.23115348815918
-10.291419982910156
-10.288433074951172
-10.316154479980469
-10.289395332336426
-10.250137329101562
-10.220194816589355
-10.176902770996094
-10.188246726989746
-10.201966285705566
-10.250133514404297
-10.296928405761719
-10.281716346740723
-10.280308723449707
-10.30450439453125
-10.290820121765137
-10.2387113571167
-10.114359855651855
-10.121853828430176
-10.222014427185059
-10.272904396057129
-10.300131797790527
-10.313529968261719
-10.285176277160645
-10.273972511291504
-10.23928451538086
-10.149941444396973
-10.170161247253418
-10.224325180053711
-10.271079063415527
-10.297101020812988
-10.296854972839355
-10.306245803833008
-10.287339210510254
-10.261199951171875
-10.198785781860352
-10.152307510375977
-10.212925910949707
-10.260404586791992
-10.294693946838379
-10.298927307128906
-10.281169891357422
-10.19186782836914
-10.134127616882324
-10.20467472076416
-10.259526252746582
-10.283820152282715
-10.300691604614258
-10.2548189163208
-10.163147926330566
-10.125334739685059
-10.168027877807617
-10.279130935668945
-10.276182174682617
-10.269580841064453
-10.161216735839844
-10.095687866210938
-10.209406852722168
-10.275070190429688
-10.30161190032959
-10.188263893127441
-10.04395580291748
-10.190531730651855
-10.292694091796875
-10.311568260192871
-10.298069953918457
-10.28860855102539
-10.300458908081055
-10.281614303588867
-10.247480392456055
-10.233292579650879
-10.220633506774902
-10.194273948669434
-10.207401275634766
-10.25123405456543
-10.269159317016602
-10.272096633911133
-10.244196891784668
-10.245429039001465
-10.251947402954102
-10.250761985778809
-10.240341186523438
-10.228513717651367
-10.168426513671875
-10.166234970092773
-10.213348388671875
-10.254312515258789
-10.293086051940918
-10.28370475769043
-10.28393268585205
-10.266444206237793
-10.29343032836914
-10.255158424377441
-10.230266571044922
-10.192025184631348
-10.250617027282715
-10.284819602966309
-10.262272834777832
-10.256632804870605
-10.242524147033691
-10.22995376586914
-10.232269287109375
-10.239781379699707
-10.203327178955078
-10.195035934448242
-10.21573543548584
-10.256343841552734
-10.279763221740723
-10.296638488769531
-10.283461570739746
-10.289971351623535
-10.27047348022461
-10.248283386230469
-10.228060722351074
-10.24229621887207
-10.247289657592773
-10.253817558288574
-10.226211547851562
-10.202600479125977
-10.223437309265137
-10.213410377502441
-10.230937957763672
-10.19350528717041
-10.24497127532959
-10.244928359985352
-10.241819381713867
-10.264056205749512
-10.254776954650879
-10.236435890197754
-10.259971618652344
-10.262066841125488
-10.269853591918945
-10.199487686157227
-10.20767593383789
-10.223689079284668
-10.196746826171875
-10.232172012329102
-10.292032241821289
-10.303459167480469
-10.295703887939453
-10.277244567871094
-10.219473838806152
-10.17068862915039
-10.18484878540039
-10.249156951904297
-10.308055877685547
-10.288554191589355
-10.284574508666992
-10.24238395690918
-10.184276580810547
-10.164920806884766
-10.227389335632324
-10.249005317687988
-10.303324699401855
-10.271596908569336
-10.297470092773438
-10.299327850341797
-10.25667953491211
-10.218863487243652
-10.26509952545166
-10.288887023925781
-10.294829368591309
-10.309490203857422
-10.3053617477417
-10.278790473937988
-10.261735916137695
-10.170918464660645
-10.133177757263184
-10.236802101135254
-10.25971508026123
-10.273974418640137
-10.26682186126709
-10.274569511413574
-10.279255867004395
-10.276747703552246
-10.266103744506836
-10.263998031616211
-10.279520034790039
-10.279519081115723
-10.280725479125977
-10.294617652893066
-10.280299186706543
-10.279934883117676
-10.239039421081543
-10.176188468933105
-10.182051658630371
-10.232681274414062
-10.293665885925293
-10.310558319091797
-10.300725936889648
-10.165831565856934
-10.064241409301758
-10.170417785644531
-10.27660083770752
-10.30207633972168
-10.298863410949707
-10.30630874633789
-10.285168647766113
-10.226428031921387
-10.107521057128906
-10.189732551574707
-10.258440017700195
-10.308035850524902
-10.302634239196777
