loss_total
-18.338970184326172
-18.057113647460938
-18.20687484741211
-18.704492568969727
-18.429052352905273
-18.47659683227539
-18.503673553466797
-18.96662712097168
-18.670635223388672
-19.162294387817383
-19.04629135131836
-19.3330020904541
-19.225461959838867
-19.79850959777832
-19.379701614379883
-19.808305740356445
-19.913410186767578
-19.970035552978516
-20.172521591186523
-20.221240997314453
-20.049280166625977
-20.311731338500977
-20.39051055908203
-20.547822952270508
-20.527801513671875
-20.705402374267578
-21.021770477294922
-20.975927352905273
-21.269439697265625
-21.370264053344727
-21.345829010009766
-21.8676815032959
-21.964658737182617
-22.16019058227539
-22.342548370361328
-22.47952651977539
-22.63430404663086
-22.660140991210938
-22.69100570678711
-22.998943328857422
-22.884408950805664
-23.015958786010742
-23.190343856811523
-23.514543533325195
-23.704524993896484
-23.987640380859375
-24.07573127746582
-24.292198181152344
-24.484573364257812
-24.506160736083984
-24.861011505126953
-25.059457778930664
-25.289472579956055
-25.378995895385742
-25.487010955810547
-25.551700592041016
-25.49604034423828
-25.539669036865234
-25.573198318481445
-25.61233901977539
-25.610126495361328
-25.844900131225586
-25.969017028808594
-26.189481735229492
-26.323036193847656
-26.462709426879883
-26.544208526611328
-26.602407455444336
-26.870264053344727
-27.08814811706543
-27.243507385253906
-27.5085506439209
-27.68609619140625
-28.206758499145508
-28.432016372680664
-28.889219284057617
-28.911584854125977
-28.686128616333008
-28.672496795654297
-28.59084129333496
-28.57515525817871
-28.458515167236328
-28.871952056884766
-29.055349349975586
-29.090513229370117
-29.10576629638672
-29.20857048034668
-29.321584701538086
-29.453231811523438
-29.437517166137695
-29.596065521240234
-29.209999084472656
-29.68209457397461
-29.63448715209961
-29.793027877807617
-30.099178314208984
-30.050477981567383
-29.919775009155273
-30.33001136779785
-30.353647232055664
-30.247528076171875
-30.626079559326172
-30.81723403930664
-30.687152862548828
-30.56647491455078
-30.741518020629883
-30.86285972595215
-31.130847930908203
-31.279434204101562
-31.61978530883789
-31.87566375732422
-32.054527282714844
-32.17412567138672
-32.4337272644043
-32.87874984741211
-32.943721771240234
-33.468589782714844
-33.71378707885742
-34.1165885925293
-34.29446029663086
-34.20787048339844
-35.01839828491211
-35.09845733642578
-35.02983856201172
-35.15371322631836
-35.458709716796875
-35.24518966674805
-35.11688232421875
-35.36505889892578
-35.8111686706543
-36.00138473510742
-35.998653411865234
-36.01029968261719
-36.23184585571289
-36.53187942504883
-36.418460845947266
-36.59070587158203
-36.2664794921875
-37.069854736328125
-36.703556060791016
-36.808570861816406
-36.772708892822266
-37.0155029296875
-37.23305130004883
-37.132564544677734
-37.56571578979492
-37.4080924987793
-37.51514434814453
-37.76620101928711
-37.80312728881836
-37.85380172729492
-37.93562698364258
-37.97125244140625
-37.740074157714844
-38.17701721191406
-38.044254302978516
-38.29773712158203
-38.37117004394531
-38.48815155029297
-38.31517028808594
-38.695770263671875
-38.721927642822266
-38.84308624267578
-38.81876754760742
-38.800209045410156
-38.96669006347656
-38.958499908447266
-38.88323974609375
-38.99501419067383
-39.042484283447266
-39.145328521728516
-39.10063552856445
-39.23759078979492
-39.20610046386719
-39.275325775146484
-39.14915466308594
-39.44782638549805
-39.333740234375
-39.31417465209961
-39.325103759765625
-39.612060546875
-39.66162872314453
-39.65833282470703
-39.7784309387207
-39.646141052246094
-39.81182098388672
-39.82391357421875
-40.1217155456543
-40.021766662597656
-40.264671325683594
-40.26505661010742
-40.31324768066406
-40.23337173461914
-40.303810119628906
-40.4554443359375
-40.5030632019043
-40.63542175292969
-40.68621826171875
-40.74470138549805
-40.64144515991211
-40.87605285644531
-40.75027084350586
-40.89610290527344
-40.993309020996094
-41.0987434387207
-41.00642395019531
-40.939430236816406
-41.20844268798828
-41.44334030151367
-41.07809066772461
-41.33675003051758
-41.325401306152344
-41.706905364990234
-41.44307327270508
-41.483970642089844
-41.4630012512207
-41.85193634033203
-41.60771179199219
-41.61875534057617
-41.54362106323242
-41.49415969848633
-41.73820877075195
-41.62139892578125
-41.72014236450195
-42.066246032714844
-41.64415740966797
-41.68980026245117
-42.01271057128906
-41.96002197265625
-41.882450103759766
-42.358070373535156
-42.150840759277344
-42.11368942260742
-42.123085021972656
-42.123130798339844
-42.147300720214844
-42.01264953613281
-42.24271774291992
-42.19769287109375
-42.27391052246094
-42.37559509277344
-42.220741271972656
-42.145851135253906
-42.40883255004883
-42.36098861694336
-42.57550811767578
-42.37560272216797
-42.61610412597656
-42.5487174987793
-42.6124267578125
-42.407569885253906
-42.56540298461914
-42.635276794433594
-42.6908073425293
-42.55820083618164
-42.56095886230469
-42.57044982910156
-42.61464309692383
-42.82403564453125
-42.851497650146484
-42.848663330078125
-42.806907653808594
-42.799964904785156
-42.73033142089844
-42.88681411743164
-42.932090759277344
-42.92668914794922
-42.91635513305664
-43.089324951171875
-42.92982864379883
-43.00531005859375
-42.856468200683594
-43.094642639160156
-42.843605041503906
-43.14743423461914
-43.2318115234375
-43.1186408996582
-42.82728576660156
-43.06367111206055
-43.07085037231445
-43.24467086791992
-43.24933624267578
-42.92658996582031
-43.249359130859375
-43.17809295654297
-43.31288528442383
-43.07427978515625
-43.14483642578125
-43.1849479675293
-43.1641960144043
-43.368045806884766
-43.259010314941406
-43.36847686767578
-43.3776969909668
-43.51942825317383
-43.20902633666992
-43.62138748168945
-43.353851318359375
-43.552059173583984
-43.385440826416016
-43.50393295288086
-43.4793815612793
-43.691165924072266
-43.55392837524414
-43.6119270324707
-43.62425994873047
-43.64695739746094
-43.79299545288086
-43.53538513183594
-43.55302047729492
-43.702125549316406
-43.59235763549805
-43.805171966552734
-43.6105842590332
-43.726749420166016
-43.81153106689453
-43.907814025878906
-43.69179916381836
-43.95505142211914
-44.002906799316406
-43.98898696899414
-43.91093826293945
-43.994102478027344
-43.791748046875
-43.90292739868164
-43.93893814086914
-43.98555374145508
-43.82893371582031
-44.040626525878906
-44.1116828918457
-43.914772033691406
-44.069053649902344
-44.066505432128906
-44.16141891479492
-44.064857482910156
-44.17527770996094
-44.254886627197266
-44.33977508544922
-44.21174621582031
-44.20819854736328
-44.209320068359375
-44.41213607788086
-44.37010955810547
-44.33778381347656
-44.54522705078125
-44.24108123779297
-44.125030517578125
-44.309749603271484
-44.41085433959961
-44.555152893066406
-44.2400016784668
-44.4861946105957
-44.43137741088867
-44.2967414855957
-44.474822998046875
-44.56024932861328
-44.540592193603516
-44.506187438964844
-44.39582824707031
-44.58161544799805
-44.47486877441406
-44.473602294921875
-44.64862823486328
-44.6218376159668
-44.39753341674805
-44.7697639465332
-44.571685791015625
-44.69862747192383
-44.63005447387695
-44.740142822265625
-44.682064056396484
-44.675048828125
-44.78348159790039
-44.64381790161133
-44.81645965576172
-44.61623001098633
-44.93223571777344
-44.694183349609375
-44.73975372314453
-44.78307342529297
-44.853370666503906
-44.81048583984375
-44.786766052246094
-44.9207763671875
-45.02628707885742
-44.89794921875
-44.9352912902832
-45.0474967956543
-44.97871017456055
-45.15037536621094
-45.028358459472656
-45.0130500793457
-45.177528381347656
-45.135398864746094
-45.111839294433594
-45.211334228515625
-45.24052047729492
-45.20216369628906
-45.14118957519531
-45.34833526611328
-45.343780517578125
-45.14091110229492
-45.292945861816406
-45.022159576416016
-45.20462417602539
-45.177513122558594
-45.320396423339844
-45.0825080871582
-45.48774337768555
-45.237571716308594
-45.075897216796875
-45.1545524597168
-45.385536193847656
-45.407344818115234
-45.55951690673828
-45.426361083984375
-45.225704193115234
-45.48872756958008
-45.41473388671875
-45.30738830566406
-45.3111572265625
-45.57233428955078
-45.30387878417969
-45.514766693115234
-45.53868103027344
-45.440391540527344
-45.449615478515625
-45.5509147644043
-45.57563400268555
-45.44461441040039
-45.51478576660156
-45.409332275390625
-45.61345672607422
-45.628379821777344
-45.675559997558594
-45.62704086303711
-45.60184097290039
-45.735694885253906
-45.76278305053711
-45.5860595703125
-45.761653900146484
-45.66140365600586
-45.627410888671875
-45.536766052246094
-45.607295989990234
-45.61765670776367
-45.66498947143555
-45.749794006347656
-45.67249298095703
-45.68975067138672
-45.733795166015625
-45.76025390625
-45.611328125
-45.605018615722656
-45.910247802734375
-45.5889892578125
-45.84743118286133
-45.639095306396484
-45.673946380615234
-45.67753601074219
-45.66564178466797
-45.901206970214844
-45.81493377685547
-45.62733840942383
-45.82377243041992
-45.79436492919922
-45.88720703125
-45.84684753417969
-45.792327880859375
-46.025917053222656
-45.92145919799805
-45.95351791381836
-46.1114616394043
-45.986515045166016
-46.12566375732422
-46.0549201965332
-46.05352020263672
-46.030059814453125
-45.91596984863281
-46.07815933227539
-45.94742202758789
-46.11794662475586
-46.04167556762695
-46.02631378173828
-46.173622131347656
-46.03977584838867
-46.14059829711914
-46.1722412109375
-46.24085998535156
-46.17787170410156
-46.01226043701172
-46.25040054321289
-46.11248016357422
-46.16025161743164
-46.30720520019531
-46.16952896118164
-46.107913970947266
-46.118186950683594
-46.298065185546875
-46.192012786865234
-46.157989501953125
-46.20782470703125
-46.08837890625
-46.15834426879883
-46.28986358642578
-46.22909164428711
-46.231082916259766
-46.26300811767578
-46.331905364990234
-46.37735366821289
-46.24095153808594
-46.347843170166016
-46.34613800048828
-46.42584228515625
-46.29094696044922
-46.32282257080078
-46.24041748046875
-46.41258239746094
-46.29077911376953
-46.418052673339844
-46.346256256103516
-46.470489501953125
-46.34446334838867
-46.437320709228516
-46.40338134765625
-46.42272186279297
-46.41362762451172
-46.459716796875
-46.35748291015625
-46.5025634765625
-46.5194091796875
-46.372310638427734
-46.61897659301758
-46.49383544921875
-46.446102142333984
-46.55615997314453
-46.50517654418945
-46.59566116333008
-46.573204040527344
-46.55903625488281
-46.529884338378906
-46.659889221191406
-46.497684478759766
-46.59911346435547
-46.67923355102539
-46.45654296875
-46.62887191772461
-46.648193359375
-46.540077209472656
-46.64462661743164
-46.501548767089844
-46.66650390625
-46.62185287475586
-46.49245834350586
-46.681793212890625
-46.678436279296875
-46.58623123168945
-46.627540588378906
-46.6721305847168
-46.697479248046875
-46.77075958251953
-46.63201904296875
-46.734527587890625
-46.76372528076172
-46.70072555541992
-46.78007888793945
-46.73094940185547
-46.69232940673828
-46.85059356689453
-46.770660400390625
-46.74742126464844
-46.64444351196289
-46.832496643066406
-46.60034942626953
-46.62680435180664
-46.72853469848633
-46.883155822753906
-46.66947937011719
-46.637962341308594
-46.95619201660156
-46.76895523071289
-46.875186920166016
-46.64562225341797
-46.775447845458984
-46.86624526977539
-46.698997497558594
-46.83088684082031
-46.799747467041016
-46.92853546142578
-46.788177490234375
-46.86772537231445
-46.788021087646484
-46.94937515258789
-46.87200164794922
-46.92970275878906
-46.873939514160156
-46.792694091796875
-46.90886688232422
-46.85630798339844
-46.95526123046875
-46.85198974609375
-46.96137237548828
-46.88199234008789
-46.93209457397461
-46.95558166503906
-46.87485122680664
-46.98084259033203
-46.82402420043945
-47.047637939453125
-46.75920867919922
-47.05888366699219
-46.94597625732422
-47.17107391357422
-46.92833709716797
-46.99909210205078
-47.03837585449219
-47.09625244140625
-47.07212829589844
-47.008750915527344
-47.094329833984375
-46.97167205810547
-47.0319938659668
-47.15782165527344
-47.12480926513672
-47.083641052246094
-47.09721374511719
-47.062416076660156
-47.08021545410156
-47.06034469604492
-47.122528076171875
-47.044342041015625
-47.11975860595703
-46.98252487182617
-47.16357421875
-47.10760498046875
-47.244346618652344
-47.16899108886719
-47.13650894165039
-47.1250114440918
-47.209373474121094
-47.19922637939453
-47.167572021484375
-47.15294647216797
-47.149574279785156
-47.109703063964844
-47.22727584838867
-47.196083068847656
-47.21063232421875
-47.25635528564453
-47.298221588134766
-47.1927375793457
-47.32014846801758
-47.25653076171875
-47.05216598510742
-47.27676773071289
-47.21607971191406
-47.264122009277344
-47.369781494140625
-47.285614013671875
-47.24406433105469
-47.202110290527344
-47.293724060058594
-47.348052978515625
-47.279808044433594
-47.32566833496094
-47.29438400268555
-47.234397888183594
-47.274166107177734
-47.23415756225586
-47.369808197021484
-47.17481994628906
-47.24507141113281
-47.335384368896484
-47.384254455566406
-47.30119323730469
-47.38605499267578
-47.30997848510742
-47.46589279174805
-47.35881805419922
-47.2736701965332
-47.40489959716797
-47.46179962158203
-47.265724182128906
-47.375244140625
-47.35808181762695
-47.365535736083984
-47.43709945678711
-47.42488098144531
-47.28296661376953
-46.70042419433594
-47.32237243652344
-46.37923049926758
-46.546417236328125
-47.10423278808594
-46.982566833496094
-47.33213806152344
-47.264793395996094
-47.107059478759766
-47.27043533325195
-46.94136047363281
-47.277992248535156
-46.863216400146484
-47.091529846191406
-47.095985412597656
-47.14103698730469
-47.39356231689453
-47.243412017822266
-47.391761779785156
-47.377777099609375
-47.32289123535156
-47.5269660949707
-47.38454818725586
-47.402122497558594
-47.38966369628906
-47.52799987792969
-47.30634307861328
-47.469608306884766
-47.5047607421875
-47.50956726074219
-47.487430572509766
-47.54669189453125
-47.3991584777832
-47.593360900878906
-47.635093688964844
-47.4998779296875
-47.49128723144531
-47.62548828125
-47.45307159423828
-47.69194793701172
-47.562625885009766
-47.63712692260742
-47.49188995361328
-47.72771453857422
-47.59195327758789
-47.71622848510742
-47.7469482421875
-47.61484146118164
-47.606075286865234
-47.601593017578125
-47.62581253051758
-47.70161056518555
-47.700721740722656
-47.57804870605469
-47.631980895996094
-47.69095230102539
-47.726871490478516
-47.6849365234375
-47.643184661865234
-47.69434356689453
-47.746315002441406
-47.66864013671875
-47.77031707763672
-47.73745346069336
-47.78976058959961
-47.750701904296875
-47.81698989868164
-47.67451858520508
-47.81157684326172
-47.863121032714844
-47.73170471191406
-47.713253021240234
-47.70977020263672
-47.57133483886719
-47.75621032714844
-47.809749603271484
-47.756011962890625
-47.78687286376953
-47.74199295043945
-47.748477935791016
-47.77006912231445
-47.84055709838867
-47.75834274291992
-47.78028106689453
-47.826847076416016
-47.86583709716797
-47.79778289794922
-47.63156509399414
-47.865440368652344
-47.85143280029297
-47.91199493408203
-47.8355827331543
-47.80304718017578
-47.877410888671875
-47.88031005859375
-47.81538772583008
-47.75861358642578
-47.78499221801758
-47.7993049621582
-47.854042053222656
-47.85023498535156
-47.82154083251953
-47.95939636230469
-47.852783203125
-47.95936584472656
-47.92305374145508
-47.816741943359375
-47.75933837890625
-47.903587341308594
-47.95143127441406
-47.90827560424805
-47.990692138671875
-47.86709213256836
-47.974693298339844
-47.988037109375
-47.92668914794922
-47.96845626831055
-47.87882995605469
-47.93394470214844
-47.965919494628906
-47.95210647583008
-47.997901916503906
-48.03379440307617
-48.00764465332031
-47.957801818847656
-47.906368255615234
-47.92623519897461
-47.94598388671875
-47.902347564697266
-47.94088363647461
-48.02388000488281
-48.01511001586914
-48.03050994873047
-47.984619140625
-47.92532730102539
-47.99513244628906
-47.88127899169922
-47.954002380371094
-47.954383850097656
-47.938804626464844
-48.04478073120117
-47.967185974121094
-48.028324127197266
-47.9554443359375
-47.985355377197266
-47.98551940917969
-48.06895065307617
-47.95311737060547
-47.982421875
-48.00674057006836
-48.00364303588867
-47.84601593017578
-47.996673583984375
-48.06549072265625
-48.045867919921875
-47.742759704589844
-48.079498291015625
-48.093135833740234
-48.00345993041992
-48.03199005126953
-48.03289794921875
-48.07718276977539
-48.076751708984375
-48.04735565185547
-48.15229797363281
-48.01247787475586
-48.051605224609375
-48.09163284301758
-48.01234436035156
-48.13990783691406
-48.20319366455078
-48.10930633544922
-48.00566101074219
-48.090065002441406
-48.031341552734375
-48.08264923095703
-48.113525390625
-48.052085876464844
-48.097312927246094
-47.96078109741211
-47.92081832885742
-47.91956329345703
-48.07694625854492
-47.974769592285156
-48.12196731567383
-48.17218780517578
-48.072574615478516
-48.01891326904297
-48.05592346191406
-48.03716278076172
-48.18085479736328
-48.14643096923828
-48.18169403076172
-48.24183654785156
-48.19680404663086
-48.18190002441406
-48.24240493774414
-48.34965515136719
-48.14789581298828
-48.20306396484375
-48.19384002685547
-48.245304107666016
-48.26264953613281
-48.17824935913086
-48.20410919189453
-48.2631721496582
-48.23828125
-48.18330764770508
-48.09980773925781
-48.176631927490234
-48.24543762207031
-48.24348068237305
-48.20017623901367
-48.1757926940918
-48.322608947753906
-48.257259368896484
-48.16380310058594
-48.16340637207031
-48.21968078613281
-48.22074508666992
-48.312191009521484
-48.34431076049805
-48.302345275878906
-48.28162384033203
-48.26256561279297
-48.28098678588867
-48.23895263671875
-48.29633331298828
-48.2861328125
-48.343910217285156
-48.31779861450195
-48.3131103515625
-48.33486557006836
-48.22673797607422
-48.20474624633789
-48.31100845336914
-48.32237243652344
-48.272830963134766
-48.28904342651367
-48.27452850341797
-48.319908142089844
-48.314666748046875
-48.29543685913086
-48.31114959716797
-48.20606994628906
-48.27317810058594
-48.386756896972656
-48.28080368041992
-48.27522659301758
-48.361473083496094
-48.38141632080078
-48.352142333984375
-48.335235595703125
-48.339111328125
-48.31269836425781
-48.33435821533203
-48.36256408691406
-48.41874694824219
-48.33766174316406
-48.25762176513672
-48.363914489746094
-48.398475646972656
-48.37382507324219
-48.34058380126953
-48.353004455566406
-48.335418701171875
-48.36100387573242
-48.4343147277832
-48.4315299987793
-48.346412658691406
-48.347801208496094
-48.41438293457031
-48.42829513549805
-48.44036865234375
-48.33946990966797
-48.35674285888672
-48.44648742675781
-48.335201263427734
-48.39013671875
-48.41779708862305
-48.40703201293945
-48.30624771118164
-48.43082809448242
-48.40211486816406
-48.453285217285156
-48.41230773925781
-48.442283630371094
-48.508018493652344
-48.44823455810547
-48.41800308227539
-48.390472412109375
-48.47315979003906
-48.3779296875
-48.4796257019043
-48.43220901489258
-48.44022750854492
-48.55805969238281
-48.44478988647461
-48.47841262817383
-48.44870376586914
-48.4175910949707
-48.506431579589844
-48.45297622680664
-48.47905349731445
-48.421783447265625
-48.42914581298828
-48.47300338745117
-48.465599060058594
-48.500953674316406
-48.425514221191406
-48.484642028808594
-48.442657470703125
-48.433555603027344
-48.49947738647461
-48.467750549316406
-48.47975158691406
-48.465538024902344
-48.45783996582031
-48.49485397338867
-48.49456024169922
-48.56055450439453
-48.558589935302734
-48.54683303833008
-48.528446197509766
-48.532352447509766
-48.531349182128906
-48.48747253417969
-48.54454040527344
-48.50954818725586
-48.416786193847656
-48.46090316772461
-48.46638488769531
-48.52474594116211
-48.522335052490234
-48.58362579345703
-48.608680725097656
-48.503021240234375
-48.50944900512695
-48.49014663696289
-48.45899200439453
-48.541927337646484
-48.302101135253906
-48.58708190917969
-48.54053497314453
-48.552249908447266
-48.549560546875
-48.5626106262207
-48.365055084228516
-48.53490447998047
-48.54481506347656
-48.58528137207031
-48.5312385559082
-48.503196716308594
-48.51408004760742
-48.53831100463867
-48.48154067993164
-48.66680145263672
-48.61840057373047
-48.48533248901367
-48.5244140625
-48.51747131347656
-48.62938690185547
-48.62871551513672
-48.52923583984375
-48.47858810424805
-48.494781494140625
-48.609535217285156
-48.58872985839844
-48.55227279663086
-48.49977111816406
-48.3691291809082
-48.39755630493164
-48.56925582885742
-48.54225540161133
-48.58369064331055
-48.59282302856445
-48.55260467529297
-48.559303283691406
-48.62910461425781
-48.61320495605469
-48.56269836425781
-48.5701789855957
-48.5555419921875
-48.61360549926758
-48.56464385986328
-48.59817886352539
-48.69272232055664
-48.63737869262695
-48.57801818847656
-48.57512664794922
-48.55670166015625
-48.64505386352539
-48.55420684814453
-48.57970428466797
-48.60538864135742
-48.63654327392578
-48.64109802246094
-48.69307327270508
-48.63507080078125
-48.56218719482422
-48.62221908569336
-48.671077728271484
-48.59549331665039
-48.6410026550293
-48.592681884765625
-48.541526794433594
-48.59613037109375
-48.548789978027344
-48.692134857177734
-48.54379653930664
-48.609779357910156
-48.519195556640625
-48.711669921875
-48.665618896484375
-48.5455322265625
-48.58790588378906
-48.67195129394531
-48.664310455322266
-48.71229934692383
-48.660850524902344
-48.67900085449219
-48.669212341308594
-48.6495361328125
-48.613426208496094
-48.650062561035156
-48.71561050415039
-48.67533493041992
-48.59859085083008
-48.61576843261719
-48.72705841064453
-48.69285202026367
-48.610992431640625
-48.67280578613281
-48.71446990966797
-48.69388198852539
-48.7427978515625
-48.691001892089844
-48.74658203125
-48.53961944580078
-48.61479949951172
-48.704444885253906
-48.701087951660156
-48.671112060546875
-48.69123840332031
-48.723514556884766
-48.71348571777344
-48.74372863769531
-48.74797821044922
-48.70315933227539
-48.785587310791016
-48.69122314453125
-48.764591217041016
-48.77117919921875
-48.767093658447266
-48.76972961425781
-48.73838806152344
-48.763057708740234
-48.73809051513672
-48.6967658996582
-48.73579025268555
-48.73699188232422
-48.79560852050781
-48.77598190307617
-48.75813674926758
-48.749481201171875
-48.69532012939453
-48.75019073486328
-48.74794387817383
-48.81037902832031
-48.80434036254883
-48.802791595458984
-48.78873825073242
-48.80232238769531
-48.80671691894531
-48.796199798583984
-48.805931091308594
-48.79931640625
-48.7679328918457
-48.819801330566406
-48.83648681640625
-48.801002502441406
-48.833988189697266
-48.83824157714844
-48.841705322265625
-48.842308044433594
-48.87510299682617
-48.8486442565918
-48.79876708984375
-48.79719543457031
-48.851192474365234
-48.75647735595703
-48.697898864746094
-48.81571578979492
-48.77439880371094
-48.82210922241211
-48.66102600097656
-48.78668975830078
-48.83233642578125
-48.75135803222656
-48.760719299316406
-48.817474365234375
-48.822471618652344
-48.78461456298828
-48.78925323486328
-48.869842529296875
-48.87110900878906
-48.840904235839844
-48.866798400878906
-48.83884811401367
-48.78810501098633
-48.72248458862305
-48.72549819946289
-48.81593704223633
-48.803409576416016
-48.92208480834961
-48.89487838745117
-48.744991302490234
-48.720542907714844
-48.522422790527344
-48.72888946533203
-48.80419158935547
-48.7623405456543
-48.76770782470703
-48.695465087890625
-48.72581100463867
-48.76675033569336
-48.85432052612305
-48.80866241455078
-48.88194274902344
-48.832969665527344
-48.729270935058594
-48.78733825683594
-48.81071472167969
-48.85393524169922
-48.8708610534668
-48.84080505371094
-48.76212692260742
-48.83797836303711
-48.889808654785156
-48.82408142089844
-48.738155364990234
-48.78066635131836
-48.85631561279297
-48.86592483520508
-48.90221405029297
-48.83501434326172
-48.714412689208984
-48.7213020324707
-48.72892761230469
-48.817039489746094
-48.85773849487305
-48.742671966552734
-48.71065139770508
-48.853790283203125
-48.915618896484375
-48.82787322998047
-48.74615478515625
-48.703125
-48.789363861083984
-48.770172119140625
-48.77464294433594
-48.80940246582031
-48.81477355957031
-48.876949310302734
-48.879695892333984
-48.76493453979492
-48.863006591796875
-48.88624572753906
-48.894554138183594
-48.80174255371094
-48.81267547607422
-48.850128173828125
-48.87811279296875
-48.812076568603516
-48.828346252441406
-48.93583679199219
-48.98458480834961
-48.82673645019531
-48.84154510498047
-48.87836456298828
-48.94404602050781
-48.904937744140625
-48.852386474609375
-48.885135650634766
-48.96702575683594
-48.983036041259766
-49.037010192871094
-48.9112434387207
-48.94519805908203
-48.922367095947266
-48.93648910522461
-48.90879821777344
-48.982757568359375
-48.93053436279297
-48.78125762939453
-48.8733024597168
-48.91986846923828
-48.92361068725586
-48.891136169433594
-48.995548248291016
-48.97370147705078
-48.8787727355957
-48.93352508544922
-48.93241500854492
-49.03358840942383
-48.98118591308594
-48.79618835449219
-48.792274475097656
-48.93000030517578
-48.934417724609375
-48.90623092651367
-48.8829345703125
-48.9731559753418
-48.990943908691406
-48.91579055786133
-48.93228530883789
-48.885826110839844
-48.986698150634766
-48.958526611328125
-48.97677230834961
-48.980018615722656
-48.96895217895508
-48.97856140136719
-48.97069549560547
-48.98209762573242
-49.040225982666016
-49.00305938720703
-48.987178802490234
-48.999053955078125
-49.047977447509766
-49.026607513427734
-49.03642272949219
-49.0140380859375
-49.01750183105469
-49.0147705078125
-48.93659210205078
-49.030479431152344
-48.961021423339844
-48.9299201965332
-49.02937316894531
-49.047340393066406
-48.997947692871094
-49.00532531738281
-48.93751907348633
-48.83100128173828
-48.898136138916016
-48.995018005371094
-48.9759635925293
-49.01576232910156
-48.956573486328125
-48.92869567871094
-48.96270751953125
-48.91047668457031
-48.88959503173828
-49.004302978515625
-48.92502975463867
-48.87810134887695
-48.94316482543945
-49.000762939453125
-48.97323989868164
-48.842620849609375
-48.92900085449219
-49.04497146606445
-49.011474609375
-48.92814636230469
-48.93531036376953
-48.863487243652344
-48.80904006958008
-48.78661346435547
-48.91730499267578
-48.913246154785156
-48.79167938232422
-48.83272933959961
-48.97819519042969
-49.03594207763672
-48.7634391784668
-48.76341247558594
-49.01349639892578
-49.039955139160156
-48.94621276855469
-48.92815399169922
-49.02115249633789
-49.04399871826172
-49.07839584350586
-48.783843994140625
-48.988861083984375
-48.980770111083984
-49.104515075683594
-48.985137939453125
-48.970787048339844
-48.980751037597656
-48.966339111328125
-48.94371032714844
-48.91436004638672
-49.0479850769043
-49.025169372558594
-48.95534133911133
-48.85469055175781
-48.95225524902344
-49.078041076660156
-48.9710807800293
-49.048561096191406
-48.953372955322266
-49.014251708984375
-49.04572296142578
-49.043182373046875
-49.07262420654297
-49.018882751464844
-49.05878448486328
-49.01914596557617
-49.09425354003906
-49.10609817504883
-49.08427810668945
-49.039817810058594
-49.04106903076172
-49.064395904541016
-49.1176872253418
-49.00626754760742
-48.90769958496094
-49.06983947753906
-49.068973541259766
-49.07304382324219
-49.02652359008789
-48.925045013427734
-49.047061920166016
-49.057037353515625
-49.077171325683594
-49.068214416503906
-48.917823791503906
-49.08846664428711
-49.07705307006836
-49.099544525146484
-49.0419921875
-49.01264953613281
-49.100040435791016
-49.014198303222656
-49.01731872558594
-49.11315155029297
-49.10451889038086
-49.116146087646484
-49.09596252441406
-49.01504898071289
-49.038856506347656
-49.03136444091797
-49.101829528808594
-49.00475311279297
-49.043949127197266
-49.04396438598633
-49.05241775512695
-49.06340789794922
-49.10276412963867
-49.137840270996094
-49.05509567260742
-49.11387252807617
-49.10493850708008
-49.01692581176758
-49.10744094848633
-49.06573486328125
-49.1334228515625
-49.10277557373047
-49.05485916137695
-49.1165771484375
-49.045562744140625
-49.096405029296875
-49.11137008666992
-49.05790710449219
-49.07596969604492
-49.091026306152344
-49.053863525390625
-49.10523986816406
-49.161468505859375
-49.19291687011719
-49.07002258300781
-48.997474670410156
-48.98304748535156
-49.036075592041016
-49.070518493652344
-49.12910079956055
-49.04086685180664
-48.89744567871094
-48.97998046875
-49.13807678222656
-49.06099319458008
-49.00660705566406
-48.99693298339844
-49.04249572753906
-49.14815139770508
-48.968318939208984
-49.032257080078125
-49.130985260009766
-48.952884674072266
-49.068077087402344
-49.06157684326172
-49.11769485473633
-49.20048522949219
-49.07034683227539
-49.07948684692383
-49.14827346801758
-49.1549186706543
-49.10045623779297
-49.1903190612793
-49.18310546875
-49.208805084228516
-49.234107971191406
-49.06711959838867
-49.07056427001953
-49.180419921875
-49.083133697509766
-49.088504791259766
-49.07711410522461
-49.12026596069336
-49.193946838378906
-49.06072235107422
-48.95417404174805
-49.159156799316406
-49.141693115234375
-49.102325439453125
-49.14698791503906
-49.12959289550781
-49.12428283691406
-49.12770080566406
-49.14336395263672
-49.10801696777344
-49.128482818603516
-49.08001708984375
-49.1323356628418
-49.237770080566406
-49.1601676940918
-49.18684005737305
-49.217193603515625
-49.24070739746094
-49.1707878112793
-49.170127868652344
-49.197418212890625
-49.14781188964844
-49.126617431640625
-49.13080978393555
-49.15404510498047
-49.180973052978516
-49.15504455566406
-49.183311462402344
-49.177696228027344
-49.19657897949219
-49.12071228027344
-49.14030075073242
-49.096073150634766
-49.18391418457031
-49.180747985839844
-49.26111602783203
-49.21315002441406
-49.05256271362305
-49.02996063232422
-49.077980041503906
-49.19380569458008
-49.113983154296875
-49.12199783325195
-48.99083709716797
-48.991729736328125
-49.02116394042969
-49.14249801635742
-49.07581329345703
-49.00682830810547
-49.10237503051758
-49.115699768066406
-49.15837860107422
-49.131404876708984
-49.13176727294922
-49.18678283691406
-49.171905517578125
-49.123504638671875
-49.15848922729492
-49.17637634277344
-49.24176025390625
-49.23565673828125
-49.2214241027832
-49.213863372802734
-49.165184020996094
-49.20250701904297
-49.19696807861328
-49.16295623779297
-49.20859146118164
-49.217041015625
-49.19922637939453
-49.16272735595703
-49.13114929199219
-49.1761474609375
-49.232791900634766
-49.226478576660156
-49.16619873046875
-49.16633605957031
-49.239654541015625
-49.25323486328125
-49.18578338623047
-49.22999572753906
-49.30121612548828
-49.28706359863281
-49.23580551147461
-49.20496368408203
-49.229732513427734
-49.22696304321289
-49.22618865966797
-49.21780776977539
-49.24592971801758
-49.22035598754883
-49.18311309814453
-49.20318603515625
-49.262760162353516
-49.17831039428711
-49.23078918457031
-49.2912712097168
-49.24451446533203
-49.20341491699219
-49.21464538574219
-49.27269744873047
-49.25940704345703
-49.024078369140625
-49.15021514892578
-49.20283508300781
-49.20622634887695
-49.30499267578125
-49.257568359375
-49.161651611328125
-49.23326873779297
-49.258914947509766
-49.23040771484375
-49.14846420288086
-49.20882797241211
-49.249576568603516
-49.289241790771484
-49.265777587890625
-49.20225524902344
-49.253150939941406
-49.27836608886719
-49.22538757324219
-49.24835968017578
-49.26326370239258
-49.25541305541992
-49.280128479003906
-49.24090576171875
-49.208892822265625
-49.232749938964844
-49.25794982910156
-49.296443939208984
-49.28485870361328
-49.268028259277344
-49.27394104003906
-49.30229187011719
-49.284732818603516
-49.25889587402344
-49.230438232421875
-49.2691650390625
-49.264801025390625
-49.276145935058594
-49.29227828979492
-49.332855224609375
-49.32749557495117
-49.30716323852539
-49.089019775390625
-49.15866470336914
-49.16759490966797
-49.246498107910156
-49.25223922729492
-49.26995849609375
-49.17455291748047
-49.167667388916016
-49.288143157958984
-49.23382568359375
-49.255306243896484
-49.338844299316406
-49.28728103637695
-49.27703857421875
-49.22133255004883
-49.293270111083984
-49.339866638183594
-49.34236526489258
-49.299720764160156
-49.26447677612305
-49.346458435058594
-49.32004928588867
-49.309600830078125
-49.384178161621094
-49.3276252746582
-49.3369140625
-49.31035614013672
-49.3228759765625
-49.33964538574219
-49.25468826293945
-49.332061767578125
-49.21854782104492
-49.27928924560547
-49.25539779663086
-49.16010284423828
-49.178131103515625
-49.244319915771484
-49.3349723815918
-49.26122283935547
-49.04700469970703
-49.19507598876953
-49.272769927978516
-49.272911071777344
-49.305912017822266
-49.274776458740234
-49.325645446777344
-49.2413444519043
-49.33519744873047
-49.3143310546875
-49.300140380859375
-49.35419464111328
-49.32114028930664
-49.2326774597168
-49.323036193847656
-49.28916931152344
-49.30544662475586
-49.27582931518555
-49.329620361328125
-49.25950241088867
-49.25120162963867
-49.257911682128906
-49.31792068481445
-49.276824951171875
-49.31018829345703
-49.27169418334961
-49.214759826660156
-49.24098205566406
-49.24246597290039
-49.309295654296875
-49.323848724365234
-49.29950714111328
-49.38032150268555
-49.37257385253906
-49.29812240600586
-49.3327751159668
-49.25146484375
-49.19898223876953
-49.209991455078125
-49.190582275390625
-49.39079284667969
-49.28919982910156
-49.285865783691406
-49.283329010009766
-49.24527359008789
-49.14714050292969
-49.27342224121094
-49.31344985961914
-49.23877716064453
-49.20663070678711
-49.187156677246094
-49.295127868652344
-49.383934020996094
-49.34706497192383
-49.06673812866211
-49.27723693847656
-49.21763610839844
-49.204833984375
-49.16522216796875
-49.29447937011719
-49.28520965576172
-49.191925048828125
-49.17692565917969
-49.28065872192383
-49.3504638671875
-49.318634033203125
-49.33331298828125
-49.29314422607422
-49.3914794921875
-49.37150955200195
-49.39854049682617
-49.32546615600586
-49.36196517944336
-49.348121643066406
-49.37025451660156
-49.29270553588867
-49.326019287109375
-49.353248596191406
-49.37607192993164
-49.35725784301758
-49.377166748046875
-49.405250549316406
-49.35979080200195
-49.353782653808594
-49.31297302246094
-49.35057830810547
-49.36961364746094
-49.39201354980469
-49.379825592041016
-49.4222412109375
-49.39112854003906
-49.363853454589844
-49.35562515258789
-49.366424560546875
-49.33855056762695
-49.316707611083984
-49.360939025878906
-49.38487243652344
-49.27269744873047
-49.13347625732422
-49.2069091796875
-49.294960021972656
-49.370452880859375
-49.349430084228516
-49.412513732910156
-49.36825180053711
-49.325687408447266
-49.38944625854492
-49.381752014160156
-49.328773498535156
-49.355873107910156
-49.32769775390625
-49.363677978515625
-49.34693145751953
-49.36188888549805
-49.42408752441406
-49.4379997253418
-49.3159065246582
-49.271881103515625
-49.33693313598633
-49.35805130004883
-49.376808166503906
-49.40376281738281
-49.43657684326172
-49.347625732421875
-49.090389251708984
-49.18576431274414
-49.40558624267578
-49.39539337158203
-49.248985290527344
-49.14249038696289
-49.2686882019043
-49.39073181152344
-49.390052795410156
-49.336395263671875
-49.265586853027344
-49.281150817871094
-49.37378692626953
-49.377071380615234
-49.37413787841797
-49.32499694824219
-49.408836364746094
-49.3713493347168
-49.38026428222656
-49.40741729736328
-49.42400360107422
-49.42329788208008
-49.37169647216797
-49.408939361572266
-49.404170989990234
-49.41157913208008
-49.263065338134766
-49.32906723022461
-49.40110397338867
-49.35673904418945
-49.327537536621094
-49.346763610839844
-49.2866096496582
-49.33686828613281
-49.417640686035156
-49.39468002319336
-49.408958435058594
-49.43135452270508
-49.35944747924805
-49.40398025512695
-49.38775634765625
-49.3386344909668
-49.36936950683594
-49.405757904052734
-49.38237762451172
-49.36909866333008
-49.40355682373047
-49.383907318115234
-49.42604064941406
-49.36009216308594
-49.29471969604492
-49.24679946899414
-49.21805191040039
-49.384273529052734
-49.442779541015625
-49.30858612060547
-49.19264221191406
-49.30437469482422
-49.339839935302734
-49.41069412231445
-49.372154235839844
-49.31781005859375
-49.36634063720703
-49.33293151855469
-49.25989532470703
-49.310150146484375
-49.24736404418945
-49.31232452392578
-49.27736282348633
-49.33232879638672
-49.37821960449219
-49.25708770751953
-49.19452667236328
-49.45679473876953
-49.38788604736328
-49.34201431274414
-49.40640640258789
-49.42306900024414
-49.340328216552734
-49.40107345581055
-49.42400360107422
-49.46452713012695
-49.409603118896484
-49.362510681152344
-49.457275390625
-49.3647346496582
-49.36469268798828
-49.440799713134766
-49.396514892578125
-49.31050491333008
-49.44472885131836
-49.36188507080078
-49.449432373046875
-49.4852294921875
-49.39881896972656
-49.294151306152344
-49.336238861083984
-49.390953063964844
-49.35895919799805
-49.38886260986328
-49.45366287231445
-49.384368896484375
-49.357093811035156
-49.35487365722656
-49.467041015625
-49.508602142333984
-49.40741729736328
-49.417503356933594
-49.50066375732422
-49.483970642089844
-49.451934814453125
-49.46512985229492
-49.41725540161133
-49.41020965576172
-49.431922912597656
-49.50381851196289
-49.51701736450195
-49.42986297607422
-49.50263977050781
-49.400726318359375
-49.387332916259766
-49.394813537597656
-49.497257232666016
-49.50031280517578
-49.46345901489258
-49.355194091796875
-49.36454772949219
-49.364044189453125
-49.47410202026367
-49.48075485229492
-49.46802520751953
-49.395355224609375
-49.366512298583984
-49.518699645996094
-49.41108703613281
-49.43800735473633
-49.336341857910156
-49.365299224853516
-49.4688720703125
-49.46763610839844
-49.425445556640625
-49.39109802246094
-49.310455322265625
-49.392852783203125
-49.4456787109375
-49.490516662597656
-49.51245880126953
-49.281394958496094
-49.37782669067383
-49.366424560546875
-49.51973342895508
-49.46349334716797
-49.480865478515625
-49.50023651123047
-49.5439567565918
-49.46944808959961
-49.4638671875
-49.52671813964844
-49.475650787353516
-49.44889450073242
-49.46917724609375
-49.46403121948242
-49.47039794921875
-49.496070861816406
-49.518795013427734
-49.52398681640625
-49.54164123535156
-49.492401123046875
-49.492610931396484
-49.4234504699707
-49.40306091308594
-49.375823974609375
-49.4334716796875
-49.50905227661133
-49.444236755371094
-49.45845031738281
-49.38008499145508
-49.322208404541016
-49.399566650390625
-49.45946502685547
-49.547279357910156
-49.45000457763672
-49.47161102294922
-49.4521369934082
-49.41459655761719
-49.424659729003906
-49.48462677001953
-49.48456573486328
-49.41883087158203
-49.450523376464844
-49.526737213134766
-49.46272659301758
-49.42151641845703
-49.432369232177734
-49.46583557128906
-49.48457717895508
-49.502811431884766
-49.42607116699219
-49.465335845947266
-49.27131652832031
-49.43529510498047
-49.54338073730469
-49.45188522338867
-49.36743927001953
-49.515472412109375
-49.42155456542969
-49.481056213378906
-49.4854736328125
-49.46140670776367
-49.467628479003906
-49.55999755859375
-49.51683807373047
-49.44493103027344
-49.52681350708008
-49.471683502197266
-49.506004333496094
-49.549015045166016
-49.570247650146484
-49.55265426635742
-49.511619567871094
-49.562721252441406
-49.560035705566406
-49.57671356201172
-49.56747817993164
-49.509681701660156
-49.553043365478516
-49.50135803222656
-49.50150680541992
-49.558494567871094
-49.526981353759766
-49.503231048583984
-49.44795608520508
-49.41899871826172
-49.46132278442383
-49.545108795166016
-49.48701477050781
-49.51025390625
-49.54765701293945
-49.483970642089844
-49.459861755371094
-49.51463317871094
-49.50563049316406
-49.50862121582031
-49.41407775878906
-49.472049713134766
-49.49024963378906
-49.588050842285156
-49.48279571533203
-49.5411376953125
-49.51156997680664
-49.49684143066406
-49.50640106201172
-49.47797393798828
-49.55773162841797
-49.553619384765625
-49.276702880859375
-49.35390090942383
-49.54963684082031
-49.44576644897461
-49.30220413208008
-49.485511779785156
-49.531280517578125
-49.462005615234375
-49.37871551513672
-49.41337203979492
-49.4967041015625
-49.55373764038086
-49.51583480834961
-49.44670104980469
-49.559444427490234
-49.54901123046875
-49.26850509643555
-49.501888275146484
-49.47667694091797
-49.557579040527344
-49.46147918701172
-49.423545837402344
-49.40739440917969
-49.47867202758789
-49.53938674926758
-49.55207061767578
-49.315799713134766
-49.439815521240234
-49.48154067993164
-49.475486755371094
-49.57419204711914
-49.4371337890625
-49.42376708984375
-49.52652359008789
-49.55784225463867
-49.48505401611328
-49.50965118408203
-49.52006912231445
-49.469078063964844
-49.56690216064453
-49.59315490722656
-49.49256896972656
-49.447853088378906
-49.434974670410156
-49.49031448364258
-49.57424545288086
-49.40150451660156
-49.51793670654297
-49.530094146728516
-49.46949768066406
-49.440608978271484
-49.47847366333008
-49.530364990234375
-49.54311752319336
-49.518375396728516
-49.476158142089844
-49.5186767578125
-49.523887634277344
-49.54764175415039
-49.43470764160156
-49.503658294677734
-49.54853057861328
-49.562965393066406
-49.58880615234375
-49.54644775390625
-49.5825309753418
-49.56486129760742
-49.569976806640625
-49.55368423461914
-49.528846740722656
-49.57940673828125
-49.55057907104492
-49.55337142944336
-49.51202392578125
-49.51764678955078
-49.521095275878906
-49.59756088256836
-49.506446838378906
-49.63516616821289
-49.54434585571289
-49.54515838623047
-49.49690628051758
-49.48787307739258
-49.496734619140625
-49.58076095581055
-49.484657287597656
-49.54995346069336
-49.56781005859375
-49.55522918701172
-49.54458999633789
-49.51762771606445
-49.500030517578125
-49.5665168762207
-49.55726623535156
-49.51139831542969
-49.56330108642578
-49.612037658691406
-49.554012298583984
-49.567718505859375
-49.538475036621094
-49.53156280517578
-49.59303283691406
-49.59736251831055
-49.5400505065918
-49.54541015625
-49.51435470581055
-49.60688018798828
-49.54723358154297
-49.5208625793457
-49.5858039855957
-49.623199462890625
-49.59400939941406
-49.56007385253906
-49.536563873291016
-49.57720184326172
-49.624813079833984
-49.60014343261719
-49.5847282409668
-49.53447723388672
-49.61899948120117
-49.56022644042969
-49.62220764160156
-49.57834243774414
-49.61908721923828
-49.650203704833984
-49.535316467285156
-49.6092414855957
-49.636077880859375
-49.54313659667969
-49.51923370361328
-49.574745178222656
-49.547142028808594
-49.581443786621094
-49.62425231933594
-49.59197235107422
-49.626068115234375
-49.5882453918457
-49.55023956298828
-49.614559173583984
-49.557823181152344
-49.59984588623047
-49.56950759887695
-49.59871292114258
-49.55955123901367
-49.584083557128906
-49.5684814453125
-49.55427932739258
-49.57957458496094
-49.63264083862305
-49.626251220703125
-49.63870620727539
-49.654571533203125
-49.57643508911133
-49.60381317138672
-49.66874313354492
-49.612144470214844
-49.66039276123047
-49.618797302246094
-49.63020324707031
-49.64373016357422
-49.633277893066406
-49.56592559814453
-49.64759063720703
-49.61345291137695
-49.63288116455078
-49.66624450683594
-49.649871826171875
-49.639225006103516
-49.64580154418945
-49.65338897705078
-49.570152282714844
-49.504154205322266
-49.59975814819336
-49.53581237792969
-49.58063507080078
-49.606895446777344
-49.6094970703125
-49.66283416748047
-49.665870666503906
-49.56980895996094
-49.63852310180664
-49.643985748291016
-49.549842834472656
-49.57798767089844
-49.51143264770508
-49.60121536254883
-49.61875915527344
-49.652748107910156
-49.671443939208984
-49.63444519042969
-49.61650848388672
-49.670265197753906
-49.6278190612793
-49.590084075927734
-49.64160919189453
-49.60096740722656
-49.548118591308594
-49.58250427246094
-49.50911331176758
-49.5787353515625
-49.639244079589844
-49.65009689331055
-49.64298629760742
-49.594451904296875
-49.55879592895508
-49.527259826660156
-49.58351135253906
-49.63368225097656
-49.642574310302734
-49.65005874633789
-49.534141540527344
-49.612491607666016
-49.67506408691406
-49.62099075317383
-49.630043029785156
-49.68633270263672
-49.67563247680664
-49.62386703491211
-49.700172424316406
-49.643341064453125
-49.55073928833008
-49.51850891113281
-49.617828369140625
-49.71521759033203
-49.584590911865234
-49.48845291137695
-49.521663665771484
-49.5673828125
-49.63407897949219
-49.58769989013672
-49.64324951171875
-49.682315826416016
-49.56396484375
-49.548484802246094
-49.599365234375
-49.61695098876953
-49.565093994140625
-49.622249603271484
-49.6183967590332
-49.61378860473633
-49.60884094238281
-49.64268493652344
-49.6657600402832
-49.65148162841797
-49.659610748291016
-49.60547637939453
-49.67430114746094
-49.622474670410156
-49.60921096801758
-49.612335205078125
-49.59648513793945
-49.6120719909668
-49.610328674316406
-49.63095474243164
-49.59166717529297
-49.54871368408203
-49.548561096191406
-49.593910217285156
-49.622528076171875
-49.600685119628906
-49.65647506713867
-49.61594009399414
-49.48014450073242
-49.548683166503906
-49.572906494140625
-49.567745208740234
-49.52158737182617
-49.522796630859375
-49.56399154663086
-49.59067153930664
-49.47463607788086
-49.506263732910156
-49.47457504272461
-49.5937614440918
-49.58942794799805
-49.619537353515625
-49.57558059692383
-49.63492202758789
-49.65304183959961
-49.50658416748047
-49.53883743286133
-49.510738372802734
-49.53239440917969
-49.660728454589844
-49.66001892089844
-49.6292610168457
-49.478004455566406
-49.58515548706055
-49.60552215576172
-49.589019775390625
-49.511653900146484
-49.39915466308594
-49.64249038696289
-49.698726654052734
-49.54703140258789
-49.63188552856445
-49.58522415161133
-49.65320587158203
-49.6385498046875
-49.598106384277344
-49.698341369628906
-49.699928283691406
-49.628822326660156
-49.72240447998047
-49.690635681152344
-49.59734344482422
-49.62022018432617
-49.64799499511719
-49.68962097167969
-49.62533187866211
-49.74568557739258
-49.69478225708008
-49.654396057128906
-49.65253448486328
-49.63294219970703
-49.569091796875
-49.690792083740234
-49.69791793823242
-49.69154357910156
-49.67487335205078
-49.65880584716797
-49.583152770996094
-49.64143371582031
-49.65406036376953
-49.68296432495117
-49.598690032958984
-49.58481979370117
-49.67420196533203
-49.74040603637695
-49.64272689819336
-49.708656311035156
-49.66005325317383
-49.55450439453125
-49.64418411254883
-49.653480529785156
-49.71748352050781
-49.71702575683594
-49.758270263671875
-49.599037170410156
-49.63286590576172
-49.62665939331055
-49.68429183959961
-49.65278244018555
-49.55701446533203
-49.54758834838867
-49.68278884887695
-49.65406036376953
-49.72090530395508
-49.71363830566406
-49.70092010498047
-49.56926727294922
-49.64903259277344
-49.66175079345703
-49.71289825439453
-49.643516540527344
-49.67424392700195
-49.702171325683594
-49.66642761230469
-49.65465545654297
-49.60200500488281
-49.608177185058594
-49.692848205566406
-49.66217041015625
-49.66680145263672
-49.697364807128906
-49.71373748779297
-49.67579650878906
-49.717315673828125
-49.73725509643555
-49.736026763916016
-49.69765853881836
-49.71816635131836
-49.684234619140625
-49.72197723388672
-49.68967056274414
-49.65932083129883
-49.70957946777344
-49.68608093261719
-49.71025085449219
-49.70220947265625
-49.68205261230469
-49.696746826171875
-49.69465255737305
-49.71024703979492
-49.65734100341797
-49.596778869628906
-49.649497985839844
-49.67610549926758
-49.739479064941406
-49.76829528808594
-49.723304748535156
-49.696128845214844
-49.64307403564453
-49.65977096557617
-49.588783264160156
-49.684722900390625
-49.73868179321289
-49.72222900390625
-49.74559783935547
-49.740814208984375
-49.76294708251953
-49.68209457397461
-49.62274932861328
-49.63517379760742
-49.57683181762695
-49.61481857299805
-49.708953857421875
-49.72927474975586
-49.721290588378906
-49.627113342285156
-49.589603424072266
-49.565643310546875
-49.650787353515625
-49.70967483520508
-49.7286491394043
-49.74041748046875
-49.71329879760742
-49.73283767700195
-49.713138580322266
-49.668701171875
-49.737709045410156
-49.71837615966797
-49.74375915527344
-49.66020202636719
-49.66645812988281
-49.70470428466797
-49.72621154785156
-49.68472671508789
-49.67799377441406
-49.65599822998047
-49.608943939208984
-49.63542175292969
-49.68069076538086
-49.747596740722656
-49.696842193603516
-49.66292190551758
-49.658931732177734
-49.689170837402344
-49.71989440917969
-49.74885940551758
-49.72511672973633
-49.75250244140625
-49.64939880371094
-49.634483337402344
-49.691253662109375
-49.68574523925781
-49.71282958984375
-49.62907028198242
-49.682579040527344
-49.68545913696289
-49.574790954589844
-49.68718338012695
-49.743621826171875
-49.78630447387695
-49.7061882019043
-49.603065490722656
-49.58563995361328
-49.499168395996094
-49.75276184082031
-49.557254791259766
-49.45160675048828
-49.64858627319336
-49.533138275146484
-49.66401672363281
-49.62925720214844
-49.59556579589844
-49.700897216796875
-49.69282913208008
-49.59138107299805
-49.568702697753906
-49.514827728271484
-49.691322326660156
-49.736732482910156
-49.624935150146484
-49.483768463134766
-49.63273239135742
-49.62335968017578
-49.706172943115234
-49.535888671875
-49.397239685058594
-49.6821403503418
-49.60776138305664
-49.36683654785156
-49.655799865722656
-49.735164642333984
-49.562660217285156
-49.50605010986328
-49.69481658935547
-49.7035026550293
-49.6254768371582
-49.46782684326172
-49.57301712036133
-49.7457275390625
-49.710208892822266
-49.626014709472656
-49.524131774902344
-49.70313262939453
-49.76172637939453
-49.70755386352539
-49.666534423828125
-49.651275634765625
-49.65277862548828
-49.670753479003906
-49.663753509521484
-49.66054153442383
-49.60985565185547
-49.69831848144531
-49.72800064086914
-49.62782287597656
-49.76194381713867
-49.628143310546875
-49.65056610107422
-49.734519958496094
-49.729469299316406
-49.80659866333008
-49.78831481933594
-49.7634391784668
-49.69281768798828
-49.72191619873047
-49.70615005493164
-49.58918762207031
-49.715972900390625
-49.77154541015625
-49.79115676879883
-49.632102966308594
-49.567996978759766
-49.58234786987305
-49.68484878540039
-49.68619918823242
-49.71592712402344
-49.756439208984375
-49.720054626464844
-49.718292236328125
-49.71819305419922
-49.74005889892578
-49.67469787597656
-49.73218536376953
-49.76148986816406
-49.76087188720703
-49.75999450683594
-49.76963806152344
-49.785797119140625
-49.769866943359375
-49.77726364135742
-49.78099822998047
-49.812049865722656
-49.81083297729492
-49.7857551574707
-49.82726287841797
-49.783042907714844
-49.790061950683594
-49.758365631103516
-49.69209289550781
-49.754432678222656
-49.78565216064453
-49.79863357543945
-49.76217269897461
-49.65243148803711
-49.64705276489258
-49.7257080078125
-49.745765686035156
-49.638954162597656
-49.69205856323242
-49.68657684326172
-49.69644546508789
-49.72154998779297
-49.781795501708984
-49.718441009521484
-49.7040901184082
-49.65755081176758
-49.632450103759766
-49.708614349365234
-49.738121032714844
-49.59404754638672
-49.55040740966797
-49.613834381103516
-49.70852279663086
-49.76116180419922
-49.69878387451172
-49.68439483642578
-49.67154312133789
-49.67266845703125
-49.61112594604492
-49.81721878051758
-49.84213638305664
-49.79422378540039
-49.71246337890625
-49.69160079956055
-49.68650817871094
-49.75202941894531
-49.85007858276367
-49.647865295410156
-49.75571823120117
-49.7213134765625
-49.79825973510742
-49.75828552246094
-49.73766326904297
-49.741371154785156
-49.70296096801758
-49.75367736816406
-49.753334045410156
-49.75172424316406
-49.68008041381836
-49.80031204223633
-49.81414031982422
-49.75571060180664
-49.80483627319336
-49.71247863769531
-49.73855209350586
-49.765472412109375
-49.74612808227539
-49.763877868652344
-49.70182800292969
-49.720436096191406
-49.82151412963867
-49.80382537841797
-49.81340026855469
-49.758121490478516
-49.75757598876953
-49.79713821411133
-49.752315521240234
-49.76137924194336
-49.8513298034668
-49.79648971557617
-49.828514099121094
-49.821468353271484
-49.81801986694336
-49.721378326416016
-49.77992630004883
-49.81160354614258
-49.80892562866211
-49.80547332763672
-49.822288513183594
-49.82709884643555
-49.79798889160156
-49.826812744140625
-49.737335205078125
-49.76713943481445
-49.76142120361328
-49.74696731567383
-49.719520568847656
-49.74435043334961
-49.785804748535156
-49.83060836791992
-49.750667572021484
-49.813072204589844
-49.82316970825195
-49.787601470947266
-49.74909973144531
-49.734375
-49.72627258300781
-49.77293395996094
-49.75870132446289
-49.76264190673828
-49.783363342285156
-49.82913589477539
-49.78955078125
-49.76150894165039
-49.69368362426758
-49.664894104003906
-49.64817810058594
-49.71139907836914
-49.70863342285156
-49.80638122558594
-49.788246154785156
-49.70773696899414
-49.57902526855469
-49.70603942871094
-49.77354431152344
-49.830055236816406
-49.76115036010742
-49.786346435546875
-49.81443405151367
-49.744510650634766
-49.67930221557617
-49.79063415527344
-49.76455307006836
-49.748085021972656
-49.80105209350586
-49.826446533203125
-49.811119079589844
-49.78466033935547
-49.80096435546875
-49.766929626464844
-49.64204788208008
-49.772499084472656
-49.744964599609375
-49.80795669555664
-49.844261169433594
-49.85292053222656
-49.701316833496094
-49.65313720703125
-49.68974304199219
-49.676734924316406
-49.74974060058594
-49.71928787231445
-49.75026321411133
-49.83172607421875
-49.69923400878906
-49.82112503051758
-49.855613708496094
-49.78795623779297
-49.71585464477539
-49.699058532714844
-49.76483917236328
-49.68476867675781
-49.79823684692383
-49.81654739379883
-49.85690689086914
-49.84117126464844
-49.8375129699707
-49.83281707763672
-49.835750579833984
-49.85597610473633
-49.822845458984375
-49.79655838012695
-49.82072830200195
-49.732112884521484
-49.78428649902344
-49.87107467651367
-49.85732650756836
-49.842159271240234
-49.87356185913086
-49.84004592895508
-49.839088439941406
-49.815406799316406
-49.82738494873047
-49.79061508178711
-49.76947021484375
-49.80125427246094
-49.838375091552734
-49.78978729248047
-49.8705940246582
-49.81089782714844
-49.88941955566406
-49.83219909667969
-49.834129333496094
-49.69888687133789
-49.73829650878906
-49.797218322753906
-49.619720458984375
-49.71895217895508
-49.81456756591797
-49.80479431152344
-49.7928352355957
-49.730323791503906
-49.68832778930664
-49.78702926635742
-49.762474060058594
-49.71478271484375
-49.683250427246094
-49.799476623535156
-49.71834945678711
-49.724666595458984
-49.733558654785156
-49.797706604003906
-49.65727615356445
-49.82664489746094
-49.787208557128906
-49.88636016845703
-49.85749816894531
-49.76112365722656
-49.799835205078125
-49.795772552490234
-49.83805847167969
-49.731651306152344
-49.731224060058594
-49.77186584472656
-49.841766357421875
-49.84874725341797
-49.84316635131836
-49.82476806640625
-49.76171112060547
-49.717647552490234
-49.703365325927734
-49.73566436767578
-49.77762222290039
-49.74858474731445
-49.85350036621094
-49.828948974609375
-49.815792083740234
-49.76074981689453
-49.77933120727539
-49.807037353515625
-49.765594482421875
-49.712486267089844
-49.76263427734375
-49.79240036010742
-49.83073425292969
-49.80320358276367
-49.87701416015625
-49.80341720581055
-49.8469123840332
-49.850677490234375
-49.857051849365234
-49.82716369628906
-49.87663650512695
-49.84685134887695
-49.75715255737305
-49.7918586730957
-49.77018737792969
-49.788578033447266
-49.85155487060547
-49.82233428955078
-49.82604217529297
-49.82136917114258
-49.692840576171875
-49.68339920043945
-49.649742126464844
-49.85673522949219
-49.83372497558594
-49.83024978637695
-49.84212112426758
-49.768882751464844
-49.75516891479492
-49.8122444152832
-49.77545928955078
-49.74755859375
-49.83869934082031
-49.788108825683594
-49.85685729980469
-49.83349609375
-49.76808166503906
-49.78276443481445
-49.776123046875
-49.80432891845703
-49.82305908203125
-49.88292694091797
-49.853187561035156
-49.822601318359375
-49.85157012939453
-49.83406066894531
-49.85759353637695
-49.81561279296875
-49.80467224121094
-49.687110900878906
-49.71845245361328
-49.79529571533203
-49.876007080078125
-49.8876838684082
-49.77165222167969
-49.85246658325195
-49.905757904052734
-49.86787414550781
-49.87884521484375
-49.83385467529297
-49.83190155029297
-49.84717559814453
-49.82009506225586
-49.80046081542969
-49.75251007080078
-49.75521469116211
-49.82401657104492
-49.9039192199707
-49.72440719604492
-49.828433990478516
-49.83558654785156
-49.785552978515625
-49.78572082519531
-49.809173583984375
-49.76598358154297
-49.82391357421875
-49.731136322021484
-49.753662109375
-49.866249084472656
-49.85999298095703
-49.87743377685547
-49.84732437133789
-49.72763442993164
-49.64392852783203
-49.74637985229492
-49.77562713623047
-49.860572814941406
-49.87267303466797
-49.82338333129883
-49.851287841796875
-49.88528060913086
-49.8458366394043
-49.81556701660156
-49.77181625366211
-49.80451583862305
-49.88249206542969
-49.88487243652344
-49.731895446777344
-49.83330535888672
-49.84668731689453
-49.866580963134766
-49.83366394042969
-49.87982177734375
-49.83588790893555
-49.864280700683594
-49.828758239746094
-49.89657211303711
-49.879371643066406
-49.890052795410156
-49.80147171020508
-49.7816047668457
-49.79817199707031
-49.802860260009766
-49.819496154785156
-49.91755676269531
-49.88716125488281
-49.91522979736328
-49.814491271972656
-49.79765701293945
-49.793121337890625
-49.85233688354492
-49.87702178955078
-49.87012481689453
-49.84971237182617
-49.81066131591797
-49.61258316040039
-49.767879486083984
-49.90875244140625
-49.7417106628418
-49.6705322265625
-49.6432991027832
-49.802574157714844
-49.76617431640625
-49.63618087768555
-49.606117248535156
-49.71726608276367
-49.787567138671875
-49.77606964111328
-49.81416702270508
-49.660858154296875
-49.61521530151367
-49.8191032409668
-49.876319885253906
-49.77552032470703
-49.78852081298828
-49.77983856201172
-49.75991439819336
-49.861454010009766
-49.86161422729492
-49.73265838623047
-49.963287353515625
-49.904518127441406
-49.89618682861328
-49.894142150878906
-49.87596893310547
-49.77126693725586
-49.81840515136719
-49.788047790527344
-49.85104751586914
-49.889129638671875
-49.881561279296875
-49.85981750488281
-49.91533660888672
-49.910194396972656
-49.88667678833008
-49.87803268432617
-49.90254211425781
-49.85832214355469
-49.84323501586914
-49.74176025390625
-49.756248474121094
-49.97390365600586
-49.800235748291016
-49.796627044677734
-49.7137565612793
-49.80740737915039
-49.85662841796875
-49.82992935180664
-49.7047119140625
-49.65069580078125
-49.87029266357422
-49.80926513671875
-49.83481216430664
-49.85222244262695
-49.81420135498047
-49.86677169799805
-49.939151763916016
-49.81956100463867
-49.854190826416016
-49.85655212402344
-49.8748779296875
-49.8701286315918
-49.933414459228516
-49.90155029296875
-49.850677490234375
-49.811988830566406
-49.75422668457031
-49.83759689331055
-49.90522766113281
-49.93009948730469
-49.8546257019043
-49.92216491699219
-49.957271575927734
-49.83512878417969
-49.83820343017578
-49.81338119506836
-49.79387283325195
-49.82445526123047
-49.85966110229492
-49.93743896484375
-49.92266845703125
-49.748600006103516
-49.77863693237305
-49.94353103637695
-49.945228576660156
-49.906009674072266
-49.89039611816406
-49.83100128173828
-49.81234359741211
-49.9156379699707
-49.870033264160156
-49.91044998168945
-49.92029571533203
-49.85723876953125
-49.77289581298828
-49.77911376953125
-49.845314025878906
-49.9805908203125
-49.96382522583008
-49.93592834472656
-49.87361145019531
-49.84809494018555
-49.81293487548828
-49.81745147705078
-49.923675537109375
-49.87105178833008
-49.93716812133789
-49.92055892944336
-49.945011138916016
-49.92945861816406
-49.89836120605469
-49.878204345703125
-49.80105972290039
-49.82472610473633
-49.87483596801758
-49.909400939941406
-49.87949752807617
-49.832847595214844
-49.853355407714844
-49.93564987182617
-49.92378234863281
-49.92609786987305
-49.851722717285156
-49.913055419921875
-49.93935012817383
-49.889774322509766
-49.86917495727539
-49.939857482910156
-49.89733123779297
-49.932151794433594
-49.8880729675293
-49.85989761352539
-49.88805389404297
-49.908626556396484
-49.9099006652832
-49.838470458984375
-49.90198516845703
-49.9190559387207
-49.8538703918457
-49.881690979003906
-49.845088958740234
-49.91014862060547
-49.928287506103516
-49.87237548828125
-49.92533874511719
-49.947265625
-49.953590393066406
-49.91706466674805
-49.96704864501953
-49.884029388427734
-49.844818115234375
-49.8167724609375
-49.88845443725586
-49.90243148803711
-49.89779281616211
-49.875633239746094
-49.904335021972656
-49.88957214355469
-49.9344482421875
-49.83487319946289
-49.90290069580078
-49.969844818115234
-49.84389114379883
-49.809715270996094
-49.86656951904297
-49.94638442993164
-49.9593391418457
-49.902809143066406
-49.88460159301758
-49.87916564941406
-49.83908462524414
-49.880340576171875
-49.86376953125
-49.864437103271484
-49.818260192871094
-49.852169036865234
-49.81132507324219
-49.90724182128906
-49.925025939941406
-49.87602233886719
-49.862789154052734
-49.89076232910156
-49.82034683227539
-49.82490539550781
-49.89701461791992
-49.94847106933594
-49.854713439941406
-49.86626434326172
-49.911434173583984
-49.96595764160156
-49.94832992553711
-49.932220458984375
-49.86349868774414
-49.890926361083984
-49.81754684448242
-49.79119873046875
-49.89468002319336
-49.9749755859375
-49.97343444824219
-49.957515716552734
-49.93022155761719
-49.88642120361328
-49.861568450927734
-49.87324523925781
-49.955604553222656
-49.98725509643555
-49.91944885253906
-49.99011993408203
-49.96122741699219
-49.97750473022461
-49.92252731323242
-49.83821105957031
-49.794837951660156
-49.900352478027344
-49.90671157836914
-49.93492889404297
-49.836524963378906
-49.82276153564453
-49.93302536010742
-49.94493865966797
-49.89474105834961
-49.79517364501953
-49.8050651550293
-49.955116271972656
-49.93654251098633
-49.77859878540039
-49.825748443603516
-49.85850524902344
-49.907161712646484
-49.91093826293945
-49.873592376708984
-49.834381103515625
-49.778011322021484
-49.889915466308594
-49.79762649536133
-49.962486267089844
-49.95726013183594
-49.93244934082031
-49.87689208984375
-49.87211608886719
-49.92086410522461
-49.89510726928711
-49.93563461303711
-49.97999572753906
-49.92339324951172
-49.940914154052734
-49.884368896484375
-49.942501068115234
-49.94066619873047
-49.943199157714844
-49.965293884277344
-49.971439361572266
-49.98356628417969
-49.956321716308594
-49.966957092285156
-49.967002868652344
-49.966888427734375
-49.9358024597168
-49.92356491088867
-49.92073059082031
-49.929168701171875
-49.929832458496094
-49.93379211425781
-49.91255569458008
-49.98015594482422
-49.96827697753906
-49.94700622558594
-49.994239807128906
-49.92234420776367
-49.90910339355469
-49.9276237487793
-49.989986419677734
-49.95488739013672
-49.90001678466797
-49.93922424316406
-49.95913314819336
-49.931793212890625
-49.98235321044922
-49.94852066040039
-49.882747650146484
-49.84164047241211
-49.87485122680664
-49.95319366455078
-49.865997314453125
-49.918540954589844
-49.923553466796875
-49.921791076660156
-49.880733489990234
-49.883392333984375
-49.9869384765625
-49.97573471069336
-49.96210479736328
-49.87545394897461
-49.81447219848633
-49.88945388793945
-49.95948028564453
-49.88185119628906
-49.79489517211914
-49.837520599365234
-49.91691589355469
-49.96855163574219
-49.86339569091797
-49.8444938659668
-49.86994171142578
-49.93274688720703
-49.98225784301758
-49.97633361816406
-49.92994689941406
-49.92622375488281
-49.817710876464844
-49.85493850708008
-49.871788024902344
-49.9158935546875
-49.89751434326172
-49.954471588134766
-49.96672439575195
-49.994956970214844
-49.9232177734375
-49.85309982299805
-49.902740478515625
-49.897193908691406
-49.87019348144531
-49.841304779052734
-49.87343978881836
-49.91394805908203
-49.96242141723633
-49.984004974365234
-49.96269989013672
-49.920166015625
-49.870758056640625
-49.89656448364258
-49.9864616394043
-49.846866607666016
-49.86773681640625
-49.82213592529297
-49.868534088134766
-49.895118713378906
-49.97399139404297
-50.00531005859375
-49.96245574951172
-49.884521484375
-49.83933639526367
-49.88002395629883
-49.993385314941406
-49.95428466796875
-49.842464447021484
-49.90789794921875
-49.864158630371094
-49.952301025390625
-49.98234558105469
-49.95557403564453
-49.89957809448242
-49.9339599609375
-49.99146270751953
-49.88457489013672
-49.9058837890625
-49.90244674682617
-49.9757194519043
-50.030494689941406
-49.968605041503906
-49.96282958984375
-49.99968719482422
-49.87504577636719
-49.950069427490234
-49.936805725097656
-49.97312545776367
-50.02997589111328
-50.054649353027344
-49.94436264038086
-49.880393981933594
-49.85485076904297
-49.96989822387695
-49.9697380065918
-49.93110656738281
-49.961734771728516
-49.82053756713867
-49.85176467895508
-49.96861267089844
-50.00274658203125
-49.93658447265625
-49.87837219238281
-49.89881896972656
-49.96440887451172
-49.99504470825195
-49.96694564819336
-49.776527404785156
-49.79217529296875
-49.94426345825195
-49.966060638427734
-49.898006439208984
-49.77073669433594
-49.815696716308594
-49.95524215698242
-49.97267532348633
-49.864410400390625
-49.84126663208008
-49.94725036621094
-49.94720458984375
-49.924232482910156
-49.873565673828125
-49.802406311035156
-49.94363784790039
-49.98358917236328
-49.81869888305664
-49.8314208984375
-49.97261047363281
-49.970497131347656
-49.93415451049805
-49.92205047607422
-49.95264434814453
-50.01213836669922
-49.985050201416016
-49.96526336669922
-49.996238708496094
-49.983760833740234
-49.951576232910156
-50.06087112426758
-50.000709533691406
-50.01739501953125
-50.055564880371094
-50.01530838012695
-50.01982879638672
-49.99391174316406
-50.019405364990234
-50.014060974121094
-50.0400276184082
-50.01832580566406
-49.922706604003906
-50.00440979003906
-50.01448059082031
-50.01902770996094
-50.01670837402344
-49.960269927978516
-50.006935119628906
-50.103126525878906
-49.938926696777344
-49.91084671020508
-49.92377853393555
-49.99825668334961
-50.034149169921875
-49.8685302734375
-50.027381896972656
-50.02772521972656
-50.00149154663086
-49.97111129760742
-49.97918701171875
-49.947505950927734
-49.93373489379883
-50.00046157836914
-49.992820739746094
-50.04092025756836
-49.97008514404297
-49.97003173828125
-49.8964958190918
-49.89970779418945
-49.87310791015625
-49.91983413696289
-50.04399108886719
-50.035484313964844
-49.94916915893555
-49.940956115722656
-50.02138900756836
-50.006717681884766
-50.00442123413086
-50.00635528564453
-50.0062141418457
-49.99684143066406
-50.02090072631836
-50.05835723876953
-50.04371643066406
-49.947898864746094
-50.02793502807617
-50.038673400878906
-49.949005126953125
-49.9911994934082
-50.01703643798828
-50.0762939453125
-49.99287796020508
-49.94074630737305
-49.910179138183594
-49.93384552001953
-49.934715270996094
-49.91188430786133
-49.9981689453125
-50.02488327026367
-49.92509078979492
-50.01676559448242
-49.92870330810547
-49.874542236328125
-49.89558410644531
-49.95389938354492
-49.92931365966797
-50.01875305175781
-50.00051498413086
-49.984535217285156
-49.90101623535156
-49.834197998046875
-49.91684341430664
-49.85239028930664
-49.904659271240234
-50.02690887451172
-50.087493896484375
-50.0203857421875
-50.000152587890625
-49.88728713989258
-49.784236907958984
-49.80673599243164
-49.89175033569336
-49.951656341552734
-50.00688934326172
-50.04315948486328
-50.01473617553711
-49.94712829589844
-49.81913757324219
-49.89676284790039
-50.00653839111328
-50.03358840942383
-49.996463775634766
-49.706809997558594
-49.77313995361328
-49.8388786315918
-49.953887939453125
-50.062232971191406
-50.092506408691406
-50.01447296142578
-49.820377349853516
-49.807861328125
-49.91679763793945
-49.90542221069336
-49.89638900756836
-49.92640686035156
-50.0057258605957
-49.99457931518555
-49.90502166748047
-49.930747985839844
-49.937435150146484
-49.92588424682617
-49.985660552978516
-50.01551818847656
-50.004642486572266
-50.0152587890625
-49.999427795410156
-49.972652435302734
-50.03388977050781
-50.0240478515625
-50.08176803588867
-50.023353576660156
-50.01936721801758
-49.97557830810547
-50.00987243652344
-49.98357391357422
-50.02117919921875
-50.01718521118164
-49.961185455322266
-49.95833969116211
-50.03627014160156
-49.94538497924805
-50.041847229003906
-50.04420471191406
-49.966251373291016
-49.886444091796875
-49.86445617675781
-49.870948791503906
-50.00626754760742
-50.04021453857422
-50.04841995239258
-49.956661224365234
-49.92192840576172
-49.98939514160156
-50.05753707885742
-50.03965759277344
-50.04213333129883
-50.03761291503906
-49.9777717590332
-49.95641326904297
-50.00098419189453
-50.01887512207031
-50.046485900878906
-50.06513977050781
-50.01418685913086
-50.04051971435547
-49.964447021484375
-50.01409149169922
-49.97064208984375
-50.036617279052734
-49.9699821472168
-49.991004943847656
-49.91908264160156
-49.91975402832031
-50.06354904174805
-50.04621887207031
-50.05725860595703
-50.081302642822266
-50.01617431640625
-49.98322296142578
-50.06340789794922
-50.0847282409668
-49.973297119140625
-49.8673210144043
-49.889007568359375
-49.995452880859375
-49.99532699584961
-49.87904357910156
-49.836952209472656
-49.919776916503906
-49.886131286621094
-49.98337936401367
-49.99637985229492
-49.90825271606445
-49.89210510253906
-49.95195388793945
-50.056312561035156
-50.12779998779297
-49.988670349121094
-49.903778076171875
-49.90450668334961
-49.8974494934082
-49.950462341308594
-50.047115325927734
-49.95539093017578
-49.914588928222656
-50.01173400878906
-50.09855651855469
-49.932586669921875
-49.8469352722168
-49.845802307128906
-49.94458770751953
-49.85652542114258
-50.048126220703125
-49.9605712890625
-49.93983459472656
-50.016090393066406
-49.940467834472656
-50.075897216796875
-49.95123291015625
-49.90763854980469
-49.948116302490234
-49.947288513183594
-49.88641357421875
-49.9825325012207
-49.99693298339844
-50.028568267822266
-49.95463562011719
-49.90876770019531
-50.001869201660156
-49.98075866699219
-49.91985321044922
-49.84739303588867
-49.92091369628906
-50.026817321777344
-50.03927993774414
-49.94609069824219
-49.812984466552734
-49.86861801147461
-50.04715347290039
-50.00956344604492
-49.92658615112305
-49.8920783996582
-49.87284851074219
-49.988990783691406
-50.02848815917969
-50.00761032104492
-49.95781707763672
-49.85764694213867
-49.98036193847656
-50.06495666503906
-49.79829406738281
-49.69853591918945
-49.93925857543945
-50.04573059082031
-49.94609069824219
-49.77388000488281
-49.8874626159668
-50.01967239379883
-49.88172149658203
-49.86921691894531
-49.96602249145508
-50.00477600097656
-49.972537994384766
-49.8879280090332
-49.96363830566406
-50.00974655151367
-50.029754638671875
-50.0274658203125
-49.92592239379883
-50.00089645385742
-50.05323791503906
-50.042999267578125
-49.933982849121094
-49.84977340698242
-49.97748565673828
-50.08104705810547
-50.047645568847656
-50.0291748046875
-50.02799987792969
-49.995819091796875
-50.091888427734375
-50.09248352050781
-50.068603515625
-50.050628662109375
-50.05907440185547
-50.09492111206055
-50.060150146484375
-50.0245246887207
-50.04164123535156
-50.04419708251953
-50.045780181884766
-50.140892028808594
-50.003536224365234
-50.08286666870117
-50.06131362915039
-50.00421142578125
-50.032859802246094
-49.96537399291992
-50.046722412109375
-50.06822204589844
-50.015769958496094
-49.969058990478516
-50.04821014404297
-50.11818313598633
-50.07725524902344
-49.97401428222656
-49.92241287231445
-50.074012756347656
-50.079193115234375
-50.03205490112305
-49.968692779541016
-49.961952209472656
-50.03451919555664
-50.10245132446289
-50.08930969238281
-50.06248474121094
-50.079410552978516
-50.04878234863281
-50.04722213745117
-50.12263870239258
-50.112144470214844
-50.10065460205078
-50.03099822998047
-50.04458236694336
-50.08483123779297
-50.09217071533203
-49.95430374145508
-49.93171691894531
-50.03640365600586
-50.11083984375
-50.11296081542969
-50.09756851196289
-50.039207458496094
-50.0863037109375
-50.0766716003418
-49.989463806152344
-49.99757766723633
-50.09189987182617
-50.11036682128906
-50.134464263916016
-50.05194854736328
-50.03367233276367
-50.093318939208984
-50.012596130371094
-50.00859832763672
-49.93058776855469
-50.10231018066406
-50.163917541503906
-50.02857971191406
-49.92287826538086
-50.07152557373047
-50.04785919189453
-50.00428771972656
-50.08106994628906
-49.993003845214844
-50.116275787353516
-50.08061599731445
-50.09315872192383
-49.956268310546875
-50.02630615234375
-50.08185958862305
-50.06487274169922
-50.10124206542969
-50.042144775390625
-49.96367645263672
-50.01258850097656
-50.08298873901367
-50.10757827758789
-50.04721450805664
-49.963706970214844
-50.049720764160156
-50.07626724243164
-50.16228485107422
-49.962646484375
-50.010128021240234
-49.972755432128906
-50.02606201171875
-50.07112121582031
-50.02961730957031
-49.90473937988281
-50.020668029785156
-50.02811050415039
-50.07423400878906
-49.96525573730469
-49.85264205932617
-49.989234924316406
-50.07347869873047
-50.03388977050781
-50.06696701049805
-50.07658386230469
-50.087196350097656
-50.07535934448242
-50.08440399169922
-50.06797790527344
-50.075439453125
-50.07526397705078
-50.12299346923828
-50.0997428894043
-50.09739685058594
-50.049991607666016
-50.093955993652344
-50.052127838134766
-50.03925323486328
-50.05647277832031
-50.060455322265625
-50.06184005737305
-50.11461639404297
-50.136207580566406
-50.069454193115234
-50.082401275634766
-50.113975524902344
-50.107521057128906
-50.09710693359375
-50.07314682006836
-50.063594818115234
-50.08367156982422
-50.052982330322266
-50.021888732910156
-50.07476043701172
-50.0998420715332
-50.03510284423828
-50.05724334716797
-50.07558822631836
-50.05829620361328
-50.012882232666016
-50.063499450683594
-50.07811737060547
-50.107269287109375
-50.077186584472656
-50.08439636230469
-50.14065170288086
-50.132568359375
-50.04256057739258
-50.001678466796875
-50.04099655151367
-50.090702056884766
-50.048858642578125
-50.07416534423828
-50.0866813659668
-50.15257263183594
-50.11505126953125
-50.105018615722656
-50.04304504394531
-50.00956726074219
-50.03766632080078
-49.94950866699219
-50.02029037475586
-50.089698791503906
-50.1085205078125
-50.07996368408203
-50.03375244140625
-49.9932861328125
-49.97088623046875
-50.029563903808594
-50.08360290527344
-49.981590270996094
-49.9566650390625
-49.96904754638672
-49.92534637451172
-50.052669525146484
-50.021453857421875
-50.03759002685547
-49.99077224731445
-49.960044860839844
-50.00442886352539
-50.17631530761719
-50.091896057128906
-50.05372619628906
-50.03058624267578
-49.97663116455078
-50.045997619628906
-50.11631774902344
-50.121192932128906
-50.028194427490234
-50.01887512207031
-50.024444580078125
-50.11698532104492
-50.132957458496094
-49.9727897644043
-49.98310852050781
-49.995140075683594
-50.0609130859375
-50.085121154785156
-50.10118865966797
-50.015480041503906
-49.99658966064453
-49.990779876708984
-50.07925796508789
-50.106868743896484
-50.114234924316406
-49.93091583251953
-49.99113464355469
-50.110504150390625
-50.09363555908203
-49.91441345214844
-49.97453308105469
-50.03330612182617
-50.10222244262695
-49.8956298828125
-49.993125915527344
-50.02317428588867
-50.09038162231445
-50.039974212646484
-50.032859802246094
-50.13103485107422
-50.09796905517578
-50.069114685058594
-50.03217315673828
-49.99197006225586
-50.11738586425781
-50.131107330322266
-50.11081314086914
-50.07497787475586
-50.06425094604492
-49.98542785644531
-50.08415222167969
-50.148681640625
-50.073848724365234
-50.00254821777344
-50.03245544433594
-50.111785888671875
-50.120262145996094
-50.070648193359375
-50.02586364746094
-50.029937744140625
-50.115211486816406
-50.17241668701172
-50.14207458496094
-50.091575622558594
-50.018123626708984
-50.00697326660156
-50.05066680908203
-50.050167083740234
-50.10643768310547
-50.09513854980469
-50.12589645385742
-50.059791564941406
-50.1397705078125
-50.06376647949219
-49.96897888183594
-50.03827667236328
-50.104576110839844
-50.09403991699219
-50.14508819580078
-50.13412094116211
-50.08174133300781
-50.0452880859375
-50.164127349853516
-50.10283279418945
-49.97610855102539
-49.9815673828125
-49.972023010253906
-50.102210998535156
-50.1153678894043
-50.028045654296875
-49.904510498046875
-49.97831726074219
-50.088958740234375
-50.12409210205078
-50.059383392333984
-50.01773452758789
-49.97731399536133
-50.11145782470703
-50.153236389160156
-50.102630615234375
-50.071800231933594
-50.06432342529297
-49.979000091552734
-50.09165573120117
-50.122047424316406
-50.15434265136719
-50.118568420410156
-50.01261901855469
-49.978309631347656
-50.04072952270508
-50.097991943359375
-49.99705505371094
-49.973487854003906
-50.02825164794922
-50.13323974609375
-50.046722412109375
-49.88597869873047
-50.02408981323242
-50.082157135009766
-49.99332046508789
-49.91912841796875
-49.96508026123047
-50.08671188354492
-50.123714447021484
-49.96977996826172
-49.967742919921875
-50.033180236816406
-50.13298034667969
-50.121849060058594
-50.06340026855469
-50.08245849609375
-50.0390739440918
-50.06098556518555
-50.16436767578125
-50.022239685058594
-50.07421875
-50.120628356933594
-50.101226806640625
-50.01624298095703
-50.17219161987305
-50.164329528808594
-50.17164993286133
-50.155517578125
-50.03609085083008
-50.157318115234375
-50.17240905761719
-50.15142059326172
-50.07072067260742
-50.126487731933594
-50.14759063720703
-50.073978424072266
-50.10896682739258
-50.10601043701172
-50.11036682128906
-50.05266189575195
-50.09248352050781
-50.09366226196289
-50.13239669799805
-50.188289642333984
-50.109657287597656
-50.105491638183594
-50.16018295288086
-50.10554504394531
-50.12666320800781
-50.139671325683594
-50.029518127441406
-50.15204620361328
-50.1435546875
-50.12129592895508
-50.109169006347656
-50.12024688720703
-50.16627883911133
-50.15888595581055
-50.154354095458984
-50.14613723754883
-50.06789779663086
-50.162845611572266
-50.144439697265625
-50.17540740966797
-50.096805572509766
-50.09803009033203
-50.08035659790039
-50.109153747558594
-50.090492248535156
-50.10436248779297
-50.156883239746094
-50.10517883300781
-50.052978515625
-50.16933059692383
-50.09822082519531
-50.12388610839844
-50.10648727416992
-50.04741668701172
-50.09104537963867
-50.08924102783203
-50.12213897705078
-50.09785079956055
-49.983428955078125
-50.034786224365234
-50.07909393310547
-50.04249572753906
-50.08430480957031
-50.063804626464844
-50.01662826538086
-50.04801940917969
-50.09918975830078
-50.116703033447266
-49.96564483642578
-50.052154541015625
-50.116432189941406
-50.06341552734375
-49.92255783081055
-49.85395812988281
-50.03954315185547
-50.13271713256836
-49.96182632446289
-49.988014221191406
-50.163330078125
-50.15538024902344
-49.95088195800781
-49.91376876831055
-49.99637222290039
-50.09962463378906
-50.151611328125
-49.95002746582031
-50.16899871826172
-49.88671875
-50.02665328979492
-50.07997131347656
-50.01875686645508
-49.9844970703125
-49.92262268066406
-50.04184341430664
-50.08899688720703
-49.994136810302734
-50.053409576416016
-50.06212615966797
-50.11924743652344
-50.04961395263672
-49.88680648803711
-50.049720764160156
-50.038211822509766
-49.97098922729492
-50.052642822265625
-49.96721649169922
-49.88825225830078
-50.07097625732422
-49.98460388183594
-49.992279052734375
-49.89909362792969
-49.853389739990234
-49.8541259765625
-49.973114013671875
-50.004791259765625
-49.953914642333984
-49.99394226074219
-50.04210662841797
-49.84794235229492
-50.081809997558594
-49.98871612548828
-50.110313415527344
-50.10532760620117
-50.11064910888672
-49.922523498535156
-50.01631546020508
-50.107826232910156
-50.12543869018555
-50.02503204345703
-50.09589767456055
-50.10820007324219
-50.19196701049805
-50.05647277832031
-49.93594741821289
-50.09838104248047
-50.146514892578125
-50.20612335205078
-50.013275146484375
-49.97797393798828
-50.04121780395508
-50.145790100097656
-50.072967529296875
-49.89429473876953
-49.919734954833984
-50.11955261230469
-50.098995208740234
-49.90464782714844
-49.938621520996094
-50.076744079589844
-50.13763427734375
-50.12849807739258
-50.040931701660156
-50.09416961669922
-50.19926834106445
-50.151187896728516
-50.1518440246582
-50.13132858276367
-50.148773193359375
-50.195709228515625
-49.97510528564453
-50.08659744262695
-50.106346130371094
-50.14460754394531
-50.173370361328125
-50.154380798339844
-50.174015045166016
-50.13039016723633
-50.178863525390625
-50.12657928466797
-50.020050048828125
-50.04041290283203
-50.181480407714844
-50.19612503051758
-50.18944549560547
-50.1530647277832
-50.082054138183594
-50.111236572265625
-50.17753601074219
-50.00859069824219
-50.13214874267578
-50.15068054199219
-50.178466796875
-50.13529968261719
-50.169673919677734
-50.04370880126953
-50.157562255859375
-50.126564025878906
-50.155757904052734
-50.10332489013672
-50.13341522216797
-50.09526443481445
-50.016883850097656
-50.119659423828125
-50.13187789916992
-50.09416580200195
-50.13069534301758
-50.03878402709961
-50.04398727416992
-50.10658264160156
-50.201114654541016
-49.96240997314453
-50.018856048583984
-50.14521408081055
-50.1553955078125
-50.12202835083008
-50.00707244873047
-49.999244689941406
-50.16023635864258
-50.07120895385742
-50.09524154663086
-50.01292037963867
-50.06510925292969
-50.19120788574219
-50.070308685302734
-50.075904846191406
-50.09922790527344
-50.157283782958984
-50.146080017089844
-50.18202209472656
-50.10429000854492
-50.09199523925781
-50.062461853027344
-50.17057800292969
-50.190860748291016
-50.28340148925781
-50.13829803466797
-50.02768325805664
-50.045082092285156
-50.16694259643555
-50.19057846069336
-50.11181640625
-50.09565734863281
-50.06946563720703
-50.05696105957031
-50.1861457824707
-50.11566162109375
-50.12009811401367
-50.06745147705078
-50.1600341796875
-50.202274322509766
-50.24699401855469
-50.195945739746094
-50.12004089355469
-50.15958023071289
-50.09769058227539
-50.16849899291992
-50.194942474365234
-50.23757553100586
-50.182518005371094
-50.17531204223633
-50.18754959106445
-50.16167449951172
-50.20286560058594
-50.23816680908203
-50.180458068847656
-50.226444244384766
-50.18500900268555
-50.186767578125
-50.13753890991211
-50.15076446533203
-50.1385612487793
-50.19993591308594
-50.30945587158203
-50.135921478271484
-50.17330551147461
-50.2447509765625
-50.16742706298828
-50.155181884765625
-50.20623016357422
-50.15952682495117
-50.12456512451172
-50.17605209350586
-50.15040588378906
-50.09060287475586
-50.15972900390625
-50.14490509033203
-50.13499450683594
-50.15739440917969
-50.16667938232422
-50.16309356689453
-50.20231628417969
-50.220428466796875
-50.159584045410156
-50.22581481933594
-50.152523040771484
-50.14046859741211
-50.15931701660156
-50.082916259765625
-50.10023498535156
-50.19153594970703
-50.12959671020508
-50.20098114013672
-50.195369720458984
-50.19213104248047
-50.209774017333984
-50.17843246459961
-50.211204528808594
-50.24134826660156
-50.15957260131836
-50.096923828125
-50.1285514831543
-50.12214660644531
-50.162841796875
-50.103660583496094
-50.163936614990234
-50.125125885009766
-50.1903190612793
-50.209739685058594
-50.07098388671875
-50.067481994628906
-50.12226486206055
-50.140892028808594
-50.08665466308594
-50.00096130371094
-49.935848236083984
-50.12458801269531
-50.238502502441406
-50.072513580322266
-49.97956085205078
-50.09357833862305
-50.20726776123047
-50.129581451416016
-50.0051155090332
-50.102237701416016
-50.226707458496094
-50.182098388671875
-50.060142517089844
-50.08135986328125
-50.217041015625
-50.2601432800293
-50.174808502197266
-50.15696716308594
-50.129783630371094
-50.15601348876953
-50.17219543457031
-50.21873474121094
-50.228294372558594
-50.14498519897461
-50.16510009765625
-50.17326354980469
-50.20915222167969
-50.25584411621094
-50.227352142333984
-50.144561767578125
-50.06808090209961
-50.17321014404297
-50.26374053955078
-50.1599235534668
-50.13051986694336
-50.06230163574219
-50.086509704589844
-50.23088455200195
-50.16047286987305
-49.94261932373047
-50.05607604980469
-50.08074951171875
-50.09663391113281
-50.21791458129883
-50.08706283569336
-50.103302001953125
-50.17474365234375
-50.119449615478516
-50.18797302246094
-50.16704177856445
-50.16337966918945
-50.16948318481445
-50.18626403808594
-50.219207763671875
-50.203311920166016
-50.22047424316406
-50.197837829589844
-50.20596694946289
-50.16696548461914
-50.15533447265625
-50.18079376220703
-50.20303726196289
-50.2242317199707
-50.25697326660156
-50.24250411987305
-50.1619758605957
-50.20255661010742
-50.15806198120117
-50.21393585205078
-50.147857666015625
-50.140411376953125
-50.16212463378906
-50.22651672363281
-50.1278190612793
-50.026588439941406
-50.138301849365234
-50.23214340209961
-50.218223571777344
-50.25230407714844
-50.19346237182617
-50.218994140625
-50.14222717285156
-50.14368438720703
-50.130706787109375
-50.13995361328125
-50.24518966674805
-50.24129867553711
-50.24783706665039
-50.23223876953125
-50.118099212646484
-50.13873291015625
-50.14137649536133
-50.18132781982422
-50.21600341796875
-50.18724060058594
-50.25218963623047
-50.20021057128906
-50.14575958251953
-50.09922409057617
-50.200599670410156
-50.28921890258789
-50.150779724121094
-50.192527770996094
-50.148590087890625
-50.189414978027344
-50.183349609375
-50.190269470214844
-50.17576599121094
-50.07633972167969
-50.08642578125
-50.173587799072266
-50.22471237182617
-50.14720153808594
-50.004817962646484
-50.065887451171875
-50.16431427001953
-50.225852966308594
-50.131221771240234
-50.15888214111328
-50.139503479003906
-50.05754852294922
-50.145851135253906
-50.237464904785156
-50.14312744140625
-50.2795295715332
-50.28354263305664
-50.21778869628906
-50.18389129638672
-50.23134231567383
-50.19769287109375
-50.19891357421875
-50.223609924316406
-50.18415451049805
-50.246341705322266
-50.187557220458984
-50.23215103149414
-50.20655822753906
-50.19043731689453
-50.197113037109375
-50.137630462646484
-50.130760192871094
-50.231910705566406
-50.2353515625
-50.10092544555664
-50.12002944946289
-50.10836410522461
-50.16093444824219
-50.22541809082031
-50.193336486816406
-50.23975372314453
-50.23844909667969
-50.19602966308594
-50.242279052734375
-50.224769592285156
-50.19612121582031
-50.076805114746094
-50.123023986816406
-50.137351989746094
-50.26649475097656
-50.129093170166016
-50.0269775390625
-50.021846771240234
-50.219825744628906
-50.23591232299805
-50.05765151977539
-49.96691131591797
-50.19556427001953
-50.20710754394531
-50.16543197631836
-50.0850830078125
-50.06215286254883
-50.12773513793945
-50.23248291015625
-50.16557312011719
-50.05936050415039
-50.06069564819336
-50.205806732177734
-50.23869323730469
-50.25395202636719
-50.03044128417969
-50.11363983154297
-50.170692443847656
-50.145713806152344
-50.17018127441406
-50.199745178222656
-50.17875671386719
-50.23769760131836
-50.1533088684082
-50.20066833496094
-50.22500228881836
-50.13620376586914
-50.18006896972656
-50.17771530151367
-50.2501106262207
-50.24137878417969
-50.167484283447266
-50.15107345581055
-50.13808822631836
-50.17180252075195
-50.21308898925781
-50.26446533203125
-50.24217987060547
-50.267372131347656
-50.25715637207031
-50.260799407958984
-50.244842529296875
-50.22888946533203
-50.1966667175293
-50.19242858886719
-50.2305908203125
-50.261810302734375
-50.23882293701172
-50.263145446777344
-50.23473358154297
-50.219329833984375
-50.162776947021484
-50.23878479003906
-50.25376892089844
-50.27378463745117
-50.21513748168945
-50.19733428955078
-50.11961364746094
-50.18054962158203
-50.16179656982422
-50.22262954711914
-50.28838348388672
-50.238929748535156
-50.2037353515625
-50.156959533691406
-50.19160461425781
-50.169647216796875
-50.230369567871094
-50.16065216064453
-50.18846130371094
-50.23893356323242
-50.22869110107422
-50.22151184082031
-50.20713806152344
-50.20734405517578
-50.23945999145508
-50.23344421386719
-50.28205490112305
-50.21829605102539
-50.23356628417969
-50.29747009277344
-50.28358459472656
-50.20478439331055
-50.25440979003906
-50.23149490356445
-50.12134552001953
-50.11112976074219
-50.06795120239258
-50.318992614746094
-50.25571060180664
-50.178897857666016
-50.26115798950195
-50.129432678222656
-50.18609619140625
-50.24092483520508
-50.291900634765625
-50.06620407104492
-50.14508056640625
-50.14629364013672
-50.1317253112793
-50.160892486572266
-50.214500427246094
-50.197532653808594
-50.230445861816406
-50.260440826416016
-50.200592041015625
-50.19316482543945
-50.187774658203125
-50.1434440612793
-50.234100341796875
-50.22602462768555
-50.14568328857422
-50.131134033203125
-50.19758987426758
-50.256675720214844
-50.25791549682617
-50.22854232788086
-50.20703125
-50.139747619628906
-50.048851013183594
-50.08004379272461
-50.200538635253906
-50.26245880126953
-50.269752502441406
-50.23080825805664
-50.18638229370117
-50.198238372802734
-50.25257110595703
-50.282222747802734
-50.27014923095703
-50.226661682128906
-50.23916244506836
-50.2297248840332
-50.232666015625
-50.170806884765625
-50.20307922363281
-50.23249053955078
-50.220821380615234
-50.2723388671875
-50.26410675048828
-50.271846771240234
-50.26667404174805
-50.274208068847656
-50.28062438964844
-50.24641799926758
-50.18181610107422
-50.192604064941406
-50.172428131103516
-50.14601516723633
-50.078216552734375
-50.015869140625
-50.14569091796875
-50.232566833496094
-50.23188781738281
-50.18342971801758
-50.101806640625
-50.21990203857422
-50.2396125793457
-50.21965408325195
-50.26211166381836
-50.24693298339844
-50.237274169921875
-50.210750579833984
-50.26521682739258
-50.208900451660156
-50.17020797729492
-50.1697998046875
-50.25645446777344
-50.19944381713867
-50.23710250854492
-50.2474479675293
-50.27651596069336
-50.28058624267578
-50.22468185424805
-50.27695846557617
-50.194976806640625
-50.21923065185547
-50.19706726074219
-50.189613342285156
-50.21379852294922
-50.22478103637695
-50.25361251831055
-50.23212432861328
-50.239990234375
-50.26668167114258
-50.29795455932617
-50.26514434814453
-50.27377700805664
-50.30168533325195
-50.28782653808594
-50.27269744873047
-50.279029846191406
-50.2136344909668
-50.23918533325195
-50.132476806640625
-50.11784362792969
-50.17208480834961
-50.21871566772461
-50.21754455566406
-50.23841094970703
-50.27722930908203
-50.211585998535156
-50.1439208984375
-50.20014190673828
-50.24403381347656
-50.258644104003906
-50.27800369262695
-50.23147964477539
-50.277374267578125
-50.25006103515625
-50.201751708984375
-50.19566345214844
-50.27577209472656
-50.21757507324219
-50.26332473754883
-50.29014205932617
-50.274600982666016
-50.21868133544922
-50.198307037353516
-50.21843719482422
-50.25092697143555
-50.19313049316406
-50.22125244140625
-50.163570404052734
-50.169960021972656
-50.20271682739258
-50.23017120361328
-50.2392578125
-50.27223587036133
-50.24093246459961
-50.301788330078125
-50.1624641418457
-50.21296691894531
-50.2322883605957
-50.13939666748047
-50.20299530029297
-50.26179885864258
-50.2904052734375
-50.29847717285156
-50.28999710083008
-50.238136291503906
-50.21540069580078
-50.20702362060547
-50.15673828125
-50.21956253051758
-50.20209884643555
-50.21852493286133
-50.265892028808594
-50.2347412109375
-50.26232147216797
-50.212799072265625
-50.215911865234375
-50.227294921875
-50.28570556640625
-50.19178771972656
-50.20307159423828
-50.245811462402344
-50.26936340332031
-50.25038528442383
-50.27306365966797
-50.16685485839844
-50.10968017578125
-50.197174072265625
-50.25581359863281
-50.173439025878906
-50.24378967285156
-50.26580810546875
-50.23966598510742
-50.3115119934082
-50.26815414428711
-50.19655227661133
-50.193519592285156
-50.214881896972656
-50.124229431152344
-50.3414192199707
-50.05908966064453
-50.29365158081055
-50.2904167175293
-50.221405029296875
-50.20619583129883
-50.16557693481445
-50.166656494140625
-50.21331024169922
-50.153541564941406
-50.28059387207031
-50.278411865234375
-50.288116455078125
-50.18653869628906
-50.11746597290039
-50.1281852722168
-50.23733139038086
-50.18233108520508
-50.281707763671875
-50.19452667236328
-50.244590759277344
-50.11617660522461
-50.21984100341797
-50.22517013549805
-50.26171112060547
-50.177589416503906
-50.174652099609375
-50.17502975463867
-50.190670013427734
-50.26658248901367
-50.21233367919922
-50.13445281982422
-50.19502639770508
-50.26197052001953
-50.25738525390625
-50.189842224121094
-50.258331298828125
-50.213233947753906
-50.28181457519531
-50.2563591003418
-50.198402404785156
-50.29119110107422
-50.2789306640625
-50.29869079589844
-50.255943298339844
-50.107852935791016
-50.181983947753906
-50.31528091430664
-50.262203216552734
-50.30736541748047
-50.28466796875
-50.150169372558594
-50.102821350097656
-50.132511138916016
-50.23146057128906
-50.327606201171875
-50.28411865234375
-50.29780578613281
-50.19933319091797
-50.25926971435547
-50.183006286621094
-50.22052001953125
-50.22767639160156
-50.287166595458984
-50.40544509887695
-50.15252685546875
-50.156517028808594
-50.17206573486328
-50.24762725830078
-50.24498748779297
-50.237266540527344
-50.12589645385742
-50.035457611083984
-50.137229919433594
-50.214115142822266
-50.259864807128906
-50.18952941894531
-50.161773681640625
-50.208091735839844
-50.18978500366211
-50.27534103393555
-50.283634185791016
-50.20622253417969
-50.164039611816406
-50.050113677978516
-50.16925811767578
-50.24822235107422
-50.326148986816406
-50.19728088378906
-50.13102722167969
-50.21181106567383
-50.2660026550293
-50.235191345214844
-50.222808837890625
-50.21512222290039
-50.242671966552734
-50.278289794921875
-50.275489807128906
-50.2982177734375
-50.290184020996094
-50.31256866455078
-50.29070281982422
-50.194297790527344
-50.22705841064453
-50.272178649902344
-50.182003021240234
-50.236351013183594
-50.308162689208984
-50.32954788208008
-50.29225540161133
-50.265201568603516
-50.26182556152344
-50.28780746459961
-50.24188232421875
-50.169227600097656
-50.219139099121094
-50.21327590942383
-50.292137145996094
-50.321720123291016
-50.33494567871094
-50.367862701416016
-50.31218719482422
-50.20182800292969
-50.01822280883789
-50.23126220703125
-50.29698181152344
-50.258392333984375
-50.252960205078125
-50.33012008666992
-50.256813049316406
-50.14366912841797
-50.15959167480469
-50.248695373535156
-50.323265075683594
-50.330718994140625
-50.2821044921875
-50.237003326416016
-50.25386047363281
-50.246376037597656
-50.30126953125
-50.252193450927734
-50.28998565673828
-50.3193473815918
-50.34907150268555
-50.276859283447266
-50.253662109375
-50.27619552612305
-50.26627731323242
-50.22801208496094
-50.315860748291016
-50.30073928833008
-50.285465240478516
-50.32032775878906
-50.32878875732422
-50.39170455932617
-50.1943473815918
-50.339420318603516
-50.33332824707031
-50.29780197143555
-50.28313064575195
-50.343414306640625
-50.342491149902344
-50.26173400878906
-50.33147430419922
-50.30150604248047
-50.16032409667969
-50.247135162353516
-50.29228210449219
-50.319801330566406
-50.398433685302734
-50.34695053100586
-50.31879425048828
-50.34679412841797
-50.32052993774414
-50.22034454345703
-50.21438980102539
-50.2348747253418
-50.314971923828125
-50.32817459106445
-50.33586502075195
-50.31477355957031
-50.322540283203125
-50.29829025268555
-50.22159957885742
-50.242889404296875
-50.24409484863281
-50.251136779785156
-50.33254623413086
-50.21316146850586
-50.29627990722656
-50.22180938720703
-50.15203857421875
-50.02401351928711
-50.14379119873047
-50.25983428955078
-50.284603118896484
-50.310062408447266
-50.30522155761719
-50.23893737792969
-50.18516159057617
-50.13117218017578
-50.10240936279297
-50.25093078613281
-50.32139587402344
-50.33051300048828
-50.33414840698242
-50.36543273925781
-50.321136474609375
-50.26024627685547
-50.28278350830078
-50.30535125732422
-50.30659866333008
-50.278709411621094
-50.22694396972656
-50.2075309753418
-50.19329071044922
-50.21844482421875
-50.28436279296875
-50.26945877075195
-50.342342376708984
-50.25532150268555
-50.28554153442383
-50.2910041809082
-50.31965637207031
-50.30173110961914
-50.254188537597656
-50.314971923828125
-50.203102111816406
-50.2149658203125
-50.2531623840332
-50.29084777832031
-50.284568786621094
-50.32609176635742
-50.33378982543945
-50.26691436767578
-50.19395446777344
-50.22521209716797
-50.173851013183594
-50.22177505493164
-50.275699615478516
-50.30192184448242
-50.24418640136719
-50.31024169921875
-50.201358795166016
-50.138641357421875
-50.1330451965332
-50.17949676513672
-50.27680969238281
-50.24960708618164
-50.30546569824219
-50.25768280029297
-50.07769012451172
-50.16911697387695
-50.29352569580078
-50.322532653808594
-50.345855712890625
-50.31367111206055
-50.385475158691406
-50.309730529785156
-50.287654876708984
-50.28977966308594
-50.15694808959961
-50.18938446044922
-50.206966400146484
-50.2733154296875
-50.255340576171875
-50.278839111328125
-50.24419021606445
-50.30216979980469
-50.341854095458984
-50.17776870727539
-50.3265380859375
-50.24760818481445
-50.28373718261719
-50.305931091308594
-50.32398223876953
-50.188636779785156
-50.32023620605469
-50.277000427246094
-50.21327590942383
-50.25217819213867
-50.254302978515625
-50.30352783203125
-50.33393096923828
-50.326419830322266
-50.30954360961914
-50.34754943847656
-50.32502746582031
-50.36064910888672
-50.36374282836914
-50.36115646362305
-50.33277130126953
-50.36964416503906
-50.24950408935547
-50.15424346923828
-50.28078842163086
-50.26910400390625
-50.319679260253906
-50.311485290527344
-50.25386047363281
-50.238746643066406
-50.24345397949219
-50.353294372558594
-50.369197845458984
-50.329376220703125
-50.30164337158203
-50.30023956298828
-50.20038604736328
-50.206233978271484
-50.30830764770508
-50.324546813964844
-50.303611755371094
-50.248111724853516
-50.199623107910156
-50.215362548828125
-50.28760528564453
-50.3304443359375
-50.368282318115234
-50.3719596862793
-50.400421142578125
-50.34223175048828
-50.26480484008789
-50.17546463012695
-50.25752258300781
-50.31747817993164
-50.34943771362305
-50.369972229003906
-50.337032318115234
-50.284027099609375
-50.21418762207031
-50.18705368041992
-50.34056854248047
-50.39146423339844
-50.385223388671875
-50.17478561401367
-50.155029296875
-50.28450012207031
-50.328678131103516
-50.36290740966797
-50.266319274902344
-50.211456298828125
-50.261985778808594
-50.275909423828125
-50.230018615722656
-50.30522537231445
-50.37395477294922
-50.24156188964844
-50.099830627441406
-50.0381965637207
-50.14268493652344
-50.33831024169922
-50.22029495239258
-49.99456024169922
-50.17702865600586
-50.31682205200195
-50.18473434448242
-50.01668167114258
-50.18644714355469
-50.31768035888672
-50.26358413696289
-50.14994812011719
-50.13500213623047
-50.20270919799805
-50.32565689086914
-50.300994873046875
-50.28795623779297
-50.19603729248047
-50.20698547363281
-50.272377014160156
-50.35855484008789
-50.35723876953125
-50.32244110107422
-50.339210510253906
-50.316734313964844
-50.27806854248047
-50.317745208740234
-50.386817932128906
-50.35346221923828
-50.35700225830078
-50.307098388671875
-50.227561950683594
-50.19968795776367
-50.26028823852539
-50.29383850097656
-50.320777893066406
-50.33103942871094
-50.29106140136719
-50.2783203125
-50.277523040771484
-50.295753479003906
-50.302467346191406
-50.33733367919922
-50.390140533447266
-50.324764251708984
-50.332000732421875
-50.208534240722656
-50.32535171508789
-50.26043701171875
-50.38288879394531
-50.29993438720703
-50.22925567626953
-50.2002067565918
-50.27311325073242
-50.392112731933594
-50.266937255859375
-50.238441467285156
-50.14883041381836
-50.207969665527344
-50.318172454833984
-50.29389953613281
-50.22396469116211
-50.13232421875
-50.28504943847656
-50.37920379638672
-50.16107940673828
-50.16477966308594
-50.18616485595703
-50.30678176879883
-50.26803970336914
-50.3577995300293
-50.36479949951172
-50.243309020996094
-50.25060272216797
-50.19557571411133
-50.296871185302734
-50.38362503051758
-50.25278854370117
-50.19192123413086
-50.23851013183594
-50.21873092651367
-50.330997467041016
-50.335697174072266
-50.16729736328125
-50.1268310546875
-50.31145477294922
-50.28325653076172
-50.35187911987305
-50.324729919433594
-50.29296875
-50.32958984375
-50.36106491088867
-50.30879592895508
-50.34562683105469
-50.317909240722656
-50.34395217895508
-50.323219299316406
-50.303653717041016
-50.30973815917969
-50.362220764160156
-50.29739761352539
-50.39615249633789
-50.33755111694336
-50.266685485839844
-50.23232650756836
-50.285316467285156
-50.354888916015625
-50.389244079589844
-50.31403732299805
-50.33412170410156
-50.297489166259766
-50.285316467285156
-50.30119323730469
-50.31641387939453
-50.34619140625
-50.352996826171875
-50.29190444946289
-50.35427474975586
-50.31859588623047
-50.317569732666016
-50.2409553527832
-50.17726135253906
-50.28974914550781
-50.26606750488281
-50.309993743896484
-50.35149383544922
-50.3504753112793
-50.39060974121094
-50.290122985839844
-50.297847747802734
-50.30988311767578
-50.214168548583984
-50.36517333984375
-50.25077819824219
-50.26417541503906
-50.28363037109375
-50.31609344482422
-50.28031539916992
-50.26441192626953
-50.34983444213867
-50.33295440673828
-50.30805969238281
-50.37807083129883
-50.30171203613281
-50.3172607421875
-50.2544059753418
-50.18638610839844
-50.21417999267578
-50.29616165161133
-50.21062469482422
-50.26142501831055
-50.37993621826172
-50.375
-50.27345657348633
-50.365020751953125
-50.355674743652344
-50.337196350097656
-50.30000686645508
-50.294925689697266
-50.287445068359375
-50.299072265625
-50.36026382446289
-50.297637939453125
-50.31787872314453
-50.280494689941406
-50.340728759765625
-50.352081298828125
-50.36016082763672
-50.28407287597656
-50.39836883544922
-50.31017303466797
-50.262603759765625
-50.258758544921875
-50.30097961425781
-50.302703857421875
-50.39599609375
-50.31053161621094
-50.31031036376953
-50.35118865966797
-50.29780578613281
-50.29510498046875
-50.33930587768555
-50.3873291015625
-50.39894485473633
-50.38788604736328
-50.35847091674805
-50.40382385253906
-50.39117431640625
-50.348915100097656
-50.266231536865234
-50.30152893066406
-50.295005798339844
-50.36054229736328
-50.39527130126953
-50.39569854736328
-50.38691711425781
-50.36901092529297
-50.292747497558594
-50.269474029541016
-50.2840461730957
-50.34264373779297
-50.38518142700195
-50.39915084838867
-50.36109924316406
-50.251670837402344
-50.31663131713867
-50.321231842041016
-50.36582946777344
-50.36720275878906
-50.365760803222656
-50.401058197021484
-50.45375442504883
-50.35103988647461
-50.38267517089844
-50.371910095214844
-50.39244842529297
-50.330665588378906
-50.36957550048828
-50.454349517822266
-50.39186096191406
-50.32270431518555
-50.338809967041016
-50.29452896118164
-50.191898345947266
-50.2857666015625
-50.369842529296875
-50.41425704956055
-50.29896926879883
-50.21501159667969
-50.26641082763672
-50.343055725097656
-50.386016845703125
-50.2890510559082
-50.150634765625
-50.23590087890625
-50.3370361328125
-50.41718673706055
-50.36918640136719
-50.14528274536133
-50.20987319946289
-50.290653228759766
-50.36418914794922
-50.26923751831055
-50.19866180419922
-50.22415542602539
-50.27676010131836
-50.254737854003906
-50.274635314941406
-50.30357360839844
-50.32772445678711
-50.31339645385742
-50.19834518432617
-50.204097747802734
-50.27269744873047
-50.3211669921875
-50.376285552978516
-50.333003997802734
-50.349998474121094
-50.32533264160156
-50.33933639526367
-50.39091491699219
-50.35051727294922
-50.19194030761719
-50.284481048583984
-50.26511764526367
-50.26920700073242
-50.33606719970703
-50.34457778930664
-50.36793518066406
-50.368587493896484
-50.19777297973633
-50.395503997802734
-50.31148147583008
-50.42420959472656
-50.355751037597656
-50.33512878417969
-50.374671936035156
-50.33800506591797
-50.32917022705078
-50.32037353515625
-50.35395050048828
-50.38117218017578
-50.37321853637695
-50.35784149169922
-50.353309631347656
-50.360267639160156
-50.275325775146484
-50.22322463989258
-50.3275146484375
-50.369903564453125
-50.4015998840332
-50.33271789550781
-50.323280334472656
-50.31736755371094
-50.32988357543945
-50.29389953613281
-50.25225830078125
-50.321598052978516
-50.34299087524414
-50.36330032348633
-50.34938430786133
-50.33616256713867
-50.350677490234375
-50.34244155883789
-50.412166595458984
-50.43639373779297
-50.397090911865234
-50.33608627319336
-50.392189025878906
-50.312129974365234
-50.36298370361328
-50.37128448486328
-50.387794494628906
-50.35243606567383
-50.388858795166016
-50.456871032714844
-50.458797454833984
-50.276756286621094
-50.437843322753906
-50.395729064941406
-50.403594970703125
-50.3498649597168
-50.28877258300781
-50.278358459472656
-50.29722595214844
-50.27214050292969
-50.31338119506836
-50.333465576171875
-50.315635681152344
-50.376529693603516
-50.30854034423828
-50.2176513671875
-50.240177154541016
-50.235538482666016
-50.39958190917969
-50.33881378173828
-50.299407958984375
-50.206871032714844
-50.205421447753906
-50.35139846801758
-50.35975646972656
-50.310272216796875
-50.14649200439453
-50.321189880371094
-50.40788269042969
-50.34613037109375
-50.22251892089844
-50.18473434448242
-50.25537109375
-50.368465423583984
-50.39702606201172
-50.39970397949219
-50.380157470703125
-50.37125778198242
-50.25491714477539
-50.272735595703125
-50.326045989990234
-50.37016296386719
-50.40450668334961
-50.38824462890625
-50.36468505859375
-50.37084197998047
-50.287696838378906
-50.30652618408203
-50.36930847167969
-50.42267990112305
-50.39640808105469
-50.389404296875
-50.35831069946289
-50.30170440673828
-50.30286407470703
-50.33697509765625
-50.381996154785156
-50.455841064453125
-50.337989807128906
-50.2361946105957
-50.083587646484375
-50.267250061035156
-50.35698699951172
-50.33627700805664
-50.35835266113281
-50.27476501464844
-50.33012008666992
-50.39213943481445
-50.39106750488281
-50.43111038208008
-50.393150329589844
-50.30421829223633
-50.24575424194336
-50.34521484375
-50.361114501953125
-50.352718353271484
-50.322139739990234
-50.37428283691406
-50.439231872558594
-50.360958099365234
-50.39596176147461
-50.34404754638672
-50.398834228515625
-50.3227653503418
-50.350440979003906
-50.34562683105469
-50.38066101074219
-50.363426208496094
-50.38619613647461
-50.393516540527344
-50.35740280151367
-50.29865264892578
-50.346561431884766
-50.40614318847656
-50.415245056152344
-50.42222213745117
-50.418766021728516
-50.431785583496094
-50.431251525878906
-50.42945098876953
-50.338226318359375
-50.33375549316406
-50.329715728759766
-50.335174560546875
-50.37704849243164
-50.40513610839844
-50.41792678833008
-50.42697525024414
-50.41816711425781
-50.36738204956055
-50.30546951293945
-50.2928352355957
-50.36274719238281
-50.3723258972168
-50.397945404052734
-50.421302795410156
-50.2932243347168
-50.29477310180664
-50.313865661621094
-50.3834114074707
-50.42072296142578
-50.40224838256836
-50.45136260986328
-50.35517120361328
-50.409828186035156
-50.432464599609375
-50.37614440917969
-50.44195556640625
-50.33481979370117
-50.34608459472656
-50.28899383544922
-50.33348846435547
-50.391380310058594
-50.346351623535156
-50.36100769042969
-50.34410858154297
-50.38562774658203
-50.367156982421875
-50.31871032714844
-50.33202362060547
-50.43873596191406
-50.40359878540039
-50.34650421142578
-50.40692138671875
-50.332611083984375
-50.30702590942383
-50.26716232299805
-50.3411865234375
-50.40349197387695
-50.43657684326172
-50.38071823120117
-50.19049072265625
-50.28961181640625
-50.364173889160156
-50.42513656616211
-50.42375946044922
-50.44163131713867
-50.402015686035156
-50.293678283691406
-50.37990951538086
-50.322715759277344
-50.45674133300781
-50.39657974243164
-50.43157196044922
-50.41298294067383
-50.368743896484375
-50.36039352416992
-50.3736572265625
-50.35784149169922
-50.38041687011719
-50.465423583984375
-50.43707275390625
-50.396461486816406
-50.32166290283203
-50.332576751708984
-50.34126281738281
-50.42636489868164
-50.33357238769531
-50.4338264465332
-50.34278106689453
-50.31137466430664
-50.33297348022461
-50.41836929321289
-50.39165496826172
-50.4190673828125
-50.38648223876953
-50.350982666015625
-50.28715896606445
-50.36772918701172
-50.376434326171875
-50.41524124145508
-50.2701416015625
-50.28711700439453
-50.46215057373047
-50.36536407470703
-50.43609619140625
-50.403926849365234
-50.434139251708984
-50.41175079345703
-50.373695373535156
-50.35453414916992
-50.210792541503906
-50.32847595214844
-50.385108947753906
-50.35246276855469
-50.39371109008789
-50.44443130493164
-50.447959899902344
-50.43061065673828
-50.41497802734375
-50.4015007019043
-50.37950134277344
-50.27788162231445
-50.287330627441406
-50.32796096801758
-50.36246109008789
-50.395545959472656
-50.32389831542969
-50.44983673095703
-50.42740249633789
-50.42601776123047
-50.36082458496094
-50.34690856933594
-50.31089782714844
-50.347923278808594
-50.385440826416016
-50.48516082763672
-50.45060729980469
-50.412818908691406
-50.38700485229492
-50.30995178222656
-50.288578033447266
-50.3087272644043
-50.34018325805664
-50.42543411254883
-50.4354362487793
-50.319358825683594
-50.449867248535156
-50.3900260925293
-50.383872985839844
-50.38429641723633
-50.319862365722656
-50.347740173339844
-50.40923309326172
-50.364952087402344
-50.39581298828125
-50.359649658203125
-50.306644439697266
-50.275917053222656
-50.296173095703125
-50.37733459472656
-50.42200469970703
-50.494544982910156
-50.34651565551758
-50.308284759521484
-50.306087493896484
-50.28968048095703
-50.27618408203125
-50.288475036621094
-50.331398010253906
-50.37461471557617
-50.38801574707031
-50.429290771484375
-50.407928466796875
-50.28833770751953
-50.36433029174805
-50.3618049621582
-50.33786392211914
-50.43964767456055
-50.42604064941406
-50.412620544433594
-50.36273193359375
-50.35793685913086
-50.34992599487305
-50.38237762451172
-50.43412780761719
-50.40745162963867
-50.45039367675781
-50.4162712097168
-50.45741271972656
-50.47898864746094
-50.45002365112305
-50.37910079956055
-50.337158203125
-50.374996185302734
-50.3317985534668
-50.38456344604492
-50.39730453491211
-50.452335357666016
-50.43054962158203
-50.40185546875
-50.427528381347656
-50.424644470214844
-50.42469024658203
-50.43382263183594
-50.39289093017578
-50.42145538330078
-50.41794204711914
-50.401092529296875
-50.40033721923828
-50.42516326904297
-50.3612174987793
-50.43514633178711
-50.37190246582031
-50.279293060302734
-50.30057144165039
-50.36650848388672
-50.412113189697266
-50.4347038269043
-50.460384368896484
-50.419315338134766
-50.299354553222656
-50.28565979003906
-50.32612228393555
-50.36494064331055
-50.333919525146484
-50.35961151123047
-50.356666564941406
-50.40388870239258
-50.28559875488281
-50.247169494628906
-50.307430267333984
-50.377010345458984
-50.432674407958984
-50.438201904296875
-50.396114349365234
-50.365787506103516
-50.35218048095703
-50.40898513793945
-50.435176849365234
-50.45201110839844
-50.45218276977539
-50.36663818359375
-50.16324996948242
-50.25185775756836
-50.46990203857422
-50.420021057128906
-50.40190887451172
-50.458587646484375
-50.3604736328125
-50.31571960449219
-50.304603576660156
-50.398345947265625
-50.362754821777344
-50.43743896484375
-50.3514289855957
-50.14686584472656
-50.382041931152344
-50.4458122253418
-50.441375732421875
-50.401222229003906
-50.28509521484375
-50.36527633666992
-50.47145462036133
-50.453956604003906
-50.428558349609375
-50.37525177001953
-50.38301467895508
-50.433223724365234
-50.49552917480469
-50.41358947753906
-50.417091369628906
-50.45452117919922
-50.46382141113281
-50.409156799316406
-50.41817092895508
-50.39266586303711
-50.4364128112793
-50.419471740722656
-50.29747772216797
-50.34767150878906
-50.345115661621094
-50.43109893798828
-50.43780517578125
-50.36731719970703
-50.452056884765625
-50.46074676513672
-50.475135803222656
-50.5262451171875
-50.380855560302734
-50.3722038269043
-50.268310546875
-50.28776168823242
-50.411705017089844
-50.427085876464844
-50.33711242675781
-50.22304153442383
-50.352725982666016
-50.461692810058594
-50.39944839477539
-50.4683723449707
-50.3929328918457
-50.33753967285156
-50.35633087158203
-50.40790557861328
-50.42202377319336
-50.43921661376953
-50.44209289550781
-50.487770080566406
-50.512142181396484
-50.358821868896484
-50.41269302368164
-50.41987991333008
-50.38369369506836
-50.36471176147461
-50.32273483276367
-50.44464111328125
-50.404083251953125
-50.431304931640625
-50.36576461791992
-50.534420013427734
-50.42802429199219
-50.43561553955078
-50.39521789550781
-50.4356689453125
-50.47412872314453
-50.424224853515625
-50.376182556152344
-50.3556022644043
-50.30308532714844
-50.41551971435547
-50.414939880371094
-50.41482162475586
-50.451873779296875
-50.467769622802734
-50.4346809387207
-50.46799850463867
-50.486331939697266
-50.45269012451172
-50.40681838989258
-50.38030242919922
-50.31696701049805
-50.286529541015625
-50.394065856933594
-50.494956970214844
-50.43079376220703
-50.32688903808594
-50.3006706237793
-50.181724548339844
-50.40506362915039
-50.44844436645508
-50.42277145385742
-50.20097732543945
-50.26066970825195
-50.192962646484375
-50.276153564453125
-50.24348831176758
-50.3352165222168
-50.46104431152344
-50.370723724365234
-50.294918060302734
-50.348358154296875
-50.38592529296875
-50.306697845458984
-50.30390167236328
-50.38117218017578
-50.359378814697266
-50.443084716796875
-50.41972732543945
-50.35527420043945
-50.3317985534668
-50.41022872924805
-50.36888885498047
-50.373435974121094
-50.437095642089844
-50.33016586303711
-50.47356414794922
-50.398094177246094
-50.299346923828125
-50.301658630371094
-50.33472442626953
-50.38114547729492
-50.44169616699219
-50.4807243347168
-50.42344665527344
-50.213226318359375
-50.3042106628418
-50.31953048706055
-50.45299530029297
-50.39484786987305
-50.39137268066406
-50.384681701660156
-50.45680236816406
-50.39772415161133
-50.28221130371094
-50.33055114746094
-50.4002799987793
-50.367733001708984
-50.42182540893555
-50.42437744140625
-50.476348876953125
-50.46282958984375
-50.44594192504883
-50.45503234863281
-50.39004898071289
-50.26868438720703
-50.34598922729492
-50.406673431396484
-50.49028778076172
-50.48290252685547
-50.477081298828125
-50.44465255737305
-50.452552795410156
-50.38273620605469
-50.35322952270508
-50.34813690185547
-50.423065185546875
-50.47422790527344
-50.46992492675781
-50.47695541381836
-50.47686767578125
-50.40085220336914
-50.36705017089844
-50.372093200683594
-50.39327621459961
-50.43735122680664
-50.47732162475586
-50.469383239746094
-50.520851135253906
-50.46553039550781
-50.486122131347656
-50.44021224975586
-50.340755462646484
-50.32374572753906
-50.42498016357422
-50.495933532714844
-50.504486083984375
-50.47510528564453
-50.415626525878906
-50.25555419921875
-50.39311218261719
-50.49727249145508
-50.51091766357422
-50.41370391845703
-50.34209060668945
-50.34503936767578
-50.382720947265625
-50.461544036865234
-50.512107849121094
-50.422386169433594
-50.42000961303711
-50.312252044677734
-50.29581832885742
-50.41032791137695
-50.38329315185547
-50.519351959228516
-50.473941802978516
-50.39830017089844
-50.36980056762695
-50.31529235839844
-50.38041687011719
-50.406803131103516
-50.3618278503418
-50.4567756652832
-50.43934631347656
-50.398345947265625
-50.383270263671875
-50.46504211425781
-50.4222297668457
-50.378196716308594
-50.45603942871094
-50.432464599609375
-50.357242584228516
-50.3338623046875
-50.22575759887695
-50.21974182128906
-50.30147933959961
-50.07537078857422
-50.29582977294922
-50.339847564697266
-50.06724166870117
-50.148406982421875
-50.405025482177734
-50.457149505615234
-50.31889724731445
-50.21388626098633
-50.21979522705078
-50.43882369995117
-50.513492584228516
-50.21581268310547
-50.102901458740234
-50.29001235961914
-50.32908248901367
-50.39158630371094
-50.315975189208984
-50.384071350097656
-50.4810791015625
-50.46678161621094
-50.38113021850586
-50.37671661376953
-50.461978912353516
-50.40371322631836
-50.36332702636719
-50.408729553222656
-50.41226577758789
-50.453121185302734
-50.44802474975586
-50.435604095458984
-50.453670501708984
-50.49139404296875
-50.4694709777832
-50.478782653808594
-50.44591522216797
-50.4160041809082
-50.406837463378906
-50.448509216308594
-50.537044525146484
-50.411354064941406
-50.41299819946289
-50.379119873046875
-50.30912399291992
-50.313995361328125
-50.38151931762695
-50.443538665771484
-50.5408821105957
-50.47577667236328
-50.27240753173828
-50.32188415527344
-50.44640350341797
-50.419654846191406
-50.357398986816406
-50.2042350769043
-50.38357925415039
-50.44275665283203
-50.469444274902344
-50.46348571777344
-50.41436767578125
-50.243072509765625
-50.349853515625
-50.423973083496094
-50.49848175048828
-50.44527816772461
-50.468788146972656
-50.415889739990234
-50.38450622558594
-50.36442565917969
-50.45411682128906
-50.51414489746094
-50.520263671875
-50.48012161254883
-50.509281158447266
-50.43621063232422
-50.4967155456543
-50.485294342041016
-50.46714401245117
-50.359947204589844
-50.282981872558594
-50.386558532714844
-50.44498825073242
-50.495418548583984
-50.477298736572266
-50.40972137451172
-50.27939987182617
-50.325286865234375
-50.408538818359375
-50.44093704223633
-50.47450256347656
-50.446067810058594
-50.43711471557617
-50.45307922363281
-50.45817947387695
-50.42726135253906
-50.410457611083984
-50.43367004394531
-50.48415756225586
-50.430538177490234
-50.36858367919922
-50.47760772705078
-50.40872573852539
-50.385169982910156
-50.45000076293945
-50.446773529052734
-50.46086883544922
-50.461219787597656
-50.41819763183594
-50.440948486328125
-50.428192138671875
-50.44590377807617
-50.418983459472656
-50.48771667480469
-50.44963836669922
-50.48208236694336
-50.50324249267578
-50.44094467163086
-50.25047302246094
-50.360923767089844
-50.4157829284668
-50.471107482910156
-50.51171112060547
-50.462158203125
-50.50360107421875
-50.50438690185547
-50.37236785888672
-50.31108856201172
-50.36438751220703
-50.45622634887695
-50.485103607177734
-50.50849151611328
-50.38486099243164
-50.37129211425781
-50.372833251953125
-50.43849182128906
-50.44157409667969
-50.43252182006836
-50.418575286865234
-50.41682815551758
-50.475868225097656
-50.474700927734375
-50.46533966064453
-50.40507507324219
-50.350440979003906
-50.371177673339844
-50.38478469848633
-50.42296600341797
-50.422916412353516
-50.48247528076172
-50.44354248046875
-50.4001350402832
-50.419708251953125
-50.46321105957031
-50.500633239746094
-50.473880767822266
-50.40788269042969
-50.46118927001953
-50.46293258666992
-50.47325897216797
-50.430938720703125
-50.424644470214844
-50.38844680786133
-50.336814880371094
-50.40130615234375
-50.49980926513672
-50.37020492553711
-50.468475341796875
-50.49540710449219
-50.46467590332031
-50.48313522338867
-50.468116760253906
-50.48564910888672
-50.52593231201172
-50.43387985229492
-50.402793884277344
-50.29719161987305
-50.330814361572266
-50.5145263671875
-50.54991149902344
-50.494842529296875
-50.432586669921875
-50.40636444091797
-50.38569259643555
-50.42233657836914
-50.383079528808594
-50.4375
-50.4215087890625
-50.45170593261719
-50.46690368652344
-50.42584991455078
-50.483642578125
-50.396148681640625
-50.36693572998047
-50.490299224853516
-50.38658142089844
-50.40760040283203
-50.44336700439453
-50.46502685546875
-50.490848541259766
-50.43519592285156
-50.41442108154297
-50.47404479980469
-50.395713806152344
-50.388702392578125
-50.382102966308594
-50.46305847167969
-50.47520446777344
-50.49163818359375
-50.503814697265625
-50.47187423706055
-50.27516555786133
-50.40863037109375
-50.46084976196289
-50.45677947998047
-50.39158248901367
-50.260379791259766
-50.34723663330078
-50.487998962402344
-50.479793548583984
-50.31575012207031
-50.31584930419922
-50.43783950805664
-50.49650573730469
-50.474456787109375
-50.34786605834961
-50.35873031616211
-50.423011779785156
-50.45036315917969
-50.46577072143555
-50.48528289794922
-50.39897918701172
-50.371456146240234
-50.31524658203125
-50.44878387451172
-50.40351867675781
-50.56077575683594
-50.44190979003906
-50.39369583129883
-50.45045471191406
-50.40576934814453
-50.34861755371094
-50.4565315246582
-50.44464111328125
-50.37898254394531
-50.435516357421875
-50.46965408325195
-50.4956169128418
-50.45091247558594
-50.501041412353516
-50.513511657714844
-50.418846130371094
-50.408870697021484
-50.396949768066406
-50.39659881591797
-50.45756530761719
-50.47056198120117
-50.44244384765625
-50.40203857421875
-50.4023551940918
-50.471275329589844
-50.46546173095703
-50.40130615234375
-50.399986267089844
-50.38327407836914
-50.34900665283203
-50.266700744628906
-50.4183349609375
-50.480003356933594
-50.4291877746582
-50.44794845581055
-50.40171813964844
-50.36623001098633
-50.39025115966797
-50.42171859741211
-50.44123458862305
-50.49803924560547
-50.481990814208984
-50.48249816894531
-50.54277801513672
-50.50299072265625
-50.43965148925781
-50.54400634765625
-50.54487609863281
-50.51951599121094
-50.54645538330078
-50.36708450317383
-50.33755111694336
-50.42430114746094
-50.34373092651367
-50.45566940307617
-50.492794036865234
-50.485931396484375
-50.395057678222656
-50.348167419433594
-50.29735565185547
-50.4225959777832
-50.52414321899414
-50.49610900878906
-50.424842834472656
-50.40716552734375
-50.3592643737793
-50.35772705078125
-50.421722412109375
-50.41830062866211
-50.45043182373047
-50.46019744873047
-50.468658447265625
-50.49432373046875
-50.470367431640625
-50.3488883972168
-50.34765625
-50.35679626464844
-50.51172637939453
-50.476646423339844
-50.41547393798828
-50.25662612915039
-50.1628532409668
-50.35634994506836
-50.46101379394531
-50.416297912597656
-50.394840240478516
-50.32143783569336
-50.38292694091797
-50.438018798828125
-50.4998664855957
-50.51730728149414
-50.52787780761719
-50.50105667114258
-50.4500617980957
-50.43049240112305
-50.42851638793945
-50.461341857910156
-50.434043884277344
-50.41769027709961
-50.46690368652344
-50.48684310913086
-50.47892761230469
-50.53486633300781
-50.54595184326172
-50.530723571777344
-50.518287658691406
-50.43626022338867
-50.471435546875
-50.37591552734375
-50.35792541503906
-50.3829231262207
-50.485389709472656
-50.53276443481445
-50.426414489746094
-50.38406753540039
-50.29766082763672
-50.416988372802734
-50.546104431152344
-50.46142578125
-50.37202835083008
-50.3698844909668
-50.41780090332031
-50.4419059753418
-50.583099365234375
-50.497474670410156
-50.41731262207031
-50.274845123291016
-50.40985107421875
-50.50055694580078
-50.43488311767578
-50.46354293823242
-50.37901306152344
-50.44480514526367
-50.43843078613281
-50.471920013427734
-50.48349380493164
-50.48740005493164
-50.54429626464844
-50.49410629272461
-50.540348052978516
-50.521915435791016
-50.554595947265625
-50.50023651123047
-50.563785552978516
-50.456153869628906
-50.49637222290039
-50.47517395019531
-50.47355651855469
-50.47332000732422
-50.45524215698242
-50.45355987548828
-50.44548797607422
-50.350250244140625
-50.45692443847656
-50.4789924621582
-50.517459869384766
-50.48023986816406
-50.48414611816406
-50.47369384765625
-50.37084197998047
-50.34588623046875
-50.444435119628906
-50.54119110107422
-50.51911544799805
-50.42445373535156
-50.3973503112793
-50.46031188964844
-50.495445251464844
-50.489437103271484
-50.48711013793945
-50.53107452392578
-50.407867431640625
-50.4706916809082
-50.51609420776367
-50.50248336791992
-50.56092834472656
-50.512123107910156
-50.51587677001953
-50.49454879760742
-50.47129440307617
-50.482200622558594
-50.38178253173828
-50.411434173583984
-50.50239562988281
-50.495025634765625
-50.50306701660156
-50.51448440551758
-50.501216888427734
-50.42597198486328
-50.398494720458984
-50.421321868896484
-50.44989013671875
-50.55180358886719
-50.512786865234375
-50.509063720703125
-50.506832122802734
-50.55230712890625
-50.35816955566406
-50.36754608154297
-50.37325668334961
-50.42913055419922
-50.50848388671875
-50.54032897949219
-50.480987548828125
-50.49825668334961
-50.45249557495117
-50.40303421020508
-50.50594711303711
-50.51317596435547
-50.48061752319336
-50.5011100769043
-50.36819076538086
-50.368438720703125
-50.473751068115234
-50.527957916259766
-50.486106872558594
-50.48332214355469
-50.48722839355469
-50.406471252441406
-50.42130661010742
-50.48548889160156
-50.54571533203125
-50.534027099609375
-50.503273010253906
-50.55832290649414
-50.478736877441406
-50.583011627197266
-50.47904968261719
-50.48253631591797
-50.358001708984375
-50.51466369628906
-50.488372802734375
-50.547733306884766
-50.53525924682617
-50.531524658203125
-50.43369674682617
-50.33948516845703
-50.317989349365234
-50.42472839355469
-50.499813079833984
-50.541839599609375
-50.42963409423828
-50.37895202636719
-50.45589065551758
-50.47072219848633
-50.463531494140625
-50.294193267822266
-50.34208679199219
-50.512733459472656
-50.48329162597656
-50.421085357666016
-50.274757385253906
-50.29193878173828
-50.43443298339844
-50.46986770629883
-50.44422912597656
-50.44110107421875
-50.325008392333984
-50.351112365722656
-50.49934387207031
-50.54098129272461
-50.49269104003906
-50.413658142089844
-50.39421081542969
-50.36621856689453
-50.445926666259766
-50.519981384277344
-50.51251220703125
-50.4544563293457
-50.52593994140625
-50.51237487792969
-50.4495735168457
-50.37604522705078
-50.327606201171875
-50.4328498840332
-50.53047561645508
-50.512229919433594
-50.4078369140625
-50.307273864746094
-50.425899505615234
-50.53009033203125
-50.528785705566406
-50.488868713378906
-50.398170471191406
-50.45283508300781
-50.526824951171875
-50.509490966796875
-50.53258514404297
-50.524879455566406
-50.30487823486328
-50.341270446777344
-50.474342346191406
-50.52234649658203
-50.56507873535156
-50.49028015136719
-50.525474548339844
-50.532135009765625
-50.54587173461914
-50.47615051269531
-50.514869689941406
-50.50404357910156
-50.410404205322266
-50.523780822753906
-50.52400207519531
-50.39840316772461
-50.41088104248047
-50.473148345947266
-50.498626708984375
-50.49531936645508
-50.510986328125
-50.43153381347656
-50.44401550292969
-50.514564514160156
-50.566139221191406
-50.36122512817383
-50.3076171875
-50.32201385498047
-50.44987106323242
-50.42809295654297
-50.269561767578125
-50.26869583129883
-50.36256408691406
-50.475440979003906
-50.47491455078125
-50.30704879760742
-50.36796569824219
-50.42926025390625
-50.493927001953125
-50.48784637451172
-50.385986328125
-50.35384750366211
-50.3873291015625
-50.47887420654297
-50.46893310546875
-50.53234100341797
-50.53781509399414
-50.4476432800293
-50.53660583496094
-50.52678298950195
-50.509151458740234
-50.40221405029297
-50.42713928222656
-50.50787353515625
-50.606449127197266
-50.53076934814453
-50.45695495605469
-50.38686752319336
-50.50897979736328
-50.46879577636719
-50.479286193847656
-50.39617919921875
-50.374996185302734
-50.553497314453125
-50.58962631225586
-50.5096549987793
-50.48050308227539
-50.58402633666992
-50.52005386352539
-50.462738037109375
-50.40636444091797
-50.39542770385742
-50.469940185546875
-50.50881576538086
-50.580833435058594
-50.49180221557617
-50.52204895019531
-50.408226013183594
-50.50418472290039
-50.479461669921875
-50.4857063293457
-50.492610931396484
-50.498435974121094
-50.42194366455078
-50.49048614501953
-50.48043441772461
-50.41632080078125
-50.573143005371094
-50.60298538208008
-50.50947570800781
-50.52323532104492
-50.50952911376953
-50.44135284423828
-50.44361877441406
-50.444557189941406
-50.52607727050781
-50.553749084472656
-50.43870544433594
-50.545166015625
-50.55206298828125
-50.56726837158203
-50.564762115478516
-50.554595947265625
-50.55980682373047
-50.534934997558594
-50.50786209106445
-50.42736053466797
-50.544803619384766
-50.52505874633789
-50.533084869384766
-50.56787109375
-50.55289840698242
-50.551273345947266
-50.54497146606445
-50.55752182006836
-50.49784469604492
-50.451637268066406
-50.42511749267578
-50.504486083984375
-50.56821823120117
-50.40125274658203
-50.545501708984375
-50.569068908691406
-50.537757873535156
-50.5724983215332
-50.48409652709961
-50.490440368652344
-50.44828796386719
-50.47013854980469
-50.52009582519531
-50.530975341796875
-50.503292083740234
-50.48157501220703
-50.537113189697266
-50.566986083984375
-50.57183074951172
-50.51042175292969
-50.482513427734375
-50.4829216003418
-50.52997589111328
-50.507667541503906
-50.54469680786133
-50.545719146728516
-50.48871994018555
-50.545799255371094
-50.46788787841797
-50.49119186401367
-50.554073333740234
-50.512359619140625
-50.55403518676758
-50.54814147949219
-50.542686462402344
-50.52509307861328
-50.438934326171875
-50.408470153808594
-50.476806640625
-50.51813888549805
-50.48815155029297
-50.55476760864258
-50.575565338134766
-50.434288024902344
-50.513362884521484
-50.50675964355469
-50.49384307861328
-50.5049934387207
-50.48614501953125
-50.45009231567383
-50.45862579345703
-50.44599914550781
-50.45778274536133
-50.47876739501953
-50.5267333984375
-50.515316009521484
-50.49036407470703
-50.529754638671875
-50.51264190673828
-50.50253677368164
-50.574302673339844
-50.55122375488281
-50.540531158447266
-50.49310302734375
-50.474609375
-50.506954193115234
-50.53126525878906
-50.59157180786133
-50.5560302734375
-50.463623046875
-50.526187896728516
-50.45786666870117
-50.498985290527344
-50.546207427978516
-50.477325439453125
-50.5311393737793
-50.57730484008789
-50.53055953979492
-50.48884963989258
-50.49785614013672
-50.4608154296875
-50.521148681640625
-50.53620910644531
-50.452022552490234
-50.4630126953125
-50.46358108520508
-50.4361457824707
-50.49260711669922
-50.49700927734375
-50.47903060913086
-50.485843658447266
-50.55009841918945
-50.49422836303711
-50.49540710449219
-50.562068939208984
-50.57051086425781
-50.527679443359375
-50.56446838378906
-50.57981491088867
-50.539573669433594
-50.58143615722656
-50.581321716308594
-50.577667236328125
-50.57970428466797
-50.580345153808594
-50.539634704589844
-50.501243591308594
-50.35960388183594
-50.45240020751953
-50.564823150634766
-50.63084411621094
-50.586177825927734
-50.577613830566406
-50.531551361083984
-50.38043975830078
-50.47447967529297
-50.46641540527344
-50.5758056640625
-50.57027053833008
-50.51675033569336
-50.44232940673828
-50.419761657714844
-50.4654541015625
-50.6026611328125
-50.518802642822266
-50.497833251953125
-50.49395751953125
-50.60389709472656
-50.53384780883789
-50.52117919921875
-50.527061462402344
-50.4752197265625
-50.42875671386719
-50.44671630859375
-50.44426727294922
-50.42724609375
-50.55257797241211
-50.55082702636719
-50.505592346191406
-50.55942153930664
-50.49440383911133
-50.442649841308594
-50.404090881347656
-50.409149169921875
-50.446041107177734
-50.496826171875
-50.53685760498047
-50.53965377807617
-50.47414779663086
-50.444091796875
-50.45438766479492
-50.46469497680664
-50.51213455200195
-50.467613220214844
-50.533424377441406
-50.571529388427734
-50.518714904785156
-50.56278991699219
-50.53938293457031
-50.54128646850586
-50.458091735839844
-50.464508056640625
-50.52241516113281
-50.57882308959961
-50.66011428833008
-50.587493896484375
-50.38475799560547
-50.40516662597656
-50.45323181152344
-50.523704528808594
-50.585716247558594
-50.35696029663086
-50.31641387939453
-50.29362106323242
-50.48143768310547
-50.530094146728516
-50.428497314453125
-50.36842346191406
-50.33207321166992
-50.413124084472656
-50.52957534790039
-50.60035705566406
-50.44906234741211
-50.50043487548828
-50.41205596923828
-50.37760925292969
-50.53483963012695
-50.56615447998047
-50.57977294921875
-50.559661865234375
-50.53303146362305
-50.43854904174805
-50.523738861083984
-50.503143310546875
-50.49522399902344
-50.53484344482422
-50.489688873291016
-50.502769470214844
-50.50952911376953
-50.55786895751953
-50.52602005004883
-50.51692581176758
-50.510677337646484
-50.49597930908203
-50.45769119262695
-50.54868698120117
-50.569862365722656
-50.562992095947266
-50.52145767211914
-50.543643951416016
-50.5607795715332
-50.462493896484375
-50.48619079589844
-50.40972137451172
-50.42681121826172
-50.450660705566406
-50.476318359375
-50.568626403808594
-50.61315155029297
-50.4924430847168
-50.56302261352539
-50.63759994506836
-50.53777313232422
-50.5722770690918
-50.455081939697266
-50.432342529296875
-50.49079132080078
-50.536502838134766
-50.567203521728516
-50.56563186645508
-50.593971252441406
-50.56752014160156
-50.526756286621094
-50.48381423950195
-50.567161560058594
-50.528839111328125
-50.552738189697266
-50.46696090698242
-50.455989837646484
-50.477500915527344
-50.5081672668457
-50.488525390625
-50.514183044433594
-50.55134582519531
-50.53533172607422
-50.481929779052734
-50.536338806152344
-50.48921203613281
-50.52033996582031
-50.52766036987305
-50.60717010498047
-50.53484344482422
-50.540443420410156
-50.577796936035156
-50.540714263916016
-50.585113525390625
-50.548187255859375
-50.60565185546875
-50.59138107299805
-50.52395248413086
-50.5220947265625
-50.471412658691406
-50.43877410888672
-50.54575729370117
-50.554481506347656
-50.572975158691406
-50.57862091064453
-50.61007308959961
-50.50880432128906
-50.493736267089844
-50.41740798950195
-50.505287170410156
-50.589393615722656
-50.54277801513672
-50.566070556640625
-50.592288970947266
-50.611080169677734
-50.48725128173828
-50.54850387573242
-50.48918914794922
-50.51292419433594
-50.470375061035156
-50.46940231323242
-50.473514556884766
-50.44599151611328
-50.485687255859375
-50.466976165771484
-50.53504943847656
-50.56712341308594
-50.557228088378906
-50.5479621887207
-50.540496826171875
-50.389923095703125
-50.41696548461914
-50.548667907714844
-50.54936218261719
-50.538482666015625
-50.56838607788086
-50.59749221801758
-50.59795379638672
-50.616458892822266
-50.602752685546875
-50.522377014160156
-50.41658020019531
-50.416805267333984
-50.59590530395508
-50.60200119018555
-50.52140808105469
-50.498924255371094
-50.45368576049805
-50.46770095825195
-50.59812545776367
-50.590087890625
-50.55066680908203
-50.40571594238281
-50.360408782958984
-50.548919677734375
-50.54838943481445
-50.529327392578125
-50.367774963378906
-50.423912048339844
-50.5729866027832
-50.54279327392578
-50.611534118652344
-50.608558654785156
-50.5961799621582
-50.545692443847656
-50.5289192199707
-50.47978210449219
-50.4966926574707
-50.4971923828125
-50.55316162109375
-50.57175064086914
-50.6068115234375
-50.555572509765625
-50.53108215332031
-50.52275085449219
-50.51643371582031
-50.45306396484375
-50.54834747314453
-50.473838806152344
-50.58024597167969
-50.506717681884766
-50.43693542480469
-50.40309524536133
-50.54967498779297
-50.531700134277344
-50.615257263183594
-50.558624267578125
-50.56094741821289
-50.531402587890625
-50.52432632446289
-50.524105072021484
-50.521766662597656
-50.54607391357422
-50.556880950927734
-50.6201057434082
-50.599544525146484
-50.64283752441406
-50.58551025390625
-50.62812805175781
-50.60143280029297
-50.53230285644531
-50.43220138549805
-50.49139404296875
-50.54763412475586
-50.56153869628906
-50.38886642456055
-50.37027359008789
-50.492340087890625
-50.602359771728516
-50.527305603027344
-50.2485466003418
-50.419952392578125
-50.60086441040039
-50.521270751953125
-50.34783172607422
-50.52275848388672
-50.58626937866211
-50.53945541381836
-50.51945495605469
-50.39079284667969
-50.48493194580078
-50.55909729003906
-50.61739730834961
-50.6080436706543
-50.548866271972656
-50.54876708984375
-50.50956726074219
-50.451560974121094
-50.461788177490234
-50.521812438964844
-50.56195068359375
-50.56642150878906
-50.43205261230469
-50.45443344116211
-50.57416915893555
-50.60829162597656
-50.562564849853516
-50.53873825073242
-50.46466827392578
-50.52324676513672
-50.57545471191406
-50.57042694091797
-50.45805740356445
-50.338294982910156
-50.51880645751953
-50.57844543457031
-50.53168869018555
-50.32728576660156
-50.48899459838867
-50.611732482910156
-50.55677032470703
-50.44222640991211
-50.309444427490234
-50.43754959106445
-50.61726379394531
-50.501548767089844
-50.443756103515625
-50.51354217529297
-50.5564079284668
-50.613548278808594
-50.59532165527344
-50.6006965637207
-50.522857666015625
-50.46160888671875
-50.535133361816406
-50.573184967041016
-50.65325927734375
-50.585914611816406
-50.52659606933594
-50.456146240234375
-50.50600051879883
-50.62263488769531
-50.61475372314453
-50.59501647949219
-50.615970611572266
-50.57281494140625
-50.48821258544922
-50.40637969970703
-50.50639724731445
-50.59999465942383
-50.573219299316406
-50.51020812988281
-50.416194915771484
-50.487464904785156
-50.59540557861328
-50.592933654785156
-50.515953063964844
-50.4066276550293
-50.35821533203125
-50.48533248901367
-50.545021057128906
-50.592132568359375
-50.56116485595703
-50.49105453491211
-50.6213264465332
-50.58551025390625
-50.43658447265625
-50.45967102050781
-50.54771423339844
-50.531227111816406
-50.35585403442383
-50.154579162597656
-50.43763732910156
-50.53254318237305
-50.52533721923828
-50.41719436645508
-50.4419059753418
-50.485877990722656
-50.424964904785156
-50.369876861572266
-50.394554138183594
-50.4979362487793
-50.50490188598633
-50.45591735839844
-50.43956756591797
-50.488792419433594
-50.52190399169922
-50.48467254638672
-50.54288864135742
-50.50113296508789
-50.471031188964844
-50.48503494262695
-50.555320739746094
-50.672733306884766
-50.59501647949219
-50.55173873901367
-50.483306884765625
-50.58191680908203
-50.556854248046875
-50.533836364746094
-50.59238052368164
-50.46514892578125
-50.513145446777344
-50.524410247802734
-50.638084411621094
-50.54046630859375
-50.31009292602539
-50.41596984863281
-50.550716400146484
-50.54291534423828
-50.497314453125
-50.46335983276367
-50.508548736572266
-50.583534240722656
-50.589942932128906
-50.55312728881836
-50.51592254638672
-50.48439025878906
-50.5877571105957
-50.58342742919922
-50.552154541015625
-50.477928161621094
-50.45966339111328
-50.53522872924805
-50.601173400878906
-50.63565444946289
-50.59996795654297
-50.5931396484375
-50.51048278808594
-50.55200958251953
-50.5129280090332
-50.426029205322266
-50.49440002441406
-50.53435516357422
-50.59522247314453
-50.63459777832031
-50.671260833740234
-50.62746810913086
-50.576866149902344
-50.6317024230957
-50.59971237182617
-50.62255096435547
-50.440494537353516
-50.487674713134766
-50.44139862060547
-50.51406478881836
-50.60115432739258
-50.55717849731445
-50.624549865722656
-50.64666748046875
-50.594261169433594
-50.56383514404297
-50.61231231689453
-50.55332946777344
-50.574562072753906
-50.64324188232422
-50.57575607299805
-50.47016906738281
-50.556602478027344
-50.4538459777832
-50.49156188964844
-50.53602600097656
-50.49533462524414
-50.519561767578125
-50.53682327270508
-50.49383544921875
-50.53144073486328
-50.5809326171875
-50.54828643798828
-50.47312927246094
-50.54354476928711
-50.491172790527344
-50.52886199951172
-50.57908630371094
-50.59703063964844
-50.50004577636719
-50.66395950317383
-50.5655632019043
-50.590187072753906
-50.60066604614258
-50.58912658691406
-50.52971267700195
-50.44523239135742
-50.553367614746094
-50.54138946533203
-50.592262268066406
-50.6490364074707
-50.57560348510742
-50.54606628417969
-50.59208679199219
-50.64700698852539
-50.64598083496094
-50.59166717529297
-50.52962112426758
-50.63764572143555
-50.560272216796875
-50.5786018371582
-50.59501647949219
-50.52735137939453
-50.506954193115234
-50.55174255371094
-50.56178283691406
-50.628196716308594
-50.581600189208984
-50.59968948364258
-50.5453987121582
-50.63410568237305
-50.564720153808594
-50.69425964355469
-50.63291549682617
-50.652591705322266
-50.686187744140625
-50.61572265625
-50.57286071777344
-50.6024169921875
-50.485816955566406
-50.52967071533203
-50.57014465332031
-50.58588790893555
-50.616371154785156
-50.59317398071289
-50.59955596923828
-50.54900360107422
-50.524593353271484
-50.598388671875
-50.529266357421875
-50.57231521606445
-50.586585998535156
-50.59115982055664
-50.59025955200195
-50.63877868652344
-50.6165885925293
-50.67343521118164
-50.688209533691406
-50.69245910644531
-50.54108428955078
-50.605079650878906
-50.63486862182617
-50.61106872558594
-50.607879638671875
-50.66035461425781
-50.54338836669922
-50.587127685546875
-50.43675231933594
-50.495765686035156
-50.555519104003906
-50.503273010253906
-50.49453353881836
-50.5339469909668
-50.639827728271484
-50.644344329833984
-50.61659240722656
-50.639461517333984
-50.60044860839844
-50.535152435302734
-50.593631744384766
-50.58488082885742
-50.59181213378906
-50.5861930847168
-50.571006774902344
-50.545684814453125
-50.51431655883789
-50.5240592956543
-50.55562973022461
-50.593849182128906
-50.58203125
-50.542205810546875
-50.579498291015625
-50.5979118347168
-50.608619689941406
-50.492759704589844
-50.49528503417969
-50.556068420410156
-50.569068908691406
-50.622562408447266
-50.65595245361328
-50.664344787597656
-50.61692810058594
-50.64773941040039
-50.58055877685547
-50.56006622314453
-50.438446044921875
-50.55268096923828
-50.612972259521484
-50.587913513183594
-50.590335845947266
-50.50849914550781
-50.52375793457031
-50.50596618652344
-50.59449005126953
-50.568511962890625
-50.61275100708008
-50.55390930175781
-50.39018630981445
-50.52779006958008
-50.60239028930664
-50.63962173461914
-50.56034851074219
-50.492889404296875
-50.396488189697266
-50.52949905395508
-50.62295150756836
-50.59528350830078
-50.53278350830078
-50.61090087890625
-50.5224609375
-50.516380310058594
-50.50321960449219
-50.47732162475586
-50.57048034667969
-50.62702178955078
-50.579612731933594
-50.56379699707031
-50.55775451660156
-50.47506332397461
-50.51113510131836
-50.57966232299805
-50.51566696166992
-50.57813262939453
-50.58912658691406
-50.60679626464844
-50.6021728515625
-50.602294921875
-50.627986907958984
-50.58279037475586
-50.53523254394531
-50.52115249633789
-50.580135345458984
-50.60770797729492
-50.59868240356445
-50.60729217529297
-50.591861724853516
-50.67280960083008
-50.62136459350586
-50.628265380859375
-50.656822204589844
-50.63190460205078
-50.63053894042969
-50.53441619873047
-50.48509216308594
-50.51402282714844
-50.54010772705078
-50.58051300048828
-50.6287727355957
-50.633689880371094
-50.683921813964844
-50.641632080078125
-50.64216995239258
-50.67070007324219
-50.589237213134766
-50.56339645385742
-50.57759094238281
-50.5357666015625
-50.56877899169922
-50.623779296875
-50.624908447265625
-50.60049819946289
-50.607688903808594
-50.52870178222656
-50.511573791503906
-50.556854248046875
-50.6099967956543
-50.59471130371094
-50.61697769165039
-50.65876770019531
-50.598323822021484
-50.61529541015625
-50.578460693359375
-50.631473541259766
-50.527130126953125
-50.42683410644531
-50.50198745727539
-50.522178649902344
-50.66107940673828
-50.560752868652344
-50.522010803222656
-50.422882080078125
-50.54724884033203
-50.61041259765625
-50.5888671875
-50.47710037231445
-50.43899917602539
-50.54878616333008
-50.57046127319336
-50.51158142089844
-50.598594665527344
-50.584163665771484
-50.55488586425781
-50.623939514160156
-50.636512756347656
-50.68414306640625
-50.64646911621094
-50.59270477294922
-50.56102752685547
-50.525760650634766
-50.53160858154297
-50.59638214111328
-50.66407775878906
-50.66796112060547
-50.57340621948242
-50.5681037902832
-50.546226501464844
-50.568904876708984
-50.570255279541016
-50.51411056518555
-50.51704788208008
-50.57052993774414
-50.53956604003906
-50.58474349975586
-50.66001892089844
-50.54490661621094
-50.51690673828125
-50.592552185058594
-50.492061614990234
-50.485328674316406
-50.49003982543945
-50.470191955566406
-50.592994689941406
-50.62090301513672
-50.61283493041992
-50.5740966796875
-50.52144241333008
-50.49990463256836
-50.547611236572266
-50.617923736572266
-50.52730178833008
-50.567718505859375
-50.59710693359375
-50.51856231689453
-50.44474792480469
-50.54082489013672
-50.573177337646484
-50.623321533203125
-50.55720520019531
-50.51924133300781
-50.45721435546875
-50.52772903442383
-50.573734283447266
-50.585594177246094
-50.56525421142578
-50.40858459472656
-50.39665222167969
-50.50736999511719
-50.546905517578125
-50.61376953125
-50.55389404296875
-50.510013580322266
-50.595481872558594
-50.599246978759766
-50.60480499267578
-50.64341735839844
-50.645751953125
-50.508060455322266
-50.53224563598633
-50.548667907714844
-50.57862854003906
-50.46299743652344
-50.56813430786133
-50.55104064941406
-50.42848205566406
-50.57619857788086
-50.532859802246094
-50.609474182128906
-50.59208679199219
-50.5095329284668
-50.48353576660156
-50.5550422668457
-50.59239959716797
-50.585121154785156
-50.588951110839844
-50.55101776123047
-50.55829620361328
-50.574462890625
-50.49551773071289
-50.56193923950195
-50.601016998291016
-50.570526123046875
-50.57115173339844
-50.54814147949219
-50.633689880371094
-50.667903900146484
-50.65605926513672
-50.62596130371094
-50.58098602294922
-50.569190979003906
-50.54035949707031
-50.523109436035156
-50.63098907470703
-50.57212448120117
-50.623504638671875
-50.60349655151367
-50.520179748535156
-50.473426818847656
-50.550785064697266
-50.540611267089844
-50.555511474609375
-50.58130645751953
-50.607852935791016
-50.57218551635742
-50.610374450683594
-50.51362609863281
-50.49039077758789
-50.467018127441406
-50.538658142089844
-50.54384231567383
-50.62202453613281
-50.601097106933594
-50.535335540771484
-50.44533920288086
-50.35124969482422
-50.550750732421875
-50.62647247314453
-50.61844253540039
-50.583839416503906
-50.5833625793457
-50.53628158569336
-50.588111877441406
-50.57228088378906
-50.56410598754883
-50.68647766113281
-50.64619064331055
-50.6393928527832
-50.57404708862305
-50.582191467285156
-50.579994201660156
-50.51921844482422
-50.602230072021484
-50.62526321411133
-50.5975341796875
-50.472084045410156
-50.58856201171875
-50.50114440917969
-50.47631072998047
-50.56305694580078
-50.617919921875
-50.628211975097656
-50.65489196777344
-50.56053924560547
-50.399024963378906
-50.3179817199707
-50.60886001586914
-50.646263122558594
-50.649932861328125
-50.44815444946289
-50.413291931152344
-50.532493591308594
-50.64039611816406
-50.659332275390625
-50.56536102294922
-50.68136215209961
-50.61724853515625
-50.59991455078125
-50.52429962158203
-50.496646881103516
-50.51946258544922
-50.662269592285156
-50.661556243896484
-50.642494201660156
-50.59770202636719
-50.57135772705078
-50.440216064453125
-50.452659606933594
-50.566680908203125
-50.6297607421875
-50.64844512939453
-50.53310775756836
-50.43946075439453
-50.48787307739258
-50.54368591308594
-50.68369674682617
-50.60081481933594
-50.46988296508789
-50.509498596191406
-50.55363464355469
-50.618324279785156
-50.502681732177734
-50.38317108154297
-50.56867980957031
-50.66822814941406
-50.69628143310547
-50.50468826293945
-50.67521667480469
-50.493194580078125
-50.53997039794922
-50.63214874267578
-50.62198257446289
-50.530391693115234
-50.50094985961914
-50.44657897949219
-50.56461715698242
-50.656044006347656
-50.55610275268555
-50.54181671142578
-50.44477462768555
-50.59868621826172
-50.62016296386719
-50.53052520751953
-50.447227478027344
-50.483863830566406
-50.58477783203125
-50.61238098144531
-50.56358337402344
-50.36301040649414
-50.53755187988281
-50.664066314697266
-50.611061096191406
-50.48230743408203
-50.481910705566406
-50.63676452636719
-50.68596649169922
-50.57889938354492
-50.43741989135742
-50.4801025390625
-50.70637130737305
-50.59969711303711
-50.6663818359375
-50.56535720825195
-50.52861022949219
-50.56037521362305
-50.6766471862793
-50.67314910888672
-50.57814025878906
-50.486000061035156
-50.53028869628906
-50.586971282958984
-50.61381149291992
-50.644981384277344
-50.649932861328125
-50.639278411865234
-50.643856048583984
-50.63720703125
-50.62636947631836
-50.61891174316406
-50.598899841308594
-50.601993560791016
-50.60481262207031
-50.58944320678711
-50.587371826171875
-50.619964599609375
-50.657657623291016
-50.66721725463867
-50.608741760253906
-50.5731201171875
-50.596004486083984
-50.65270233154297
-50.66300964355469
-50.69635772705078
-50.609657287597656
-50.41908264160156
-50.52142333984375
-50.573974609375
-50.67505645751953
-50.631683349609375
-50.65906524658203
-50.663272857666016
-50.70412826538086
-50.69008255004883
-50.634056091308594
-50.65058135986328
-50.56532287597656
-50.58666229248047
-50.63249969482422
-50.61294937133789
-50.60174560546875
-50.620819091796875
-50.55085754394531
-50.56448745727539
-50.5662956237793
-50.5025634765625
-50.61878204345703
-50.63649368286133
-50.65371322631836
-50.642887115478516
-50.62330627441406
-50.63084411621094
-50.617374420166016
-50.59868621826172
-50.581085205078125
-50.60068130493164
-50.62178039550781
-50.54561233520508
-50.48872375488281
-50.47709655761719
-50.559661865234375
-50.58076477050781
-50.63006591796875
-50.54279327392578
-50.48229217529297
-50.45221710205078
-50.59956359863281
-50.66103744506836
-50.63690185546875
-50.5587158203125
-50.52407455444336
-50.54325485229492
-50.67444610595703
-50.67496871948242
-50.67920684814453
-50.67448425292969
-50.68861389160156
-50.669898986816406
-50.67476272583008
-50.64305877685547
-50.68400192260742
-50.703922271728516
-50.607139587402344
-50.51914978027344
-50.57902526855469
-50.58987045288086
-50.65556716918945
-50.64433670043945
-50.65023422241211
-50.56648635864258
-50.544822692871094
-50.54743194580078
-50.65868377685547
-50.62354278564453
-50.68865966796875
-50.66624069213867
-50.57190704345703
-50.50690841674805
-50.541107177734375
-50.59360885620117
-50.6160888671875
-50.63207244873047
-50.55857467651367
-50.63290786743164
-50.6651611328125
-50.626983642578125
-50.63719177246094
-50.62895202636719
-50.54979705810547
-50.646453857421875
-50.59876251220703
-50.59371566772461
-50.62590789794922
-50.629844665527344
-50.63948059082031
-50.60029220581055
-50.62040710449219
-50.504981994628906
-50.53337097167969
-50.56554412841797
-50.62192153930664
-50.676517486572266
-50.65485382080078
-50.58948516845703
-50.503475189208984
-50.55950927734375
-50.64204788208008
-50.595027923583984
-50.679752349853516
-50.693485260009766
-50.556556701660156
-50.598045349121094
-50.50511169433594
-50.643798828125
-50.67582321166992
-50.67104721069336
-50.66365051269531
-50.6211051940918
-50.617103576660156
-50.61541748046875
-50.64787292480469
-50.595008850097656
-50.61688995361328
-50.639198303222656
-50.606319427490234
-50.49333190917969
-50.52277755737305
-50.58289337158203
-50.56386947631836
-50.585594177246094
-50.58818054199219
-50.66682052612305
-50.669189453125
-50.65837097167969
-50.6532096862793
-50.6335563659668
-50.67765808105469
-50.382240295410156
-50.37134552001953
-50.53118133544922
-50.584495544433594
-50.64630126953125
-50.62196350097656
-50.62115478515625
-50.62282943725586
-50.592140197753906
-50.59372329711914
-50.601776123046875
-50.61529541015625
-50.62278747558594
-50.665103912353516
-50.651702880859375
-50.66604232788086
-50.61119079589844
-50.572731018066406
-50.56092071533203
-50.5739631652832
-50.621524810791016
-50.62812042236328
-50.622283935546875
-50.6796989440918
-50.66044998168945
-50.5787239074707
-50.57026672363281
-50.55016326904297
-50.58060836791992
-50.598777770996094
-50.64695358276367
-50.66817092895508
-50.59008026123047
-50.538734436035156
-50.549957275390625
-50.541324615478516
-50.6079216003418
-50.642364501953125
-50.66998291015625
-50.660213470458984
-50.608272552490234
-50.612152099609375
-50.659820556640625
-50.62348937988281
-50.615657806396484
-50.68199920654297
-50.653114318847656
-50.60133361816406
-50.51945877075195
-50.50684356689453
-50.59406280517578
-50.666961669921875
-50.67478561401367
-50.66095733642578
-50.65824508666992
-50.657554626464844
-50.675533294677734
-50.624610900878906
-50.586978912353516
-50.536556243896484
-50.6510124206543
-50.66584014892578
-50.67305374145508
-50.69061279296875
-50.6828498840332
-50.65835952758789
-50.572669982910156
-50.53438186645508
-50.5551643371582
-50.6244010925293
-50.62137985229492
-50.63372802734375
-50.63514709472656
-50.64473342895508
-50.58201599121094
-50.59809112548828
-50.5799560546875
-50.577423095703125
-50.58769226074219
-50.62904357910156
-50.670047760009766
-50.652244567871094
-50.59812927246094
-50.55876922607422
-50.56038284301758
-50.61338424682617
-50.63594436645508
-50.684322357177734
-50.65758514404297
-50.711639404296875
-50.70648193359375
-50.69801330566406
-50.69103240966797
-50.660301208496094
-50.654022216796875
-50.587039947509766
-50.567874908447266
-50.56478500366211
-50.576904296875
-50.60585403442383
-50.677955627441406
-50.67335510253906
-50.64325714111328
-50.664894104003906
-50.643768310546875
-50.608856201171875
-50.586204528808594
-50.57475280761719
-50.66374588012695
-50.64495849609375
-50.6494140625
-50.737457275390625
-50.66537857055664
-50.56919479370117
-50.665618896484375
-50.6131706237793
-50.676918029785156
-50.65202331542969
-50.7027587890625
-50.59764862060547
-50.54927062988281
-50.588645935058594
-50.59077453613281
-50.52256774902344
-50.68458557128906
-50.65153121948242
-50.68614196777344
-50.701210021972656
-50.55430221557617
-50.55583953857422
-50.61530303955078
-50.55303192138672
-50.63282012939453
-50.615684509277344
-50.64512634277344
-50.65266799926758
-50.66731643676758
-50.68293762207031
-50.64220428466797
-50.68321990966797
-50.71565628051758
-50.69523239135742
-50.63227844238281
-50.68416976928711
-50.668853759765625
-50.70293426513672
-50.6771240234375
-50.65043258666992
-50.54436492919922
-50.54218292236328
-50.55038833618164
-50.6330680847168
-50.64228820800781
-50.68690490722656
-50.659183502197266
-50.662723541259766
-50.664695739746094
-50.69077682495117
-50.68274688720703
-50.683929443359375
-50.66873550415039
-50.63014221191406
-50.53153991699219
-50.55260467529297
-50.585166931152344
-50.597137451171875
-50.634090423583984
-50.7005500793457
-50.654972076416016
-50.63367462158203
-50.70920944213867
-50.60382080078125
-50.55904769897461
-50.586185455322266
-50.48072052001953
-50.60453796386719
-50.671112060546875
-50.63530349731445
-50.61663055419922
-50.70527648925781
-50.687164306640625
-50.702484130859375
-50.675262451171875
-50.64178466796875
-50.5972900390625
-50.626800537109375
-50.54490661621094
-50.51432418823242
-50.548118591308594
-50.602333068847656
-50.50981140136719
-50.40233612060547
-50.555641174316406
-50.50440216064453
-50.64461135864258
-50.65953063964844
-50.60224151611328
-50.62816619873047
-50.680511474609375
-50.616241455078125
-50.6299934387207
-50.714759826660156
-50.52592849731445
-50.572364807128906
-50.66688919067383
-50.50862503051758
-50.52001190185547
-50.52708435058594
-50.5126953125
-50.52522659301758
-50.62541961669922
-50.57429504394531
-50.54408264160156
-50.60847854614258
-50.5703125
-50.69581985473633
-50.722347259521484
-50.67201614379883
-50.608001708984375
-50.629859924316406
-50.63637924194336
-50.578826904296875
-50.60388946533203
-50.59496307373047
-50.581111907958984
-50.62490463256836
-50.664085388183594
-50.65159606933594
-50.659950256347656
-50.66568374633789
-50.6514778137207
-50.648780822753906
-50.63506317138672
-50.635498046875
-50.643959045410156
-50.618858337402344
-50.59947204589844
-50.622894287109375
-50.589195251464844
-50.55646896362305
-50.5548210144043
-50.685821533203125
-50.74187469482422
-50.6786003112793
-50.549110412597656
-50.521141052246094
-50.623985290527344
-50.643798828125
-50.523773193359375
-50.45235824584961
-50.4779167175293
-50.64802932739258
-50.630165100097656
-50.44329833984375
-50.481231689453125
-50.6702766418457
-50.602813720703125
-50.48508834838867
-50.477115631103516
-50.561317443847656
-50.672645568847656
-50.61259841918945
-50.70697021484375
-50.53776550292969
-50.44548416137695
-50.41096496582031
-50.571353912353516
-50.58367156982422
-50.60928726196289
-50.46205139160156
-50.499141693115234
-50.61808395385742
-50.541709899902344
-50.433345794677734
-50.4498176574707
-50.63404846191406
-50.60870361328125
-50.66068649291992
-50.53668212890625
-50.37493133544922
-50.52668762207031
-50.606040954589844
-50.677040100097656
-50.58882141113281
-50.480438232421875
-50.42790603637695
-50.570289611816406
-50.63577651977539
-50.67972946166992
-50.609779357910156
-50.58489227294922
-50.60424041748047
-50.64247131347656
-50.61967849731445
-50.61140441894531
-50.603023529052734
-50.50675964355469
-50.5506477355957
-50.494075775146484
-50.508819580078125
-50.580142974853516
-50.74372100830078
-50.66080093383789
-50.64156723022461
-50.673927307128906
-50.63252258300781
-50.60660171508789
-50.663509368896484
-50.55092239379883
-50.54142761230469
-50.668861389160156
-50.683738708496094
-50.640159606933594
-50.578739166259766
-50.58775329589844
-50.604671478271484
-50.583465576171875
-50.50492477416992
-50.508583068847656
-50.682273864746094
-50.691322326660156
-50.64876937866211
-50.64521408081055
-50.61798858642578
-50.593353271484375
-50.53893280029297
-50.65363311767578
-50.66688537597656
-50.69166946411133
-50.70383834838867
-50.651283264160156
-50.66875457763672
-50.6787223815918
-50.68377685546875
-50.54961395263672
-50.541046142578125
-50.622379302978516
-50.754268646240234
-50.50220489501953
-50.59526062011719
-50.46955108642578
-50.65495681762695
-50.63579559326172
-50.5291748046875
-50.4434928894043
-50.611419677734375
-50.658729553222656
-50.687137603759766
-50.679988861083984
-50.53718948364258
-50.60727310180664
-50.682945251464844
-50.652320861816406
-50.66773223876953
-50.68028259277344
-50.63263702392578
-50.61577224731445
-50.59455490112305
-50.59667205810547
-50.676673889160156
-50.602699279785156
-50.715843200683594
-50.697021484375
-50.724327087402344
-50.694828033447266
-50.71430969238281
-50.72846221923828
-50.74882125854492
-50.74338912963867
-50.64946746826172
-50.65486526489258
-50.66264724731445
-50.718605041503906
-50.68888473510742
-50.66214370727539
-50.5709342956543
-50.61328887939453
-50.59790802001953
-50.5997314453125
-50.66328430175781
-50.68728256225586
-50.702945709228516
-50.71392822265625
-50.69061279296875
-50.71720504760742
-50.55671691894531
-50.505775451660156
-50.54564666748047
-50.605735778808594
-50.715511322021484
-50.693992614746094
-50.58763122558594
-50.53710174560547
-50.559574127197266
-50.62517547607422
-50.650814056396484
-50.705238342285156
-50.706729888916016
-50.64940643310547
-50.58171844482422
-50.53474807739258
-50.60541534423828
-50.6391487121582
-50.67228317260742
-50.671199798583984
-50.65553283691406
-50.67424774169922
-50.671321868896484
-50.61845016479492
-50.63906478881836
-50.63703155517578
-50.672515869140625
-50.709686279296875
-50.645751953125
-50.663246154785156
-50.68655014038086
-50.703121185302734
-50.710819244384766
-50.71783447265625
-50.683292388916016
-50.6722526550293
-50.66400909423828
-50.638587951660156
-50.62944793701172
-50.59457015991211
-50.64677429199219
-50.634891510009766
-50.63714599609375
-50.63841247558594
-50.6856803894043
-50.7181396484375
-50.68498992919922
-50.678009033203125
-50.621421813964844
-50.601165771484375
-50.58075714111328
-50.62936019897461
-50.644142150878906
-50.67906951904297
-50.718990325927734
-50.69377517700195
-50.74007034301758
-50.71501159667969
-50.73193359375
-50.68340301513672
-50.59520721435547
-50.605552673339844
-50.6324462890625
-50.62897872924805
-50.641944885253906
-50.65498352050781
-50.671722412109375
-50.73935317993164
-50.749977111816406
-50.722328186035156
-50.719482421875
-50.73183822631836
-50.72500228881836
-50.72822570800781
-50.71939468383789
-50.759666442871094
-50.745628356933594
-50.68081283569336
-50.72780990600586
-50.681758880615234
-50.59342956542969
-50.594459533691406
-50.61358642578125
-50.683712005615234
-50.740943908691406
-50.72269058227539
-50.72093200683594
-50.66813659667969
-50.60528564453125
-50.55707550048828
-50.68060302734375
-50.688140869140625
-50.70587158203125
-50.69285583496094
-50.68715286254883
-50.59263610839844
-50.57946014404297
-50.635467529296875
-50.625244140625
-50.603736877441406
-50.656986236572266
-50.685176849365234
-50.72941589355469
-50.68302917480469
-50.63794708251953
-50.578609466552734
-50.63017654418945
-50.640892028808594
-50.67771911621094
-50.65087127685547
-50.650333404541016
-50.75159454345703
-50.70254135131836
-50.65536117553711
-50.71001434326172
-50.68547821044922
-50.72200393676758
-50.670127868652344
-50.55431365966797
-50.60279083251953
-50.61661911010742
-50.70098114013672
-50.71998977661133
-50.71226501464844
-50.6934814453125
-50.6102294921875
-50.609710693359375
-50.55105209350586
-50.626434326171875
-50.68632507324219
-50.647491455078125
-50.65107727050781
-50.60378646850586
-50.6753044128418
-50.70201110839844
-50.704505920410156
-50.67595672607422
-50.66352081298828
-50.662750244140625
-50.67556381225586
-50.60020446777344
-50.61333084106445
-50.669700622558594
-50.64896774291992
-50.785423278808594
-50.70051956176758
-50.74717712402344
-50.75960922241211
-50.75868606567383
-50.73120880126953
-50.61161804199219
-50.58340072631836
-50.580902099609375
-50.53948974609375
-50.6446533203125
-50.62596893310547
-50.70407485961914
-50.742637634277344
-50.66117858886719
-50.624141693115234
-50.62535858154297
-50.632301330566406
-50.54814147949219
-50.58384704589844
-50.5959587097168
-50.64663314819336
-50.71337127685547
-50.71521759033203
-50.66081237792969
-50.4918212890625
-50.5107307434082
-50.61130905151367
-50.62483215332031
-50.692955017089844
-50.70299530029297
-50.74108123779297
-50.70038604736328
-50.6534538269043
-50.688621520996094
-50.737266540527344
-50.692481994628906
-50.70732116699219
-50.702518463134766
-50.659889221191406
-50.67988204956055
-50.56864929199219
-50.563987731933594
-50.598323822021484
-50.667449951171875
-50.671485900878906
-50.646209716796875
-50.584651947021484
-50.643898010253906
-50.63502883911133
-50.57516860961914
-50.51828384399414
-50.56282424926758
-50.64855194091797
-50.632938385009766
-50.68940353393555
-50.692359924316406
-50.58582305908203
-50.615760803222656
-50.66020965576172
-50.66748809814453
-50.62705612182617
-50.48591995239258
-50.441009521484375
-50.50402069091797
-50.57831954956055
-50.580074310302734
-50.50948715209961
-50.479095458984375
-50.57042694091797
-50.65449142456055
-50.66455841064453
-50.69424057006836
-50.62742233276367
-50.59123992919922
-50.562477111816406
-50.51302719116211
-50.629905700683594
-50.64952850341797
-50.61506652832031
-50.67621994018555
-50.63423156738281
-50.70233154296875
-50.71307373046875
-50.69447326660156
-50.692115783691406
-50.73223114013672
-50.67110061645508
-50.63511657714844
-50.56756591796875
-50.6879997253418
-50.698814392089844
-50.74195861816406
-50.707183837890625
-50.62696075439453
-50.51961135864258
-50.670005798339844
-50.710784912109375
-50.707881927490234
-50.74882125854492
-50.655799865722656
-50.58534240722656
-50.6053466796875
-50.61444091796875
-50.62694549560547
-50.67010498046875
-50.72357940673828
-50.71220779418945
-50.58732986450195
-50.50203323364258
-50.53281784057617
-50.648292541503906
-50.59568786621094
-50.614097595214844
-50.62202835083008
-50.67000198364258
-50.583221435546875
-50.59347915649414
-50.47239303588867
-50.71171951293945
-50.72911071777344
-50.53022384643555
-50.39789581298828
-50.66567611694336
-50.721229553222656
-50.68140411376953
-50.642250061035156
-50.596031188964844
-50.58456039428711
-50.64058303833008
-50.711036682128906
-50.66654968261719
-50.50389099121094
-50.61283874511719
-50.72334289550781
-50.654693603515625
-50.71458435058594
-50.69139862060547
-50.681175231933594
-50.691123962402344
-50.705421447753906
-50.626487731933594
-50.58563995361328
-50.572235107421875
-50.62434387207031
-50.633201599121094
-50.72868347167969
-50.66873550415039
-50.74177551269531
-50.70519256591797
-50.699920654296875
-50.636985778808594
-50.62302780151367
-50.60652160644531
-50.514007568359375
-50.592193603515625
-50.65818786621094
-50.662017822265625
-50.69948959350586
-50.6207389831543
-50.57060623168945
-50.60905456542969
-50.69862747192383
-50.74547576904297
-50.707122802734375
-50.738319396972656
-50.71236801147461
-50.717201232910156
-50.75718307495117
-50.60796356201172
-50.70461654663086
-50.706844329833984
-50.686378479003906
-50.63642120361328
-50.65080642700195
-50.719661712646484
-50.68486785888672
-50.76715850830078
-50.68505859375
-50.65507507324219
-50.57201385498047
-50.616249084472656
-50.69742202758789
-50.7191162109375
-50.712162017822266
-50.73603439331055
-50.713958740234375
-50.632442474365234
-50.585575103759766
-50.625152587890625
-50.66267395019531
-50.7391357421875
-50.7224235534668
-50.73702621459961
-50.60801696777344
-50.61982345581055
-50.62377166748047
-50.65609359741211
-50.664344787597656
-50.668949127197266
-50.70395278930664
-50.709014892578125
-50.68684387207031
-50.68145751953125
-50.62656784057617
-50.60844039916992
-50.52915954589844
-50.695396423339844
-50.709163665771484
-50.695281982421875
-50.630645751953125
-50.735313415527344
-50.71232986450195
-50.7163200378418
-50.630943298339844
-50.56034851074219
-50.6314811706543
-50.69182205200195
-50.71114730834961
-50.66729736328125
-50.7148551940918
-50.70702362060547
-50.663429260253906
-50.70825958251953
-50.701114654541016
-50.71601486206055
-50.7258415222168
-50.719749450683594
-50.74128723144531
-50.68394088745117
-50.6329345703125
-50.654048919677734
-50.66047286987305
-50.693023681640625
-50.69868087768555
-50.714317321777344
-50.719974517822266
-50.71806335449219
-50.68269729614258
-50.630126953125
-50.57897186279297
-50.62508773803711
-50.71857833862305
-50.71424102783203
-50.76498031616211
-50.733646392822266
-50.72419738769531
-50.72235870361328
-50.654396057128906
-50.63276290893555
-50.68698501586914
-50.719322204589844
-50.783538818359375
-50.72825622558594
-50.61821746826172
-50.539878845214844
-50.63127899169922
-50.709686279296875
-50.74156188964844
-50.61136245727539
-50.722496032714844
-50.72809600830078
-50.761741638183594
-50.7190055847168
-50.693965911865234
-50.68041229248047
-50.71075439453125
-50.747215270996094
-50.74940490722656
-50.74072265625
-50.73712921142578
-50.725196838378906
-50.70965576171875
-50.620635986328125
-50.627891540527344
-50.719566345214844
-50.70819854736328
-50.66112518310547
-50.69060134887695
-50.55674362182617
-50.59189224243164
-50.69124221801758
-50.71178436279297
-50.734710693359375
-50.75717544555664
-50.686614990234375
-50.576141357421875
-50.66199493408203
-50.719234466552734
-50.68060302734375
-50.773040771484375
-50.696285247802734
-50.6248664855957
-50.50996780395508
-50.45195007324219
-50.73747634887695
-50.770782470703125
-50.726985931396484
-50.78773498535156
-50.58588409423828
-50.61153030395508
-50.60157012939453
-50.69969940185547
-50.670387268066406
-50.71849822998047
-50.715389251708984
-50.72759246826172
-50.726844787597656
-50.73515319824219
-50.72247314453125
-50.63346862792969
-50.59626007080078
-50.666751861572266
-50.66132354736328
-50.718841552734375
-50.70634460449219
-50.7627067565918
-50.661346435546875
-50.55641174316406
-50.592750549316406
-50.72957992553711
-50.7458610534668
-50.59736633300781
-50.53996276855469
-50.6225700378418
-50.70219421386719
-50.745567321777344
-50.68133544921875
-50.618534088134766
-50.58252716064453
-50.60786819458008
-50.69107437133789
-50.693668365478516
-50.66718292236328
-50.716915130615234
-50.68938446044922
-50.649505615234375
-50.62736129760742
-50.637901306152344
-50.67881774902344
-50.72929382324219
-50.615108489990234
-50.41727066040039
-50.43031311035156
-50.62051773071289
-50.67073440551758
-50.58779525756836
-50.508575439453125
-50.5611686706543
-50.65330123901367
-50.66365051269531
-50.5499382019043
-50.51647186279297
-50.582542419433594
-50.679107666015625
-50.72614288330078
-50.72624206542969
-50.726890563964844
-50.650489807128906
-50.67679214477539
-50.62744903564453
-50.66227722167969
-50.666160583496094
-50.71428680419922
-50.7236442565918
-50.7324333190918
-50.634117126464844
-50.60426712036133
-50.69446563720703
-50.69922637939453
-50.75133514404297
-50.75729751586914
-50.71287536621094
-50.61988067626953
-50.620582580566406
-50.64610290527344
-50.68010711669922
-50.74776077270508
-50.770320892333984
-50.719905853271484
-50.745079040527344
-50.706146240234375
-50.69281768798828
-50.68644714355469
-50.68751907348633
-50.70719528198242
-50.74106979370117
-50.74855422973633
-50.77982711791992
-50.76485061645508
-50.793243408203125
-50.73247528076172
-50.729469299316406
-50.740699768066406
-50.69561767578125
-50.639347076416016
-50.60670471191406
-50.69004821777344
-50.705421447753906
-50.736568450927734
-50.723106384277344
-50.68010330200195
-50.681121826171875
-50.61501693725586
-50.639549255371094
-50.71342849731445
-50.74192810058594
-50.77893829345703
-50.7402458190918
-50.746368408203125
-50.607872009277344
-50.68014144897461
-50.641395568847656
-50.66337585449219
-50.63383865356445
-50.71418380737305
-50.70588302612305
-50.6682014465332
-50.75092697143555
-50.74848175048828
-50.715152740478516
-50.7167854309082
-50.63547134399414
-50.69117736816406
-50.68878173828125
-50.72408676147461
-50.71283721923828
-50.756797790527344
-50.721519470214844
-50.74608612060547
-50.67250061035156
-50.641151428222656
-50.624481201171875
-50.67980194091797
-50.731544494628906
-50.70115661621094
-50.653656005859375
-50.76868438720703
-50.665802001953125
-50.62873840332031
-50.59654998779297
-50.54298400878906
-50.695037841796875
-50.686466217041016
-50.63337326049805
-50.696109771728516
-50.675506591796875
-50.559967041015625
-50.61955642700195
-50.67708206176758
-50.717918395996094
-50.76931381225586
-50.72905731201172
-50.68189239501953
-50.5675163269043
-50.528717041015625
-50.62335968017578
-50.73670959472656
-50.785926818847656
-50.737022399902344
-50.785221099853516
-50.772377014160156
-50.77724838256836
-50.737396240234375
-50.70954132080078
-50.7056884765625
-50.63754653930664
-50.646419525146484
-50.71039962768555
-50.774532318115234
-50.74309539794922
-50.732330322265625
-50.71181869506836
-50.740909576416016
-50.73197555541992
-50.735042572021484
-50.656822204589844
-50.63976287841797
-50.6715202331543
-50.685909271240234
-50.69235610961914
-50.747528076171875
-50.65808868408203
-50.71818542480469
-50.70039367675781
-50.71014404296875
-50.702083587646484
-50.73390197753906
-50.68519973754883
-50.661014556884766
-50.69365310668945
-50.72843551635742
-50.68782424926758
-50.74778747558594
-50.74079132080078
-50.69294357299805
-50.681739807128906
-50.588134765625
-50.69605255126953
-50.748313903808594
-50.772804260253906
-50.704891204833984
-50.56211853027344
-50.665496826171875
-50.715457916259766
-50.70304870605469
-50.527626037597656
-50.66865921020508
-50.769287109375
-50.748130798339844
-50.59405517578125
-50.52204132080078
-50.631614685058594
-50.763633728027344
-50.76631164550781
-50.68763732910156
-50.591705322265625
-50.73490905761719
-50.75177001953125
-50.7597770690918
-50.74412536621094
-50.67479705810547
-50.68292999267578
-50.66253662109375
-50.687416076660156
-50.72285461425781
-50.793121337890625
-50.790016174316406
-50.736900329589844
-50.766273498535156
-50.72709655761719
-50.62413787841797
-50.634765625
-50.67693328857422
-50.73491668701172
-50.76933288574219
-50.77604675292969
-50.76654815673828
-50.68234634399414
-50.60460662841797
-50.646339416503906
-50.69497299194336
-50.728118896484375
-50.767433166503906
-50.777427673339844
-50.783729553222656
-50.7730712890625
-50.78923416137695
-50.68265914916992
-50.685577392578125
-50.66127014160156
-50.63199996948242
-50.70755386352539
-50.68905258178711
-50.734413146972656
-50.77287292480469
-50.749629974365234
-50.774208068847656
-50.74736404418945
-50.81940460205078
-50.68168258666992
-50.749717712402344
-50.6474723815918
-50.697021484375
-50.62053680419922
-50.662010192871094
-50.64317321777344
-50.65360641479492
-50.76695251464844
-50.740413665771484
-50.74025344848633
-50.717376708984375
-50.70561981201172
-50.69526672363281
-50.66827392578125
-50.5999755859375
-50.698997497558594
-50.688804626464844
-50.75648498535156
-50.704429626464844
-50.71379089355469
-50.75322723388672
-50.7130012512207
-50.70508575439453
-50.75640869140625
-50.7334098815918
-50.67560958862305
-50.68314743041992
-50.71582794189453
-50.70466613769531
-50.79302215576172
-50.73031997680664
-50.62522506713867
-50.5347785949707
-50.71706771850586
-50.7641487121582
-50.800193786621094
-50.7649040222168
-50.773841857910156
-50.68670654296875
-50.557796478271484
-50.64133071899414
-50.68055725097656
-50.781341552734375
-50.743534088134766
-50.79071044921875
-50.757110595703125
-50.78887939453125
-50.824668884277344
-50.749542236328125
-50.7114372253418
-50.72372055053711
-50.74171447753906
-50.72463607788086
-50.687042236328125
-50.69880294799805
-50.71184539794922
-50.66178512573242
-50.615116119384766
-50.661399841308594
-50.69139099121094
-50.634246826171875
-50.7304801940918
-50.689903259277344
-50.71184539794922
-50.708717346191406
-50.68741989135742
-50.63551330566406
-50.63401794433594
-50.695594787597656
-50.71014404296875
-50.72563171386719
-50.75486755371094
-50.720516204833984
-50.72304916381836
-50.72344207763672
-50.73686218261719
-50.73878860473633
-50.74908447265625
-50.57844161987305
-50.63286590576172
-50.622806549072266
-50.65693283081055
-50.66471481323242
-50.730587005615234
-50.74480438232422
-50.82063293457031
-50.81189727783203
-50.7357063293457
-50.70967483520508
-50.68955612182617
-50.72434997558594
-50.7038688659668
-50.73188781738281
-50.69633102416992
-50.57619094848633
-50.62141036987305
-50.73748779296875
-50.785099029541016
-50.805606842041016
-50.77875518798828
-50.798828125
-50.782684326171875
-50.80449295043945
-50.7902946472168
-50.81512451171875
-50.77018737792969
-50.79322814941406
-50.76211166381836
-50.740272521972656
-50.747650146484375
-50.69255065917969
-50.686378479003906
-50.74430847167969
-50.72267150878906
-50.758121490478516
-50.795875549316406
-50.837120056152344
-50.754825592041016
-50.78879165649414
-50.79985046386719
-50.786556243896484
-50.78852844238281
-50.69279479980469
-50.685272216796875
-50.568668365478516
-50.690673828125
-50.726951599121094
-50.722801208496094
-50.73146057128906
-50.68663787841797
-50.66299819946289
-50.669837951660156
-50.75142288208008
-50.6801643371582
-50.6121826171875
-50.651615142822266
-50.70940017700195
-50.68256378173828
-50.666404724121094
-50.69446563720703
-50.62599182128906
-50.7351188659668
-50.698089599609375
-50.711605072021484
-50.72040557861328
-50.71446990966797
-50.791542053222656
-50.68476867675781
-50.65342712402344
-50.6888313293457
-50.59812545776367
-50.5244140625
-50.66063690185547
-50.774932861328125
-50.68541717529297
-50.64897155761719
-50.737815856933594
-50.709407806396484
-50.75459289550781
-50.69084167480469
-50.60633087158203
-50.63121795654297
-50.72419738769531
-50.71564483642578
-50.76576232910156
-50.787200927734375
-50.76457977294922
-50.82218933105469
-50.7260627746582
-50.74563217163086
-50.737342834472656
-50.710365295410156
-50.64370346069336
-50.717041015625
-50.7371826171875
-50.74064254760742
-50.735084533691406
-50.73701477050781
-50.75735092163086
-50.83209991455078
-50.7717170715332
-50.70623779296875
-50.62682342529297
-50.675392150878906
-50.70722198486328
-50.74569320678711
-50.78374481201172
-50.77995300292969
-50.75971603393555
-50.76580810546875
-50.692752838134766
-50.65487289428711
-50.66822814941406
-50.73772048950195
-50.730979919433594
-50.785987854003906
-50.82562255859375
-50.832740783691406
-50.650001525878906
-50.47317886352539
-50.70490264892578
-50.78847122192383
-50.78150177001953
-50.75517272949219
-50.77204513549805
-50.672603607177734
-50.607784271240234
-50.655731201171875
-50.69771194458008
-50.72002029418945
-50.75613021850586
-50.73037338256836
-50.74853515625
-50.59897232055664
-50.679786682128906
-50.707576751708984
-50.70426940917969
-50.75407028198242
-50.74403762817383
-50.78408432006836
-50.66389846801758
-50.655487060546875
-50.706153869628906
-50.776363372802734
-50.76592254638672
-50.77830505371094
-50.70989990234375
-50.64608383178711
-50.64059829711914
-50.644981384277344
-50.79193115234375
-50.8046760559082
-50.78420639038086
-50.731319427490234
-50.72089385986328
-50.606929779052734
-50.7222785949707
-50.73728942871094
-50.79113006591797
-50.73554229736328
-50.54029083251953
-50.6143798828125
-50.74394989013672
-50.717857360839844
-50.655792236328125
-50.65943908691406
-50.594337463378906
-50.692466735839844
-50.6658935546875
-50.67060089111328
-50.81580352783203
-50.75782012939453
-50.6300048828125
-50.69936752319336
-50.65427017211914
-50.7042350769043
-50.81350326538086
-50.74964141845703
-50.73463439941406
-50.714561462402344
-50.75811767578125
-50.829132080078125
-50.7154655456543
-50.72467041015625
-50.80904006958008
-50.70541000366211
-50.70370864868164
-50.709381103515625
-50.75148391723633
-50.79519271850586
-50.774906158447266
-50.79862594604492
-50.821075439453125
-50.73796081542969
-50.6881103515625
-50.620384216308594
-50.75325393676758
-50.711524963378906
-50.79167175292969
-50.74696350097656
-50.683372497558594
-50.60148239135742
-50.68995666503906
-50.64521026611328
-50.64179229736328
-50.78990936279297
-50.80113220214844
-50.717403411865234
-50.5878791809082
-50.593482971191406
-50.69267272949219
-50.72468185424805
-50.76212692260742
-50.83766555786133
-50.809417724609375
-50.84165954589844
-50.818389892578125
-50.79423141479492
-50.736183166503906
-50.68342590332031
-50.72939682006836
-50.75831604003906
-50.80555725097656
-50.751312255859375
-50.79535675048828
-50.84410858154297
-50.77339553833008
-50.80435562133789
-50.7857780456543
-50.62137222290039
-50.69169616699219
-50.69990539550781
-50.707855224609375
-50.68587875366211
-50.73373794555664
-50.67837142944336
-50.59543228149414
-50.59213638305664
-50.61848449707031
-50.75621032714844
-50.77037048339844
-50.738609313964844
-50.5970458984375
-50.62576675415039
-50.708251953125
-50.559852600097656
-50.70227813720703
-50.71017074584961
-50.627723693847656
-50.67662811279297
-50.6086540222168
-50.60430908203125
-50.55241775512695
-50.721458435058594
-50.658023834228516
-50.68962097167969
-50.572853088378906
-50.51774597167969
-50.525997161865234
-50.7157096862793
-50.584327697753906
-50.5997200012207
-50.6409797668457
-50.658050537109375
-50.68550491333008
-50.58841323852539
-50.64241027832031
-50.759239196777344
-50.72234344482422
-50.681678771972656
-50.574180603027344
-50.70130920410156
-50.7318115234375
-50.72651672363281
-50.715553283691406
-50.795047760009766
-50.681556701660156
-50.60171127319336
-50.709991455078125
-50.6565055847168
-50.61466979980469
-50.783084869384766
-50.80997085571289
-50.712276458740234
-50.652408599853516
-50.570247650146484
-50.628597259521484
-50.818634033203125
-50.77800369262695
-50.667518615722656
-50.751487731933594
-50.633056640625
-50.63787841796875
-50.7044677734375
-50.786643981933594
-50.723976135253906
-50.69414138793945
-50.618621826171875
-50.54133605957031
-50.72615051269531
-50.7292594909668
-50.73915481567383
-50.759063720703125
-50.82376480102539
-50.79273986816406
-50.73456573486328
-50.76110076904297
-50.729087829589844
-50.73594665527344
-50.78594207763672
-50.669097900390625
-50.6807861328125
-50.723167419433594
-50.66122817993164
-50.64597702026367
-50.70516586303711
-50.74373245239258
-50.7917594909668
-50.81366729736328
-50.814056396484375
-50.83383560180664
-50.75168228149414
-50.79829406738281
-50.75886917114258
-50.639122009277344
-50.66606903076172
-50.7374153137207
-50.7869873046875
-50.799110412597656
-50.76600646972656
-50.70967102050781
-50.72496032714844
-50.68410110473633
-50.68495559692383
-50.760196685791016
-50.765628814697266
-50.80586242675781
-50.83747863769531
-50.770782470703125
-50.675724029541016
-50.666961669921875
-50.67631912231445
-50.794273376464844
-50.81831741333008
-50.81739044189453
-50.81218719482422
-50.77119445800781
-50.78694534301758
-50.681861877441406
-50.742591857910156
-50.76593017578125
-50.831703186035156
-50.801666259765625
-50.75754928588867
-50.72953414916992
-50.740631103515625
-50.719688415527344
-50.73444366455078
-50.70598602294922
-50.72095489501953
-50.79116439819336
-50.761505126953125
-50.77783203125
-50.79336929321289
-50.72185516357422
-50.67546844482422
-50.67074966430664
-50.75030517578125
-50.765323638916016
-50.770179748535156
-50.79734802246094
-50.8425407409668
-50.807640075683594
-50.832061767578125
-50.817508697509766
-50.70827102661133
-50.658653259277344
-50.734764099121094
-50.76186752319336
-50.669830322265625
-50.712982177734375
-50.65519714355469
-50.67034912109375
-50.78208923339844
-50.741634368896484
-50.74901580810547
-50.81791687011719
-50.722190856933594
-50.68104553222656
-50.72255325317383
-50.69464874267578
-50.68843078613281
-50.72651672363281
-50.79286193847656
-50.80067443847656
-50.77397155761719
-50.68669891357422
-50.66967010498047
-50.697479248046875
-50.772727966308594
-50.778350830078125
-50.841758728027344
-50.8122444152832
-50.801849365234375
-50.83359146118164
-50.85019302368164
-50.730628967285156
-50.810733795166016
-50.752197265625
-50.77326965332031
-50.759910583496094
-50.772090911865234
-50.6519660949707
-50.66687774658203
-50.77146911621094
-50.80095291137695
-50.815765380859375
-50.79412841796875
-50.81653594970703
-50.828651428222656
-50.749088287353516
-50.65777587890625
-50.62483596801758
-50.727569580078125
-50.80244445800781
-50.708290100097656
-50.809303283691406
-50.79435729980469
-50.80826187133789
-50.792076110839844
-50.77578353881836
-50.80577850341797
-50.8211669921875
-50.835391998291016
-50.77902603149414
-50.72254180908203
-50.73584747314453
-50.68836212158203
-50.7060546875
-50.79951477050781
-50.775779724121094
-50.81355285644531
-50.83220672607422
-50.73755645751953
-50.58460998535156
-50.68145751953125
-50.75123977661133
-50.81816482543945
-50.856414794921875
-50.74944305419922
-50.790260314941406
-50.80039978027344
-50.69953536987305
-50.71962356567383
-50.659942626953125
-50.70819854736328
-50.69329071044922
-50.76485824584961
-50.74304962158203
-50.73628234863281
-50.706512451171875
-50.69047546386719
-50.66868209838867
-50.6694450378418
-50.801475524902344
-50.82558059692383
-50.772796630859375
-50.701416015625
-50.64377975463867
-50.72715759277344
-50.68224334716797
-50.73900604248047
-50.733577728271484
-50.82748031616211
-50.77153396606445
-50.76631164550781
-50.73942947387695
-50.79051208496094
-50.77083969116211
-50.75635528564453
-50.80640411376953
-50.74407958984375
-50.72657775878906
-50.75360107421875
-50.76153564453125
-50.72821807861328
-50.71663284301758
-50.75859069824219
-50.726924896240234
-50.76020431518555
-50.80726623535156
-50.77002716064453
-50.788734436035156
-50.77058410644531
-50.74473571777344
-50.728946685791016
-50.71343231201172
-50.64574432373047
-50.622398376464844
-50.70408630371094
-50.771873474121094
-50.856910705566406
-50.80924987792969
-50.78837585449219
-50.7299690246582
-50.682708740234375
-50.63945770263672
-50.65480041503906
-50.76742172241211
-50.82819747924805
-50.518150329589844
-50.6043586730957
-50.79292297363281
-50.7990837097168
-50.69286346435547
-50.58934783935547
-50.54297637939453
-50.70389175415039
-50.749629974365234
-50.67683410644531
-50.54487991333008
-50.607337951660156
-50.75413513183594
-50.78491973876953
-50.67024612426758
-50.540870666503906
-50.64122772216797
-50.708377838134766
-50.686424255371094
-50.72591781616211
-50.62020492553711
-50.52743911743164
-50.664337158203125
-50.75675582885742
-50.801761627197266
-50.856178283691406
-50.78614807128906
-50.6555061340332
-50.67083740234375
-50.76130294799805
-50.73139572143555
-50.703590393066406
-50.82490539550781
-50.84049606323242
-50.7891731262207
-50.75202941894531
-50.81007385253906
-50.70758056640625
-50.690834045410156
-50.73970031738281
-50.77958297729492
-50.78255844116211
-50.680145263671875
-50.72991180419922
-50.738407135009766
-50.786293029785156
-50.78721618652344
-50.78785705566406
-50.77874755859375
-50.72043228149414
-50.68840408325195
-50.73211669921875
-50.78568649291992
-50.85565185546875
-50.761016845703125
-50.76213836669922
-50.66777801513672
-50.80242156982422
-50.80548858642578
-50.78844451904297
-50.75718307495117
-50.78315734863281
-50.790496826171875
-50.81366729736328
-50.809749603271484
-50.737335205078125
-50.76129913330078
-50.70902633666992
-50.735877990722656
-50.770843505859375
-50.797935485839844
-50.820770263671875
-50.8825569152832
-50.68041229248047
-50.78562545776367
-50.77198028564453
-50.74412536621094
-50.65653610229492
-50.60573959350586
-50.75252914428711
-50.84980010986328
-50.75880432128906
-50.7135009765625
-50.78642272949219
-50.855079650878906
-50.78715896606445
-50.7509765625
-50.73091125488281
-50.62649917602539
-50.73973846435547
-50.80957794189453
-50.773292541503906
-50.80140686035156
-50.74665069580078
-50.654998779296875
-50.753082275390625
-50.73991775512695
-50.861053466796875
-50.85236740112305
-50.84796905517578
-50.80812454223633
-50.86758804321289
-50.801910400390625
-50.78005599975586
-50.796043395996094
-50.85526657104492
-50.78871154785156
-50.860816955566406
-50.78664016723633
-50.72486877441406
-50.71417999267578
-50.727806091308594
-50.74050521850586
-50.859134674072266
-50.84886169433594
-50.8192024230957
-50.78452682495117
-50.694515228271484
-50.739009857177734
-50.80622863769531
-50.84605407714844
-50.859710693359375
-50.82740783691406
-50.763980865478516
-50.75368881225586
-50.63558578491211
-50.68532943725586
-50.78852844238281
-50.80580139160156
-50.831398010253906
-50.8555908203125
-50.84812927246094
-50.75783920288086
-50.656394958496094
-50.653846740722656
-50.78487014770508
-50.78221130371094
-50.82902526855469
-50.65258026123047
-50.58062744140625
-50.643070220947266
-50.74488067626953
-50.74196243286133
-50.7625732421875
-50.735450744628906
-50.62187957763672
-50.64970779418945
-50.733314514160156
-50.82167053222656
-50.835044860839844
-50.820281982421875
-50.83366394042969
-50.78688049316406
-50.58580017089844
-50.65414810180664
-50.70872116088867
-50.784854888916016
-50.786170959472656
-50.809814453125
-50.79212188720703
-50.8166618347168
-50.848392486572266
-50.77988052368164
-50.6694450378418
-50.63945770263672
-50.77931213378906
-50.829402923583984
-50.8291130065918
-50.76385498046875
-50.758567810058594
-50.76546096801758
-50.800315856933594
-50.771705627441406
-50.77867889404297
-50.63010025024414
-50.64981460571289
-50.728248596191406
-50.81061553955078
-50.857872009277344
-50.85197067260742
-50.76407241821289
-50.76123046875
-50.673912048339844
-50.68669891357422
-50.73023223876953
-50.785987854003906
-50.726505279541016
-50.70397186279297
-50.62976837158203
-50.68201446533203
-50.77667236328125
-50.80671691894531
-50.82299041748047
-50.80354309082031
-50.74860763549805
-50.676788330078125
-50.67723846435547
-50.84038543701172
-50.801570892333984
-50.800926208496094
-50.622459411621094
-50.57767868041992
-50.7257080078125
-50.841064453125
-50.78035354614258
-50.67442321777344
-50.70783233642578
-50.73321533203125
-50.832828521728516
-50.78656005859375
-50.85955810546875
-50.827781677246094
-50.793861389160156
-50.82492446899414
-50.82550811767578
-50.764015197753906
-50.699951171875
-50.72124481201172
-50.757843017578125
-50.77201461791992
-50.823341369628906
-50.83174514770508
-50.83557891845703
-50.82648468017578
-50.81493377685547
-50.62351989746094
-50.78762435913086
-50.693023681640625
-50.771514892578125
-50.71455383300781
-50.763328552246094
-50.72323989868164
-50.82680892944336
-50.69023513793945
-50.593505859375
-50.76307678222656
-50.823394775390625
-50.76723098754883
-50.611083984375
-50.68635177612305
-50.759361267089844
-50.88429260253906
-50.72164535522461
-50.73347091674805
-50.68255615234375
-50.6961784362793
-50.83224105834961
-50.804779052734375
-50.82993698120117
-50.828521728515625
-50.81072235107422
-50.720420837402344
-50.67996597290039
-50.78023147583008
-50.68559265136719
-50.8066520690918
-50.775787353515625
-50.825347900390625
-50.783050537109375
-50.81208801269531
-50.78923416137695
-50.76801300048828
-50.787803649902344
-50.74917984008789
-50.69921875
-50.67638397216797
-50.780330657958984
-50.8426513671875
-50.81390380859375
-50.782718658447266
-50.812530517578125
-50.82848358154297
-50.85370635986328
-50.80000305175781
-50.753692626953125
-50.73297119140625
-50.720088958740234
-50.74971008300781
-50.780235290527344
-50.817626953125
-50.83670425415039
-50.812477111816406
-50.80112838745117
-50.881473541259766
-50.80471420288086
-50.80841064453125
-50.765254974365234
-50.7591552734375
-50.829837799072266
-50.79003143310547
-50.71070098876953
-50.72953796386719
-50.708377838134766
-50.763797760009766
-50.79337692260742
-50.82536697387695
-50.825321197509766
-50.775047302246094
-50.7843132019043
-50.73352813720703
-50.78385543823242
-50.77817153930664
-50.78007125854492
-50.85563659667969
-50.82491683959961
-50.74995422363281
-50.58184051513672
-50.68205261230469
-50.82374572753906
-50.833900451660156
-50.733116149902344
-50.618289947509766
-50.72212600708008
-50.83844757080078
-50.819122314453125
-50.720985412597656
-50.65033721923828
-50.75212860107422
-50.79289245605469
-50.87501907348633
-50.898155212402344
-50.865570068359375
-50.79340362548828
-50.794010162353516
-50.72008514404297
-50.751468658447266
-50.730857849121094
-50.74933624267578
-50.829769134521484
-50.855979919433594
-50.86766815185547
-50.83892059326172
-50.84978103637695
-50.84236526489258
-50.8419189453125
-50.69999313354492
-50.652835845947266
-50.761024475097656
-50.80555725097656
-50.8120231628418
-50.82001495361328
-50.82337188720703
-50.7965202331543
-50.74287414550781
-50.683677673339844
-50.78201675415039
-50.79124450683594
-50.836822509765625
-50.85234069824219
-50.82085418701172
-50.85967254638672
-50.84123992919922
-50.84251403808594
-50.78179931640625
-50.73809051513672
-50.6900749206543
-50.856788635253906
-50.86479949951172
-50.812347412109375
-50.86272430419922
-50.748443603515625
-50.69069290161133
-50.73186492919922
-50.793880462646484
-50.862613677978516
-50.822547912597656
-50.813453674316406
-50.69072341918945
-50.62181854248047
-50.687477111816406
-50.821510314941406
-50.864891052246094
-50.84281921386719
-50.7232551574707
-50.632423400878906
-50.754825592041016
-50.88592529296875
-50.768150329589844
-50.71345520019531
-50.59001541137695
-50.72825241088867
-50.87095642089844
-50.78828811645508
-50.80900192260742
-50.86442184448242
-50.740447998046875
-50.76982879638672
-50.794837951660156
-50.74987030029297
-50.603172302246094
-50.71546936035156
-50.76996994018555
-50.707664489746094
-50.78180694580078
-50.82048034667969
-50.65099334716797
-50.71180725097656
-50.727752685546875
-50.77907943725586
-50.86149978637695
-50.74896240234375
-50.65882110595703
-50.62580108642578
-50.7718505859375
-50.775146484375
-50.83676528930664
-50.847190856933594
-50.815670013427734
-50.85268783569336
-50.82290267944336
-50.77735900878906
-50.75654602050781
-50.685829162597656
-50.790828704833984
-50.8668098449707
-50.831478118896484
-50.862762451171875
-50.78058624267578
-50.812923431396484
-50.81050109863281
-50.78191375732422
-50.7319221496582
-50.78907012939453
-50.77893829345703
-50.710784912109375
-50.7500114440918
-50.805946350097656
-50.831573486328125
-50.85202407836914
-50.77989959716797
-50.73798751831055
-50.72395706176758
-50.80536651611328
-50.789154052734375
-50.78833770751953
-50.79585266113281
-50.733802795410156
-50.801265716552734
-50.733497619628906
-50.81917190551758
-50.74774932861328
-50.72193145751953
-50.78480529785156
-50.75013732910156
-50.77610778808594
-50.748085021972656
-50.72355651855469
-50.74675369262695
-50.7883186340332
-50.77778625488281
-50.756622314453125
-50.76836395263672
-50.7602653503418
-50.74065399169922
-50.762962341308594
-50.83672332763672
-50.83103942871094
-50.85590744018555
-50.787384033203125
-50.71314239501953
-50.7170295715332
-50.742496490478516
-50.79093551635742
-50.842098236083984
-50.81121063232422
-50.84148406982422
-50.789085388183594
-50.70120620727539
-50.732521057128906
-50.78501892089844
-50.82489776611328
-50.88480758666992
-50.83403778076172
-50.7508430480957
-50.8220100402832
-50.803714752197266
-50.788543701171875
-50.82688903808594
-50.80290603637695
-50.7901496887207
-50.8339958190918
-50.871299743652344
-50.778987884521484
-50.751678466796875
-50.71754455566406
-50.630245208740234
-50.795265197753906
-50.684967041015625
-50.78265380859375
-50.809120178222656
-50.817813873291016
-50.83907699584961
-50.84880065917969
-50.80351257324219
-50.77989959716797
-50.75431823730469
-50.79377365112305
-50.830970764160156
-50.83796310424805
-50.83671188354492
-50.866390228271484
-50.73619079589844
-50.72925567626953
-50.69197082519531
-50.749603271484375
-50.812191009521484
-50.870567321777344
-50.865936279296875
-50.757957458496094
-50.65483856201172
-50.710750579833984
-50.83391189575195
-50.84968566894531
-50.844093322753906
-50.77004623413086
-50.8243408203125
-50.76502990722656
-50.692596435546875
-50.783931732177734
-50.807586669921875
-50.86736297607422
-50.86446762084961
