loss_v
-4.5410637855529785
-4.472217559814453
-4.540531158447266
-4.831305027008057
-4.520707607269287
-4.726664066314697
-4.620694637298584
-4.899577617645264
-4.629579067230225
-4.8812127113342285
-4.8567094802856445
-5.055777072906494
-5.0786566734313965
-5.465316295623779
-5.127833366394043
-5.528259754180908
-5.7112956047058105
-5.558008670806885
-5.874455451965332
-5.792775630950928
-5.582210540771484
-5.8434343338012695
-6.070833206176758
-6.123804569244385
-6.081798553466797
-6.234588146209717
-6.445688247680664
-6.488668441772461
-6.736296653747559
-6.804760456085205
-6.795357704162598
-7.259500980377197
-7.308879852294922
-7.531587600708008
-7.694789886474609
-7.762343883514404
-7.937678337097168
-7.901966571807861
-7.86551570892334
-8.074352264404297
-8.009610176086426
-8.02309799194336
-8.10616683959961
-8.297378540039062
-8.373429298400879
-8.524508476257324
-8.58390998840332
-8.489096641540527
-8.546191215515137
-8.46977710723877
-8.612908363342285
-8.645922660827637
-8.620748519897461
-8.619709014892578
-8.580714225769043
-8.654513359069824
-8.661532402038574
-8.713125228881836
-8.748445510864258
-8.753305435180664
-8.662131309509277
-8.794021606445312
-8.76117992401123
-8.785255432128906
-8.819002151489258
-8.765894889831543
-8.779590606689453
-8.81348705291748
-8.83460807800293
-8.810057640075684
-8.845832824707031
-8.84457778930664
-8.849512100219727
-8.825350761413574
-8.866571426391602
-8.912154197692871
-8.84600830078125
-8.865974426269531
-8.85490894317627
-8.870774269104004
-8.872920036315918
-8.82889461517334
-8.855316162109375
-8.856118202209473
-8.898642539978027
-8.88684368133545
-8.862874984741211
-8.900680541992188
-8.883177757263184
-8.900496482849121
-8.876866340637207
-8.863574028015137
-8.892571449279785
-8.895024299621582
-8.902587890625
-8.892528533935547
-8.921245574951172
-8.896476745605469
-8.915387153625488
-8.90100383758545
-8.919046401977539
-8.914485931396484
-8.903860092163086
-8.900989532470703
-8.921606063842773
-8.932531356811523
-8.931020736694336
-8.92039680480957
-8.922540664672852
-8.91576099395752
-8.918679237365723
-8.942856788635254
-8.919999122619629
-8.902997970581055
-8.937289237976074
-8.939186096191406
-8.930007934570312
-8.952293395996094
-8.941215515136719
-8.922185897827148
-8.943500518798828
-8.951013565063477
-8.926279067993164
-8.94372272491455
-8.955639839172363
-8.957505226135254
-8.942483901977539
-8.954176902770996
-8.977871894836426
-8.944412231445312
-8.952160835266113
-8.974993705749512
-8.980803489685059
-9.001213073730469
-8.970584869384766
-8.96005916595459
-8.985797882080078
-8.996021270751953
-8.963730812072754
-8.993169784545898
-9.013588905334473
-8.994131088256836
-8.985572814941406
-9.006028175354004
-8.987934112548828
-9.000570297241211
-8.995645523071289
-9.000561714172363
-9.01200008392334
-9.0303955078125
-9.010701179504395
-9.02492904663086
-9.027131080627441
-9.023640632629395
-9.025774002075195
-9.032572746276855
-9.047341346740723
-9.042906761169434
-9.067564010620117
-9.0457763671875
-9.047924995422363
-9.058808326721191
-9.069541931152344
-9.069323539733887
-9.098146438598633
-9.079619407653809
-9.110410690307617
-9.113048553466797
-9.118072509765625
-9.130108833312988
-9.113053321838379
-9.139595985412598
-9.124337196350098
-9.128693580627441
-9.165693283081055
-9.164899826049805
-9.162468910217285
-9.185760498046875
-9.199470520019531
-9.214356422424316
-9.21069622039795
-9.248528480529785
-9.26174545288086
-9.264801979064941
-9.302510261535645
-9.28205394744873
-9.330168724060059
-9.319607734680176
-9.352288246154785
-9.361510276794434
-9.358857154846191
-9.412342071533203
-9.360424041748047
-9.428038597106934
-9.404572486877441
-9.473889350891113
-9.482537269592285
-9.530707359313965
-9.565572738647461
-9.51642894744873
-9.599665641784668
-9.578563690185547
-9.650725364685059
-9.68936538696289
-9.690462112426758
-9.705771446228027
-9.740035057067871
-9.763848304748535
-9.794222831726074
-9.755345344543457
-9.818662643432617
-9.8505220413208
-9.886868476867676
-9.890109062194824
-9.818366050720215
-9.835602760314941
-9.990350723266602
-9.823132514953613
-9.937493324279785
-9.995864868164062
-9.966175079345703
-10.047117233276367
-9.949758529663086
-10.046025276184082
-10.040837287902832
-10.030173301696777
-10.045326232910156
-10.077631950378418
-10.07170295715332
-10.065407752990723
-10.104009628295898
-10.141158103942871
-10.065289497375488
-10.106361389160156
-10.114156723022461
-10.130692481994629
-10.080143928527832
-10.107414245605469
-10.14398193359375
-10.157782554626465
-10.137237548828125
-10.150409698486328
-10.110536575317383
-10.12457275390625
-10.151193618774414
-10.198360443115234
-10.137651443481445
-10.143418312072754
-10.143701553344727
-10.159414291381836
-10.186237335205078
-10.195808410644531
-10.167930603027344
-10.247332572937012
-10.214420318603516
-10.193413734436035
-10.208210945129395
-10.192708969116211
-10.230202674865723
-10.222579956054688
-10.189414978027344
-10.235026359558105
-10.234453201293945
-10.22236442565918
-10.247574806213379
-10.280599594116211
-10.238240242004395
-10.268152236938477
-10.29414176940918
-10.25681209564209
-10.256133079528809
-10.290966033935547
-10.275146484375
-10.264521598815918
-10.34512996673584
-10.262636184692383
-10.255450248718262
-10.133890151977539
-10.340249061584473
-10.130400657653809
-10.27468490600586
-10.317055702209473
-10.011353492736816
-10.286075592041016
-10.13657283782959
-10.254559516906738
-10.282380104064941
-10.23402214050293
-10.284563064575195
-10.24713134765625
-10.371694564819336
-10.260934829711914
-10.375664710998535
-10.24769115447998
-10.362895965576172
-10.273536682128906
-10.395567893981934
-10.321385383605957
-10.382610321044922
-10.345619201660156
-10.344769477844238
-10.369802474975586
-10.352689743041992
-10.393786430358887
-10.333731651306152
-10.419374465942383
-10.372424125671387
-10.392531394958496
-10.362640380859375
-10.40244197845459
-10.409296989440918
-10.40432071685791
-10.429793357849121
-10.390911102294922
-10.479294776916504
-10.402453422546387
-10.488289833068848
-10.418840408325195
-10.481108665466309
-10.443177223205566
-10.457193374633789
-10.461183547973633
-10.45804500579834
-10.483821868896484
-10.471698760986328
-10.497544288635254
-10.509998321533203
-10.473442077636719
-10.479330062866211
-10.498339653015137
-10.501026153564453
-10.466174125671387
-10.488698959350586
-10.522444725036621
-10.48849105834961
-10.49777603149414
-10.49824333190918
-10.49918270111084
-10.549708366394043
-10.523837089538574
-10.499177932739258
-10.545787811279297
-10.545869827270508
-10.554157257080078
-10.548413276672363
-10.514589309692383
-10.526336669921875
-10.531431198120117
-10.555758476257324
-10.574689865112305
-10.534527778625488
-10.57762622833252
-10.560820579528809
-10.553732872009277
-10.5735445022583
-10.547574996948242
-10.581591606140137
-10.59160041809082
-10.56696891784668
-10.59068489074707
-10.574993133544922
-10.588238716125488
-10.604412078857422
-10.5845365524292
-10.580427169799805
-10.591771125793457
-10.595584869384766
-10.590517044067383
-10.609827995300293
-10.59103012084961
-10.602222442626953
-10.595917701721191
-10.618788719177246
-10.579246520996094
-10.608241081237793
-10.632200241088867
-10.609439849853516
-10.61667537689209
-10.611766815185547
-10.62078857421875
-10.60043716430664
-10.637107849121094
-10.640763282775879
-10.645061492919922
-10.64513111114502
-10.641467094421387
-10.632573127746582
-10.650647163391113
-10.655346870422363
-10.661870956420898
-10.631196022033691
-10.62022590637207
-10.653656005859375
-10.661252975463867
-10.666767120361328
-10.677720069885254
-10.682461738586426
-10.65346622467041
-10.672325134277344
-10.689117431640625
-10.679997444152832
-10.686796188354492
-10.661684036254883
-10.71281623840332
-10.664578437805176
-10.678786277770996
-10.694541931152344
-10.692972183227539
-10.706690788269043
-10.716483116149902
-10.699787139892578
-10.700112342834473
-10.729621887207031
-10.700700759887695
-10.749375343322754
-10.713943481445312
-10.719398498535156
-10.714778900146484
-10.693641662597656
-10.645798683166504
-10.663469314575195
-10.73979663848877
-10.711095809936523
-10.731199264526367
-10.705794334411621
-10.720105171203613
-10.744096755981445
-10.737273216247559
-10.758932113647461
-10.755760192871094
-10.781010627746582
-10.746079444885254
-10.749442100524902
-10.767115592956543
-10.776488304138184
-10.768292427062988
-10.750288009643555
-10.770371437072754
-10.781661033630371
-10.753656387329102
-10.78331470489502
-10.761329650878906
-10.769025802612305
-10.747995376586914
-10.764336585998535
-10.74648380279541
-10.773911476135254
-10.794583320617676
-10.78020191192627
-10.729165077209473
-10.754693984985352
-10.765892028808594
-10.78703784942627
-10.743733406066895
-10.75742244720459
-10.778693199157715
-10.78811264038086
-10.778533935546875
-10.761082649230957
-10.813936233520508
-10.828523635864258
-10.820767402648926
-10.795257568359375
-10.772863388061523
-10.806224822998047
-10.809467315673828
-10.811922073364258
-10.834761619567871
-10.775876998901367
-10.818055152893066
-10.828658103942871
-10.796130180358887
-10.817084312438965
-10.801680564880371
-10.847569465637207
-10.810176849365234
-10.811849594116211
-10.819500923156738
-10.805761337280273
-10.844911575317383
-10.802366256713867
-10.81404972076416
-10.834720611572266
-10.805633544921875
-10.822957992553711
-10.818676948547363
-10.822216033935547
-10.82397747039795
-10.82627010345459
-10.793970108032227
-10.79503059387207
-10.83712387084961
-10.798842430114746
-10.813047409057617
-10.83530330657959
-10.851541519165039
-10.821746826171875
-10.810203552246094
-10.83967113494873
-10.842856407165527
-10.832525253295898
-10.85312271118164
-10.825128555297852
-10.835363388061523
-10.840662956237793
-10.854294776916504
-10.853805541992188
-10.853343963623047
-10.866965293884277
-10.853800773620605
-10.838977813720703
-10.883452415466309
-10.847429275512695
-10.87755298614502
-10.832563400268555
-10.832433700561523
-10.820052146911621
-10.862568855285645
-10.850811004638672
-10.860366821289062
-10.824495315551758
-10.85472297668457
-10.847213745117188
-10.856022834777832
-10.847697257995605
-10.836675643920898
-10.856414794921875
-10.877541542053223
-10.843893051147461
-10.862447738647461
-10.871764183044434
-10.867820739746094
-10.876492500305176
-10.874255180358887
-10.887816429138184
-10.906991004943848
-10.880919456481934
-10.901704788208008
-10.890469551086426
-10.878507614135742
-10.898496627807617
-10.876489639282227
-10.88586139678955
-10.89850902557373
-10.910202980041504
-10.898280143737793
-10.905196189880371
-10.90664291381836
-10.891542434692383
-10.873662948608398
-10.906044960021973
-10.90569019317627
-10.889388084411621
-10.9000244140625
-10.908637046813965
-10.911316871643066
-10.9054594039917
-10.891982078552246
-10.878949165344238
-10.90982723236084
-10.904214859008789
-10.903956413269043
-10.929752349853516
-10.897823333740234
-10.869734764099121
-10.912626266479492
-10.907868385314941
-10.904692649841309
-10.91669750213623
-10.934800148010254
-10.929544448852539
-10.888201713562012
-10.904084205627441
-10.893028259277344
-10.908096313476562
-10.873083114624023
-10.898601531982422
-10.876300811767578
-10.900041580200195
-10.904871940612793
-10.915756225585938
-10.900073051452637
-10.854451179504395
-10.906825065612793
-10.901455879211426
-10.90629768371582
-10.90917682647705
-10.918495178222656
-10.928324699401855
-10.926117897033691
-10.927160263061523
-10.9226655960083
-10.943973541259766
-10.912514686584473
-10.924912452697754
-10.89039421081543
-10.925975799560547
-10.917773246765137
-10.924321174621582
-10.924850463867188
-10.922785758972168
-10.933064460754395
-10.929594039916992
-10.896462440490723
-10.93311882019043
-10.953630447387695
-10.952898025512695
-10.946324348449707
-10.92648983001709
-10.924766540527344
-10.958488464355469
-10.928370475769043
-10.964322090148926
-10.966763496398926
-10.981371879577637
-10.951003074645996
-10.942222595214844
-10.926170349121094
-10.9266996383667
-10.931901931762695
-10.925622940063477
-10.955402374267578
-10.946463584899902
-10.948078155517578
-10.922616004943848
-10.91393756866455
-10.908592224121094
-10.9076566696167
-10.918423652648926
-10.90643310546875
-10.953486442565918
-10.915246963500977
-10.880145072937012
-10.899504661560059
-10.942769050598145
-10.96147346496582
-10.907574653625488
-10.894719123840332
-10.920648574829102
-10.971301078796387
-10.980086326599121
-10.883448600769043
-10.891837120056152
-10.939908981323242
-10.945449829101562
-10.921867370605469
-10.913156509399414
-10.940702438354492
-10.96109676361084
-10.983941078186035
-10.92370891571045
-10.942437171936035
-10.958040237426758
-10.957253456115723
-10.948897361755371
-10.937171936035156
-10.947982788085938
-10.97318172454834
-10.973625183105469
-10.974002838134766
-10.944321632385254
-10.979033470153809
-10.98727035522461
-10.996528625488281
-10.968002319335938
-10.964972496032715
-10.968263626098633
-10.981802940368652
-10.982366561889648
-10.977956771850586
-10.95702838897705
-10.961322784423828
-10.974274635314941
-10.990405082702637
-10.981245040893555
-10.997535705566406
-10.952474594116211
-10.979674339294434
-10.974481582641602
-10.973834991455078
-10.974672317504883
-10.98982048034668
-10.968453407287598
-10.983522415161133
-10.99016284942627
-10.978084564208984
-11.001601219177246
-10.987754821777344
-10.833414077758789
-10.20676040649414
-10.88577938079834
-10.030465126037598
-10.151701927185059
-10.774092674255371
-10.552237510681152
-10.865072250366211
-10.74566650390625
-10.664430618286133
-10.91751766204834
-10.545202255249023
-10.807650566101074
-10.489022254943848
-10.647064208984375
-10.637880325317383
-10.626680374145508
-10.85232925415039
-10.742415428161621
-10.893903732299805
-10.845102310180664
-10.811676979064941
-10.91390609741211
-10.851731300354004
-10.94416618347168
-10.848824501037598
-10.967055320739746
-10.830326080322266
-10.947367668151855
-10.84697151184082
-10.982078552246094
-10.856223106384277
-10.981663703918457
-10.857187271118164
-11.000736236572266
-10.874910354614258
-10.978948593139648
-10.874672889709473
-11.005867958068848
-10.898173332214355
-10.997429847717285
-10.911538124084473
-10.989137649536133
-10.926187515258789
-11.000269889831543
-10.947075843811035
-11.027798652648926
-10.968905448913574
-10.997648239135742
-10.960979461669922
-10.983419418334961
-10.986592292785645
-10.994071960449219
-11.016260147094727
-10.986047744750977
-10.991068840026855
-11.003204345703125
-11.020543098449707
-10.982070922851562
-11.007012367248535
-11.012136459350586
-11.001327514648438
-11.002071380615234
-11.031671524047852
-11.000239372253418
-11.006977081298828
-10.995980262756348
-11.011220932006836
-10.991164207458496
-11.004709243774414
-11.028112411499023
-11.011054992675781
-10.99870491027832
-11.022530555725098
-11.002037048339844
-11.0051851272583
-11.025803565979004
-11.0055513381958
-11.025287628173828
-11.004341125488281
-11.024187088012695
-11.033535957336426
-11.020405769348145
-11.010035514831543
-11.025153160095215
-11.032325744628906
-11.023845672607422
-11.02383041381836
-11.007232666015625
-11.023295402526855
-11.022285461425781
-11.038463592529297
-11.027060508728027
-11.007473945617676
-11.031901359558105
-11.031087875366211
-11.04383659362793
-11.019615173339844
-11.042411804199219
-11.003958702087402
-11.025138854980469
-11.019416809082031
-11.024331092834473
-11.043437004089355
-11.030387878417969
-11.0227689743042
-11.046571731567383
-11.035422325134277
-11.022372245788574
-11.033596992492676
-11.018902778625488
-11.01690673828125
-11.041953086853027
-11.023480415344238
-11.040635108947754
-11.034037590026855
-11.027347564697266
-11.033945083618164
-11.047174453735352
-11.03994369506836
-11.05118179321289
-11.030673027038574
-11.035124778747559
-11.045201301574707
-11.03728199005127
-11.036237716674805
-11.046107292175293
-11.03661060333252
-11.043025970458984
-11.043375968933105
-11.034245491027832
-11.044585227966309
-11.038907051086426
-11.033102989196777
-11.034636497497559
-11.055904388427734
-11.056611061096191
-11.041168212890625
-11.050848007202148
-11.05763053894043
-11.030223846435547
-11.049171447753906
-11.032907485961914
-11.054180145263672
-11.05463695526123
-11.042427062988281
-11.033465385437012
-11.041592597961426
-11.049459457397461
-11.037693977355957
-11.046276092529297
-11.038833618164062
-11.047733306884766
-11.050092697143555
-11.022475242614746
-11.068107604980469
-11.037511825561523
-11.048738479614258
-11.050596237182617
-11.051287651062012
-11.03664779663086
-11.045389175415039
-11.064495086669922
-11.06096363067627
-11.044977188110352
-11.049849510192871
-11.061124801635742
-11.058259010314941
-11.057483673095703
-11.050432205200195
-11.0455961227417
-11.0472412109375
-11.039352416992188
-11.062580108642578
-11.056868553161621
-11.04966926574707
-11.055773735046387
-11.066896438598633
-11.059698104858398
-11.062063217163086
-11.047404289245605
-11.060993194580078
-11.069103240966797
-11.061443328857422
-11.050788879394531
-11.067022323608398
-11.06998348236084
-11.053145408630371
-11.060059547424316
-11.072513580322266
-11.060144424438477
-11.062084197998047
-11.035701751708984
-11.058818817138672
-11.063843727111816
-11.067546844482422
-11.053346633911133
-11.064374923706055
-11.081277847290039
-11.066620826721191
-11.073460578918457
-11.082630157470703
-11.061189651489258
-11.054046630859375
-11.056671142578125
-11.060250282287598
-11.061755180358887
-11.055459022521973
-11.07460880279541
-11.079434394836426
-11.068869590759277
-11.055060386657715
-11.088918685913086
-11.047093391418457
-11.05087947845459
-11.065512657165527
-11.082815170288086
-11.051527976989746
-11.052352905273438
-11.070894241333008
-11.06191635131836
-11.072427749633789
-11.06362247467041
-11.065430641174316
-11.051009178161621
-11.087668418884277
-11.06868839263916
-11.071746826171875
-11.079744338989258
-11.087532043457031
-11.080938339233398
-11.073962211608887
-11.064459800720215
-11.090843200683594
-11.066994667053223
-11.077728271484375
-11.065786361694336
-11.07103443145752
-11.05638599395752
-11.0765380859375
-11.054797172546387
-11.068214416503906
-11.056402206420898
-11.076507568359375
-11.071747779846191
-11.082351684570312
-11.091619491577148
-11.078540802001953
-11.068474769592285
-11.068094253540039
-11.083442687988281
-11.079792022705078
-11.076286315917969
-11.086627960205078
-11.096420288085938
-11.070799827575684
-11.086174964904785
-11.07966423034668
-11.08934497833252
-11.072675704956055
-11.068426132202148
-11.080568313598633
-11.08484935760498
-11.085915565490723
-11.084766387939453
-11.063884735107422
-11.089616775512695
-11.06389045715332
-11.074275016784668
-11.084321022033691
-11.09230899810791
-11.090023040771484
-11.077775955200195
-11.072933197021484
-11.095491409301758
-11.084327697753906
-11.090330123901367
-11.083197593688965
-11.07771110534668
-11.082592964172363
-11.060503959655762
-11.072099685668945
-11.072999000549316
-11.082758903503418
-11.086775779724121
-11.090497016906738
-11.087021827697754
-11.078036308288574
-11.092940330505371
-11.0894775390625
-11.097725868225098
-11.090896606445312
-11.09607982635498
-11.081321716308594
-11.068602561950684
-11.082578659057617
-11.069478034973145
-11.09797191619873
-11.092121124267578
-11.095406532287598
-11.08367919921875
-11.084903717041016
-11.093117713928223
-11.100381851196289
-11.081880569458008
-11.086440086364746
-11.10391616821289
-11.098363876342773
-11.084800720214844
-11.118217468261719
-11.090263366699219
-11.091348648071289
-11.084850311279297
-11.096650123596191
-11.111800193786621
-11.093160629272461
-11.099475860595703
-11.110499382019043
-11.088798522949219
-11.094822883605957
-11.085156440734863
-11.096839904785156
-11.122137069702148
-11.101889610290527
-11.097627639770508
-11.08863353729248
-11.093995094299316
-11.10828971862793
-11.109197616577148
-11.093877792358398
-11.101194381713867
-11.111035346984863
-11.111591339111328
-11.09514331817627
-11.104256629943848
-11.106717109680176
-11.100617408752441
-11.096108436584473
-11.108924865722656
-11.105018615722656
-11.097758293151855
-11.099477767944336
-11.10232162475586
-11.088961601257324
-11.086426734924316
-11.10804271697998
-11.115145683288574
-11.103565216064453
-11.081262588500977
-11.111130714416504
-11.107454299926758
-11.101603507995605
-11.099919319152832
-11.107604026794434
-11.113936424255371
-11.10838508605957
-11.108572006225586
-11.110654830932617
-11.109662055969238
-11.098350524902344
-11.113436698913574
-11.094313621520996
-11.120932579040527
-11.099721908569336
-11.090106964111328
-11.10295295715332
-11.103679656982422
-11.09986400604248
-11.104185104370117
-11.114222526550293
-11.112472534179688
-11.11600112915039
-11.115164756774902
-11.115008354187012
-11.100654602050781
-11.117365837097168
-11.114259719848633
-11.100327491760254
-11.108145713806152
-11.125694274902344
-11.116372108459473
-11.11585521697998
-11.119421005249023
-11.109925270080566
-11.113164901733398
-11.110550880432129
-11.116676330566406
-11.117828369140625
-11.114723205566406
-11.105891227722168
-11.117947578430176
-11.110612869262695
-11.11723804473877
-11.109707832336426
-11.119656562805176
-11.115700721740723
-11.110928535461426
-11.126763343811035
-11.111656188964844
-11.108798027038574
-11.11882209777832
-11.12114143371582
-11.121064186096191
-11.116520881652832
-11.11071491241455
-11.114949226379395
-11.11398983001709
-11.122916221618652
-11.09566593170166
-11.12093734741211
-11.106388092041016
-11.124786376953125
-11.117042541503906
-11.11351203918457
-11.119805335998535
-11.111865043640137
-11.119553565979004
-11.125657081604004
-11.117461204528809
-11.11849594116211
-11.120838165283203
-11.131775856018066
-11.113229751586914
-11.121770858764648
-11.13141918182373
-11.113903999328613
-11.121515274047852
-11.112642288208008
-11.110103607177734
-11.110681533813477
-11.118369102478027
-11.113884925842285
-11.126812934875488
-11.117650032043457
-11.129806518554688
-11.121429443359375
-11.11401081085205
-11.114103317260742
-11.131178855895996
-11.111186027526855
-11.113591194152832
-11.119782447814941
-11.125466346740723
-11.11790943145752
-11.128520011901855
-11.126765251159668
-11.120922088623047
-11.134799003601074
-11.131815910339355
-11.123800277709961
-11.121071815490723
-11.107081413269043
-11.12462043762207
-11.13233470916748
-11.11176586151123
-11.123388290405273
-11.117300033569336
-11.127723693847656
-11.1362943649292
-11.130221366882324
-11.132102966308594
-11.109440803527832
-11.13536262512207
-11.132486343383789
-11.13286304473877
-11.121905326843262
-11.129283905029297
-11.130366325378418
-11.12625503540039
-11.133329391479492
-11.134949684143066
-11.121007919311523
-11.12199592590332
-11.115093231201172
-11.121650695800781
-11.133085250854492
-11.13419246673584
-11.125906944274902
-11.127074241638184
-11.12741756439209
-11.128246307373047
-11.119734764099121
-11.135991096496582
-11.119524002075195
-11.133190155029297
-11.137359619140625
-11.138326644897461
-11.136521339416504
-11.136344909667969
-11.134268760681152
-11.128853797912598
-11.129992485046387
-11.132205963134766
-11.141756057739258
-11.14404582977295
-11.135799407958984
-11.13962459564209
-11.140388488769531
-11.133519172668457
-11.122762680053711
-11.140336036682129
-11.129817962646484
-11.138319969177246
-11.131937980651855
-11.134011268615723
-11.140043258666992
-11.1355619430542
-11.135310173034668
-11.15613079071045
-11.146686553955078
-11.135431289672852
-11.123435974121094
-11.105904579162598
-11.125776290893555
-11.126001358032227
-11.138121604919434
-11.136680603027344
-11.150495529174805
-11.128666877746582
-11.140806198120117
-11.14305591583252
-11.138423919677734
-11.131150245666504
-11.137240409851074
-11.135265350341797
-11.129555702209473
-11.142807960510254
-11.139836311340332
-11.13941478729248
-11.139739036560059
-11.123251914978027
-11.113950729370117
-11.120012283325195
-11.13961124420166
-11.135293006896973
-11.117046356201172
-11.13436508178711
-11.125541687011719
-11.121380805969238
-11.126205444335938
-11.135384559631348
-11.135583877563477
-11.137531280517578
-11.13467788696289
-11.140100479125977
-11.138897895812988
-11.142914772033691
-11.143081665039062
-11.134907722473145
-11.123968124389648
-11.119361877441406
-11.125710487365723
-11.11975383758545
-11.130341529846191
-11.125500679016113
-11.148543357849121
-11.140118598937988
-11.1337308883667
-11.13092041015625
-11.127710342407227
-11.13533878326416
-11.1357421875
-11.141197204589844
-11.147186279296875
-11.137862205505371
-11.132810592651367
-11.144969940185547
-11.146784782409668
-11.145598411560059
-11.143187522888184
-11.15550708770752
-11.139298439025879
-11.123456001281738
-11.106616973876953
-11.112296104431152
-11.128864288330078
-11.150062561035156
-11.137248992919922
-11.134615898132324
-11.132776260375977
-11.120986938476562
-11.12901782989502
-11.148117065429688
-11.153613090515137
-11.148153305053711
-11.134434700012207
-11.139046669006348
-11.147444725036621
-11.13636589050293
-11.14463996887207
-11.150010108947754
-11.141257286071777
-11.142870903015137
-11.143284797668457
-11.152030944824219
-11.14838695526123
-11.150429725646973
-11.15027141571045
-11.155339241027832
-11.135799407958984
-11.137558937072754
-11.132641792297363
-11.151755332946777
-11.150625228881836
-11.145971298217773
-11.134383201599121
-11.143497467041016
-11.143810272216797
-11.142231941223145
-11.141554832458496
-11.153823852539062
-11.141834259033203
-11.15813159942627
-11.160660743713379
-11.151885986328125
-11.148995399475098
-11.144198417663574
-11.15068244934082
-11.150632858276367
-11.140312194824219
-11.153545379638672
-11.130578994750977
-11.13078784942627
-11.138260841369629
-11.139753341674805
-11.14045238494873
-11.15230941772461
-11.15161418914795
-11.142363548278809
-11.147808074951172
-11.155797004699707
-11.152986526489258
-11.147308349609375
-11.145878791809082
-11.138036727905273
-11.135071754455566
-11.11979866027832
-11.123453140258789
-11.113621711730957
-11.120884895324707
-11.158063888549805
-11.139034271240234
-11.138086318969727
-11.116373062133789
-11.09188461303711
-11.102826118469238
-11.135344505310059
-11.143458366394043
-11.137191772460938
-11.119087219238281
-11.100953102111816
-11.10088062286377
-11.113433837890625
-11.138690948486328
-11.153301239013672
-11.157167434692383
-11.146322250366211
-11.148650169372559
-11.125456809997559
-11.127800941467285
-11.151533126831055
-11.150471687316895
-11.164008140563965
-11.144913673400879
-11.148984909057617
-11.160767555236816
-11.160861015319824
-11.158498764038086
-11.14617919921875
-11.136465072631836
-11.1241455078125
-11.145044326782227
-11.168811798095703
-11.163528442382812
-11.154075622558594
-11.162388801574707
-11.145393371582031
-11.145605087280273
-11.163483619689941
-11.16935920715332
-11.154646873474121
-11.160160064697266
-11.154302597045898
-11.166197776794434
-11.159906387329102
-11.1572265625
-11.16252613067627
-11.1482572555542
-11.168927192687988
-11.156611442565918
-11.160112380981445
-11.161949157714844
-11.155673027038574
-11.15819263458252
-11.155522346496582
-11.15751838684082
-11.150358200073242
-11.164618492126465
-11.149186134338379
-11.160489082336426
-11.154369354248047
-11.160565376281738
-11.170868873596191
-11.163081169128418
-11.160501480102539
-11.160259246826172
-11.160760879516602
-11.160651206970215
-11.152371406555176
-11.166997909545898
-11.159674644470215
-11.159332275390625
-11.161160469055176
-11.16281795501709
-11.160466194152832
-11.161493301391602
-11.147232055664062
-11.17402458190918
-11.162018775939941
-11.159703254699707
-11.164435386657715
-11.160137176513672
-11.170272827148438
-11.169851303100586
-11.153725624084473
-11.162602424621582
-11.163644790649414
-11.148713111877441
-11.165567398071289
-11.157063484191895
-11.163232803344727
-11.158638000488281
-11.1680908203125
-11.158968925476074
-11.15258502960205
-11.153363227844238
-11.157047271728516
-11.160669326782227
-11.164657592773438
-11.155951499938965
-11.157347679138184
-11.161981582641602
-11.15390682220459
-11.161633491516113
-11.14614200592041
-11.159588813781738
-11.156428337097168
-11.16411304473877
-11.163507461547852
-11.16218090057373
-11.168291091918945
-11.161957740783691
-11.15286636352539
-11.144977569580078
-11.150568962097168
-11.159462928771973
-11.161015510559082
-11.147891998291016
-11.171127319335938
-11.168386459350586
-11.16352653503418
-11.161558151245117
-11.15993881225586
-11.15947151184082
-11.153327941894531
-11.157341957092285
-11.158580780029297
-11.157645225524902
-11.160014152526855
-11.162609100341797
-11.166500091552734
-11.163869857788086
-11.16987419128418
-11.165142059326172
-11.14719295501709
-11.142097473144531
-11.140992164611816
-11.163313865661621
-11.156786918640137
-11.164790153503418
-11.164507865905762
-11.153631210327148
-11.1509428024292
-11.141349792480469
-11.158933639526367
-11.157498359680176
-11.155254364013672
-11.156463623046875
-11.162030220031738
-11.172062873840332
-11.173347473144531
-11.166656494140625
-11.16661262512207
-11.168976783752441
-11.165816307067871
-11.17345905303955
-11.162384986877441
-11.163622856140137
-11.162765502929688
-11.171950340270996
-11.174747467041016
-11.171351432800293
-11.17017936706543
-11.165361404418945
-11.179288864135742
-11.16552448272705
-11.172119140625
-11.171085357666016
-11.164766311645508
-11.173907279968262
-11.176532745361328
-11.158215522766113
-11.174863815307617
-11.174909591674805
-11.163887023925781
-11.177553176879883
-11.173636436462402
-11.167571067810059
-11.175045013427734
-11.168876647949219
-11.171046257019043
-11.17129135131836
-11.162731170654297
-11.1647367477417
-11.160049438476562
-11.164506912231445
-11.169450759887695
-11.183159828186035
-11.173441886901855
-11.165000915527344
-11.168828010559082
-11.172780990600586
-11.171271324157715
-11.152363777160645
-11.170297622680664
-11.164024353027344
-11.157990455627441
-11.163601875305176
-11.166080474853516
-11.166321754455566
-11.163497924804688
-11.172566413879395
-11.18429946899414
-11.17484188079834
-11.176116943359375
-11.168913841247559
-11.171587944030762
-11.17564582824707
-11.170628547668457
-11.171243667602539
-11.18298053741455
-11.179224014282227
-11.180912017822266
-11.182598114013672
-11.171799659729004
-11.173317909240723
-11.179502487182617
-11.17947769165039
-11.1732759475708
-11.167623519897461
-11.165804862976074
-11.165486335754395
-11.149508476257324
-11.1622314453125
-11.166789054870605
-11.163907051086426
-11.172056198120117
-11.164044380187988
-11.169174194335938
-11.172056198120117
-11.1595458984375
-11.160682678222656
-11.165351867675781
-11.17084789276123
-11.173785209655762
-11.175596237182617
-11.186369895935059
-11.178025245666504
-11.17739486694336
-11.182353973388672
-11.172940254211426
-11.183308601379395
-11.183074951171875
-11.168854713439941
-11.143926620483398
-11.149643898010254
-11.147727012634277
-11.160039901733398
-11.172303199768066
-11.176794052124023
-11.176042556762695
-11.176861763000488
-11.160219192504883
-11.136367797851562
-11.150390625
-11.16553020477295
-11.181654930114746
-11.175616264343262
-11.17902946472168
-11.17866325378418
-11.174704551696777
-11.172200202941895
-11.161893844604492
-11.148892402648926
-11.14344596862793
-11.158980369567871
-11.173644065856934
-11.174053192138672
-11.179793357849121
-11.168161392211914
-11.146007537841797
-11.115030288696289
-11.116674423217773
-11.147893905639648
-11.175267219543457
-11.179106712341309
-11.136067390441895
-11.106849670410156
-11.1162748336792
-11.159992218017578
-11.171075820922852
-11.11974811553955
-11.096794128417969
-11.132906913757324
-11.174159049987793
-11.164097785949707
-11.121194839477539
-11.109060287475586
-11.163187026977539
-11.175345420837402
-11.156482696533203
-11.139054298400879
-11.166860580444336
-11.186901092529297
-11.153725624084473
-11.117146492004395
-11.145973205566406
-11.175318717956543
-11.1760835647583
-11.166565895080566
-11.18138313293457
-11.181705474853516
-11.186142921447754
-11.179120063781738
-11.176064491271973
-11.177818298339844
-11.18382740020752
-11.177197456359863
-11.185931205749512
-11.180519104003906
-11.187965393066406
-11.187834739685059
-11.18423080444336
-11.184228897094727
-11.180285453796387
-11.189716339111328
-11.185161590576172
-11.18892765045166
-11.185107231140137
-11.182259559631348
-11.178444862365723
-11.182820320129395
-11.187931060791016
-11.180574417114258
-11.18291187286377
-11.181056022644043
-11.18959903717041
-11.191128730773926
-11.186894416809082
-11.198853492736816
-11.179232597351074
-11.183317184448242
-11.185625076293945
-11.176445960998535
-11.18116283416748
-11.190792083740234
-11.181745529174805
-11.185546875
-11.185154914855957
-11.18229866027832
-11.181442260742188
-11.186488151550293
-11.191828727722168
-11.194382667541504
-11.183218002319336
-11.175958633422852
-11.186355590820312
-11.184383392333984
-11.180313110351562
-11.1777925491333
-11.18506145477295
-11.177057266235352
-11.179017066955566
-11.186028480529785
-11.188275337219238
-11.185521125793457
-11.182015419006348
-11.177117347717285
-11.176085472106934
-11.178156852722168
-11.176671028137207
-11.198497772216797
-11.18077278137207
-11.173802375793457
-11.167068481445312
-11.176647186279297
-11.185145378112793
-11.179612159729004
-11.188733100891113
-11.185022354125977
-11.170563697814941
-11.168747901916504
-11.179302215576172
-11.17431354522705
-11.189427375793457
-11.183624267578125
-11.169394493103027
-11.166393280029297
-11.176448822021484
-11.182341575622559
-11.185349464416504
-11.183536529541016
-11.170905113220215
-11.164508819580078
-11.169768333435059
-11.183624267578125
-11.18704605102539
-11.175249099731445
-11.173487663269043
-11.18455982208252
-11.19140338897705
-11.188589096069336
-11.187151908874512
-11.19432544708252
-11.195713996887207
-11.196138381958008
-11.198190689086914
-11.192901611328125
-11.188322067260742
-11.186497688293457
-11.192063331604004
-11.186793327331543
-11.185275077819824
-11.187816619873047
-11.189251899719238
-11.18920612335205
-11.19611930847168
-11.18940258026123
-11.191683769226074
-11.19161605834961
-11.195387840270996
-11.18715763092041
-11.194586753845215
-11.183863639831543
-11.19019889831543
-11.194128036499023
-11.175919532775879
-11.185169219970703
-11.190727233886719
-11.200271606445312
-11.189517974853516
-11.18179988861084
-11.17641830444336
-11.174542427062988
-11.185873985290527
-11.195274353027344
-11.186874389648438
-11.181350708007812
-11.17591381072998
-11.169846534729004
-11.179213523864746
-11.194931030273438
-11.186162948608398
-11.18016529083252
-11.163376808166504
-11.159016609191895
-11.176852226257324
-11.196829795837402
-11.188342094421387
-11.19002628326416
-11.190673828125
-11.180822372436523
-11.19044017791748
-11.186135292053223
-11.193219184875488
-11.191411972045898
-11.187999725341797
-11.191953659057617
-11.193403244018555
-11.185691833496094
-11.185928344726562
-11.190805435180664
-11.1968355178833
-11.194236755371094
-11.190016746520996
-11.195945739746094
-11.198184967041016
-11.197371482849121
-11.19328784942627
-11.200204849243164
-11.195743560791016
-11.19505500793457
-11.197080612182617
-11.199592590332031
-11.195261001586914
-11.203380584716797
-11.193161964416504
-11.20171070098877
-11.187374114990234
-11.198936462402344
-11.196537017822266
-11.196303367614746
-11.202479362487793
-11.198354721069336
-11.19335651397705
-11.194291114807129
-11.185399055480957
-11.196084976196289
-11.196051597595215
-11.19494342803955
-11.193964958190918
-11.191998481750488
-11.18757438659668
-11.19391918182373
-11.194832801818848
-11.195061683654785
-11.195459365844727
-11.188081741333008
-11.186792373657227
-11.19216537475586
-11.195898056030273
-11.200490951538086
-11.192768096923828
-11.192733764648438
-11.192365646362305
-11.187360763549805
-11.187788963317871
-11.178966522216797
-11.162055969238281
-11.149924278259277
-11.171960830688477
-11.1884126663208
-11.20120620727539
-11.18968391418457
-11.17995834350586
-11.180405616760254
-11.193977355957031
-11.194485664367676
-11.191100120544434
-11.191232681274414
-11.176068305969238
-11.172476768493652
-11.187603950500488
-11.192137718200684
-11.192794799804688
-11.177538871765137
-11.170439720153809
-11.178497314453125
-11.179886817932129
-11.191644668579102
-11.19659423828125
-11.191883087158203
-11.184706687927246
-11.19604778289795
-11.201960563659668
-11.202539443969727
-11.195891380310059
-11.190382957458496
-11.18786334991455
-11.19384479522705
-11.194124221801758
-11.178196907043457
-11.167588233947754
-11.147317886352539
-11.153773307800293
-11.171032905578613
-11.192081451416016
-11.136317253112793
-11.089433670043945
-11.13981819152832
-11.180785179138184
-11.175542831420898
-11.109992980957031
-11.10185718536377
-11.184821128845215
-11.171815872192383
-11.097282409667969
-11.128032684326172
-11.1913423538208
-11.129849433898926
-11.031357765197754
-11.147034645080566
-11.187867164611816
-11.10543155670166
-11.093503952026367
-11.19278335571289
-11.174924850463867
-11.128642082214355
-11.168553352355957
-11.193674087524414
-11.173612594604492
-11.15263557434082
-11.182507514953613
-11.201168060302734
-11.180864334106445
-11.146543502807617
-11.188885688781738
-11.202289581298828
-11.180438041687012
-11.162054061889648
-11.18966293334961
-11.194072723388672
-11.177668571472168
-11.162704467773438
-11.19051742553711
-11.203075408935547
-11.195075035095215
-11.178420066833496
-11.198022842407227
-11.203337669372559
-11.189043045043945
-11.187868118286133
-11.191459655761719
-11.191683769226074
-11.198126792907715
-11.190053939819336
-11.197065353393555
-11.201462745666504
-11.200363159179688
-11.198558807373047
-11.197930335998535
-11.206509590148926
-11.197007179260254
-11.204347610473633
-11.200155258178711
-11.206186294555664
-11.190972328186035
-11.199197769165039
-11.198516845703125
-11.204717636108398
-11.202641487121582
-11.191590309143066
-11.190912246704102
-11.2001953125
-11.19835090637207
-11.200281143188477
-11.204239845275879
-11.204532623291016
-11.197796821594238
-11.201170921325684
-11.205513954162598
-11.204447746276855
-11.20121955871582
-11.206426620483398
-11.203224182128906
-11.20244026184082
-11.202922821044922
-11.202622413635254
-11.204764366149902
-11.20241641998291
-11.204811096191406
-11.203084945678711
-11.201345443725586
-11.199156761169434
-11.205292701721191
-11.204212188720703
-11.209866523742676
-11.200783729553223
-11.203641891479492
-11.201630592346191
-11.207310676574707
-11.204607009887695
-11.207895278930664
-11.21161937713623
-11.204340934753418
-11.209819793701172
-11.207745552062988
-11.204187393188477
-11.20311450958252
-11.210748672485352
-11.194190979003906
-11.204061508178711
-11.204421043395996
-11.205619812011719
-11.207639694213867
-11.204514503479004
-11.198659896850586
-11.19761848449707
-11.208868980407715
-11.210711479187012
-11.207785606384277
-11.207568168640137
-11.202972412109375
-11.199880599975586
-11.198278427124023
-11.205679893493652
-11.209213256835938
-11.207294464111328
-11.209500312805176
-11.206171035766602
-11.208139419555664
-11.204815864562988
-11.213119506835938
-11.201075553894043
-11.207015037536621
-11.207551956176758
-11.199117660522461
-11.20654582977295
-11.207657814025879
-11.203878402709961
-11.205397605895996
-11.207669258117676
-11.202900886535645
-11.205229759216309
-11.205985069274902
-11.211058616638184
-11.203876495361328
-11.206634521484375
-11.201055526733398
-11.210419654846191
-11.207987785339355
-11.206597328186035
-11.201285362243652
-11.204055786132812
-11.197416305541992
-11.19593620300293
-11.211149215698242
-11.201272010803223
-11.202753067016602
-11.19758415222168
-11.203003883361816
-11.206917762756348
-11.203216552734375
-11.198836326599121
-11.196751594543457
-11.1913480758667
-11.187886238098145
-11.192389488220215
-11.205570220947266
-11.201591491699219
-11.186155319213867
-11.174578666687012
-11.18429183959961
-11.206822395324707
-11.213730812072754
-11.188301086425781
-11.197046279907227
-11.203512191772461
-11.205171585083008
-11.202006340026855
-11.180846214294434
-11.162406921386719
-11.181593894958496
-11.20676326751709
-11.211267471313477
-11.18752670288086
-11.16666030883789
-11.17914867401123
-11.202136993408203
-11.19393539428711
-11.186509132385254
-11.176582336425781
-11.176923751831055
-11.197308540344238
-11.207932472229004
-11.198810577392578
-11.189031600952148
-11.189295768737793
-11.195228576660156
-11.203042984008789
-11.207170486450195
-11.196832656860352
-11.185148239135742
-11.183265686035156
-11.193368911743164
-11.201810836791992
-11.188765525817871
-11.161260604858398
-11.177650451660156
-11.196049690246582
-11.2103910446167
-11.19998550415039
-11.1910400390625
-11.198153495788574
-11.203574180603027
-11.1832857131958
-11.192131042480469
-11.200706481933594
-11.20930290222168
-11.197287559509277
-11.195130348205566
-11.190189361572266
-11.2037992477417
-11.208213806152344
-11.196603775024414
-11.198816299438477
-11.197877883911133
-11.21008014678955
-11.207098960876465
-11.192170143127441
-11.181291580200195
-11.197484970092773
-11.208203315734863
-11.20542049407959
-11.19167423248291
-11.185506820678711
-11.180272102355957
-11.19944953918457
-11.206995010375977
-11.204033851623535
-11.197108268737793
-11.204358100891113
-11.209343910217285
-11.212916374206543
-11.20917797088623
-11.205740928649902
-11.210770606994629
-11.209603309631348
-11.212403297424316
-11.21267032623291
-11.214081764221191
-11.213244438171387
-11.210893630981445
-11.204657554626465
-11.204718589782715
-11.208242416381836
-11.204061508178711
-11.212509155273438
-11.214493751525879
-11.208664894104004
-11.213149070739746
-11.210774421691895
-11.207839965820312
-11.208536148071289
-11.210624694824219
-11.208703994750977
-11.212019920349121
-11.207382202148438
-11.213008880615234
-11.207805633544922
-11.215312004089355
-11.20987319946289
-11.21031379699707
-11.209712028503418
-11.21238899230957
-11.212841033935547
-11.21255874633789
-11.20639419555664
-11.20700454711914
-11.213727951049805
-11.21394157409668
-11.213717460632324
-11.212114334106445
-11.212340354919434
-11.213530540466309
-11.211930274963379
-11.211782455444336
-11.20885944366455
-11.217900276184082
-11.214922904968262
-11.214211463928223
-11.21038818359375
-11.211413383483887
-11.21338176727295
-11.212672233581543
-11.212881088256836
-11.214720726013184
-11.21442985534668
-11.20722484588623
-11.218378067016602
-11.212799072265625
-11.213630676269531
-11.217485427856445
-11.212174415588379
-11.211404800415039
-11.2191743850708
-11.215898513793945
-11.212773323059082
-11.215028762817383
-11.212185859680176
-11.209980964660645
-11.210079193115234
-11.212785720825195
-11.214616775512695
-11.213412284851074
-11.217467308044434
-11.212100982666016
-11.21489143371582
-11.20556926727295
-11.218228340148926
-11.210943222045898
-11.214295387268066
-11.21420669555664
-11.214240074157715
-11.213748931884766
-11.2067232131958
-11.211565971374512
-11.21529483795166
-11.211671829223633
-11.212987899780273
-11.213829040527344
-11.21535873413086
-11.215768814086914
-11.217169761657715
-11.216400146484375
-11.216341018676758
-11.212944984436035
-11.207210540771484
-11.213106155395508
-11.211745262145996
-11.212470054626465
-11.221023559570312
-11.214241981506348
-11.212687492370605
-11.212156295776367
-11.215498924255371
-11.21668529510498
-11.217864036560059
-11.214988708496094
-11.210535049438477
-11.214941024780273
-11.216975212097168
-11.215789794921875
-11.212882995605469
-11.208599090576172
-11.209715843200684
-11.212844848632812
-11.21498966217041
-11.21053695678711
-11.217323303222656
-11.212080001831055
-11.208223342895508
-11.22004222869873
-11.218502044677734
-11.2106351852417
-11.209454536437988
-11.217514038085938
-11.21065902709961
-11.215646743774414
-11.211758613586426
-11.21949577331543
-11.217681884765625
-11.20835018157959
-11.201668739318848
-11.202085494995117
-11.206485748291016
-11.211978912353516
-11.216370582580566
-11.212057113647461
-11.213272094726562
-11.19815444946289
-11.19393539428711
-11.19670295715332
-11.203781127929688
-11.219575881958008
-11.218545913696289
-11.224266052246094
-11.208467483520508
-11.215468406677246
-11.213329315185547
-11.209869384765625
-11.216540336608887
-11.218524932861328
-11.213619232177734
-11.21464729309082
-11.219038963317871
-11.21930980682373
-11.217212677001953
-11.221287727355957
-11.218506813049316
-11.213274955749512
-11.218464851379395
-11.2177734375
-11.22060489654541
-11.218223571777344
-11.21312141418457
-11.21174430847168
-11.214746475219727
-11.214300155639648
-11.2214937210083
-11.2182035446167
-11.21306324005127
-11.216190338134766
-11.214519500732422
-11.211077690124512
-11.209854125976562
-11.217252731323242
-11.214171409606934
-11.218976020812988
-11.214853286743164
-11.220547676086426
-11.217792510986328
-11.216451644897461
-11.213493347167969
-11.21988582611084
-11.216021537780762
-11.215335845947266
-11.21263599395752
-11.215943336486816
-11.217545509338379
-11.216669082641602
-11.210711479187012
-11.220526695251465
-11.215673446655273
-11.217717170715332
-11.213244438171387
-11.218401908874512
-11.216482162475586
-11.2174711227417
-11.217363357543945
-11.218396186828613
-11.218734741210938
-11.218179702758789
-11.221284866333008
-11.21615982055664
-11.22363567352295
-11.219233512878418
-11.217399597167969
-11.214702606201172
-11.215487480163574
-11.216999053955078
-11.21879768371582
-11.206326484680176
-11.202136993408203
-11.195876121520996
-11.200187683105469
-11.202423095703125
-11.21536922454834
-11.217085838317871
-11.210111618041992
-11.203550338745117
-11.17547607421875
-11.148980140686035
-11.169992446899414
-11.207696914672852
-11.211010932922363
-11.183792114257812
-11.150432586669922
-11.137786865234375
-11.163854598999023
-11.200385093688965
-11.197968482971191
-11.111064910888672
-11.08990478515625
-11.164715766906738
-11.212677001953125
-11.196439743041992
-11.148200035095215
-11.1336669921875
-11.183350563049316
-11.21762752532959
-11.208440780639648
-11.189760208129883
-11.185688972473145
-11.20057201385498
-11.219964981079102
-11.214434623718262
-11.189733505249023
-11.184088706970215
-11.18492603302002
-11.211021423339844
-11.217386245727539
-11.197200775146484
-11.170439720153809
-11.191421508789062
-11.215011596679688
-11.207681655883789
-11.184799194335938
-11.170884132385254
-11.198755264282227
-11.220715522766113
-11.212383270263672
-11.21322250366211
-11.213441848754883
-11.215505599975586
-11.221722602844238
-11.215286254882812
-11.214712142944336
-11.213003158569336
-11.21957015991211
-11.223386764526367
-11.22292423248291
-11.21290397644043
-11.218169212341309
-11.220113754272461
-11.222407341003418
-11.222809791564941
-11.226252555847168
-11.225264549255371
-11.222737312316895
-11.223787307739258
-11.223295211791992
-11.21513557434082
-11.226310729980469
-11.223658561706543
-11.22587776184082
-11.224098205566406
-11.224760055541992
-11.2219877243042
-11.223176956176758
-11.222646713256836
-11.222674369812012
-11.207733154296875
-11.215587615966797
-11.218189239501953
-11.222683906555176
-11.220972061157227
-11.215276718139648
-11.217939376831055
-11.218036651611328
-11.212986946105957
-11.219894409179688
-11.223912239074707
-11.215341567993164
-11.212924003601074
-11.21012020111084
-11.217461585998535
-11.21865463256836
-11.224930763244629
-11.22150993347168
-11.219788551330566
-11.219547271728516
-11.217158317565918
-11.222715377807617
-11.222697257995605
-11.220438957214355
-11.220596313476562
-11.221752166748047
-11.225473403930664
-11.219049453735352
-11.219847679138184
-11.221541404724121
-11.216708183288574
-11.21367073059082
-11.2172269821167
-11.222166061401367
-11.224486351013184
-11.223288536071777
-11.224586486816406
-11.228039741516113
-11.22078800201416
-11.224806785583496
-11.224337577819824
-11.220795631408691
-11.221726417541504
-11.220931053161621
-11.225886344909668
-11.221134185791016
-11.221405029296875
-11.224754333496094
-11.224443435668945
-11.223774909973145
-11.221839904785156
-11.223641395568848
-11.226288795471191
-11.221634864807129
-11.225149154663086
-11.222343444824219
-11.2254056930542
-11.22101879119873
-11.225144386291504
-11.226273536682129
-11.22635555267334
-11.221780776977539
-11.221054077148438
-11.227899551391602
-11.225125312805176
-11.221894264221191
-11.226905822753906
-11.225720405578613
-11.219136238098145
-11.225770950317383
-11.228559494018555
-11.227252006530762
-11.225089073181152
-11.226633071899414
-11.225617408752441
-11.22623348236084
-11.227010726928711
-11.229927062988281
-11.229156494140625
-11.225845336914062
-11.22401237487793
-11.223153114318848
-11.223332405090332
-11.225567817687988
-11.22237491607666
-11.228365898132324
-11.223782539367676
-11.227836608886719
-11.221697807312012
-11.217836380004883
-11.21680736541748
-11.22120475769043
-11.219199180603027
-11.222969055175781
-11.2244234085083
-11.225422859191895
-11.22473430633545
-11.223055839538574
-11.207581520080566
-11.204390525817871
-11.204843521118164
-11.224602699279785
-11.228503227233887
-11.215737342834473
-11.20547103881836
-11.188765525817871
-11.186026573181152
-11.204870223999023
-11.22265625
-11.22020149230957
-11.201460838317871
-11.19286060333252
-11.193543434143066
-11.209359169006348
-11.223888397216797
-11.227361679077148
-11.227617263793945
-11.21934700012207
-11.20374584197998
-11.207955360412598
-11.206890106201172
-11.221221923828125
-11.222623825073242
-11.230354309082031
-11.220415115356445
-11.215423583984375
-11.224721908569336
-11.22793960571289
-11.226110458374023
-11.22573184967041
-11.21954345703125
-11.212985038757324
-11.213434219360352
-11.213546752929688
-11.214093208312988
-11.218060493469238
-11.224554061889648
-11.22375774383545
-11.205254554748535
-11.1933012008667
-11.189035415649414
-11.204219818115234
-11.219202041625977
-11.205162048339844
-11.164854049682617
-11.15481185913086
-11.183348655700684
-11.223516464233398
-11.217229843139648
-11.181670188903809
-11.146666526794434
-11.173410415649414
-11.226030349731445
-11.207876205444336
-11.164952278137207
-11.19894027709961
-11.225018501281738
-11.197930335998535
-11.185550689697266
-11.205937385559082
-11.223464965820312
-11.223587036132812
-11.19725513458252
-11.193689346313477
-11.207335472106934
-11.229248046875
-11.222825050354004
-11.218500137329102
-11.225621223449707
-11.22815990447998
-11.215415954589844
-11.212717056274414
-11.219366073608398
-11.225635528564453
-11.218405723571777
-11.205188751220703
-11.205955505371094
-11.198873519897461
-11.224740982055664
-11.22441577911377
-11.218119621276855
-11.218465805053711
-11.222616195678711
-11.226390838623047
-11.222874641418457
-11.219857215881348
-11.228120803833008
-11.226709365844727
-11.224605560302734
-11.228067398071289
-11.228494644165039
-11.233109474182129
-11.227375984191895
-11.226600646972656
-11.227082252502441
-11.222345352172852
-11.22192096710205
-11.228407859802246
-11.230998992919922
-11.227710723876953
-11.233027458190918
-11.230574607849121
-11.232930183410645
-11.229772567749023
-11.230412483215332
-11.233743667602539
-11.227322578430176
-11.229071617126465
-11.23542308807373
-11.226690292358398
-11.22736644744873
-11.225071907043457
-11.227577209472656
-11.22941780090332
-11.230122566223145
-11.23244857788086
-11.231918334960938
-11.225739479064941
-11.226496696472168
-11.22675895690918
-11.22302532196045
-11.22861099243164
-11.233805656433105
-11.231592178344727
-11.228795051574707
-11.225287437438965
-11.230329513549805
-11.23265266418457
-11.22846508026123
-11.23283863067627
-11.226508140563965
-11.232060432434082
-11.231476783752441
-11.22734546661377
-11.229951858520508
-11.232314109802246
-11.233902931213379
-11.231380462646484
-11.234848976135254
-11.228378295898438
-11.224252700805664
-11.224790573120117
-11.228248596191406
-11.231059074401855
-11.232499122619629
-11.236506462097168
-11.232403755187988
-11.222620010375977
-11.234418869018555
-11.228981971740723
-11.232513427734375
-11.228473663330078
-11.230124473571777
-11.222796440124512
-11.224881172180176
-11.222007751464844
-11.222738265991211
-11.227302551269531
-11.229004859924316
-11.230000495910645
-11.231210708618164
-11.232826232910156
-11.22330093383789
-11.227078437805176
-11.222288131713867
-11.2240571975708
-11.230098724365234
-11.226435661315918
-11.22907543182373
-11.233556747436523
-11.230621337890625
-11.235554695129395
-11.228813171386719
-11.219565391540527
-11.219078063964844
-11.218976020812988
-11.224879264831543
-11.223041534423828
-11.232076644897461
-11.229958534240723
-11.22886848449707
-11.215710639953613
-11.212075233459473
-11.223194122314453
-11.230293273925781
-11.222373962402344
-11.224953651428223
-11.22490119934082
-11.228633880615234
-11.230130195617676
-11.226737022399902
-11.226116180419922
-11.222272872924805
-11.225739479064941
-11.231325149536133
-11.226784706115723
-11.230546951293945
-11.229490280151367
-11.218027114868164
-11.213977813720703
-11.212738990783691
-11.219688415527344
-11.220476150512695
-11.228446960449219
-11.233771324157715
-11.231393814086914
-11.218623161315918
-11.212624549865723
-11.204925537109375
-11.212318420410156
-11.221877098083496
-11.231389045715332
-11.22492504119873
-11.225533485412598
-11.214214324951172
-11.210858345031738
-11.214829444885254
-11.223896980285645
-11.231671333312988
-11.235669136047363
-11.22768497467041
-11.2275390625
-11.229093551635742
-11.232412338256836
-11.227437973022461
-11.23247241973877
-11.225654602050781
-11.228399276733398
-11.228271484375
-11.230822563171387
-11.232928276062012
-11.224089622497559
-11.216096878051758
-11.201622009277344
-11.202595710754395
-11.21696949005127
-11.228093147277832
-11.225919723510742
-11.225357055664062
-11.22447681427002
-11.21286392211914
-11.210461616516113
-11.223453521728516
-11.231196403503418
-11.232152938842773
-11.234885215759277
-11.232583999633789
-11.226678848266602
-11.22685432434082
-11.232902526855469
-11.234711647033691
-11.235535621643066
-11.234375
-11.231810569763184
-11.220441818237305
-11.219862937927246
-11.218914985656738
-11.226773262023926
-11.23139762878418
-11.227452278137207
-11.23257064819336
-11.230918884277344
-11.224421501159668
-11.223852157592773
-11.213783264160156
-11.218353271484375
-11.22446346282959
-11.22883415222168
-11.233504295349121
-11.22369384765625
-11.20719051361084
-11.205714225769043
-11.219388961791992
-11.23423957824707
-11.234771728515625
-11.233351707458496
-11.232015609741211
-11.226251602172852
-11.232905387878418
-11.233378410339355
-11.234261512756348
-11.236163139343262
-11.233219146728516
-11.239089965820312
-11.234823226928711
-11.23552417755127
-11.233624458312988
-11.232024192810059
-11.23261833190918
-11.234029769897461
-11.23375129699707
-11.237051010131836
-11.231277465820312
-11.234512329101562
-11.236865043640137
-11.23448371887207
-11.234881401062012
-11.233238220214844
-11.230252265930176
-11.230666160583496
-11.231947898864746
-11.234718322753906
-11.237072944641113
-11.233119010925293
-11.23974895477295
-11.233216285705566
-11.23375129699707
-11.234367370605469
-11.233807563781738
-11.234232902526855
-11.232170104980469
-11.236175537109375
-11.238637924194336
-11.235892295837402
-11.240302085876465
-11.235846519470215
-11.238428115844727
-11.238616943359375
-11.237749099731445
-11.239481925964355
-11.238969802856445
-11.238151550292969
-11.235031127929688
-11.237465858459473
-11.238130569458008
-11.230762481689453
-11.232023239135742
-11.2264986038208
-11.230677604675293
-11.23298454284668
-11.231563568115234
-11.234075546264648
-11.23142147064209
-11.237314224243164
-11.23867416381836
-11.237899780273438
-11.24314022064209
-11.237844467163086
-11.235102653503418
-11.233288764953613
-11.234768867492676
-11.231795310974121
-11.233418464660645
-11.231431007385254
-11.2366361618042
-11.23694896697998
-11.233633995056152
-11.237452507019043
-11.233614921569824
-11.237446784973145
-11.233063697814941
-11.237500190734863
-11.238683700561523
-11.241304397583008
-11.241249084472656
-11.242097854614258
-11.233623504638672
-11.242393493652344
-11.241785049438477
-11.238364219665527
-11.23462963104248
-11.236334800720215
-11.233610153198242
-11.230795860290527
-11.232959747314453
-11.234831809997559
-11.237247467041016
-11.237305641174316
-11.235587120056152
-11.234787940979004
-11.236608505249023
-11.238531112670898
-11.2388916015625
-11.24004077911377
-11.234262466430664
-11.238170623779297
-11.23618221282959
-11.240219116210938
-11.236217498779297
-11.236370086669922
-11.240952491760254
-11.23890209197998
-11.234041213989258
-11.230716705322266
-11.233745574951172
-11.237021446228027
-11.234611511230469
-11.22541618347168
-11.215972900390625
-11.219252586364746
-11.20988941192627
-11.201343536376953
-11.203192710876465
-11.222349166870117
-11.238306999206543
-11.238141059875488
-11.222807884216309
-11.19446086883545
-11.161333084106445
-11.168597221374512
-11.204414367675781
-11.233344078063965
-11.228864669799805
-11.212441444396973
-11.196378707885742
-11.198509216308594
-11.220758438110352
-11.230449676513672
-11.228311538696289
-11.233566284179688
-11.223677635192871
-11.202207565307617
-11.205062866210938
-11.221134185791016
-11.230192184448242
-11.2354154586792
-11.237686157226562
-11.23501968383789
-11.229596138000488
-11.228899002075195
-11.22919750213623
-11.235881805419922
-11.239812850952148
-11.235867500305176
-11.22982406616211
-11.222010612487793
-11.220407485961914
-11.225133895874023
-11.235905647277832
-11.23614501953125
-11.240371704101562
-11.233023643493652
-11.23602294921875
-11.235206604003906
-11.24130630493164
-11.236617088317871
-11.234588623046875
-11.217744827270508
-11.215302467346191
-11.228246688842773
-11.233969688415527
-11.236786842346191
-11.214155197143555
-11.205662727355957
-11.214005470275879
-11.223129272460938
-11.232260704040527
-11.234260559082031
-11.241652488708496
-11.237019538879395
-11.244897842407227
-11.24162769317627
-11.23723316192627
-11.238525390625
-11.237702369689941
-11.242948532104492
-11.238096237182617
-11.236946105957031
-11.239177703857422
-11.23833179473877
-11.230948448181152
-11.2394380569458
-11.241243362426758
-11.237288475036621
-11.232926368713379
-11.229789733886719
-11.228888511657715
-11.230555534362793
-11.235878944396973
-11.238005638122559
-11.235654830932617
-11.235703468322754
-11.24091625213623
-11.241019248962402
-11.239420890808105
-11.242142677307129
-11.240959167480469
-11.244829177856445
-11.238870620727539
-11.242085456848145
-11.240290641784668
-11.238997459411621
-11.236899375915527
-11.24067211151123
-11.242390632629395
-11.242018699645996
-11.23870849609375
-11.23320484161377
-11.242281913757324
-11.244853973388672
-11.241619110107422
-11.242758750915527
-11.23845386505127
-11.240463256835938
-11.240272521972656
-11.239317893981934
-11.240099906921387
-11.235732078552246
-11.239391326904297
-11.241730690002441
-11.242526054382324
-11.23204517364502
-11.232979774475098
-11.227538108825684
-11.230502128601074
-11.224871635437012
-11.222973823547363
-11.227399826049805
-11.233081817626953
-11.229629516601562
-11.239075660705566
-11.235124588012695
-11.244114875793457
-11.235422134399414
-11.229649543762207
-11.22886848449707
-11.237529754638672
-11.242389678955078
-11.238995552062988
-11.243875503540039
-11.240691184997559
-11.235223770141602
-11.232194900512695
-11.242205619812012
-11.2410249710083
-11.234330177307129
-11.241443634033203
-11.237557411193848
-11.242414474487305
-11.239227294921875
-11.239518165588379
-11.230751991271973
-11.223116874694824
-11.219257354736328
-11.217045783996582
-11.233508110046387
-11.237261772155762
-11.239734649658203
-11.23299503326416
-11.23717975616455
-11.214709281921387
-11.209781646728516
-11.228163719177246
-11.23849868774414
-11.234284400939941
-11.234052658081055
-11.234319686889648
-11.231551170349121
-11.228275299072266
-11.223347663879395
-11.198775291442871
-11.199213027954102
-11.214332580566406
-11.231636047363281
-11.2354154586792
-11.240965843200684
-11.231074333190918
-11.229103088378906
-11.228148460388184
-11.238837242126465
-11.245084762573242
-11.241103172302246
-11.242866516113281
-11.24632453918457
-11.239640235900879
-11.2335844039917
-11.228377342224121
-11.228231430053711
-11.236320495605469
-11.242766380310059
-11.237160682678223
-11.242998123168945
-11.245292663574219
-11.238701820373535
-11.240486145019531
-11.245540618896484
-11.240639686584473
-11.240553855895996
-11.24307632446289
-11.244078636169434
-11.239388465881348
-11.232403755187988
-11.218507766723633
-11.217732429504395
-11.226335525512695
-11.231233596801758
-11.234943389892578
-11.24681568145752
-11.240228652954102
-11.241084098815918
-11.240139961242676
-11.233553886413574
-11.229766845703125
-11.236822128295898
-11.238629341125488
-11.242218017578125
-11.244709968566895
-11.244598388671875
-11.234841346740723
-11.233187675476074
-11.235884666442871
-11.237283706665039
-11.238517761230469
-11.23596477508545
-11.238235473632812
-11.232207298278809
-11.238338470458984
-11.24232292175293
-11.241114616394043
-11.23842716217041
-11.23379135131836
-11.236815452575684
-11.240431785583496
-11.231870651245117
-11.23417854309082
-11.238967895507812
-11.238624572753906
-11.23614501953125
-11.234336853027344
-11.241496086120605
-11.240653038024902
-11.242273330688477
-11.245161056518555
-11.24130916595459
-11.24075698852539
-11.2332124710083
-11.22751522064209
-11.231764793395996
-11.230698585510254
-11.234686851501465
-11.241311073303223
-11.24219036102295
-11.242459297180176
-11.235654830932617
-11.238533973693848
-11.233628273010254
-11.238856315612793
-11.239638328552246
-11.24599552154541
-11.245261192321777
-11.240527153015137
-11.241019248962402
-11.238093376159668
-11.242218017578125
-11.247076034545898
-11.24066162109375
-11.238722801208496
-11.240521430969238
-11.237086296081543
-11.239089965820312
-11.237171173095703
-11.233296394348145
-11.234556198120117
-11.229825019836426
-11.233322143554688
-11.242104530334473
-11.246394157409668
-11.247906684875488
-11.243531227111816
-11.243978500366211
-11.246480941772461
-11.23948860168457
-11.241986274719238
-11.24600887298584
-11.240812301635742
-11.24262523651123
-11.245203018188477
-11.228499412536621
-11.223422050476074
-11.213812828063965
-11.217781066894531
-11.231816291809082
-11.2433500289917
-11.244955062866211
-11.247445106506348
-11.24437141418457
-11.244497299194336
-11.234135627746582
-11.221837997436523
-11.221338272094727
-11.229196548461914
-11.233471870422363
-11.248044967651367
-11.244507789611816
-11.233366012573242
-11.224478721618652
-11.2167329788208
-11.221627235412598
-11.232226371765137
-11.241496086120605
-11.245706558227539
-11.242631912231445
-11.230215072631836
-11.217122077941895
-11.226893424987793
-11.235026359558105
-11.243440628051758
-11.245694160461426
-11.245732307434082
-11.246585845947266
-11.244755744934082
-11.244702339172363
-11.245641708374023
-11.246776580810547
-11.242145538330078
-11.240900993347168
-11.229473114013672
-11.229763984680176
-11.235908508300781
-11.243451118469238
-11.244828224182129
-11.245077133178711
-11.24632740020752
-11.246087074279785
-11.243376731872559
-11.247336387634277
-11.243692398071289
-11.246808052062988
-11.249279975891113
-11.248147964477539
-11.244410514831543
-11.24963665008545
-11.244327545166016
-11.242815017700195
-11.228116035461426
-11.213457107543945
-11.212423324584961
-11.230786323547363
-11.2428617477417
-11.24124526977539
-11.229382514953613
-11.214484214782715
-11.19350814819336
-11.212331771850586
-11.234402656555176
-11.250080108642578
-11.237761497497559
-11.21563720703125
-11.203482627868652
-11.228728294372559
-11.244534492492676
-11.239001274108887
-11.232489585876465
-11.22473430633545
-11.228850364685059
-11.235608100891113
-11.243313789367676
-11.24146842956543
-11.235535621643066
-11.233501434326172
-11.238470077514648
-11.24776840209961
-11.248910903930664
-11.239291191101074
-11.237186431884766
-11.232584953308105
-11.2340087890625
-11.238089561462402
-11.24528980255127
-11.246574401855469
-11.244603157043457
-11.246749877929688
-11.250606536865234
-11.25167179107666
-11.242198944091797
-11.241353988647461
-11.24209976196289
-11.236677169799805
-11.245794296264648
-11.24975872039795
-11.247657775878906
-11.244243621826172
-11.246781349182129
-11.248251914978027
-11.243873596191406
-11.246079444885254
-11.249314308166504
-11.246673583984375
-11.25047492980957
-11.245351791381836
-11.243778228759766
-11.248893737792969
-11.248464584350586
-11.2490234375
-11.251035690307617
-11.244790077209473
-11.244501113891602
-11.24183177947998
-11.24121379852295
-11.241847038269043
-11.246042251586914
-11.247565269470215
-11.246350288391113
-11.239823341369629
-11.233476638793945
-11.222977638244629
-11.230866432189941
-11.240659713745117
-11.247174263000488
-11.245295524597168
-11.231341361999512
-11.213057518005371
-11.204141616821289
-11.213918685913086
-11.234731674194336
-11.243287086486816
-11.24163818359375
-11.2285795211792
-11.231633186340332
-11.22934627532959
-11.224959373474121
-11.227372169494629
-11.220434188842773
-11.234392166137695
-11.23741340637207
-11.238127708435059
-11.23501968383789
-11.231481552124023
-11.240785598754883
-11.246664047241211
-11.243485450744629
-11.2369384765625
-11.230929374694824
-11.232325553894043
-11.244124412536621
-11.249366760253906
-11.243547439575195
-11.238362312316895
-11.236695289611816
-11.239994049072266
-11.245201110839844
-11.249109268188477
-11.243319511413574
-11.244287490844727
-11.24301815032959
-11.241148948669434
-11.24455738067627
-11.248578071594238
-11.243121147155762
-11.248180389404297
-11.247777938842773
-11.250333786010742
-11.247177124023438
-11.246782302856445
-11.250014305114746
-11.246618270874023
-11.248488426208496
-11.250051498413086
-11.247325897216797
-11.251215934753418
-11.2489013671875
-11.2545166015625
-11.249167442321777
-11.252498626708984
-11.253137588500977
-11.250797271728516
-11.24716854095459
-11.25121784210205
-11.246354103088379
-11.251565933227539
-11.254050254821777
-11.250687599182129
-11.252053260803223
-11.251716613769531
-11.250932693481445
-11.251886367797852
-11.25278091430664
-11.249977111816406
-11.249372482299805
-11.247329711914062
-11.248772621154785
-11.243232727050781
-11.247852325439453
-11.248366355895996
-11.25169563293457
-11.24946403503418
-11.245583534240723
-11.23927116394043
-11.230202674865723
-11.235389709472656
-11.234539985656738
-11.249432563781738
-11.253143310546875
-11.242117881774902
-11.236769676208496
-11.223709106445312
-11.22773551940918
-11.240296363830566
-11.244242668151855
-11.248702049255371
-11.252026557922363
-11.248022079467773
-11.252235412597656
-11.244721412658691
-11.250212669372559
-11.248431205749512
-11.250524520874023
-11.246819496154785
-11.249074935913086
-11.247979164123535
-11.248085975646973
-11.251023292541504
-11.24785041809082
-11.249045372009277
-11.251669883728027
-11.246703147888184
-11.24433422088623
-11.249466896057129
-11.251172065734863
-11.25087833404541
-11.252768516540527
-11.250138282775879
-11.252875328063965
-11.249934196472168
-11.252573013305664
-11.251492500305176
-11.248732566833496
-11.247934341430664
-11.24636459350586
-11.248907089233398
-11.245806694030762
-11.247254371643066
-11.24864387512207
-11.250816345214844
-11.249751091003418
-11.251049041748047
-11.249717712402344
-11.253045082092285
-11.251389503479004
-11.254840850830078
-11.258365631103516
-11.252301216125488
-11.252924919128418
-11.248922348022461
-11.2522554397583
-11.252349853515625
-11.253893852233887
-11.250115394592285
-11.253888130187988
-11.256694793701172
-11.245865821838379
-11.245169639587402
-11.25165843963623
-11.250940322875977
-11.252928733825684
-11.251365661621094
-11.249039649963379
-11.253312110900879
-11.255412101745605
-11.252861022949219
-11.254179000854492
-11.252398490905762
-11.249930381774902
-11.249902725219727
-11.252643585205078
-11.25075626373291
-11.250470161437988
-11.24937629699707
-11.254562377929688
-11.251836776733398
-11.251834869384766
-11.254158020019531
-11.254091262817383
-11.252426147460938
-11.252045631408691
-11.253110885620117
-11.24943733215332
-11.248435974121094
-11.240165710449219
-11.234200477600098
-11.221866607666016
-11.22035026550293
-11.224309921264648
-11.22978687286377
-11.241009712219238
-11.250805854797363
-11.249617576599121
-11.252511978149414
-11.251937866210938
-11.248315811157227
-11.24882698059082
-11.2559814453125
-11.252840042114258
-11.25443172454834
-11.251298904418945
-11.25549030303955
-11.253825187683105
-11.250602722167969
-11.245832443237305
-11.232010841369629
-11.230107307434082
-11.23763656616211
-11.247030258178711
-11.251879692077637
-11.25413990020752
-11.240504264831543
-11.21646499633789
-11.182990074157715
-11.1813383102417
-11.20854377746582
-11.245630264282227
-11.249092102050781
-11.239606857299805
-11.206602096557617
-11.187504768371582
-11.220362663269043
-11.24324893951416
-11.254326820373535
-11.239034652709961
-11.214607238769531
-11.202193260192871
-11.22101879119873
-11.237977981567383
-11.25439167022705
-11.251851081848145
-11.239815711975098
-11.22077751159668
-11.214338302612305
-11.204744338989258
-11.226872444152832
-11.248392105102539
-11.249917030334473
-11.24649429321289
-11.238603591918945
-11.227069854736328
-11.232190132141113
-11.239273071289062
-11.251152992248535
-11.251839637756348
-11.25112247467041
-11.252360343933105
-11.245894432067871
-11.249923706054688
-11.2464017868042
-11.253866195678711
-11.254118919372559
-11.250224113464355
-11.253692626953125
-11.248497009277344
-11.24838638305664
-11.246809005737305
-11.248624801635742
-11.250248908996582
-11.254705429077148
-11.250378608703613
-11.24893569946289
-11.250606536865234
-11.249105453491211
-11.254195213317871
-11.253905296325684
-11.250544548034668
-11.252565383911133
-11.256641387939453
-11.25428581237793
-11.253705978393555
-11.255873680114746
-11.25383186340332
-11.251304626464844
-11.250724792480469
-11.25570297241211
-11.251133918762207
-11.253777503967285
-11.252909660339355
-11.253058433532715
-11.256414413452148
-11.257061004638672
-11.253116607666016
-11.255509376525879
-11.253613471984863
-11.253132820129395
-11.255664825439453
-11.250260353088379
-11.254364967346191
-11.255080223083496
-11.250904083251953
-11.255871772766113
-11.255785942077637
-11.256560325622559
-11.256059646606445
-11.25384521484375
-11.252418518066406
-11.252723693847656
-11.25416374206543
-11.254878997802734
-11.255256652832031
-11.2569580078125
-11.257410049438477
-11.254194259643555
-11.252677917480469
-11.255860328674316
-11.254927635192871
-11.258033752441406
-11.254907608032227
-11.256819725036621
-11.256214141845703
-11.255444526672363
-11.256755828857422
-11.257434844970703
-11.254570960998535
-11.25508975982666
-11.256115913391113
-11.24975299835205
-11.255226135253906
-11.256400108337402
-11.251672744750977
-11.25519847869873
-11.254924774169922
-11.254690170288086
-11.253130912780762
-11.25241470336914
-11.254026412963867
-11.250772476196289
-11.253570556640625
-11.251551628112793
-11.257057189941406
-11.25898551940918
-11.251567840576172
-11.251338005065918
-11.255802154541016
-11.255744934082031
-11.258138656616211
-11.255356788635254
-11.258810043334961
-11.255892753601074
-11.256853103637695
-11.253107070922852
-11.25444507598877
-11.259332656860352
-11.256318092346191
-11.258750915527344
-11.255889892578125
-11.255738258361816
-11.258712768554688
-11.254413604736328
-11.258039474487305
-11.256099700927734
-11.253408432006836
-11.252811431884766
-11.253872871398926
-11.251333236694336
-11.252485275268555
-11.254265785217285
-11.256914138793945
-11.254590034484863
-11.25841236114502
-11.259224891662598
-11.251625061035156
-11.253510475158691
-11.251226425170898
-11.246260643005371
-11.23270320892334
-11.218999862670898
-11.213812828063965
-11.23134708404541
-11.2466402053833
-11.254961967468262
-11.245083808898926
-11.216611862182617
-11.176410675048828
-11.1765718460083
-11.206639289855957
-11.248430252075195
-11.252363204956055
-11.216429710388184
-11.188642501831055
-11.200021743774414
-11.222259521484375
-11.241575241088867
-11.256098747253418
-11.244176864624023
-11.223254203796387
-11.227466583251953
-11.240822792053223
-11.239543914794922
-11.247761726379395
-11.248992919921875
-11.250601768493652
-11.248916625976562
-11.241188049316406
-11.21780014038086
-11.188653945922852
-11.199274063110352
-11.243158340454102
-11.25802993774414
-11.2418794631958
-11.226265907287598
-11.23218059539795
-11.249740600585938
-11.257404327392578
-11.249300956726074
-11.238191604614258
-11.231361389160156
-11.243480682373047
-11.25499439239502
-11.25366497039795
-11.241693496704102
-11.235620498657227
-11.243989944458008
-11.248978614807129
-11.255799293518066
-11.25639820098877
-11.256858825683594
-11.25548267364502
-11.253087997436523
-11.256244659423828
-11.255494117736816
-11.254140853881836
-11.251291275024414
-11.249933242797852
-11.253186225891113
-11.255599975585938
-11.256104469299316
-11.25534439086914
-11.252397537231445
-11.250200271606445
-11.249154090881348
-11.244673728942871
-11.244966506958008
-11.24779224395752
-11.247673034667969
-11.256542205810547
-11.252822875976562
-11.25425910949707
-11.249560356140137
-11.25186538696289
-11.250288963317871
-11.253497123718262
-11.254744529724121
-11.258111953735352
-11.25679874420166
-11.256991386413574
-11.256010055541992
-11.257341384887695
-11.256631851196289
-11.249312400817871
-11.24399471282959
-11.247394561767578
-11.255324363708496
-11.260663032531738
-11.25711727142334
-11.256477355957031
-11.256325721740723
-11.254727363586426
-11.252043724060059
-11.257047653198242
-11.25788688659668
-11.257916450500488
-11.25802993774414
-11.259659767150879
-11.2567138671875
-11.25936508178711
-11.259886741638184
-11.256243705749512
-11.258604049682617
-11.258079528808594
-11.259411811828613
-11.259299278259277
-11.258607864379883
-11.25550365447998
-11.254437446594238
-11.249496459960938
-11.254081726074219
-11.25942325592041
-11.25943374633789
-11.257711410522461
-11.25537395477295
-11.248102188110352
-11.253644943237305
-11.260110855102539
-11.261302947998047
-11.259439468383789
-11.259520530700684
-11.259716033935547
-11.256735801696777
-11.254292488098145
-11.258258819580078
-11.25792407989502
-11.259063720703125
-11.257054328918457
-11.259220123291016
-11.255932807922363
-11.256293296813965
-11.258496284484863
-11.264744758605957
-11.26051139831543
-11.257427215576172
-11.257709503173828
-11.258232116699219
-11.254094123840332
-11.254851341247559
-11.255207061767578
-11.258505821228027
-11.259373664855957
-11.25997543334961
-11.257102012634277
-11.257648468017578
-11.254371643066406
-11.254172325134277
-11.256606101989746
-11.256453514099121
-11.259164810180664
-11.255743026733398
-11.254666328430176
-11.259446144104004
-11.25460147857666
-11.259160041809082
-11.253868103027344
-11.254621505737305
-11.258328437805176
-11.252663612365723
-11.247807502746582
-11.243870735168457
-11.249565124511719
-11.252106666564941
-11.260614395141602
-11.260015487670898
-11.257079124450684
-11.249502182006836
-11.248677253723145
-11.249652862548828
-11.251325607299805
-11.253107070922852
-11.256702423095703
-11.257803916931152
-11.261148452758789
-11.256699562072754
-11.257488250732422
-11.250473976135254
-11.253183364868164
-11.262149810791016
-11.262120246887207
-11.259978294372559
-11.254039764404297
-11.257034301757812
-11.258906364440918
-11.257938385009766
-11.258097648620605
-11.260334014892578
-11.259291648864746
-11.253632545471191
-11.254378318786621
-11.258576393127441
-11.26199722290039
-11.258398056030273
-11.258299827575684
-11.259927749633789
-11.258087158203125
-11.259088516235352
-11.262653350830078
-11.264781951904297
-11.262499809265137
-11.263781547546387
-11.26036548614502
-11.259645462036133
-11.2584810256958
-11.259796142578125
-11.259051322937012
-11.260354042053223
-11.264650344848633
-11.26264762878418
-11.257616996765137
-11.249412536621094
-11.244336128234863
-11.229186058044434
-11.232970237731934
-11.241591453552246
-11.254257202148438
-11.262099266052246
-11.260915756225586
-11.26210880279541
-11.259116172790527
-11.253874778747559
-11.254302978515625
-11.252375602722168
-11.25759220123291
-11.260329246520996
-11.260597229003906
-11.259334564208984
-11.258091926574707
-11.265453338623047
-11.260618209838867
-11.259206771850586
-11.26053237915039
-11.260921478271484
-11.260510444641113
-11.258310317993164
-11.258306503295898
-11.261842727661133
-11.260453224182129
-11.261219024658203
-11.260161399841309
-11.258344650268555
-11.26064395904541
-11.259265899658203
-11.260457038879395
-11.258970260620117
-11.25810718536377
-11.255179405212402
-11.248473167419434
-11.243419647216797
-11.241328239440918
-11.234130859375
-11.230751037597656
-11.2417631149292
-11.247453689575195
-11.254863739013672
-11.26340103149414
-11.263514518737793
-11.25973892211914
-11.257641792297363
-11.249137878417969
-11.254112243652344
-11.255393028259277
-11.25680923461914
-11.250176429748535
-11.244592666625977
-11.25101089477539
-11.250368118286133
-11.243023872375488
-11.24278736114502
-11.23772144317627
-11.238763809204102
-11.249348640441895
-11.256476402282715
-11.257720947265625
-11.26245403289795
-11.263481140136719
-11.263815879821777
-11.267269134521484
-11.262340545654297
-11.263219833374023
-11.257227897644043
-11.261364936828613
-11.260659217834473
-11.262960433959961
-11.265920639038086
-11.262788772583008
-11.2626371383667
-11.262344360351562
-11.26096248626709
-11.258882522583008
-11.259515762329102
-11.258076667785645
-11.263749122619629
-11.263436317443848
-11.259822845458984
-11.256205558776855
-11.252267837524414
-11.24794864654541
-11.254080772399902
-11.257932662963867
-11.259003639221191
-11.262873649597168
-11.258760452270508
-11.25771427154541
-11.247390747070312
-11.235573768615723
-11.222844123840332
-11.236719131469727
-11.257275581359863
-11.26386547088623
-11.252828598022461
-11.236870765686035
-11.22787857055664
-11.23460865020752
-11.241363525390625
-11.246910095214844
-11.251742362976074
-11.257736206054688
-11.262508392333984
-11.260469436645508
-11.264802932739258
-11.260039329528809
-11.259634017944336
-11.257503509521484
-11.255285263061523
-11.254881858825684
-11.254447937011719
-11.25683307647705
-11.258030891418457
-11.257302284240723
-11.260489463806152
-11.261391639709473
-11.263423919677734
-11.260231971740723
-11.260385513305664
-11.255979537963867
-11.251811981201172
-11.247352600097656
-11.240591049194336
-11.241881370544434
-11.252751350402832
-11.257749557495117
-11.264935493469238
-11.264161109924316
-11.264801979064941
-11.263327598571777
-11.261595726013184
-11.263044357299805
-11.260583877563477
-11.255974769592285
-11.254212379455566
-11.255226135253906
-11.255072593688965
-11.259105682373047
-11.25835132598877
-11.25419807434082
-11.256980895996094
-11.257256507873535
-11.26169204711914
-11.265031814575195
-11.266138076782227
-11.262893676757812
-11.261159896850586
-11.262100219726562
-11.263304710388184
-11.260734558105469
-11.2685546875
-11.264164924621582
-11.263201713562012
-11.260639190673828
-11.259042739868164
-11.264720916748047
-11.263171195983887
-11.26168441772461
-11.263876914978027
-11.264140129089355
-11.26141357421875
-11.262663841247559
-11.262557983398438
-11.266902923583984
-11.264704704284668
-11.266095161437988
-11.263497352600098
-11.262758255004883
-11.261968612670898
-11.263583183288574
-11.260876655578613
-11.26619815826416
-11.267657279968262
-11.26440715789795
-11.262731552124023
-11.267438888549805
-11.262975692749023
-11.260961532592773
-11.265863418579102
-11.265165328979492
-11.263821601867676
-11.263330459594727
-11.262826919555664
-11.266175270080566
-11.26385498046875
-11.265113830566406
-11.268136978149414
-11.266154289245605
-11.264395713806152
-11.261484146118164
-11.264986038208008
-11.261945724487305
-11.264395713806152
-11.265304565429688
-11.264498710632324
-11.256515502929688
-11.256966590881348
-11.257383346557617
-11.256973266601562
-11.259479522705078
-11.254263877868652
-11.248976707458496
-11.241539001464844
-11.23243522644043
-11.232666969299316
-11.225326538085938
-11.231513023376465
-11.23371696472168
-11.238357543945312
-11.242122650146484
-11.253745079040527
-11.256904602050781
-11.26003360748291
-11.236278533935547
-11.206162452697754
-11.216856002807617
-11.242712020874023
-11.2535982131958
-11.254828453063965
-11.22118854522705
-11.15662670135498
-11.1716890335083
-11.24771785736084
-11.253281593322754
-11.203489303588867
-11.171469688415527
-11.218196868896484
-11.25740909576416
-11.245919227600098
-11.208967208862305
-11.206915855407715
-11.237907409667969
-11.259697914123535
-11.259424209594727
-11.234060287475586
-11.193253517150879
-11.191271781921387
-11.228195190429688
-11.261737823486328
-11.25732421875
-11.244892120361328
-11.242380142211914
-11.250401496887207
-11.259799003601074
-11.258637428283691
-11.234285354614258
-11.220236778259277
-11.237410545349121
-11.258257865905762
-11.257881164550781
-11.247565269470215
-11.229658126831055
-11.226612091064453
-11.24809741973877
-11.248828887939453
-11.207208633422852
-11.17531681060791
-11.22673225402832
-11.258824348449707
-11.217533111572266
-11.181694984436035
-11.215874671936035
-11.259915351867676
-11.254520416259766
-11.214348793029785
-11.21686840057373
-11.249844551086426
-11.255361557006836
-11.237215042114258
-11.222594261169434
-11.244278907775879
-11.25997257232666
-11.245377540588379
-11.21989631652832
-11.225597381591797
-11.254179954528809
-11.231149673461914
-11.209711074829102
-11.235294342041016
-11.258270263671875
-11.24233341217041
-11.227299690246582
-11.242424964904785
-11.256360054016113
-11.250334739685059
-11.248775482177734
-11.252789497375488
-11.238741874694824
-11.212108612060547
-11.238154411315918
-11.2555513381958
-11.23580265045166
-11.234368324279785
-11.249682426452637
-11.266226768493652
-11.242376327514648
-11.247535705566406
-11.260747909545898
-11.26046085357666
-11.258450508117676
-11.263147354125977
-11.262934684753418
-11.260205268859863
-11.256905555725098
-11.262910842895508
-11.268598556518555
-11.263078689575195
-11.265254974365234
-11.271100997924805
-11.266377449035645
-11.264639854431152
-11.260382652282715
-11.264691352844238
-11.260087013244629
-11.261448860168457
-11.266279220581055
-11.264684677124023
-11.266098022460938
-11.265873908996582
-11.26606559753418
-11.268804550170898
-11.265787124633789
-11.266134262084961
-11.265522956848145
-11.264986991882324
-11.267858505249023
-11.264925956726074
-11.263090133666992
-11.262972831726074
-11.263558387756348
-11.262057304382324
-11.267050743103027
-11.265715599060059
-11.268139839172363
-11.268412590026855
-11.26175594329834
-11.264403343200684
-11.261648178100586
-11.267176628112793
-11.266743659973145
-11.267287254333496
-11.270628929138184
-11.265469551086426
-11.265238761901855
-11.266325950622559
-11.267913818359375
-11.26810073852539
-11.267660140991211
-11.264931678771973
-11.267104148864746
-11.266761779785156
-11.265997886657715
-11.26651668548584
-11.265291213989258
-11.26740550994873
-11.26960277557373
-11.267242431640625
-11.271916389465332
-11.26921272277832
-11.265397071838379
-11.268924713134766
-11.2657470703125
-11.26924991607666
-11.26893138885498
-11.273550033569336
-11.268662452697754
-11.266576766967773
-11.264820098876953
-11.26848316192627
-11.269784927368164
-11.266169548034668
-11.266690254211426
-11.267250061035156
-11.26771354675293
-11.266910552978516
-11.268141746520996
-11.2683744430542
-11.265972137451172
-11.267608642578125
-11.268113136291504
-11.265448570251465
-11.268742561340332
-11.269603729248047
-11.265438079833984
-11.26813793182373
-11.270209312438965
-11.265007972717285
-11.266175270080566
-11.268750190734863
-11.267699241638184
-11.26697063446045
-11.268176078796387
-11.269584655761719
-11.265000343322754
-11.269384384155273
-11.268267631530762
-11.26793098449707
-11.268945693969727
-11.26896858215332
-11.269400596618652
-11.269031524658203
-11.269415855407715
-11.262811660766602
-11.269296646118164
-11.26841926574707
-11.267088890075684
-11.268915176391602
-11.262914657592773
-11.268857955932617
-11.266802787780762
-11.26440715789795
-11.267449378967285
-11.26717472076416
-11.267394065856934
-11.270491600036621
-11.265828132629395
-11.2655611038208
-11.267566680908203
-11.271993637084961
-11.270034790039062
-11.267828941345215
-11.267913818359375
-11.267702102661133
-11.269224166870117
-11.27052116394043
-11.266133308410645
-11.268369674682617
-11.266067504882812
-11.26926040649414
-11.266207695007324
-11.2686767578125
-11.27020263671875
-11.270539283752441
-11.268085479736328
-11.26942253112793
-11.271588325500488
-11.267232894897461
-11.26723861694336
-11.264688491821289
-11.2703218460083
-11.266731262207031
-11.268838882446289
-11.26882553100586
-11.269633293151855
-11.266729354858398
-11.269266128540039
-11.268851280212402
-11.269414901733398
-11.267999649047852
-11.2653226852417
-11.268869400024414
-11.265508651733398
-11.269705772399902
-11.269484519958496
-11.26651668548584
-11.267661094665527
-11.270589828491211
-11.268089294433594
-11.269060134887695
-11.269024848937988
-11.271498680114746
-11.268255233764648
-11.2625093460083
-11.264264106750488
-11.261425018310547
-11.265892028808594
-11.26602840423584
-11.269737243652344
-11.26930046081543
-11.267511367797852
-11.268098831176758
-11.268569946289062
-11.265213012695312
-11.268268585205078
-11.26531982421875
-11.265965461730957
-11.270342826843262
-11.26659870147705
-11.263995170593262
-11.265702247619629
-11.266998291015625
-11.267067909240723
-11.27084732055664
-11.26675796508789
-11.268548011779785
-11.266281127929688
-11.270719528198242
-11.267036437988281
-11.265536308288574
-11.268555641174316
-11.266488075256348
-11.26858901977539
-11.262972831726074
-11.271247863769531
-11.266242027282715
-11.269455909729004
-11.268301010131836
-11.264541625976562
-11.260066986083984
-11.258000373840332
-11.267531394958496
-11.268461227416992
-11.26584243774414
-11.265130996704102
-11.260215759277344
-11.256855964660645
-11.251605033874512
-11.246572494506836
-11.24807071685791
-11.253572463989258
-11.256610870361328
-11.264107704162598
-11.27051067352295
-11.26563549041748
-11.266658782958984
-11.25607681274414
-11.251468658447266
-11.25046443939209
-11.261883735656738
-11.264920234680176
-11.266056060791016
-11.262617111206055
-11.263763427734375
-11.26352596282959
-11.262032508850098
-11.266267776489258
-11.26480770111084
-11.26477336883545
-11.254950523376465
-11.250411987304688
-11.245104789733887
-11.24167251586914
-11.251228332519531
-11.266654014587402
-11.272052764892578
-11.259589195251465
-11.25262451171875
-11.251026153564453
-11.25350570678711
-11.253641128540039
-11.253724098205566
-11.259392738342285
-11.269257545471191
-11.264467239379883
-11.272811889648438
-11.268781661987305
-11.268320083618164
-11.265772819519043
-11.26168155670166
-11.266634941101074
-11.270715713500977
-11.26956558227539
-11.27103328704834
-11.267011642456055
-11.270379066467285
-11.266074180603027
-11.257638931274414
-11.260797500610352
-11.26185131072998
-11.2669677734375
-11.27103042602539
-11.27220630645752
-11.27026653289795
-11.269440650939941
-11.267786026000977
-11.268874168395996
-11.267759323120117
-11.26783275604248
-11.268928527832031
-11.2673978805542
-11.268758773803711
-11.267373085021973
-11.267386436462402
-11.27426815032959
-11.268370628356934
-11.271895408630371
-11.269254684448242
-11.2713041305542
-11.271058082580566
-11.266068458557129
-11.270074844360352
-11.273569107055664
-11.274439811706543
-11.270783424377441
-11.266976356506348
-11.261247634887695
-11.252582550048828
-11.253510475158691
-11.253012657165527
-11.265951156616211
-11.268373489379883
-11.272394180297852
-11.260896682739258
-11.247735023498535
-11.234116554260254
-11.234479904174805
-11.252087593078613
-11.269637107849121
-11.267552375793457
-11.267939567565918
-11.268815994262695
-11.268118858337402
-11.26144027709961
-11.249444961547852
-11.250066757202148
-11.24864387512207
-11.254899978637695
-11.260766983032227
-11.264104843139648
-11.269973754882812
-11.270381927490234
-11.26497745513916
-11.269187927246094
-11.2704496383667
-11.271236419677734
-11.268110275268555
-11.267251014709473
-11.260082244873047
-11.2487211227417
-11.253900527954102
-11.259149551391602
-11.273390769958496
-11.264568328857422
-11.254364013671875
-11.244446754455566
-11.2466459274292
-11.258512496948242
-11.271048545837402
-11.266300201416016
-11.250450134277344
-11.243435859680176
-11.242908477783203
-11.262612342834473
-11.268067359924316
-11.266763687133789
-11.263423919677734
-11.257697105407715
-11.264771461486816
-11.274264335632324
-11.267556190490723
-11.250653266906738
-11.245282173156738
-11.243491172790527
-11.259832382202148
-11.267409324645996
-11.26965045928955
-11.250112533569336
-11.246009826660156
-11.246736526489258
-11.254898071289062
-11.265569686889648
-11.272727012634277
-11.272274017333984
-11.261384010314941
-11.263533592224121
-11.266664505004883
-11.270391464233398
-11.269599914550781
-11.268472671508789
-11.271683692932129
-11.27090835571289
-11.274292945861816
-11.27354621887207
-11.274099349975586
-11.272860527038574
-11.27461051940918
-11.271169662475586
-11.272014617919922
-11.27285099029541
-11.270089149475098
-11.272523880004883
-11.266242027282715
-11.271159172058105
-11.272368431091309
-11.271146774291992
-11.270766258239746
-11.268447875976562
-11.274359703063965
-11.26908016204834
-11.272698402404785
-11.275150299072266
-11.275317192077637
-11.273147583007812
-11.269464492797852
-11.274601936340332
-11.270986557006836
-11.270326614379883
-11.270906448364258
-11.272758483886719
-11.273529052734375
-11.273040771484375
-11.273536682128906
-11.271119117736816
-11.272189140319824
-11.271345138549805
-11.275165557861328
-11.274751663208008
-11.27114200592041
-11.271766662597656
-11.27299690246582
-11.273321151733398
-11.271832466125488
-11.272719383239746
-11.273581504821777
-11.275652885437012
-11.272521018981934
-11.273681640625
-11.270890235900879
-11.268609046936035
-11.272928237915039
-11.270672798156738
-11.274725914001465
-11.27354621887207
-11.27247428894043
-11.271490097045898
-11.273065567016602
-11.272454261779785
-11.268854141235352
-11.27316951751709
-11.274742126464844
-11.27099323272705
-11.273490905761719
-11.272480964660645
-11.27367877960205
-11.272148132324219
-11.27252197265625
-11.273591995239258
-11.273426055908203
-11.27501106262207
-11.273808479309082
-11.27121639251709
-11.271873474121094
-11.274352073669434
-11.269103050231934
-11.264631271362305
-11.271080017089844
-11.266029357910156
-11.267672538757324
-11.265769958496094
-11.270934104919434
-11.26539134979248
-11.258909225463867
-11.256766319274902
-11.271775245666504
-11.272754669189453
-11.26932144165039
-11.272989273071289
-11.273971557617188
-11.271154403686523
-11.267850875854492
-11.272480010986328
-11.266592025756836
-11.269831657409668
-11.267914772033691
-11.264914512634277
-11.265442848205566
-11.266881942749023
-11.27224349975586
-11.274922370910645
-11.272594451904297
-11.271650314331055
-11.270203590393066
-11.270995140075684
-11.266362190246582
-11.267635345458984
-11.271756172180176
-11.274638175964355
-11.271929740905762
-11.264073371887207
-11.260565757751465
-11.255971908569336
-11.254555702209473
-11.260359764099121
-11.258769035339355
-11.26624870300293
-11.261439323425293
-11.266992568969727
-11.272795677185059
-11.269978523254395
-11.26622486114502
-11.258759498596191
-11.249858856201172
-11.247902870178223
-11.250444412231445
-11.262919425964355
-11.268088340759277
-11.273706436157227
-11.271918296813965
-11.269217491149902
-11.266202926635742
-11.263969421386719
-11.254596710205078
-11.2553071975708
-11.260680198669434
-11.268735885620117
-11.270461082458496
-11.271812438964844
-11.273968696594238
-11.263744354248047
-11.248004913330078
-11.23830795288086
-11.248801231384277
-11.268503189086914
-11.269405364990234
-11.268484115600586
-11.266563415527344
-11.25585651397705
-11.253827095031738
-11.259387969970703
-11.268829345703125
-11.274388313293457
-11.269915580749512
-11.260368347167969
-11.249921798706055
-11.244467735290527
-11.26028060913086
-11.273897171020508
-11.270268440246582
-11.267765045166016
-11.262590408325195
-11.2462739944458
-11.246191024780273
-11.2522611618042
-11.26303768157959
-11.2705659866333
-11.263555526733398
-11.264034271240234
-11.253368377685547
-11.245036125183105
-11.250597953796387
-11.269416809082031
-11.272197723388672
-11.26697063446045
-11.269405364990234
-11.272391319274902
-11.27413272857666
-11.274480819702148
-11.275335311889648
-11.27121353149414
-11.271577835083008
-11.274613380432129
-11.266032218933105
-11.260124206542969
-11.263599395751953
-11.261321067810059
-11.260010719299316
-11.26478385925293
-11.261565208435059
-11.261340141296387
-11.258597373962402
-11.254106521606445
-11.266425132751465
-11.272176742553711
-11.269639015197754
-11.251283645629883
-11.23584270477295
-11.236786842346191
-11.247361183166504
-11.260433197021484
-11.270563125610352
-11.268905639648438
-11.259867668151855
-11.249288558959961
-11.252447128295898
-11.261974334716797
-11.26630687713623
-11.269074440002441
-11.263885498046875
-11.246745109558105
-11.24036693572998
-11.247000694274902
-11.259998321533203
-11.262454986572266
-11.271267890930176
-11.269058227539062
-11.257097244262695
-11.241605758666992
-11.24256420135498
-11.245532035827637
-11.261035919189453
-11.275731086730957
-11.27016830444336
-11.263211250305176
-11.257720947265625
-11.26717472076416
-11.275860786437988
-11.263707160949707
-11.262002944946289
-11.26548957824707
-11.270184516906738
-11.270119667053223
-11.272929191589355
-11.274971961975098
-11.277571678161621
-11.275514602661133
-11.274412155151367
-11.274980545043945
-11.274219512939453
-11.274971961975098
-11.274375915527344
-11.27505874633789
-11.276564598083496
-11.27367877960205
-11.274847030639648
-11.276466369628906
-11.270182609558105
-11.274097442626953
-11.278048515319824
-11.27467155456543
-11.275918006896973
-11.277667045593262
-11.274415969848633
-11.275657653808594
-11.271483421325684
-11.27112865447998
-11.27364730834961
-11.271204948425293
-11.271161079406738
-11.277052879333496
-11.275912284851074
-11.274547576904297
-11.26509952545166
-11.268077850341797
-11.268428802490234
-11.274932861328125
-11.274090766906738
-11.269793510437012
-11.272120475769043
-11.27255916595459
-11.275415420532227
-11.275216102600098
-11.277252197265625
-11.273564338684082
-11.274497032165527
-11.27173137664795
-11.273524284362793
-11.275294303894043
-11.274615287780762
-11.278297424316406
-11.27496337890625
-11.27198314666748
-11.269922256469727
-11.272314071655273
-11.27256965637207
-11.271261215209961
-11.278263092041016
-11.277024269104004
-11.27635383605957
-11.275236129760742
-11.273417472839355
-11.275020599365234
-11.276226997375488
-11.271799087524414
-11.269707679748535
-11.269302368164062
-11.266521453857422
-11.269996643066406
-11.26931095123291
-11.27407455444336
-11.278132438659668
-11.266595840454102
-11.259072303771973
-11.258323669433594
-11.25340461730957
-11.262807846069336
-11.271164894104004
-11.270062446594238
-11.257837295532227
-11.22719669342041
-11.213592529296875
-11.246627807617188
-11.27281379699707
-11.26770305633545
-11.265812873840332
-11.269817352294922
-11.27147388458252
-11.277552604675293
-11.274191856384277
-11.269245147705078
-11.268336296081543
-11.271123886108398
-11.267777442932129
-11.26834487915039
-11.271166801452637
-11.266837120056152
-11.260479927062988
-11.271917343139648
-11.2728271484375
-11.276932716369629
-11.276686668395996
-11.276531219482422
-11.276180267333984
-11.276411056518555
-11.271076202392578
-11.271309852600098
-11.270478248596191
-11.275126457214355
-11.275049209594727
-11.275205612182617
-11.277549743652344
-11.276355743408203
-11.271291732788086
-11.274009704589844
-11.274060249328613
-11.275703430175781
-11.276007652282715
-11.275616645812988
-11.275854110717773
-11.275272369384766
-11.277677536010742
-11.277323722839355
-11.277194023132324
-11.2780179977417
-11.273544311523438
-11.276314735412598
-11.274234771728516
-11.274101257324219
-11.276411056518555
-11.273640632629395
-11.27518081665039
-11.275335311889648
-11.273028373718262
-11.281471252441406
-11.27296257019043
-11.275345802307129
-11.27341365814209
-11.273848533630371
-11.277308464050293
-11.276442527770996
-11.275862693786621
-11.277063369750977
-11.277909278869629
-11.277532577514648
-11.277347564697266
-11.276603698730469
-11.27911376953125
-11.276905059814453
-11.27907943725586
-11.279801368713379
-11.27794075012207
-11.278362274169922
-11.274752616882324
-11.280827522277832
-11.276144027709961
-11.276891708374023
-11.27548599243164
-11.274177551269531
-11.275599479675293
-11.278265953063965
-11.273179054260254
-11.276820182800293
-11.27599811553955
-11.277205467224121
-11.271957397460938
-11.276257514953613
-11.275181770324707
-11.275364875793457
-11.277706146240234
-11.27609634399414
-11.280113220214844
-11.277596473693848
-11.277406692504883
-11.27613639831543
-11.276952743530273
-11.278369903564453
-11.279051780700684
-11.275466918945312
-11.277400016784668
-11.275652885437012
-11.276278495788574
-11.277628898620605
-11.279272079467773
-11.278048515319824
-11.275125503540039
-11.273408889770508
-11.271350860595703
-11.265671730041504
-11.270641326904297
-11.268158912658691
-11.264242172241211
-11.267008781433105
-11.272822380065918
-11.277556419372559
-11.2726411819458
-11.265853881835938
-11.251253128051758
-11.246002197265625
-11.248486518859863
-11.2626314163208
-11.269046783447266
-11.275389671325684
-11.271028518676758
-11.264824867248535
-11.262146949768066
-11.253997802734375
-11.245944023132324
-11.239523887634277
-11.246576309204102
-11.256550788879395
-11.272045135498047
-11.276158332824707
-11.276697158813477
-11.267202377319336
-11.261935234069824
-11.25929069519043
-11.256134986877441
-11.265026092529297
-11.278440475463867
-11.276604652404785
-11.269320487976074
-11.254494667053223
-11.253982543945312
-11.252598762512207
-11.259567260742188
-11.265582084655762
-11.270763397216797
-11.276341438293457
-11.269285202026367
-11.253408432006836
-11.228876113891602
-11.235827445983887
-11.261024475097656
-11.273103713989258
-11.265979766845703
-11.243556022644043
-11.236384391784668
-11.251158714294434
-11.267019271850586
-11.272867202758789
-11.272411346435547
-11.250225067138672
-11.233560562133789
-11.249553680419922
-11.26697826385498
-11.27558708190918
-11.271757125854492
-11.27220630645752
-11.274551391601562
-11.25338077545166
-11.236201286315918
-11.239133834838867
-11.260571479797363
-11.2747163772583
-11.272293090820312
-11.267423629760742
-11.258849143981934
-11.24929428100586
-11.25083065032959
-11.268024444580078
-11.269224166870117
-11.274054527282715
-11.277164459228516
-11.275269508361816
-11.274704933166504
-11.277961730957031
-11.279570579528809
-11.277215957641602
-11.27918529510498
-11.276463508605957
-11.277420997619629
-11.279903411865234
-11.2784423828125
-11.279806137084961
-11.2808837890625
-11.27649974822998
-11.276333808898926
-11.273943901062012
-11.270776748657227
-11.272538185119629
-11.277140617370605
-11.278363227844238
-11.278949737548828
-11.278672218322754
-11.272931098937988
-11.275420188903809
-11.271060943603516
-11.275053024291992
-11.27670669555664
-11.27825927734375
-11.274754524230957
-11.26891803741455
-11.266051292419434
-11.270831108093262
-11.275708198547363
-11.276896476745605
-11.274076461791992
-11.278700828552246
-11.276679039001465
-11.278844833374023
-11.28156566619873
-11.278980255126953
-11.278657913208008
-11.27256965637207
-11.270681381225586
-11.272528648376465
-11.276013374328613
-11.27968692779541
-11.282464027404785
-11.28077220916748
-11.276229858398438
-11.27873420715332
-11.277445793151855
-11.276763916015625
-11.279820442199707
-11.279690742492676
-11.278717041015625
-11.277292251586914
-11.276094436645508
-11.272527694702148
-11.276951789855957
-11.283232688903809
-11.27924919128418
-11.279400825500488
-11.27800464630127
-11.277657508850098
-11.276543617248535
-11.271461486816406
-11.276251792907715
-11.278700828552246
-11.27904224395752
-11.279471397399902
-11.276302337646484
-11.27756118774414
-11.277971267700195
-11.279951095581055
-11.279693603515625
-11.279519081115723
-11.27973461151123
-11.276759147644043
-11.277997970581055
-11.279796600341797
-11.2778902053833
-11.276527404785156
-11.27903938293457
-11.278681755065918
-11.277628898620605
-11.278117179870605
-11.279915809631348
-11.2797269821167
-11.278526306152344
-11.277997970581055
-11.274970054626465
-11.278558731079102
-11.28242301940918
-11.278648376464844
-11.271210670471191
-11.270827293395996
-11.270350456237793
-11.269681930541992
-11.2754545211792
-11.278214454650879
-11.276514053344727
-11.269134521484375
-11.260587692260742
-11.257539749145508
-11.262290000915527
-11.267792701721191
-11.27358341217041
-11.27698040008545
-11.278914451599121
-11.273736953735352
-11.265085220336914
-11.266746520996094
-11.267962455749512
-11.275328636169434
-11.278926849365234
-11.278606414794922
-11.27759838104248
-11.266242027282715
-11.25650405883789
-11.247234344482422
-11.261866569519043
-11.2764310836792
-11.27916145324707
-11.275198936462402
-11.28032398223877
-11.276891708374023
-11.275543212890625
-11.273490905761719
-11.278179168701172
-11.277660369873047
-11.276058197021484
-11.27966022491455
-11.280475616455078
-11.28207778930664
-11.280071258544922
-11.280059814453125
-11.280792236328125
-11.280996322631836
-11.277104377746582
-11.278094291687012
-11.282342910766602
-11.279523849487305
-11.281601905822754
-11.277850151062012
-11.278495788574219
-11.274697303771973
-11.268288612365723
-11.26865291595459
-11.268514633178711
-11.272615432739258
-11.275620460510254
-11.275106430053711
-11.274222373962402
-11.277636528015137
-11.278475761413574
-11.279404640197754
-11.277533531188965
-11.280583381652832
-11.28151798248291
-11.27801513671875
-11.276930809020996
-11.270482063293457
-11.270320892333984
-11.269550323486328
-11.268028259277344
-11.274404525756836
-11.278093338012695
-11.276839256286621
-11.275757789611816
-11.27010440826416
-11.27632999420166
-11.27738094329834
-11.27834415435791
-11.27976131439209
-11.277831077575684
-11.270895957946777
-11.258973121643066
-11.259659767150879
-11.266203880310059
-11.272537231445312
-11.279159545898438
-11.283456802368164
-11.271059036254883
-11.270315170288086
-11.267352104187012
-11.270089149475098
-11.270674705505371
-11.270898818969727
-11.275686264038086
-11.28037166595459
-11.277398109436035
-11.274636268615723
-11.267016410827637
-11.26233959197998
-11.259359359741211
-11.267534255981445
-11.27291202545166
-11.27365493774414
-11.277202606201172
-11.274378776550293
-11.274778366088867
-11.271561622619629
-11.270442008972168
-11.27248477935791
-11.278726577758789
-11.278729438781738
-11.26939582824707
-11.253755569458008
-11.246896743774414
-11.24591064453125
-11.263599395751953
-11.275050163269043
-11.277935981750488
-11.27759838104248
-11.266812324523926
-11.255043029785156
-11.258049011230469
-11.263866424560547
-11.267433166503906
-11.276846885681152
-11.278742790222168
-11.278193473815918
-11.274429321289062
-11.276881217956543
-11.27499771118164
-11.277315139770508
-11.282648086547852
-11.282403945922852
-11.281270027160645
-11.27920913696289
-11.282546997070312
-11.280731201171875
-11.281601905822754
-11.283180236816406
-11.280549049377441
-11.28105640411377
-11.28302001953125
-11.276768684387207
-11.283658981323242
-11.282047271728516
-11.2838716506958
-11.28198528289795
-11.28274154663086
-11.283268928527832
-11.282928466796875
-11.281597137451172
-11.280569076538086
-11.277669906616211
-11.274262428283691
-11.279455184936523
-11.278192520141602
-11.27668571472168
-11.281786918640137
-11.281906127929688
-11.2818021774292
-11.281536102294922
-11.283824920654297
-11.284940719604492
-11.2828950881958
-11.28286075592041
-11.282886505126953
-11.28115463256836
-11.282909393310547
-11.283407211303711
-11.280632019042969
-11.2778902053833
-11.279289245605469
-11.280713081359863
-11.281015396118164
-11.28194522857666
-11.279321670532227
-11.281160354614258
-11.285934448242188
-11.279749870300293
-11.284483909606934
-11.283590316772461
-11.280949592590332
-11.282573699951172
-11.280141830444336
-11.27631664276123
-11.282451629638672
-11.277817726135254
-11.27951717376709
-11.281229019165039
-11.282444953918457
-11.280941009521484
-11.282327651977539
-11.280268669128418
-11.282666206359863
-11.283907890319824
-11.282212257385254
-11.281004905700684
-11.28292465209961
-11.280685424804688
-11.283238410949707
-11.282662391662598
-11.281563758850098
-11.277700424194336
-11.27811050415039
-11.27914047241211
-11.27488899230957
-11.27646255493164
-11.27830696105957
-11.277416229248047
-11.276641845703125
-11.27358341217041
-11.27850341796875
-11.281085014343262
-11.279393196105957
-11.28011417388916
-11.277020454406738
-11.27994441986084
-11.27901554107666
-11.28039836883545
-11.275506019592285
-11.283565521240234
-11.280813217163086
-11.282575607299805
-11.280838966369629
-11.279681205749512
-11.280691146850586
-11.284810066223145
-11.282995223999023
-11.276867866516113
-11.281835556030273
-11.281526565551758
-11.280651092529297
-11.278909683227539
-11.27914810180664
-11.272855758666992
-11.270668029785156
-11.265565872192383
-11.26644515991211
-11.254033088684082
-11.229756355285645
-11.231216430664062
-11.245264053344727
-11.270560264587402
-11.276872634887695
-11.270855903625488
-11.23649787902832
-11.209061622619629
-11.229639053344727
-11.274508476257324
-11.276850700378418
-11.246199607849121
-11.220756530761719
-11.22936725616455
-11.256274223327637
-11.27768325805664
-11.265862464904785
-11.224722862243652
-11.205276489257812
-11.239595413208008
-11.272360801696777
-11.278398513793945
-11.25792407989502
-11.222229957580566
-11.209035873413086
-11.249122619628906
-11.268914222717285
-11.268335342407227
-11.281492233276367
-11.280159950256348
-11.273734092712402
-11.273078918457031
-11.273259162902832
-11.269023895263672
-11.271082878112793
-11.281272888183594
-11.282703399658203
-11.28255844116211
-11.276773452758789
-11.282624244689941
-11.281294822692871
-11.278388023376465
-11.283699989318848
-11.275821685791016
-11.276840209960938
-11.28268051147461
-11.27217960357666
-11.249255180358887
-11.248530387878418
-11.2728910446167
-11.278228759765625
-11.265510559082031
-11.256172180175781
-11.26973819732666
-11.280821800231934
-11.27224063873291
-11.260629653930664
-11.267440795898438
-11.277900695800781
-11.282256126403809
-11.27429485321045
-11.270830154418945
-11.269926071166992
-11.272507667541504
-11.275958061218262
-11.283821105957031
-11.276069641113281
-11.274507522583008
-11.26646614074707
-11.265439987182617
-11.27528190612793
-11.282814025878906
-11.268600463867188
-11.26171588897705
-11.263606071472168
-11.276616096496582
-11.278743743896484
-11.28180980682373
-11.265118598937988
-11.256096839904785
-11.27334213256836
-11.278258323669434
-11.241985321044922
-11.209141731262207
-11.239508628845215
-11.27667236328125
-11.268963813781738
-11.227157592773438
-11.242818832397461
-11.276444435119629
-11.270581245422363
-11.242683410644531
-11.236429214477539
-11.262345314025879
-11.280949592590332
-11.27692985534668
-11.265149116516113
-11.265359878540039
-11.275300979614258
-11.278989791870117
-11.27741813659668
-11.280606269836426
-11.280256271362305
-11.276371002197266
-11.283162117004395
-11.283147811889648
-11.275613784790039
-11.282503128051758
-11.2825288772583
-11.284358024597168
-11.282931327819824
-11.281074523925781
-11.28010368347168
-11.285642623901367
-11.280754089355469
-11.28227424621582
-11.281546592712402
-11.280499458312988
-11.279000282287598
-11.281708717346191
-11.28433895111084
-11.282123565673828
-11.281723976135254
-11.282166481018066
-11.284713745117188
-11.283310890197754
-11.284241676330566
-11.27991008758545
-11.281850814819336
-11.280308723449707
-11.27843952178955
-11.27868938446045
-11.280041694641113
-11.282188415527344
-11.282608032226562
-11.276252746582031
-11.27451229095459
-11.276981353759766
-11.280603408813477
-11.281655311584473
-11.282843589782715
-11.2791109085083
-11.281249046325684
-11.280545234680176
-11.283183097839355
-11.286025047302246
-11.282294273376465
-11.2802095413208
-11.285271644592285
-11.285948753356934
-11.27978801727295
-11.280927658081055
-11.281488418579102
-11.281434059143066
-11.283635139465332
-11.282258987426758
-11.282297134399414
-11.284994125366211
-11.282261848449707
-11.282938003540039
-11.281159400939941
-11.284358024597168
-11.283456802368164
-11.286707878112793
-11.283161163330078
-11.280715942382812
-11.282846450805664
-11.284650802612305
-11.283429145812988
-11.286587715148926
-11.28355884552002
-11.284873962402344
-11.282723426818848
-11.28637981414795
-11.285395622253418
-11.283336639404297
-11.284699440002441
-11.285712242126465
-11.285735130310059
-11.285547256469727
-11.282917976379395
-11.283770561218262
-11.285685539245605
-11.284923553466797
-11.284990310668945
-11.284468650817871
-11.28245735168457
-11.282671928405762
-11.283208847045898
-11.282843589782715
-11.28450870513916
-11.283254623413086
-11.284402847290039
-11.282995223999023
-11.286853790283203
-11.28592300415039
-11.286811828613281
-11.286673545837402
-11.282415390014648
-11.282326698303223
-11.28549575805664
-11.2853364944458
-11.284109115600586
-11.285820007324219
-11.286044120788574
-11.287005424499512
-11.285992622375488
-11.28699779510498
-11.284172058105469
-11.286725997924805
-11.286266326904297
-11.28297233581543
-11.286077499389648
-11.285387992858887
-11.28398609161377
-11.279730796813965
-11.285075187683105
-11.283574104309082
-11.284028053283691
-11.283639907836914
-11.283567428588867
-11.280332565307617
-11.280557632446289
-11.27923583984375
-11.280196189880371
-11.283896446228027
-11.282958030700684
-11.289542198181152
-11.284608840942383
-11.284916877746582
-11.284136772155762
-11.281947135925293
-11.287675857543945
-11.28768253326416
-11.288615226745605
-11.2827730178833
-11.287400245666504
-11.282201766967773
-11.281486511230469
-11.279748916625977
-11.281164169311523
-11.279090881347656
-11.282979011535645
-11.284825325012207
-11.283794403076172
-11.284858703613281
-11.286815643310547
-11.28489875793457
-11.286409378051758
-11.284134864807129
-11.288413047790527
-11.279831886291504
-11.284399032592773
-11.287191390991211
-11.281011581420898
-11.285599708557129
-11.28532600402832
-11.287684440612793
-11.287111282348633
-11.284332275390625
-11.2858247756958
-11.285140037536621
-11.286696434020996
-11.285552978515625
-11.284322738647461
-11.285758972167969
-11.286212921142578
-11.286502838134766
-11.28445053100586
-11.288602828979492
-11.284225463867188
-11.287740707397461
-11.289677619934082
-11.284120559692383
-11.283811569213867
-11.28726863861084
-11.286467552185059
-11.284977912902832
-11.28421401977539
-11.28662395477295
-11.28014087677002
-11.282829284667969
-11.281808853149414
-11.283158302307129
-11.284893035888672
-11.284598350524902
-11.289382934570312
-11.285898208618164
-11.285140991210938
-11.289423942565918
-11.282099723815918
-11.28692626953125
-11.284461975097656
-11.280256271362305
-11.281783103942871
-11.284809112548828
-11.286979675292969
-11.288723945617676
-11.28286075592041
-11.284528732299805
-11.282156944274902
-11.283332824707031
-11.282745361328125
-11.284149169921875
-11.284699440002441
-11.288029670715332
-11.286556243896484
-11.286462783813477
-11.283683776855469
-11.284957885742188
-11.281362533569336
-11.28330135345459
-11.282147407531738
-11.286872863769531
-11.28817081451416
-11.286405563354492
-11.285454750061035
-11.283445358276367
-11.288005828857422
-11.282530784606934
-11.277837753295898
-11.276740074157715
-11.268777847290039
-11.269139289855957
-11.26150131225586
-11.257377624511719
-11.256868362426758
-11.262043952941895
-11.270435333251953
-11.279478073120117
-11.285109519958496
-11.270848274230957
-11.255703926086426
-11.232357025146484
-11.229799270629883
-11.251280784606934
-11.270954132080078
-11.279732704162598
-11.283995628356934
-11.282124519348145
-11.284405708312988
-11.287700653076172
-11.28475284576416
-11.285104751586914
-11.279882431030273
-11.283618927001953
-11.28702163696289
-11.280534744262695
-11.280506134033203
-11.283289909362793
-11.285995483398438
-11.286726951599121
-11.285425186157227
-11.285250663757324
-11.282243728637695
-11.28192138671875
-11.284889221191406
-11.285356521606445
-11.285975456237793
-11.283173561096191
-11.281522750854492
-11.2830171585083
-11.279751777648926
-11.277899742126465
-11.283123016357422
-11.28361988067627
-11.289352416992188
-11.284380912780762
-11.2836275100708
-11.279144287109375
-11.275184631347656
-11.26980209350586
-11.262414932250977
-11.263769149780273
-11.269153594970703
-11.280278205871582
-11.281427383422852
-11.281158447265625
-11.282848358154297
-11.27560806274414
-11.267111778259277
-11.261281967163086
-11.257671356201172
-11.265432357788086
-11.268875122070312
-11.277647972106934
-11.279735565185547
-11.283939361572266
-11.27808952331543
-11.260269165039062
-11.217679023742676
-11.21070671081543
-11.244872093200684
-11.271100044250488
-11.276082038879395
-11.258926391601562
-11.230969429016113
-11.234017372131348
-11.25018310546875
-11.272092819213867
-11.280462265014648
-11.280333518981934
-11.277366638183594
-11.282451629638672
-11.284430503845215
-11.283575057983398
-11.280975341796875
-11.283669471740723
-11.279365539550781
-11.272088050842285
-11.268153190612793
-11.274114608764648
-11.281126976013184
-11.281564712524414
-11.27950382232666
-11.264430046081543
-11.256752967834473
-11.258553504943848
-11.26889419555664
-11.282451629638672
-11.2796630859375
-11.275890350341797
-11.271992683410645
-11.27136516571045
-11.271909713745117
-11.276081085205078
-11.27645206451416
-11.283454895019531
-11.285578727722168
-11.285106658935547
-11.278806686401367
-11.273894309997559
-11.278302192687988
-11.283967971801758
-11.284806251525879
-11.28903579711914
-11.281604766845703
-11.282241821289062
-11.27643871307373
-11.281292915344238
-11.288073539733887
-11.283233642578125
-11.286952018737793
-11.284248352050781
-11.290019989013672
-11.287747383117676
-11.28553295135498
-11.287068367004395
-11.28553581237793
-11.286853790283203
-11.285284042358398
-11.28518009185791
-11.285823822021484
-11.285581588745117
-11.290081977844238
-11.289166450500488
-11.289700508117676
-11.289199829101562
-11.286599159240723
-11.287751197814941
-11.287714958190918
-11.286967277526855
-11.285760879516602
-11.286308288574219
-11.287162780761719
-11.28697395324707
-11.283578872680664
-11.279393196105957
-11.28280258178711
-11.281858444213867
-11.283772468566895
-11.287370681762695
-11.283734321594238
-11.286181449890137
-11.28703784942627
-11.287952423095703
-11.287298202514648
-11.28783893585205
-11.284530639648438
-11.288639068603516
-11.28378963470459
-11.285030364990234
-11.281832695007324
-11.279293060302734
-11.277776718139648
-11.27963924407959
-11.278700828552246
-11.274595260620117
-11.269954681396484
-11.275440216064453
-11.28548526763916
-11.284687042236328
-11.28096866607666
-11.264198303222656
-11.257179260253906
-11.264700889587402
-11.2721529006958
-11.280635833740234
-11.28678035736084
-11.284345626831055
-11.275137901306152
-11.263532638549805
-11.275457382202148
-11.282156944274902
-11.284637451171875
-11.283065795898438
-11.268898963928223
-11.268119812011719
-11.269034385681152
-11.280774116516113
-11.286611557006836
-11.28577995300293
-11.277950286865234
-11.273236274719238
-11.27139663696289
-11.277698516845703
-11.284872055053711
-11.28353500366211
-11.286360740661621
-11.27856731414795
-11.26909351348877
-11.273078918457031
-11.276691436767578
-11.285563468933105
-11.281927108764648
-11.278783798217773
-11.271178245544434
-11.264026641845703
-11.272132873535156
-11.28039836883545
-11.285677909851074
-11.28635311126709
-11.286077499389648
-11.284502983093262
-11.274779319763184
-11.264814376831055
-11.264127731323242
-11.274076461791992
-11.28468132019043
-11.283353805541992
-11.28490924835205
-11.282713890075684
-11.279197692871094
-11.275999069213867
-11.275564193725586
-11.278414726257324
-11.282600402832031
-11.285357475280762
-11.283918380737305
-11.286581039428711
-11.285744667053223
-11.282068252563477
-11.28489875793457
-11.281638145446777
-11.279271125793457
-11.282690048217773
-11.286856651306152
-11.28676700592041
-11.285293579101562
-11.281797409057617
-11.273660659790039
-11.2806978225708
-11.284460067749023
-11.288644790649414
-11.287131309509277
-11.286356925964355
-11.290803909301758
-11.288386344909668
-11.288180351257324
-11.28773307800293
-11.28729248046875
-11.290111541748047
-11.288798332214355
-11.289884567260742
-11.292200088500977
-11.287166595458984
-11.286067962646484
-11.288236618041992
-11.28585147857666
-11.286321640014648
-11.287934303283691
-11.286345481872559
-11.289346694946289
-11.286149024963379
-11.286148071289062
-11.286178588867188
-11.286155700683594
-11.289501190185547
-11.289849281311035
-11.287408828735352
-11.290383338928223
-11.285794258117676
-11.285621643066406
-11.289388656616211
-11.285597801208496
-11.285162925720215
-11.290162086486816
-11.291007041931152
-11.28882122039795
-11.287522315979004
-11.2907133102417
-11.286433219909668
-11.287222862243652
-11.28953742980957
-11.289656639099121
-11.286181449890137
-11.287955284118652
-11.288729667663574
-11.290323257446289
-11.289186477661133
-11.28600025177002
-11.289335250854492
-11.287631034851074
-11.285795211791992
-11.289131164550781
-11.289466857910156
-11.286334037780762
-11.287978172302246
-11.28714370727539
-11.28982925415039
-11.285712242126465
-11.287420272827148
-11.289069175720215
-11.289578437805176
-11.288256645202637
-11.290800094604492
-11.286802291870117
-11.288495063781738
-11.288813591003418
-11.288793563842773
-11.290177345275879
-11.290304183959961
-11.28836727142334
-11.286643028259277
-11.284781455993652
-11.284130096435547
-11.284844398498535
-11.288243293762207
-11.289628028869629
-11.288451194763184
-11.281379699707031
-11.281700134277344
-11.276017189025879
-11.274735450744629
-11.273005485534668
-11.281280517578125
-11.284008026123047
-11.283486366271973
-11.287342071533203
-11.288087844848633
-11.287833213806152
-11.287069320678711
-11.285447120666504
-11.279677391052246
-11.278285026550293
-11.27688217163086
-11.278944969177246
-11.288213729858398
-11.288886070251465
-11.287470817565918
-11.284506797790527
-11.27668285369873
-11.26630973815918
-11.260533332824707
-11.265548706054688
-11.267504692077637
-11.273826599121094
-11.28246021270752
-11.282233238220215
-11.281892776489258
-11.291160583496094
-11.290813446044922
-11.287585258483887
-11.288003921508789
-11.286750793457031
-11.283391952514648
-11.28513240814209
-11.286563873291016
-11.289953231811523
-11.289079666137695
-11.287922859191895
-11.28460693359375
-11.28286361694336
-11.276616096496582
-11.278162956237793
-11.282957077026367
-11.285551071166992
-11.284306526184082
-11.286683082580566
-11.289423942565918
-11.289010047912598
-11.291935920715332
-11.290948867797852
-11.292989730834961
-11.290882110595703
-11.290823936462402
-11.289377212524414
-11.288954734802246
-11.289873123168945
-11.288009643554688
-11.289867401123047
-11.287168502807617
-11.288932800292969
-11.286223411560059
-11.287583351135254
-11.289977073669434
-11.289920806884766
-11.290855407714844
-11.28841495513916
-11.286295890808105
-11.284930229187012
-11.2863130569458
-11.287513732910156
-11.284856796264648
-11.285036087036133
-11.287538528442383
-11.288118362426758
-11.289131164550781
-11.291389465332031
-11.287541389465332
-11.287327766418457
-11.286334037780762
-11.280900001525879
-11.277563095092773
-11.280928611755371
-11.284187316894531
-11.290998458862305
-11.288780212402344
-11.281486511230469
-11.273550033569336
-11.267230987548828
-11.270381927490234
-11.270665168762207
-11.276676177978516
-11.280421257019043
-11.279911041259766
-11.28537368774414
-11.286104202270508
-11.290175437927246
-11.289323806762695
-11.28943920135498
-11.29101276397705
-11.289196968078613
-11.285837173461914
-11.288483619689941
-11.291881561279297
-11.288960456848145
-11.28870677947998
-11.284765243530273
-11.291136741638184
-11.290393829345703
-11.288785934448242
-11.28442096710205
-11.286480903625488
-11.288554191589355
-11.288856506347656
-11.29324722290039
-11.28925609588623
-11.28598403930664
-11.280173301696777
-11.27466869354248
-11.275579452514648
-11.27617073059082
-11.281184196472168
-11.282605171203613
-11.285959243774414
-11.288508415222168
-11.29292106628418
-11.290300369262695
-11.287281036376953
-11.285239219665527
-11.274158477783203
-11.269251823425293
-11.272491455078125
-11.269898414611816
-11.27995777130127
-11.286402702331543
-11.289270401000977
-11.281720161437988
-11.280679702758789
-11.264548301696777
-11.241602897644043
-11.230877876281738
-11.25197696685791
-11.26813793182373
-11.283527374267578
-11.287519454956055
-11.290597915649414
-11.28384780883789
-11.278947830200195
-11.283576965332031
-11.287642478942871
-11.290445327758789
-11.290750503540039
-11.287583351135254
-11.276785850524902
-11.278305053710938
-11.280033111572266
-11.278623580932617
-11.28681755065918
-11.288400650024414
-11.289573669433594
-11.285557746887207
-11.284210205078125
-11.278529167175293
-11.279781341552734
-11.270745277404785
-11.267328262329102
-11.262375831604004
-11.27062702178955
-11.278295516967773
-11.287734985351562
-11.287997245788574
-11.287768363952637
-11.288209915161133
-11.286946296691895
-11.28868579864502
-11.286759376525879
-11.286869049072266
-11.282587051391602
-11.28510856628418
-11.288841247558594
-11.287458419799805
-11.288257598876953
-11.289643287658691
-11.2855224609375
-11.28271770477295
-11.288352012634277
-11.288309097290039
-11.286885261535645
-11.284326553344727
-11.280369758605957
-11.283783912658691
-11.286696434020996
-11.28792953491211
-11.285726547241211
-11.287969589233398
-11.290474891662598
-11.284767150878906
-11.27900505065918
-11.281712532043457
-11.285835266113281
-11.285043716430664
-11.282356262207031
-11.286848068237305
-11.289596557617188
-11.287281036376953
-11.28691577911377
-11.289852142333984
-11.290715217590332
-11.289329528808594
-11.288576126098633
-11.287260055541992
-11.27130126953125
-11.25192642211914
-11.239767074584961
-11.259563446044922
-11.279808044433594
-11.288893699645996
-11.283242225646973
-11.272757530212402
-11.267598152160645
-11.2711820602417
-11.278820991516113
-11.287365913391113
-11.286476135253906
-11.277626991271973
-11.259014129638672
-11.258016586303711
-11.26392650604248
-11.279909133911133
-11.288971900939941
-11.284299850463867
-11.278796195983887
-11.272875785827637
-11.274155616760254
-11.2761869430542
-11.277900695800781
-11.288410186767578
-11.284265518188477
-11.273274421691895
-11.271879196166992
-11.284208297729492
-11.2902193069458
-11.281434059143066
-11.270732879638672
-11.256202697753906
-11.254744529724121
-11.270455360412598
-11.283746719360352
-11.285807609558105
-11.287445068359375
-11.27780818939209
-11.284605979919434
-11.29167652130127
-11.289143562316895
-11.288808822631836
-11.287939071655273
-11.291120529174805
-11.29201602935791
-11.289176940917969
-11.284184455871582
-11.28709888458252
-11.286539077758789
-11.283224105834961
-11.28115177154541
-11.283557891845703
-11.283028602600098
-11.283768653869629
-11.286616325378418
-11.291107177734375
-11.291415214538574
-11.28885269165039
-11.287575721740723
-11.283226013183594
-11.284069061279297
-11.28707504272461
-11.289234161376953
-11.289355278015137
-11.292891502380371
-11.287333488464355
-11.292165756225586
-11.290558815002441
-11.289950370788574
-11.289175987243652
-11.28969669342041
-11.283242225646973
-11.28663444519043
-11.284537315368652
-11.28996753692627
-11.291926383972168
-11.29218578338623
-11.288722038269043
-11.289155960083008
-11.290209770202637
-11.28799819946289
-11.285100936889648
-11.285862922668457
-11.287544250488281
-11.288379669189453
-11.29123306274414
-11.291219711303711
-11.291144371032715
-11.280604362487793
-11.27376651763916
-11.263359069824219
-11.266782760620117
-11.27795696258545
-11.284290313720703
-11.290494918823242
-11.279584884643555
-11.272120475769043
-11.263115882873535
-11.270242691040039
-11.282694816589355
-11.288722038269043
-11.27038860321045
-11.233049392700195
-11.233928680419922
-11.267105102539062
-11.291808128356934
-11.27151107788086
-11.255943298339844
-11.266500473022461
-11.28713321685791
-11.286571502685547
-11.282289505004883
-11.28325366973877
-11.289911270141602
-11.280471801757812
-11.285065650939941
-11.291879653930664
-11.28691291809082
-11.279290199279785
-11.287961959838867
-11.29055118560791
-11.28463077545166
-11.278898239135742
-11.2811918258667
-11.288064956665039
-11.2888765335083
-11.286541938781738
-11.288955688476562
-11.286540985107422
-11.27586841583252
-11.261276245117188
-11.251298904418945
-11.255537033081055
-11.273537635803223
-11.287007331848145
-11.28996467590332
-11.273340225219727
-11.256508827209473
-11.265069007873535
-11.277347564697266
-11.287314414978027
-11.29024887084961
-11.274518013000488
-11.264679908752441
-11.273748397827148
-11.281317710876465
-11.291083335876465
-11.280963897705078
-11.272439002990723
-11.271810531616211
-11.283843040466309
-11.289977073669434
-11.280591011047363
-11.26914119720459
-11.276466369628906
-11.292400360107422
-11.289745330810547
-11.280892372131348
-11.276598930358887
-11.278545379638672
-11.28946590423584
-11.293140411376953
-11.283598899841309
-11.275798797607422
-11.277767181396484
-11.28612995147705
-11.290239334106445
-11.285685539245605
-11.271717071533203
-11.267122268676758
-11.283626556396484
-11.288886070251465
-11.278942108154297
-11.266267776489258
-11.267889022827148
-11.274166107177734
-11.284768104553223
-11.287500381469727
-11.283191680908203
-11.281243324279785
-11.271106719970703
-11.283206939697266
-11.28857707977295
-11.284316062927246
-11.269883155822754
-11.271503448486328
-11.28392219543457
-11.288485527038574
-11.279109001159668
-11.263290405273438
-11.271817207336426
-11.286953926086426
-11.287832260131836
-11.264960289001465
-11.244189262390137
-11.258172988891602
-11.286659240722656
-11.289159774780273
-11.275952339172363
-11.2577543258667
-11.273385047912598
-11.28815746307373
-11.284008979797363
-11.284710884094238
-11.285808563232422
-11.284553527832031
-11.287808418273926
-11.287860870361328
-11.28883171081543
-11.288116455078125
-11.290261268615723
-11.291475296020508
-11.29047679901123
-11.280216217041016
-11.283710479736328
-11.287519454956055
-11.28982162475586
-11.291505813598633
-11.291061401367188
-11.287961959838867
-11.286321640014648
-11.284797668457031
-11.283527374267578
-11.28974723815918
-11.290953636169434
-11.288105964660645
-11.288311004638672
-11.291211128234863
-11.293042182922363
-11.293623924255371
-11.290903091430664
-11.29005241394043
-11.289647102355957
-11.292160987854004
-11.287294387817383
-11.291916847229004
-11.294551849365234
-11.29423713684082
-11.289124488830566
-11.288214683532715
-11.293103218078613
-11.290389060974121
-11.290050506591797
-11.288602828979492
-11.291484832763672
-11.29210376739502
-11.289926528930664
-11.29328727722168
-11.29263973236084
-11.292566299438477
-11.292537689208984
-11.289226531982422
-11.288766860961914
-11.288979530334473
-11.288726806640625
-11.284930229187012
-11.282187461853027
-11.287962913513184
-11.292734146118164
-11.29226016998291
-11.288686752319336
-11.290870666503906
-11.290288925170898
-11.288783073425293
-11.291812896728516
-11.290332794189453
-11.288531303405762
-11.292623519897461
-11.289769172668457
-11.291183471679688
-11.287673950195312
-11.28783893585205
-11.291034698486328
-11.290661811828613
-11.290128707885742
-11.291610717773438
-11.292007446289062
-11.292649269104004
-11.291011810302734
-11.291008949279785
-11.290035247802734
-11.290283203125
-11.293122291564941
-11.292786598205566
-11.293623924255371
-11.29322338104248
-11.293931007385254
-11.29269790649414
-11.293094635009766
-11.289283752441406
-11.290678977966309
-11.28848934173584
-11.291757583618164
-11.293957710266113
-11.294722557067871
-11.29526424407959
-11.293831825256348
-11.293905258178711
-11.29284381866455
-11.290316581726074
-11.292193412780762
-11.291277885437012
-11.290104866027832
-11.293779373168945
-11.29044246673584
-11.28943920135498
-11.292726516723633
-11.290722846984863
-11.292202949523926
-11.293498992919922
-11.291165351867676
-11.291150093078613
-11.292049407958984
-11.292861938476562
-11.292399406433105
-11.291114807128906
-11.289177894592285
-11.286659240722656
-11.292232513427734
-11.293716430664062
-11.289408683776855
-11.286151885986328
-11.283677101135254
-11.288264274597168
-11.291641235351562
-11.293834686279297
-11.295122146606445
-11.291572570800781
-11.290751457214355
-11.292369842529297
-11.292919158935547
-11.29291820526123
-11.294210433959961
-11.292234420776367
-11.294032096862793
-11.295099258422852
-11.293484687805176
-11.292545318603516
-11.292767524719238
-11.292823791503906
-11.292407035827637
-11.292557716369629
-11.293320655822754
-11.294943809509277
-11.294145584106445
-11.293797492980957
-11.294543266296387
-11.289729118347168
-11.29326057434082
-11.293848037719727
-11.294779777526855
-11.293659210205078
-11.293925285339355
-11.293844223022461
-11.292400360107422
-11.29359245300293
-11.29634952545166
-11.292776107788086
-11.295085906982422
-11.293373107910156
-11.292387962341309
-11.293631553649902
-11.29430103302002
-11.294116020202637
-11.29294490814209
-11.290994644165039
-11.290632247924805
-11.291361808776855
-11.294968605041504
-11.294511795043945
-11.293512344360352
-11.29342269897461
-11.289252281188965
-11.286835670471191
-11.290639877319336
-11.291945457458496
-11.290719985961914
-11.289896965026855
-11.29291820526123
-11.291836738586426
-11.289121627807617
-11.285893440246582
-11.290938377380371
-11.286581993103027
-11.288180351257324
-11.286526679992676
-11.285866737365723
-11.290617942810059
-11.2894868850708
-11.291385650634766
-11.296745300292969
-11.293368339538574
-11.292564392089844
-11.297119140625
-11.291158676147461
-11.289098739624023
-11.288365364074707
-11.289081573486328
-11.287374496459961
-11.289867401123047
-11.292922019958496
-11.29586410522461
-11.292086601257324
-11.291340827941895
-11.290332794189453
-11.28995132446289
-11.287956237792969
-11.290924072265625
-11.292281150817871
-11.29186725616455
-11.288294792175293
-11.295221328735352
-11.294721603393555
-11.289694786071777
-11.294265747070312
-11.291473388671875
-11.295872688293457
-11.292564392089844
-11.293569564819336
-11.29149055480957
-11.29834270477295
-11.288802146911621
-11.29204273223877
-11.293676376342773
-11.292200088500977
-11.293736457824707
-11.293718338012695
-11.295682907104492
-11.295729637145996
-11.292692184448242
-11.297484397888184
-11.295454025268555
-11.29274845123291
-11.295608520507812
-11.294957160949707
-11.291229248046875
-11.292387008666992
-11.293249130249023
-11.294755935668945
-11.287964820861816
-11.2943754196167
-11.294055938720703
-11.292332649230957
-11.293183326721191
-11.295415878295898
-11.290624618530273
-11.294366836547852
-11.293819427490234
-11.29466724395752
-11.293656349182129
-11.291540145874023
-11.295110702514648
-11.293604850769043
-11.293661117553711
-11.29213809967041
-11.293384552001953
-11.291841506958008
-11.286529541015625
-11.287206649780273
-11.287912368774414
-11.289770126342773
-11.296299934387207
-11.293463706970215
-11.288883209228516
-11.289092063903809
-11.287784576416016
-11.287978172302246
-11.28833293914795
-11.290933609008789
-11.29078197479248
-11.293803215026855
-11.290223121643066
-11.294378280639648
-11.287577629089355
-11.284496307373047
-11.28534984588623
-11.28870677947998
-11.289817810058594
-11.290928840637207
-11.294706344604492
-11.290945053100586
-11.29061508178711
-11.28475570678711
-11.270750999450684
-11.262482643127441
-11.258931159973145
-11.26384162902832
-11.275202751159668
-11.287198066711426
-11.295211791992188
-11.288532257080078
-11.286219596862793
-11.2774658203125
-11.277660369873047
-11.28444766998291
-11.293132781982422
-11.287443161010742
-11.28414249420166
-11.27102279663086
-11.275115013122559
-11.276046752929688
-11.290595054626465
-11.29465389251709
-11.292195320129395
-11.293441772460938
-11.294281959533691
-11.292289733886719
-11.291170120239258
-11.290708541870117
-11.289860725402832
-11.288795471191406
-11.289982795715332
-11.290799140930176
-11.294798851013184
-11.294435501098633
-11.291093826293945
-11.292779922485352
-11.29135799407959
-11.292457580566406
-11.294536590576172
-11.292096138000488
-11.293935775756836
-11.29336929321289
-11.294857025146484
-11.295392036437988
-11.296486854553223
-11.296820640563965
-11.291723251342773
-11.296316146850586
-11.293158531188965
-11.292928695678711
-11.296802520751953
-11.295042991638184
-11.292645454406738
-11.293811798095703
-11.296582221984863
-11.295068740844727
-11.29320240020752
-11.293190002441406
-11.29332160949707
-11.294641494750977
-11.295387268066406
-11.291838645935059
-11.294100761413574
-11.293901443481445
-11.295095443725586
-11.29183292388916
-11.290619850158691
-11.288742065429688
-11.289628028869629
-11.284769058227539
-11.274808883666992
-11.268638610839844
-11.265643119812012
-11.262419700622559
-11.275041580200195
-11.286107063293457
-11.290301322937012
-11.278203010559082
-11.250933647155762
-11.226875305175781
-11.225214004516602
-11.267265319824219
-11.29257583618164
-11.290192604064941
-11.289240837097168
-11.282581329345703
-11.277827262878418
-11.271848678588867
-11.277898788452148
-11.284618377685547
-11.28848934173584
-11.291775703430176
-11.294562339782715
-11.295279502868652
-11.294370651245117
-11.290323257446289
-11.290266036987305
-11.288581848144531
-11.28918170928955
-11.289685249328613
-11.293644905090332
-11.295296669006348
-11.294721603393555
-11.29001235961914
-11.287656784057617
-11.289901733398438
-11.291803359985352
-11.2951078414917
-11.29590129852295
-11.293600082397461
-11.293488502502441
-11.295351028442383
-11.295530319213867
-11.295588493347168
-11.29443073272705
-11.293092727661133
-11.293157577514648
-11.29324722290039
-11.292630195617676
-11.293545722961426
-11.292614936828613
-11.294479370117188
-11.294641494750977
-11.295683860778809
-11.29509162902832
-11.297046661376953
-11.296709060668945
-11.295703887939453
-11.294846534729004
-11.297272682189941
-11.291756629943848
-11.291908264160156
-11.2858247756958
-11.278322219848633
-11.275535583496094
-11.282797813415527
-11.290986061096191
-11.291576385498047
-11.294644355773926
-11.294635772705078
-11.294448852539062
-11.29540729522705
-11.293601989746094
-11.28742504119873
-11.291067123413086
-11.284566879272461
-11.284281730651855
-11.285305976867676
-11.279581069946289
-11.281343460083008
-11.279677391052246
-11.283557891845703
-11.279909133911133
-11.287775039672852
-11.289042472839355
-11.293046951293945
-11.292576789855957
-11.288433074951172
-11.285879135131836
-11.285502433776855
-11.28846549987793
-11.2896146774292
-11.291277885437012
-11.291086196899414
-11.294147491455078
-11.295595169067383
-11.293700218200684
-11.295886039733887
-11.295350074768066
-11.297321319580078
-11.294292449951172
-11.295608520507812
-11.295636177062988
-11.29598331451416
-11.296607971191406
-11.295738220214844
-11.295827865600586
-11.291814804077148
-11.294015884399414
-11.289410591125488
-11.289475440979004
-11.287618637084961
-11.294173240661621
-11.294677734375
-11.29565715789795
-11.293966293334961
-11.293519020080566
-11.295186042785645
-11.294275283813477
-11.296224594116211
-11.294928550720215
-11.292020797729492
-11.294986724853516
-11.290982246398926
-11.28590202331543
-11.28073501586914
-11.285611152648926
-11.287900924682617
-11.294193267822266
-11.294225692749023
-11.295089721679688
-11.298745155334473
-11.299546241760254
-11.296187400817871
-11.296232223510742
-11.29910945892334
-11.298904418945312
-11.297517776489258
-11.290956497192383
-11.294217109680176
-11.295755386352539
-11.297292709350586
-11.293049812316895
-11.291912078857422
-11.291284561157227
-11.286887168884277
-11.277478218078613
-11.269728660583496
-11.267348289489746
-11.267485618591309
-11.277791976928711
-11.288596153259277
-11.294761657714844
-11.294919967651367
-11.291633605957031
-11.282742500305176
-11.262687683105469
-11.26443099975586
-11.279727935791016
-11.29493236541748
-11.295576095581055
-11.273155212402344
-11.240010261535645
-11.211771965026855
-11.225220680236816
-11.27242374420166
-11.298605918884277
-11.288826942443848
-11.271273612976074
-11.267702102661133
-11.283612251281738
-11.292861938476562
-11.29343032836914
-11.277297019958496
-11.256941795349121
-11.262107849121094
-11.279233932495117
-11.289270401000977
-11.296723365783691
-11.296883583068848
-11.28725814819336
-11.283349990844727
-11.290311813354492
-11.294794082641602
-11.29615592956543
-11.291556358337402
-11.291169166564941
-11.290176391601562
-11.291844367980957
-11.296989440917969
-11.298973083496094
-11.297806739807129
-11.296459197998047
-11.293163299560547
-11.29076099395752
-11.2914400100708
-11.295504570007324
-11.298784255981445
-11.30106258392334
-11.297091484069824
-11.293221473693848
-11.297078132629395
-11.294576644897461
-11.297436714172363
-11.298474311828613
-11.29779052734375
-11.29708480834961
-11.296581268310547
-11.297614097595215
-11.295395851135254
-11.298643112182617
-11.29673957824707
-11.298445701599121
-11.29822063446045
-11.294215202331543
-11.295817375183105
-11.294498443603516
-11.297653198242188
-11.298407554626465
-11.299034118652344
-11.299054145812988
-11.296764373779297
-11.29471206665039
-11.29577350616455
-11.295306205749512
-11.29281234741211
-11.29585075378418
-11.299266815185547
-11.297183990478516
-11.299144744873047
-11.295047760009766
-11.295316696166992
-11.29826545715332
-11.2989501953125
-11.294483184814453
-11.298111915588379
-11.300470352172852
-11.299795150756836
-11.298008918762207
-11.296256065368652
-11.298117637634277
-11.297988891601562
-11.297577857971191
-11.29791259765625
-11.300383567810059
-11.295223236083984
-11.296682357788086
-11.29455280303955
-11.29439640045166
-11.301056861877441
-11.29931354522705
-11.295952796936035
-11.299260139465332
-11.29608154296875
-11.297143936157227
-11.293684959411621
-11.295573234558105
-11.29636287689209
-11.296318054199219
-11.292875289916992
-11.299914360046387
-11.298087120056152
-11.300811767578125
-11.298772811889648
-11.29770565032959
-11.298478126525879
-11.297670364379883
-11.298897743225098
-11.297834396362305
-11.300108909606934
-11.29766845703125
-11.295703887939453
-11.294361114501953
-11.291365623474121
-11.287983894348145
-11.292922019958496
-11.297476768493652
-11.297945022583008
-11.299588203430176
-11.298225402832031
-11.295135498046875
-11.296427726745605
-11.30108642578125
-11.294143676757812
-11.294529914855957
-11.287118911743164
-11.288491249084473
-11.290689468383789
-11.289146423339844
-11.288522720336914
-11.289080619812012
-11.29578971862793
-11.293294906616211
-11.29983901977539
-11.300071716308594
-11.299969673156738
-11.300941467285156
-11.297618865966797
-11.295788764953613
-11.295519828796387
-11.290692329406738
-11.290144920349121
-11.290596008300781
-11.293933868408203
-11.295708656311035
-11.298768997192383
-11.298650741577148
-11.294520378112793
-11.295491218566895
-11.295151710510254
-11.294111251831055
-11.296586990356445
-11.294903755187988
-11.292021751403809
-11.294037818908691
-11.294795989990234
-11.295284271240234
-11.293109893798828
-11.2969388961792
-11.297347068786621
-11.297868728637695
-11.293481826782227
-11.296062469482422
-11.29671859741211
-11.291592597961426
-11.281219482421875
-11.273287773132324
-11.268363952636719
-11.268972396850586
-11.27372932434082
-11.286291122436523
-11.295547485351562
-11.29910945892334
-11.291934967041016
-11.293158531188965
-11.291359901428223
-11.278997421264648
-11.267207145690918
-11.286746978759766
-11.289664268493652
-11.22813892364502
-11.19074821472168
-11.227956771850586
-11.279163360595703
-11.301200866699219
-11.283976554870605
-11.255364418029785
-11.250611305236816
-11.261908531188965
-11.285707473754883
-11.297245979309082
-11.282912254333496
-11.264242172241211
-11.267532348632812
-11.29137134552002
-11.297518730163574
-11.28665828704834
-11.273417472839355
-11.268930435180664
-11.27402114868164
-11.2863187789917
-11.292945861816406
-11.292726516723633
-11.280561447143555
-11.278219223022461
-11.288337707519531
-11.294510841369629
-11.296716690063477
-11.29656982421875
-11.291374206542969
-11.288846969604492
-11.28052806854248
-11.279656410217285
-11.29228401184082
-11.298544883728027
-11.292593955993652
-11.275836944580078
-11.268672943115234
-11.276097297668457
-11.287858963012695
-11.292903900146484
-11.287052154541016
-11.286030769348145
-11.290595054626465
-11.290848731994629
-11.29671859741211
-11.2938871383667
-11.29515266418457
-11.297565460205078
-11.29539680480957
-11.292716979980469
-11.285834312438965
-11.283358573913574
-11.292593002319336
-11.296798706054688
-11.295028686523438
-11.293938636779785
-11.291078567504883
-11.284270286560059
-11.284624099731445
-11.285299301147461
-11.288858413696289
-11.29418659210205
-11.300456047058105
-11.295949935913086
-11.297789573669434
-11.292296409606934
-11.292495727539062
-11.28697681427002
-11.294050216674805
-11.297804832458496
-11.299623489379883
-11.300323486328125
-11.299836158752441
-11.294320106506348
-11.29846477508545
-11.296527862548828
-11.300360679626465
-11.301218032836914
-11.299142837524414
-11.296675682067871
-11.2968111038208
-11.294618606567383
-11.292634963989258
-11.292084693908691
-11.300114631652832
-11.301069259643555
-11.295059204101562
-11.293458938598633
-11.291362762451172
-11.295709609985352
-11.298911094665527
-11.299375534057617
-11.298221588134766
-11.296854019165039
-11.294984817504883
-11.295379638671875
-11.300353050231934
-11.295621871948242
-11.29878044128418
-11.296454429626465
-11.291230201721191
-11.292242050170898
-11.296701431274414
-11.301548957824707
-11.300728797912598
-11.298484802246094
-11.298513412475586
-11.301145553588867
-11.299214363098145
-11.298786163330078
-11.3002290725708
-11.29608154296875
-11.29711627960205
-11.300244331359863
-11.301580429077148
-11.297256469726562
-11.299263000488281
-11.29954719543457
-11.298600196838379
-11.298731803894043
-11.299779891967773
-11.298349380493164
-11.301010131835938
-11.297582626342773
-11.29841136932373
-11.30021858215332
-11.300946235656738
-11.300398826599121
-11.298917770385742
-11.299774169921875
-11.301375389099121
-11.301467895507812
-11.30266284942627
-11.30075454711914
-11.299205780029297
-11.298115730285645
-11.298314094543457
-11.299356460571289
-11.298210144042969
-11.30221176147461
-11.30126667022705
-11.300389289855957
-11.2996244430542
-11.298663139343262
-11.301766395568848
-11.29796028137207
-11.302362442016602
-11.301281929016113
-11.300263404846191
-11.297920227050781
-11.300631523132324
-11.299216270446777
-11.298613548278809
-11.299520492553711
-11.300925254821777
-11.30018424987793
-11.299410820007324
-11.29982852935791
-11.298633575439453
-11.298876762390137
-11.298100471496582
-11.298089027404785
-11.298286437988281
-11.300148963928223
-11.297760009765625
-11.299009323120117
-11.298308372497559
-11.299281120300293
-11.299907684326172
-11.301565170288086
-11.296740531921387
-11.299063682556152
-11.294995307922363
-11.28798770904541
-11.286787033081055
-11.276089668273926
-11.2676362991333
-11.274825096130371
-11.2890043258667
-11.298055648803711
-11.297847747802734
-11.292960166931152
-11.292228698730469
-11.293176651000977
-11.299896240234375
-11.294758796691895
-11.284079551696777
-11.274892807006836
-11.268082618713379
-11.280281066894531
-11.294371604919434
-11.30242919921875
-11.294395446777344
-11.282157897949219
-11.268527030944824
-11.263714790344238
-11.278483390808105
-11.292431831359863
-11.297983169555664
-11.293059349060059
-11.281949996948242
-11.281319618225098
-11.28466796875
-11.290938377380371
-11.29907512664795
-11.30085563659668
-11.298033714294434
-11.29546070098877
-11.291205406188965
-11.294747352600098
-11.296390533447266
-11.301834106445312
-11.2979154586792
-11.295726776123047
-11.293813705444336
-11.290956497192383
-11.295961380004883
-11.295897483825684
-11.303065299987793
-11.290266990661621
-11.28931999206543
-11.283937454223633
-11.286364555358887
-11.294729232788086
-11.301387786865234
-11.300068855285645
-11.29776382446289
-11.297786712646484
-11.297897338867188
-11.300759315490723
-11.30278205871582
-11.303902626037598
-11.299642562866211
-11.299396514892578
-11.301100730895996
-11.302202224731445
-11.30034065246582
-11.297834396362305
-11.300884246826172
-11.299670219421387
-11.298259735107422
-11.300257682800293
-11.301238059997559
-11.300116539001465
-11.300154685974121
-11.301855087280273
-11.299477577209473
-11.301495552062988
-11.299956321716309
-11.299736976623535
-11.298967361450195
-11.29727554321289
-11.301238059997559
-11.301138877868652
-11.302764892578125
-11.302861213684082
-11.303011894226074
-11.299912452697754
-11.297410011291504
-11.300585746765137
-11.301163673400879
-11.298066139221191
-11.300578117370605
-11.298669815063477
-11.30334758758545
-11.301980018615723
-11.300299644470215
-11.30128002166748
-11.297958374023438
-11.296989440917969
-11.294158935546875
-11.290546417236328
-11.28764533996582
-11.295659065246582
-11.297089576721191
-11.299348831176758
-11.300702095031738
-11.301074028015137
-11.296510696411133
-11.2982759475708
-11.297987937927246
-11.300891876220703
-11.30150318145752
-11.30233383178711
-11.299952507019043
-11.302242279052734
-11.300483703613281
-11.300745964050293
-11.303389549255371
-11.300506591796875
-11.29875659942627
-11.298739433288574
-11.293706893920898
-11.291387557983398
-11.29120922088623
-11.293985366821289
-11.293462753295898
-11.293935775756836
-11.300965309143066
-11.302790641784668
-11.302082061767578
-11.300325393676758
-11.30146312713623
-11.301589012145996
-11.299576759338379
-11.30097770690918
-11.297235488891602
-11.301884651184082
-11.302141189575195
-11.301092147827148
-11.300286293029785
-11.301679611206055
-11.298500061035156
-11.298079490661621
-11.299943923950195
-11.297432899475098
-11.294772148132324
-11.302054405212402
-11.299447059631348
-11.30051040649414
-11.29825496673584
-11.29836654663086
-11.293642044067383
-11.290188789367676
-11.295344352722168
-11.294767379760742
-11.301929473876953
-11.300790786743164
-11.302850723266602
-11.300606727600098
-11.300817489624023
-11.3019437789917
-11.303495407104492
-11.300658226013184
-11.299413681030273
-11.300150871276855
-11.296097755432129
-11.29719066619873
-11.297933578491211
-11.295319557189941
-11.287678718566895
-11.286177635192871
-11.288871765136719
-11.292478561401367
-11.296900749206543
-11.297654151916504
-11.300641059875488
-11.297012329101562
-11.303544044494629
-11.303275108337402
-11.300257682800293
-11.300737380981445
-11.29947280883789
-11.298993110656738
-11.300333023071289
-11.289155960083008
-11.284684181213379
-11.283190727233887
-11.284378051757812
-11.28709602355957
-11.293105125427246
-11.295914649963379
-11.2988862991333
-11.299257278442383
-11.299471855163574
-11.301727294921875
-11.300689697265625
-11.298467636108398
-11.292641639709473
-11.2826509475708
-11.26935863494873
-11.254254341125488
-11.2584867477417
-11.274313926696777
-11.292594909667969
-11.300277709960938
-11.292343139648438
-11.279857635498047
-11.28133773803711
-11.291058540344238
-11.298418998718262
-11.299281120300293
-11.301018714904785
-11.300674438476562
-11.289491653442383
-11.284571647644043
-11.284550666809082
-11.289071083068848
-11.296102523803711
-11.300146102905273
-11.300501823425293
-11.301135063171387
-11.295799255371094
-11.295794486999512
-11.296403884887695
-11.300999641418457
-11.300766944885254
-11.303044319152832
-11.302595138549805
-11.296835899353027
-11.291219711303711
-11.290884971618652
-11.291306495666504
-11.294011116027832
-11.29412841796875
-11.294025421142578
-11.294395446777344
-11.295869827270508
-11.299115180969238
-11.297430992126465
-11.301735877990723
-11.301042556762695
-11.300271987915039
-11.298995971679688
-11.29983901977539
-11.302507400512695
-11.296734809875488
-11.279210090637207
-11.265578269958496
-11.267814636230469
-11.270516395568848
-11.2880220413208
-11.298341751098633
-11.293588638305664
-11.269781112670898
-11.252517700195312
-11.257988929748535
-11.285735130310059
-11.299375534057617
-11.289555549621582
-11.264559745788574
-11.258567810058594
-11.276963233947754
-11.29898452758789
-11.301342964172363
-11.294239044189453
-11.281742095947266
-11.279245376586914
-11.294934272766113
-11.302732467651367
-11.299571990966797
-11.296762466430664
-11.294366836547852
-11.300820350646973
-11.302351951599121
-11.29621410369873
-11.296398162841797
-11.29507827758789
-11.299654006958008
-11.300713539123535
-11.299578666687012
-11.298300743103027
-11.30113697052002
-11.302560806274414
-11.299337387084961
-11.297887802124023
-11.300512313842773
-11.302376747131348
-11.301465034484863
-11.299787521362305
-11.302384376525879
-11.302165985107422
-11.302525520324707
-11.30264663696289
-11.301897048950195
-11.3020658493042
-11.303291320800781
-11.300741195678711
-11.302435874938965
-11.303699493408203
-11.303168296813965
-11.304183006286621
-11.30240535736084
-11.303491592407227
-11.303382873535156
-11.303324699401855
-11.302724838256836
-11.300241470336914
-11.305758476257324
-11.303729057312012
-11.30237865447998
-11.304004669189453
-11.305471420288086
-11.301847457885742
-11.30278205871582
-11.304306030273438
-11.302428245544434
-11.300725936889648
-11.301165580749512
-11.303138732910156
-11.302176475524902
-11.30025863647461
-11.300861358642578
-11.303092956542969
-11.3002290725708
-11.3034086227417
-11.303622245788574
-11.299442291259766
-11.30327320098877
-11.30551815032959
-11.301742553710938
-11.303132057189941
-11.301701545715332
-11.302508354187012
-11.30030632019043
-11.304996490478516
-11.302488327026367
-11.302445411682129
-11.301426887512207
-11.300904273986816
-11.300246238708496
-11.300200462341309
-11.302456855773926
-11.30232048034668
-11.302332878112793
-11.301567077636719
-11.299483299255371
-11.299123764038086
-11.300681114196777
-11.301565170288086
-11.302831649780273
-11.303376197814941
-11.301870346069336
-11.300849914550781
-11.292119026184082
-11.279596328735352
-11.270492553710938
-11.27842903137207
-11.291187286376953
-11.297774314880371
-11.299750328063965
-11.302929878234863
-11.297978401184082
-11.297258377075195
-11.295671463012695
-11.299262046813965
-11.29979133605957
-11.303431510925293
-11.30366039276123
-11.302245140075684
-11.300427436828613
-11.299288749694824
-11.30512523651123
-11.302999496459961
-11.297076225280762
-11.28695297241211
-11.285099029541016
-11.293818473815918
-11.298178672790527
-11.302077293395996
-11.301068305969238
-11.294719696044922
-11.286917686462402
-11.287817001342773
-11.286110877990723
-11.294690132141113
-11.297277450561523
-11.300997734069824
-11.300719261169434
-11.303120613098145
-11.302729606628418
-11.302412986755371
-11.298377990722656
-11.298722267150879
-11.300849914550781
-11.300528526306152
-11.299554824829102
-11.302446365356445
-11.306304931640625
-11.299142837524414
-11.303241729736328
-11.30388355255127
-11.304494857788086
-11.305610656738281
-11.30531120300293
-11.304460525512695
-11.304802894592285
-11.302511215209961
-11.30203628540039
-11.301721572875977
-11.298914909362793
-11.301384925842285
-11.300137519836426
-11.303045272827148
-11.30301284790039
-11.303851127624512
-11.304198265075684
-11.304341316223145
-11.30488395690918
-11.303035736083984
-11.302796363830566
-11.300614356994629
-11.30195426940918
-11.303567886352539
-11.303750038146973
-11.305317878723145
-11.30214786529541
-11.304680824279785
-11.303362846374512
-11.304443359375
-11.301276206970215
-11.301257133483887
-11.30112361907959
-11.294439315795898
-11.296464920043945
-11.295770645141602
-11.300959587097168
-11.296674728393555
-11.303397178649902
-11.300068855285645
-11.299333572387695
-11.292803764343262
-11.294367790222168
-11.296628952026367
-11.299327850341797
-11.3003511428833
-11.30135726928711
-11.301068305969238
-11.300163269042969
-11.298144340515137
-11.297213554382324
-11.299832344055176
-11.301092147827148
-11.299112319946289
-11.302119255065918
-11.302788734436035
-11.304771423339844
-11.304426193237305
-11.303630828857422
-11.304874420166016
-11.301029205322266
-11.304401397705078
-11.303812026977539
-11.30647087097168
-11.305023193359375
-11.305197715759277
-11.303865432739258
-11.302896499633789
-11.30414867401123
-11.305906295776367
-11.302950859069824
-11.303250312805176
-11.30338191986084
-11.3019380569458
-11.304201126098633
-11.300174713134766
-11.303674697875977
-11.299505233764648
-11.299003601074219
-11.293889999389648
-11.290068626403809
-11.287284851074219
-11.28345775604248
-11.273689270019531
-11.278115272521973
-11.291546821594238
-11.295817375183105
-11.29678726196289
-11.301279067993164
-11.297760963439941
-11.297685623168945
-11.299386978149414
-11.302165031433105
-11.302753448486328
-11.302658081054688
-11.306112289428711
-11.303728103637695
-11.300098419189453
-11.302228927612305
-11.296730041503906
-11.293333053588867
-11.292749404907227
-11.292350769042969
-11.2964506149292
-11.29943561553955
-11.303275108337402
-11.300065040588379
-11.303394317626953
-11.3043794631958
-11.305398941040039
-11.3046236038208
-11.30007553100586
-11.301502227783203
-11.298192977905273
-11.298014640808105
-11.294600486755371
-11.297932624816895
-11.293567657470703
-11.289134979248047
-11.290419578552246
-11.290610313415527
-11.296060562133789
-11.30032730102539
-11.30151653289795
-11.301504135131836
-11.296408653259277
-11.29301929473877
-11.288969993591309
-11.288641929626465
-11.291826248168945
-11.295476913452148
-11.297229766845703
-11.300930976867676
-11.301899909973145
-11.2980375289917
-11.293713569641113
-11.289748191833496
-11.289200782775879
-11.289575576782227
-11.287874221801758
-11.280989646911621
-11.289196968078613
-11.296177864074707
-11.301979064941406
-11.302108764648438
-11.300969123840332
-11.300899505615234
-11.300348281860352
-11.29119873046875
-11.292375564575195
-11.293302536010742
-11.300873756408691
-11.305427551269531
-11.306432723999023
-11.304582595825195
-11.30216121673584
-11.301414489746094
-11.300209045410156
-11.300222396850586
-11.3032808303833
-11.304546356201172
-11.302712440490723
-11.303560256958008
-11.30059814453125
-11.305834770202637
-11.303903579711914
-11.304731369018555
-11.30500602722168
-11.302116394042969
-11.30521011352539
-11.305779457092285
-11.304205894470215
-11.304729461669922
-11.3043212890625
-11.304786682128906
-11.303885459899902
-11.305447578430176
-11.306257247924805
-11.300727844238281
-11.303509712219238
-11.298282623291016
-11.297033309936523
-11.292481422424316
-11.293856620788574
-11.293121337890625
-11.294584274291992
-11.29217529296875
-11.294970512390137
-11.299492835998535
-11.302271842956543
-11.3038330078125
-11.302446365356445
-11.301158905029297
-11.305371284484863
-11.30091667175293
-11.30234432220459
-11.306754112243652
-11.306199073791504
-11.303587913513184
-11.30395793914795
-11.299871444702148
-11.30321979522705
-11.301615715026855
-11.304642677307129
-11.304827690124512
-11.298457145690918
-11.291486740112305
-11.28268051147461
-11.27973461151123
-11.277544975280762
-11.294936180114746
-11.303213119506836
-11.303200721740723
-11.293571472167969
-11.280579566955566
-11.267736434936523
-11.267630577087402
-11.282539367675781
-11.301895141601562
-11.301626205444336
-11.289164543151855
-11.263813018798828
-11.255659103393555
-11.279654502868652
-11.300764083862305
-11.303136825561523
-11.291398048400879
-11.275466918945312
-11.277620315551758
-11.292387962341309
-11.301835060119629
-11.301145553588867
-11.288548469543457
-11.275224685668945
-11.262866973876953
-11.271806716918945
-11.29382038116455
-11.30297565460205
-11.299936294555664
-11.296708106994629
-11.300263404846191
-11.302133560180664
-11.301095962524414
-11.300729751586914
-11.302058219909668
-11.302628517150879
-11.30199146270752
-11.29946517944336
-11.300480842590332
-11.301356315612793
-11.299972534179688
-11.304876327514648
-11.303356170654297
-11.298624992370605
-11.294207572937012
-11.29643440246582
-11.302114486694336
-11.305627822875977
-11.305922508239746
-11.305037498474121
-11.306486129760742
-11.306113243103027
-11.305145263671875
-11.302774429321289
-11.304542541503906
-11.304186820983887
-11.30482006072998
-11.302239418029785
-11.306349754333496
-11.305706977844238
-11.304830551147461
-11.305938720703125
-11.306655883789062
-11.303324699401855
-11.301605224609375
-11.302711486816406
-11.301051139831543
-11.301373481750488
-11.304640769958496
-11.302512168884277
-11.305862426757812
-11.303142547607422
-11.297754287719727
-11.297564506530762
-11.298700332641602
-11.297365188598633
-11.299798965454102
-11.301985740661621
-11.29632568359375
-11.30241584777832
-11.306068420410156
-11.305644989013672
-11.302349090576172
-11.300944328308105
-11.3006010055542
-11.30428695678711
-11.306410789489746
-11.303906440734863
-11.302925109863281
-11.297430992126465
-11.29226016998291
-11.293549537658691
-11.30038833618164
-11.303112030029297
-11.304884910583496
-11.305423736572266
-11.302760124206543
-11.298137664794922
-11.301521301269531
-11.305176734924316
-11.302755355834961
-11.305426597595215
-11.305452346801758
-11.306020736694336
-11.300586700439453
-11.300025939941406
-11.297361373901367
-11.296791076660156
-11.302680015563965
-11.303110122680664
-11.304506301879883
-11.30679702758789
-11.305091857910156
-11.306628227233887
-11.304856300354004
-11.305169105529785
-11.305389404296875
-11.302414894104004
-11.301170349121094
-11.30359172821045
-11.305764198303223
-11.3048677444458
-11.305891990661621
-11.304972648620605
-11.304793357849121
-11.305439949035645
-11.304838180541992
-11.305485725402832
-11.301828384399414
-11.307943344116211
-11.305098533630371
-11.304810523986816
-11.30349063873291
-11.303775787353516
-11.304130554199219
-11.30429744720459
-11.306835174560547
-11.305543899536133
-11.305225372314453
-11.304644584655762
-11.303027153015137
-11.304823875427246
-11.304844856262207
-11.306727409362793
-11.304547309875488
-11.306200981140137
-11.303438186645508
-11.307117462158203
-11.306946754455566
-11.303746223449707
-11.303528785705566
-11.302331924438477
-11.306288719177246
-11.306105613708496
-11.307127952575684
-11.305312156677246
-11.304530143737793
-11.305519104003906
-11.305522918701172
-11.30319595336914
-11.30111026763916
-11.299637794494629
-11.302424430847168
-11.304449081420898
-11.306426048278809
-11.306875228881836
-11.305753707885742
-11.306200981140137
-11.304558753967285
-11.30624008178711
-11.30637264251709
-11.306937217712402
-11.305582046508789
-11.302681922912598
-11.293828964233398
-11.287964820861816
-11.28618335723877
-11.285137176513672
-11.287829399108887
-11.288683891296387
-11.286914825439453
-11.288531303405762
-11.296706199645996
-11.305342674255371
-11.305357933044434
-11.303428649902344
-11.298982620239258
-11.296053886413574
-11.296708106994629
-11.296821594238281
-11.294901847839355
-11.291241645812988
-11.286328315734863
-11.275524139404297
-11.280525207519531
-11.287847518920898
-11.30143928527832
-11.304471015930176
-11.296213150024414
-11.27825927734375
-11.266261100769043
-11.26650619506836
-11.287703514099121
-11.303174018859863
-11.302496910095215
-11.299311637878418
-11.28873348236084
-11.272071838378906
-11.256706237792969
-11.269672393798828
-11.289962768554688
-11.297714233398438
-11.299041748046875
-11.288106918334961
-11.276213645935059
-11.269448280334473
-11.280202865600586
-11.298232078552246
-11.301529884338379
-11.292230606079102
-11.270661354064941
-11.267841339111328
-11.289887428283691
-11.305343627929688
-11.2942476272583
-11.280644416809082
-11.282307624816895
-11.293306350708008
-11.303404808044434
-11.299885749816895
-11.287125587463379
-11.279379844665527
-11.285649299621582
-11.300469398498535
-11.30688762664795
-11.30207347869873
-11.2909574508667
-11.284723281860352
-11.292036056518555
-11.298483848571777
-11.306174278259277
-11.306183815002441
-11.301743507385254
-11.303404808044434
-11.301030158996582
-11.302144050598145
-11.301131248474121
-11.304048538208008
-11.305887222290039
-11.305633544921875
-11.303895950317383
-11.304159164428711
-11.303864479064941
-11.30380630493164
-11.304698944091797
-11.308030128479004
-11.306720733642578
-11.30581283569336
-11.303241729736328
-11.296491622924805
-11.301346778869629
-11.301575660705566
-11.299025535583496
-11.304781913757324
-11.303995132446289
-11.306638717651367
-11.307108879089355
-11.305428504943848
-11.30359172821045
-11.305144309997559
-11.306256294250488
-11.305190086364746
-11.300742149353027
-11.302003860473633
-11.305251121520996
-11.305649757385254
-11.304976463317871
-11.3037109375
-11.305272102355957
-11.302083969116211
-11.299264907836914
-11.30412769317627
-11.304738998413086
-11.307218551635742
-11.306097984313965
-11.305267333984375
-11.306882858276367
-11.304978370666504
-11.305107116699219
-11.30461597442627
-11.30519962310791
-11.30695629119873
-11.306252479553223
-11.303244590759277
-11.305240631103516
-11.306374549865723
-11.306107521057129
-11.304460525512695
-11.298783302307129
-11.299210548400879
-11.303860664367676
-11.304998397827148
-11.303537368774414
-11.305436134338379
-11.301384925842285
-11.29960823059082
-11.302338600158691
-11.306763648986816
-11.305424690246582
-11.29805850982666
-11.295316696166992
-11.297575950622559
-11.301717758178711
-11.307134628295898
-11.306487083435059
-11.301219940185547
-11.296195983886719
-11.297587394714355
-11.301046371459961
-11.304648399353027
-11.308050155639648
-11.304773330688477
-11.3002347946167
-11.298605918884277
-11.296921730041504
-11.302338600158691
-11.305503845214844
-11.3079833984375
-11.306108474731445
-11.3063383102417
-11.302659034729004
-11.300917625427246
-11.301637649536133
-11.303131103515625
-11.303174018859863
-11.304827690124512
-11.305925369262695
-11.307888984680176
-11.306726455688477
-11.30665111541748
-11.30660629272461
-11.307354927062988
-11.306900024414062
-11.305238723754883
-11.305320739746094
-11.307037353515625
-11.305112838745117
-11.308133125305176
-11.3065185546875
-11.306811332702637
-11.306798934936523
-11.3035888671875
-11.307068824768066
-11.303388595581055
-11.305496215820312
-11.304380416870117
-11.305617332458496
-11.30631160736084
-11.306571960449219
-11.305140495300293
-11.304776191711426
-11.306050300598145
-11.30576229095459
-11.308084487915039
-11.308024406433105
-11.309284210205078
-11.308377265930176
-11.307621955871582
-11.308670997619629
-11.306133270263672
-11.306053161621094
-11.309575080871582
-11.307798385620117
-11.307950019836426
-11.30949592590332
-11.308794975280762
-11.309086799621582
-11.308353424072266
-11.30813217163086
-11.305987358093262
-11.307943344116211
-11.307907104492188
-11.306875228881836
-11.309450149536133
-11.305862426757812
-11.306815147399902
-11.304889678955078
-11.308443069458008
-11.30752182006836
-11.306680679321289
-11.30782699584961
-11.306929588317871
-11.305488586425781
-11.306746482849121
-11.307563781738281
-11.304815292358398
-11.30544376373291
-11.310562133789062
-11.30999755859375
-11.305087089538574
-11.305779457092285
-11.307543754577637
-11.30630111694336
-11.308305740356445
-11.30556869506836
-11.307459831237793
-11.304364204406738
-11.304999351501465
-11.308669090270996
-11.308244705200195
-11.308221817016602
-11.307937622070312
-11.308189392089844
-11.30809211730957
-11.308538436889648
-11.306839942932129
-11.307477951049805
-11.307229995727539
-11.307515144348145
-11.30716609954834
-11.30771541595459
-11.306801795959473
-11.307910919189453
-11.306098937988281
-11.30441951751709
-11.303275108337402
-11.305312156677246
-11.29733657836914
-11.30092716217041
-11.29650592803955
-11.297983169555664
-11.298333168029785
-11.298994064331055
-11.303337097167969
-11.299280166625977
-11.300809860229492
-11.29939079284668
-11.289515495300293
-11.277644157409668
-11.26372241973877
-11.256952285766602
-11.271363258361816
-11.295851707458496
-11.305659294128418
-11.29927921295166
-11.275605201721191
-11.257987976074219
-11.277907371520996
-11.303561210632324
-11.297584533691406
-11.26410961151123
-11.238412857055664
-11.259576797485352
-11.291461944580078
-11.304109573364258
-11.301980018615723
-11.281763076782227
-11.27800464630127
-11.284170150756836
-11.29250717163086
-11.302104949951172
-11.304598808288574
-11.30640983581543
-11.307454109191895
-11.306060791015625
-11.304009437561035
-11.300931930541992
-11.307425498962402
-11.30659294128418
-11.306234359741211
-11.303375244140625
-11.30158519744873
-11.303659439086914
-11.302400588989258
-11.302309036254883
-11.307435989379883
-11.305801391601562
-11.309924125671387
-11.307706832885742
-11.30527400970459
-11.304740905761719
-11.307026863098145
-11.306663513183594
-11.306358337402344
-11.307106971740723
-11.30479621887207
-11.301907539367676
-11.306132316589355
-11.305667877197266
-11.30765151977539
-11.30693531036377
-11.303460121154785
-11.300176620483398
-11.297322273254395
-11.297623634338379
-11.301656723022461
-11.306615829467773
-11.307924270629883
-11.304057121276855
-11.293275833129883
-11.28622817993164
-11.28365707397461
-11.286881446838379
-11.292734146118164
-11.296882629394531
-11.303738594055176
-11.303956031799316
-11.304108619689941
-11.308528900146484
-11.301339149475098
-11.289225578308105
-11.270697593688965
-11.275150299072266
-11.292852401733398
-11.307527542114258
-11.299738883972168
-11.285080909729004
-11.284491539001465
-11.297099113464355
-11.305119514465332
-11.287644386291504
-11.250541687011719
-11.258098602294922
-11.297388076782227
-11.303744316101074
-11.280216217041016
-11.258874893188477
-11.274832725524902
-11.296066284179688
-11.300702095031738
-11.276093482971191
-11.256064414978027
-11.267508506774902
-11.2888822555542
-11.304871559143066
-11.30207633972168
-11.284584045410156
-11.258923530578613
-11.24547290802002
-11.273330688476562
-11.296625137329102
-11.305755615234375
-11.2977294921875
-11.279404640197754
-11.28935718536377
-11.299064636230469
-11.300012588500977
-11.29777717590332
-11.298575401306152
-11.29244613647461
-11.295238494873047
-11.303770065307617
-11.303339004516602
-11.296563148498535
-11.297675132751465
-11.307673454284668
-11.308164596557617
-11.296833038330078
-11.291234970092773
-11.298184394836426
-11.304931640625
-11.304874420166016
-11.296529769897461
-11.284453392028809
-11.290421485900879
-11.297483444213867
-11.293874740600586
-11.279017448425293
-11.281086921691895
-11.29918384552002
-11.305747032165527
-11.301148414611816
-11.293449401855469
-11.302116394042969
-11.308523178100586
-11.306745529174805
-11.304956436157227
-11.303120613098145
-11.305432319641113
-11.304145812988281
-11.305742263793945
-11.307762145996094
-11.306587219238281
-11.30374813079834
-11.307339668273926
-11.303423881530762
-11.296732902526855
-11.296120643615723
-11.3056001663208
-11.308018684387207
-11.30825424194336
-11.305573463439941
-11.304540634155273
-11.30632209777832
-11.307760238647461
-11.308296203613281
-11.310307502746582
-11.308002471923828
-11.306754112243652
-11.309090614318848
-11.306686401367188
-11.305259704589844
-11.305940628051758
-11.305190086364746
-11.30611515045166
-11.308100700378418
-11.308472633361816
-11.306031227111816
-11.302946090698242
-11.303581237792969
-11.30705738067627
-11.306902885437012
-11.308100700378418
-11.307111740112305
-11.309605598449707
-11.308540344238281
-11.309480667114258
-11.306286811828613
-11.308073997497559
-11.306445121765137
-11.306419372558594
-11.304941177368164
-11.307171821594238
-11.307997703552246
-11.306439399719238
-11.304159164428711
-11.305211067199707
-11.307448387145996
-11.307950019836426
-11.308030128479004
-11.305386543273926
-11.303614616394043
-11.307265281677246
-11.307700157165527
-11.309385299682617
-11.308685302734375
-11.309308052062988
-11.30785083770752
-11.309510231018066
-11.306879997253418
-11.309003829956055
-11.308469772338867
-11.306795120239258
-11.305562973022461
-11.30469036102295
-11.309062004089355
-11.309517860412598
-11.308510780334473
-11.307942390441895
-11.307177543640137
-11.307839393615723
-11.309210777282715
-11.308237075805664
-11.309005737304688
-11.307082176208496
-11.311037063598633
-11.30787181854248
-11.309581756591797
-11.309300422668457
-11.310006141662598
-11.31045150756836
-11.310815811157227
-11.307992935180664
-11.30504322052002
-11.30847454071045
-11.310091972351074
-11.30785846710205
-11.309571266174316
-11.307891845703125
-11.31045150756836
-11.30866813659668
-11.308633804321289
-11.308562278747559
-11.308731079101562
-11.308612823486328
-11.310490608215332
-11.309350967407227
-11.307916641235352
-11.308387756347656
-11.311784744262695
-11.306702613830566
-11.304431915283203
-11.305670738220215
-11.306011199951172
-11.308749198913574
-11.30470085144043
-11.305606842041016
-11.305559158325195
-11.304747581481934
-11.307262420654297
-11.307408332824707
-11.309815406799316
-11.308039665222168
-11.30810260772705
-11.307428359985352
-11.30806827545166
-11.309812545776367
-11.310256004333496
-11.30815315246582
-11.307467460632324
-11.308612823486328
-11.308560371398926
-11.311553001403809
-11.308239936828613
-11.31002426147461
-11.30690860748291
-11.307642936706543
-11.309216499328613
-11.307947158813477
-11.309013366699219
-11.307361602783203
-11.306589126586914
-11.305672645568848
-11.308262825012207
-11.309198379516602
-11.309612274169922
-11.30990219116211
-11.309929847717285
-11.307747840881348
-11.307209014892578
-11.309388160705566
-11.309102058410645
-11.308050155639648
-11.308454513549805
-11.30978775024414
-11.311237335205078
-11.308822631835938
-11.308619499206543
-11.309163093566895
-11.306275367736816
-11.306539535522461
-11.305142402648926
-11.3088960647583
-11.310415267944336
-11.310457229614258
-11.307276725769043
-11.305412292480469
-11.309717178344727
-11.310044288635254
-11.307270050048828
-11.30624008178711
-11.30555534362793
-11.309255599975586
-11.306954383850098
-11.308422088623047
-11.309025764465332
-11.30872631072998
-11.311721801757812
-11.309440612792969
-11.309061050415039
-11.30698299407959
-11.306999206542969
-11.304399490356445
-11.303070068359375
-11.306909561157227
-11.30793571472168
-11.31049919128418
-11.307623863220215
-11.306892395019531
-11.305556297302246
-11.306936264038086
-11.303125381469727
-11.30241584777832
-11.30268669128418
-11.30215835571289
-11.30457592010498
-11.307716369628906
-11.308900833129883
-11.305139541625977
-11.305266380310059
-11.307312965393066
-11.308120727539062
-11.30909252166748
-11.308566093444824
-11.307632446289062
-11.308125495910645
-11.311208724975586
-11.306635856628418
-11.309885025024414
-11.308435440063477
-11.305493354797363
-11.301094055175781
-11.296051025390625
-11.284390449523926
-11.282916069030762
-11.28671932220459
-11.291674613952637
-11.297507286071777
-11.307186126708984
-11.309822082519531
-11.310063362121582
-11.306077003479004
-11.30274486541748
-11.295002937316895
-11.295266151428223
-11.295843124389648
-11.301897048950195
-11.307655334472656
-11.309112548828125
-11.304553031921387
-11.294486999511719
-11.280689239501953
-11.284993171691895
-11.291938781738281
-11.297836303710938
-11.301918983459473
-11.30573844909668
-11.309377670288086
-11.308045387268066
-11.30766487121582
-11.30824089050293
-11.307451248168945
-11.306986808776855
-11.305074691772461
-11.306591987609863
-11.306443214416504
-11.306632995605469
-11.308634757995605
-11.310815811157227
-11.304875373840332
-11.307862281799316
-11.305606842041016
-11.306079864501953
-11.310572624206543
-11.308906555175781
-11.305871963500977
-11.309860229492188
-11.309873580932617
-11.3086519241333
-11.310951232910156
-11.311613082885742
-11.311793327331543
-11.310382843017578
-11.309308052062988
-11.307080268859863
-11.30733585357666
-11.305505752563477
-11.303590774536133
-11.304559707641602
-11.306079864501953
-11.304922103881836
-11.309141159057617
-11.30838680267334
-11.302850723266602
-11.295026779174805
-11.290223121643066
-11.283477783203125
-11.289459228515625
-11.300841331481934
-11.309903144836426
-11.310372352600098
-11.303252220153809
-11.294395446777344
-11.283230781555176
-11.283302307128906
-11.286860466003418
-11.296091079711914
-11.304258346557617
-11.307855606079102
-11.307957649230957
-11.303703308105469
-11.287474632263184
-11.285799980163574
-11.292064666748047
-11.30260944366455
-11.309401512145996
-11.305215835571289
-11.291901588439941
-11.282086372375488
-11.285530090332031
-11.290494918823242
-11.301169395446777
-11.309486389160156
-11.308588027954102
-11.306378364562988
-11.303410530090332
-11.30034065246582
-11.304412841796875
-11.30663013458252
-11.31136417388916
-11.306437492370605
-11.303448677062988
-11.292012214660645
-11.295465469360352
-11.300054550170898
-11.30683422088623
-11.31120491027832
-11.308176040649414
-11.30245590209961
-11.294086456298828
-11.293011665344238
-11.298995971679688
-11.306670188903809
-11.308773040771484
-11.310754776000977
-11.293652534484863
-11.279375076293945
-11.276153564453125
-11.295806884765625
-11.309165954589844
-11.294442176818848
-11.24396800994873
-11.2206392288208
-11.262125968933105
-11.299225807189941
-11.291496276855469
-11.260872840881348
-11.252355575561523
-11.27845287322998
-11.303092002868652
-11.304091453552246
-11.28693962097168
-11.265419006347656
-11.265946388244629
-11.293771743774414
-11.303367614746094
-11.302383422851562
-11.29362678527832
-11.299846649169922
-11.308978080749512
-11.308648109436035
-11.305235862731934
-11.303266525268555
-11.304193496704102
-11.30762004852295
-11.306114196777344
-11.306923866271973
-11.306273460388184
-11.306745529174805
-11.304287910461426
-11.305880546569824
-11.31108283996582
-11.304680824279785
-11.298745155334473
-11.300676345825195
-11.303929328918457
-11.309929847717285
-11.310412406921387
-11.309463500976562
-11.30754566192627
-11.308581352233887
-11.310258865356445
-11.309672355651855
-11.309618949890137
-11.310779571533203
-11.308526039123535
-11.307347297668457
-11.309600830078125
-11.309995651245117
-11.308427810668945
-11.312079429626465
-11.308276176452637
-11.3106689453125
-11.310986518859863
-11.309187889099121
-11.31067943572998
-11.312373161315918
-11.30982494354248
-11.307775497436523
-11.309331893920898
-11.309637069702148
-11.308846473693848
-11.311297416687012
-11.305673599243164
-11.298666000366211
-11.298101425170898
-11.307689666748047
-11.310745239257812
-11.31075382232666
-11.311996459960938
-11.311392784118652
-11.309739112854004
-11.309490203857422
-11.310460090637207
-11.309453964233398
-11.313053131103516
-11.310154914855957
-11.31075382232666
-11.310311317443848
-11.30875015258789
-11.310149192810059
-11.31058406829834
-11.310309410095215
-11.309905052185059
-11.311030387878418
-11.308671951293945
-11.309882164001465
-11.310440063476562
-11.3084716796875
-11.311656951904297
-11.313329696655273
-11.313193321228027
-11.309535026550293
-11.312170028686523
-11.309562683105469
-11.311849594116211
-11.308485984802246
-11.309167861938477
-11.310381889343262
-11.309288024902344
-11.309596061706543
-11.30952262878418
-11.3089017868042
-11.31104850769043
-11.310332298278809
-11.308798789978027
-11.311564445495605
-11.310759544372559
-11.310141563415527
-11.311625480651855
-11.310075759887695
-11.312911033630371
-11.311999320983887
-11.31070327758789
-11.31060791015625
-11.309741973876953
-11.311701774597168
-11.312457084655762
-11.310298919677734
-11.312169075012207
-11.311271667480469
-11.310391426086426
-11.309816360473633
-11.312613487243652
-11.309779167175293
-11.311131477355957
-11.309935569763184
-11.310547828674316
-11.311657905578613
-11.311684608459473
-11.311935424804688
-11.309713363647461
-11.310234069824219
-11.308375358581543
-11.310977935791016
-11.313218116760254
-11.310301780700684
-11.30983829498291
-11.308699607849121
-11.311958312988281
-11.30773639678955
-11.309516906738281
-11.31319808959961
-11.31136417388916
-11.313190460205078
-11.308157920837402
-11.311920166015625
-11.311640739440918
-11.307990074157715
-11.309805870056152
-11.312607765197754
-11.309627532958984
-11.310148239135742
-11.312114715576172
-11.309964179992676
-11.308645248413086
-11.307872772216797
-11.308981895446777
-11.310317039489746
-11.310745239257812
-11.3093900680542
-11.309728622436523
-11.311198234558105
-11.30975341796875
-11.309998512268066
-11.309810638427734
-11.309992790222168
-11.310164451599121
-11.311253547668457
-11.30928897857666
-11.306310653686523
-11.305307388305664
-11.29603385925293
-11.2955904006958
-11.294508934020996
-11.284126281738281
-11.28320026397705
-11.290983200073242
-11.28991985321045
-11.286999702453613
-11.294713020324707
-11.306241989135742
-11.310750007629395
-11.307226181030273
-11.310077667236328
-11.309074401855469
-11.301214218139648
-11.290793418884277
-11.289920806884766
-11.294669151306152
-11.306855201721191
-11.307160377502441
-11.302978515625
-11.29588794708252
-11.29432201385498
-11.300740242004395
-11.312582015991211
-11.30007553100586
-11.269484519958496
-11.264358520507812
-11.278656005859375
-11.288345336914062
-11.297239303588867
-11.30794620513916
-11.308753967285156
-11.302684783935547
-11.297101020812988
-11.297412872314453
-11.298093795776367
-11.304305076599121
-11.310808181762695
-11.309654235839844
-11.308152198791504
-11.307551383972168
-11.304720878601074
-11.303597450256348
-11.304524421691895
-11.308740615844727
-11.309768676757812
-11.30970573425293
-11.310654640197754
-11.310599327087402
-11.307306289672852
-11.305620193481445
-11.308545112609863
-11.30976390838623
-11.309786796569824
-11.309232711791992
-11.308113098144531
-11.308490753173828
-11.306328773498535
-11.30711841583252
-11.303043365478516
-11.306017875671387
-11.310868263244629
-11.308573722839355
-11.306618690490723
-11.303035736083984
-11.306719779968262
-11.308160781860352
-11.308893203735352
-11.309440612792969
-11.307913780212402
-11.303682327270508
-11.301290512084961
-11.30402946472168
-11.308472633361816
-11.311838150024414
-11.307039260864258
-11.304404258728027
-11.308359146118164
-11.304816246032715
-11.29011058807373
-11.277440071105957
-11.270914077758789
-11.284497261047363
-11.301206588745117
-11.305567741394043
-11.308481216430664
-11.313347816467285
-11.30847454071045
-11.307695388793945
-11.309288024902344
-11.310169219970703
-11.309391021728516
-11.305991172790527
-11.310972213745117
-11.3070650100708
-11.30852222442627
-11.308553695678711
-11.311736106872559
-11.310302734375
-11.311272621154785
-11.30521297454834
-11.30256462097168
-11.30091381072998
-11.305951118469238
-11.308911323547363
-11.310173034667969
-11.310302734375
-11.310718536376953
-11.310805320739746
-11.309426307678223
-11.310375213623047
-11.310708999633789
-11.30622673034668
-11.305148124694824
-11.308419227600098
-11.311710357666016
-11.310159683227539
-11.307934761047363
-11.312236785888672
-11.310261726379395
-11.311244010925293
-11.304800987243652
-11.30431079864502
-11.303141593933105
-11.302986145019531
-11.311418533325195
-11.312346458435059
-11.307295799255371
-11.303633689880371
-11.308662414550781
-11.312111854553223
-11.312009811401367
-11.310657501220703
-11.308208465576172
-11.308246612548828
-11.305259704589844
-11.305502891540527
-11.304548263549805
-11.306424140930176
-11.310280799865723
-11.310550689697266
-11.310958862304688
-11.31020450592041
-11.306757926940918
-11.306612014770508
-11.3034086227417
-11.302490234375
-11.30893611907959
-11.306890487670898
-11.313314437866211
-11.313880920410156
-11.308714866638184
-11.308921813964844
-11.307302474975586
-11.304930686950684
-11.305224418640137
-11.306795120239258
-11.308917045593262
-11.31074047088623
-11.307790756225586
-11.309659004211426
-11.31249713897705
-11.309418678283691
-11.309521675109863
-11.306153297424316
-11.30093765258789
-11.299745559692383
-11.301554679870605
-11.306994438171387
-11.311534881591797
-11.310850143432617
-11.305710792541504
-11.298149108886719
-11.29654598236084
-11.297167778015137
-11.308241844177246
-11.311798095703125
-11.30164909362793
-11.28956413269043
-11.281115531921387
-11.291045188903809
-11.306894302368164
-11.312637329101562
-11.303587913513184
-11.292106628417969
-11.28465461730957
-11.280406951904297
-11.28722858428955
-11.301410675048828
-11.309128761291504
-11.3114595413208
-11.307194709777832
-11.303889274597168
-11.308024406433105
-11.312169075012207
-11.31075668334961
-11.31052303314209
-11.3143949508667
-11.310052871704102
-11.307310104370117
-11.306238174438477
-11.302414894104004
-11.2983980178833
-11.3035888671875
-11.307987213134766
-11.31060791015625
-11.311434745788574
-11.312296867370605
-11.3118314743042
-11.308011054992676
-11.299190521240234
-11.29308795928955
-11.288240432739258
-11.299357414245605
-11.308485984802246
-11.311627388000488
-11.30044174194336
-11.29344654083252
-11.297953605651855
-11.302465438842773
-11.30958366394043
-11.308996200561523
-11.308473587036133
-11.310254096984863
-11.311613082885742
-11.310184478759766
-11.310957908630371
-11.31145191192627
-11.309741020202637
-11.309915542602539
-11.310385704040527
-11.309106826782227
-11.309492111206055
-11.310149192810059
-11.307733535766602
-11.305862426757812
-11.309839248657227
-11.310009002685547
-11.30962085723877
-11.308515548706055
-11.307561874389648
-11.306122779846191
-11.306915283203125
-11.309134483337402
-11.311288833618164
-11.307623863220215
-11.3069486618042
-11.302056312561035
-11.303290367126465
-11.304872512817383
-11.307720184326172
-11.31121826171875
-11.312789916992188
-11.310574531555176
-11.312938690185547
-11.310809135437012
-11.310978889465332
-11.312129020690918
-11.312284469604492
-11.310897827148438
-11.309041023254395
-11.301803588867188
-11.297521591186523
-11.299922943115234
-11.306124687194824
-11.313339233398438
-11.303055763244629
-11.295858383178711
-11.28288745880127
-11.278438568115234
-11.289421081542969
-11.307145118713379
-11.311644554138184
-11.301755905151367
-11.290925979614258
-11.290468215942383
-11.29607105255127
-11.301534652709961
-11.301198959350586
-11.307720184326172
-11.302886009216309
-11.305352210998535
-11.29598617553711
-11.280057907104492
-11.280391693115234
-11.304616928100586
-11.30976676940918
-11.293664932250977
-11.27845287322998
-11.282340049743652
-11.302922248840332
-11.30889892578125
-11.300641059875488
-11.294232368469238
-11.293330192565918
-11.30146598815918
-11.310667037963867
-11.311747550964355
-11.301759719848633
-11.302111625671387
-11.301815032958984
-11.306561470031738
-11.30893611907959
-11.31102180480957
-11.308793067932129
-11.30952262878418
-11.309000968933105
-11.310791015625
-11.31032943725586
-11.309922218322754
-11.312199592590332
-11.31247329711914
-11.311969757080078
-11.312187194824219
-11.31005859375
-11.307344436645508
-11.307758331298828
-11.311519622802734
-11.310608863830566
-11.311808586120605
-11.305840492248535
-11.297414779663086
-11.29813003540039
-11.30683708190918
-11.311078071594238
-11.313736915588379
-11.312179565429688
-11.310333251953125
-11.31275463104248
-11.30953598022461
-11.3132963180542
-11.31168270111084
-11.312334060668945
-11.310659408569336
-11.310507774353027
-11.309837341308594
-11.311504364013672
-11.30887508392334
-11.31326961517334
-11.312026023864746
-11.313133239746094
-11.311415672302246
-11.311304092407227
-11.312119483947754
-11.312399864196777
-11.312633514404297
-11.314064025878906
-11.312287330627441
-11.313762664794922
-11.311582565307617
-11.313132286071777
-11.311843872070312
-11.314194679260254
-11.313687324523926
-11.312838554382324
-11.314692497253418
-11.312675476074219
-11.31298542022705
-11.312536239624023
-11.312407493591309
-11.310517311096191
-11.311927795410156
-11.313133239746094
-11.311628341674805
-11.313323974609375
-11.3135347366333
-11.314556121826172
-11.31373119354248
-11.312954902648926
-11.310582160949707
-11.310653686523438
-11.311372756958008
-11.313758850097656
-11.310059547424316
-11.312443733215332
-11.31198501586914
-11.312267303466797
-11.310829162597656
-11.313780784606934
-11.313370704650879
-11.312310218811035
-11.312095642089844
-11.312664985656738
-11.314077377319336
-11.314395904541016
-11.31541919708252
-11.314004898071289
-11.311702728271484
-11.315118789672852
-11.313905715942383
-11.309561729431152
-11.31265926361084
-11.314116477966309
-11.313968658447266
-11.314614295959473
-11.313101768493652
-11.314390182495117
-11.314623832702637
-11.311938285827637
-11.312853813171387
-11.313074111938477
-11.311447143554688
-11.309436798095703
-11.312834739685059
-11.31350040435791
-11.313425064086914
-11.312416076660156
-11.31419563293457
-11.312241554260254
-11.313651084899902
-11.31421184539795
-11.310606002807617
-11.31132698059082
-11.309527397155762
-11.309311866760254
-11.309422492980957
-11.3076753616333
-11.304573059082031
-11.304691314697266
-11.307251930236816
-11.30894660949707
-11.312141418457031
-11.313077926635742
-11.313623428344727
-11.314751625061035
-11.311372756958008
-11.311387062072754
-11.3112154006958
-11.308316230773926
-11.2996187210083
-11.30183219909668
-11.30386734008789
-11.311017990112305
-11.311299324035645
-11.309557914733887
-11.303668022155762
-11.295212745666504
-11.294464111328125
-11.289952278137207
-11.293991088867188
-11.302223205566406
-11.308939933776855
-11.310081481933594
-11.31056022644043
-11.31219482421875
-11.304871559143066
-11.300588607788086
-11.295816421508789
-11.289852142333984
-11.291698455810547
-11.294692993164062
-11.302082061767578
-11.307300567626953
-11.31149673461914
-11.31198787689209
-11.314229965209961
-11.311132431030273
-11.30876350402832
-11.304981231689453
-11.308403015136719
-11.309003829956055
-11.309728622436523
-11.31032943725586
-11.311092376708984
-11.309176445007324
-11.298871040344238
-11.287137031555176
-11.289488792419434
-11.290899276733398
-11.299306869506836
-11.307315826416016
-11.310812950134277
-11.294098854064941
-11.284723281860352
-11.288890838623047
-11.301009178161621
-11.308601379394531
-11.309846878051758
-11.309473037719727
-11.304177284240723
-11.297883033752441
-11.29547119140625
-11.290260314941406
-11.296106338500977
-11.306748390197754
-11.308942794799805
-11.31270980834961
-11.31240463256836
-11.311534881591797
-11.314685821533203
-11.311187744140625
-11.312881469726562
-11.31112003326416
-11.311647415161133
-11.314312934875488
-11.31153678894043
-11.308935165405273
-11.31216812133789
-11.312396049499512
-11.31312370300293
-11.311644554138184
-11.313671112060547
-11.311614990234375
-11.31249713897705
-11.312396049499512
-11.315768241882324
-11.313067436218262
-11.313036918640137
-11.311932563781738
-11.314045906066895
-11.309346199035645
-11.304210662841797
-11.308265686035156
-11.302806854248047
-11.307708740234375
-11.311606407165527
-11.305012702941895
-11.296046257019043
-11.286431312561035
-11.287225723266602
-11.288646697998047
-11.289277076721191
-11.299474716186523
-11.308025360107422
-11.314338684082031
-11.3130521774292
-11.31025218963623
-11.309574127197266
-11.308401107788086
-11.310784339904785
-11.312644004821777
-11.312240600585938
-11.310770034790039
-11.306681632995605
-11.301372528076172
-11.304537773132324
-11.308021545410156
-11.31380558013916
-11.309563636779785
-11.301044464111328
-11.29803466796875
-11.2997465133667
-11.304283142089844
-11.30887508392334
-11.314581871032715
-11.311771392822266
-11.30556869506836
-11.303398132324219
-11.307201385498047
-11.31547737121582
-11.311823844909668
-11.311605453491211
-11.306421279907227
-11.306121826171875
-11.307778358459473
-11.30592155456543
-11.30704116821289
-11.312264442443848
-11.313507080078125
-11.3129243850708
-11.310147285461426
-11.310951232910156
-11.30814266204834
-11.31046199798584
-11.306991577148438
-11.310047149658203
-11.310572624206543
-11.313220024108887
-11.313434600830078
-11.314939498901367
-11.314626693725586
-11.314207077026367
-11.311939239501953
-11.31494140625
-11.312434196472168
-11.31411075592041
-11.3132905960083
-11.314400672912598
-11.313340187072754
-11.314990043640137
-11.315882682800293
-11.316244125366211
-11.3135347366333
-11.313559532165527
-11.315253257751465
-11.31345272064209
-11.308653831481934
-11.313329696655273
-11.313711166381836
-11.312355995178223
-11.313990592956543
-11.313726425170898
-11.311797142028809
-11.306585311889648
-11.309243202209473
-11.312518119812012
-11.313811302185059
-11.309889793395996
-11.309122085571289
-11.311179161071777
-11.311088562011719
-11.306941986083984
-11.302459716796875
-11.303382873535156
-11.3062162399292
-11.307344436645508
-11.30764102935791
-11.31206226348877
-11.313345909118652
-11.310981750488281
-11.301090240478516
-11.292807579040527
-11.290300369262695
-11.297480583190918
-11.30252456665039
-11.310810089111328
-11.30982780456543
-11.306350708007812
-11.299721717834473
-11.299453735351562
-11.30371379852295
-11.302994728088379
-11.306232452392578
-11.312527656555176
-11.31147289276123
-11.310494422912598
-11.313106536865234
-11.304593086242676
-11.308963775634766
-11.307780265808105
-11.306915283203125
-11.30756950378418
-11.309812545776367
-11.310599327087402
-11.310909271240234
-11.314001083374023
-11.313556671142578
-11.309517860412598
-11.307429313659668
-11.305987358093262
-11.307977676391602
-11.308652877807617
-11.308836936950684
-11.308589935302734
-11.308865547180176
-11.307894706726074
-11.307602882385254
-11.30534839630127
-11.307151794433594
-11.306310653686523
-11.311043739318848
-11.315162658691406
-11.311145782470703
-11.307652473449707
-11.30229377746582
-11.307536125183105
-11.31109619140625
-11.31373405456543
-11.315194129943848
-11.310998916625977
-11.307509422302246
-11.305414199829102
-11.30644702911377
-11.305586814880371
-11.309097290039062
-11.311382293701172
-11.311410903930664
-11.311102867126465
-11.30571174621582
-11.299602508544922
-11.29172420501709
-11.29261302947998
-11.29848861694336
-11.308088302612305
-11.312311172485352
-11.313706398010254
-11.302999496459961
-11.29673957824707
-11.29801082611084
-11.299309730529785
-11.303251266479492
-11.30941390991211
-11.312843322753906
-11.312524795532227
-11.313945770263672
-11.311942100524902
-11.30965518951416
-11.305367469787598
-11.303874015808105
-11.304147720336914
-11.307363510131836
-11.310376167297363
-11.313117980957031
-11.312765121459961
-11.309815406799316
-11.305168151855469
-11.303592681884766
-11.29819107055664
-11.304924964904785
-11.30983829498291
-11.309473991394043
-11.315632820129395
-11.31279182434082
-11.307746887207031
-11.30592155456543
-11.304213523864746
-11.307666778564453
-11.310333251953125
-11.312823295593262
-11.3152437210083
-11.31185531616211
-11.311842918395996
-11.313444137573242
-11.310467720031738
-11.307262420654297
-11.30471134185791
-11.30661678314209
-11.313190460205078
-11.314892768859863
-11.306181907653809
-11.302398681640625
-11.298481941223145
-11.292428970336914
-11.292057037353516
-11.305557250976562
-11.31149673461914
-11.312466621398926
-11.312376022338867
-11.312249183654785
-11.313516616821289
-11.314050674438477
-11.314315795898438
-11.313153266906738
-11.311055183410645
-11.314420700073242
-11.31374454498291
-11.314173698425293
-11.314624786376953
-11.30618953704834
-11.303192138671875
-11.300891876220703
-11.30475902557373
-11.309977531433105
-11.313825607299805
-11.316168785095215
-11.314417839050293
-11.310376167297363
-11.30959701538086
-11.309368133544922
-11.310283660888672
-11.312807083129883
-11.3110933303833
-11.308882713317871
-11.305458068847656
-11.295904159545898
-11.294148445129395
-11.304238319396973
-11.313684463500977
-11.306771278381348
-11.287309646606445
-11.2802734375
-11.28878402709961
-11.301669120788574
-11.313142776489258
-11.30678653717041
-11.286002159118652
-11.273987770080566
-11.290282249450684
-11.30751895904541
-11.309808731079102
-11.311135292053223
-11.30817985534668
-11.311182022094727
-11.313023567199707
-11.315715789794922
-11.311991691589355
-11.314666748046875
-11.313249588012695
-11.317639350891113
-11.312870025634766
-11.316043853759766
-11.3137845993042
-11.314959526062012
-11.312016487121582
-11.315043449401855
-11.309392929077148
-11.309855461120605
-11.310256004333496
-11.312594413757324
-11.312870979309082
-11.314687728881836
-11.310080528259277
-11.303123474121094
-11.306296348571777
-11.310751914978027
-11.312088012695312
-11.314910888671875
-11.311372756958008
-11.310647964477539
-11.312352180480957
-11.310742378234863
-11.312870979309082
-11.312956809997559
-11.31258773803711
-11.313413619995117
-11.313590049743652
-11.312932968139648
-11.312826156616211
-11.312061309814453
-11.312606811523438
-11.313063621520996
-11.314921379089355
-11.314596176147461
-11.312276840209961
-11.315089225769043
-11.314681053161621
-11.312662124633789
-11.313871383666992
-11.316450119018555
-11.312298774719238
-11.313948631286621
-11.31518840789795
-11.315176963806152
-11.314616203308105
-11.315984725952148
-11.314393043518066
-11.315038681030273
-11.314156532287598
-11.313647270202637
-11.316248893737793
-11.315873146057129
-11.316154479980469
-11.316463470458984
-11.314943313598633
-11.313394546508789
-11.311569213867188
-11.310737609863281
-11.309436798095703
-11.311591148376465
-11.310492515563965
-11.315533638000488
-11.315463066101074
-11.314560890197754
-11.312797546386719
-11.310312271118164
-11.313002586364746
-11.312042236328125
-11.31047248840332
-11.310582160949707
-11.315458297729492
-11.315800666809082
-11.313201904296875
-11.312153816223145
-11.315361022949219
-11.312871932983398
-11.313161849975586
-11.311930656433105
-11.315094947814941
-11.314641952514648
-11.314958572387695
-11.314940452575684
-11.313974380493164
-11.313189506530762
-11.307937622070312
-11.303793907165527
-11.304526329040527
-11.30086612701416
-11.307266235351562
-11.31156063079834
-11.313526153564453
-11.310895919799805
-11.30441951751709
-11.298053741455078
-11.293724060058594
-11.289546012878418
-11.294177055358887
-11.302069664001465
-11.303322792053223
-11.300638198852539
-11.306024551391602
-11.311367988586426
-11.313294410705566
-11.311972618103027
-11.310150146484375
-11.304635047912598
-11.3068265914917
-11.310749053955078
-11.311864852905273
-11.312429428100586
-11.311070442199707
-11.309707641601562
-11.311651229858398
-11.310429573059082
-11.312644004821777
-11.313014030456543
-11.314126968383789
-11.310473442077637
-11.302423477172852
-11.303288459777832
-11.305558204650879
-11.310553550720215
-11.315420150756836
-11.314546585083008
-11.316529273986816
-11.31451416015625
-11.31364917755127
-11.315016746520996
-11.313667297363281
-11.314043045043945
-11.314549446105957
-11.31570816040039
-11.31310749053955
-11.31210708618164
-11.315631866455078
-11.313186645507812
-11.31125545501709
-11.314607620239258
-11.316434860229492
-11.314120292663574
-11.312049865722656
-11.310870170593262
-11.308454513549805
-11.307830810546875
-11.305257797241211
-11.307455062866211
-11.30822467803955
-11.30702018737793
-11.305585861206055
-11.30897045135498
-11.30693244934082
-11.304203987121582
-11.300653457641602
-11.297626495361328
-11.301339149475098
-11.302721977233887
-11.301225662231445
-11.302631378173828
-11.302450180053711
-11.303600311279297
-11.303306579589844
-11.309419631958008
-11.312064170837402
-11.314221382141113
-11.314590454101562
-11.314675331115723
-11.314566612243652
-11.315390586853027
-11.315813064575195
-11.312602043151855
-11.316152572631836
-11.31650447845459
-11.311681747436523
-11.3125638961792
-11.311596870422363
-11.306082725524902
-11.30639362335205
-11.30722713470459
-11.309341430664062
-11.311598777770996
-11.314791679382324
-11.315651893615723
-11.314848899841309
-11.314666748046875
-11.312807083129883
-11.312202453613281
-11.310453414916992
-11.308926582336426
-11.301912307739258
-11.30215835571289
-11.30450439453125
-11.30651569366455
-11.312079429626465
-11.3109712600708
-11.313459396362305
-11.314356803894043
-11.311063766479492
-11.304065704345703
-11.300069808959961
-11.295430183410645
-11.29251480102539
-11.291810035705566
-11.29490852355957
-11.299800872802734
-11.310014724731445
-11.314797401428223
-11.316139221191406
-11.311447143554688
-11.311798095703125
-11.308385848999023
-11.302064895629883
-11.292521476745605
-11.293410301208496
-11.297951698303223
-11.29570198059082
-11.294907569885254
-11.301620483398438
-11.311767578125
-11.313617706298828
-11.310253143310547
-11.3129243850708
-11.3098726272583
-11.307071685791016
-11.30557632446289
-11.304990768432617
-11.302508354187012
-11.307886123657227
-11.313141822814941
-11.316973686218262
-11.30571460723877
-11.294479370117188
-11.286347389221191
-11.29265022277832
-11.307924270629883
-11.309208869934082
-11.27796459197998
-11.252825736999512
-11.279640197753906
-11.308392524719238
-11.312426567077637
-11.302059173583984
-11.306861877441406
-11.306690216064453
-11.303849220275879
-11.311516761779785
-11.314684867858887
-11.311663627624512
-11.310489654541016
-11.312305450439453
-11.306178092956543
-11.29415512084961
-11.29122257232666
-11.301176071166992
-11.306032180786133
-11.298229217529297
-11.30411148071289
-11.308280944824219
-11.312171936035156
-11.313880920410156
-11.309185981750488
-11.304871559143066
-11.304746627807617
-11.308267593383789
-11.315079689025879
-11.311692237854004
-11.30733585357666
-11.30186939239502
-11.30428409576416
-11.305582046508789
-11.309713363647461
-11.312466621398926
-11.307292938232422
-11.297636032104492
-11.300206184387207
-11.308157920837402
-11.312618255615234
-11.308243751525879
-11.302462577819824
-11.289227485656738
