loss_b
-4.560057640075684
-4.563355445861816
-4.568011283874512
-4.570467948913574
-4.577303409576416
-4.58347749710083
-4.5920729637146
-4.600658416748047
-4.609122276306152
-4.615370273590088
-4.624736785888672
-4.629579544067383
-4.646060943603516
-4.656850337982178
-4.666106224060059
-4.685579299926758
-4.701444149017334
-4.715042591094971
-4.717415809631348
-4.764952659606934
-4.7790069580078125
-4.7968597412109375
-4.819235324859619
-4.872312545776367
-4.9000444412231445
-4.942551612854004
-4.958612442016602
-5.015814781188965
-5.062565803527832
-5.120655059814453
-5.233521461486816
-5.227234840393066
-5.3557047843933105
-5.432711601257324
-5.547055244445801
-5.665144920349121
-5.7103986740112305
-5.946759223937988
-6.089407444000244
-6.254372596740723
-6.450235843658447
-6.675314426422119
-6.820876121520996
-7.035515308380127
-7.179564952850342
-6.928525447845459
-6.792226791381836
-6.799870014190674
-6.732419967651367
-6.852982997894287
-6.957890033721924
-6.90653657913208
-7.018522262573242
-7.055448055267334
-7.175141334533691
-7.265560150146484
-7.2275919914245605
-7.225409507751465
-7.1924614906311035
-7.176597595214844
-7.220212936401367
-7.2089104652404785
-7.259988307952881
-7.314912796020508
-7.302257061004639
-7.3700127601623535
-7.385255813598633
-7.388175964355469
-7.46104621887207
-7.421701431274414
-7.41611385345459
-7.404191970825195
-7.40425443649292
-7.514018535614014
-7.57926082611084
-7.552042007446289
-7.550077438354492
-7.54820442199707
-7.553042411804199
-7.578763961791992
-7.626152515411377
-7.633248329162598
-7.654747486114502
-7.647001266479492
-7.666419982910156
-7.669761657714844
-7.673008441925049
-7.679717063903809
-7.705376625061035
-7.719893932342529
-7.780398845672607
-7.791980743408203
-7.821475982666016
-7.78816032409668
-7.826107025146484
-7.8577752113342285
-7.886768341064453
-7.900906562805176
-7.926172256469727
-7.939054489135742
-7.961094379425049
-8.011265754699707
-8.012489318847656
-8.036822319030762
-8.081515312194824
-8.119751930236816
-8.129233360290527
-8.192740440368652
-8.215843200683594
-8.265524864196777
-8.29460620880127
-8.347646713256836
-8.359496116638184
-8.388199806213379
-8.47425651550293
-8.49023151397705
-8.525833129882812
-8.585005760192871
-8.625448226928711
-8.6785888671875
-8.7415132522583
-8.816916465759277
-8.85149097442627
-8.943074226379395
-8.929543495178223
-8.979125022888184
-9.061514854431152
-9.070735931396484
-9.200735092163086
-9.184173583984375
-9.205958366394043
-9.279909133911133
-9.289985656738281
-9.312118530273438
-9.314018249511719
-9.339892387390137
-9.358835220336914
-9.401135444641113
-9.341476440429688
-9.372810363769531
-9.31313419342041
-9.43277359008789
-9.42975902557373
-9.396748542785645
-9.470915794372559
-9.464681625366211
-9.548578262329102
-9.573954582214355
-9.518613815307617
-9.536687850952148
-9.595209121704102
-9.629709243774414
-9.580350875854492
-9.631451606750488
-9.69071102142334
-9.640581130981445
-9.671085357666016
-9.702279090881348
-9.712281227111816
-9.717775344848633
-9.763258934020996
-9.723788261413574
-9.723308563232422
-9.728215217590332
-9.790748596191406
-9.735649108886719
-9.838508605957031
-9.830267906188965
-9.803081512451172
-9.893657684326172
-9.84957504272461
-9.873433113098145
-9.83207893371582
-9.892359733581543
-9.920147895812988
-9.921441078186035
-9.95189380645752
-9.953716278076172
-9.972232818603516
-9.949383735656738
-10.031209945678711
-9.986413955688477
-9.979327201843262
-10.00205135345459
-10.09286117553711
-9.969206809997559
-10.082213401794434
-9.979516983032227
-10.04658031463623
-10.138094902038574
-10.091961860656738
-10.067097663879395
-10.078560829162598
-10.080047607421875
-10.119028091430664
-10.133428573608398
-10.090374946594238
-10.076361656188965
-10.169378280639648
-10.140029907226562
-10.09618854522705
-10.153743743896484
-10.133418083190918
-10.193601608276367
-10.166727066040039
-10.169576644897461
-10.219430923461914
-10.236824989318848
-10.153482437133789
-10.125446319580078
-10.123024940490723
-10.270159721374512
-10.085036277770996
-10.213165283203125
-10.2050142288208
-10.236944198608398
-10.231905937194824
-10.255876541137695
-10.238546371459961
-10.233899116516113
-10.23645305633545
-10.273283958435059
-10.362588882446289
-10.407832145690918
-10.34041690826416
-10.32276439666748
-10.31161880493164
-10.29392147064209
-10.310172080993652
-10.325213432312012
-10.342833518981934
-10.310606956481934
-10.321474075317383
-10.27953815460205
-10.334158897399902
-10.367855072021484
-10.378506660461426
-10.336722373962402
-10.367807388305664
-10.478482246398926
-10.371009826660156
-10.418808937072754
-10.412494659423828
-10.401863098144531
-10.317655563354492
-10.415833473205566
-10.396284103393555
-10.353216171264648
-10.40475082397461
-10.406882286071777
-10.437814712524414
-10.361889839172363
-10.384405136108398
-10.461658477783203
-10.4618501663208
-10.4834623336792
-10.477279663085938
-10.434271812438965
-10.498006820678711
-10.462342262268066
-10.433490753173828
-10.454145431518555
-10.498223304748535
-10.496918678283691
-10.487427711486816
-10.52617359161377
-10.50839614868164
-10.439202308654785
-10.423532485961914
-10.3427152633667
-10.519725799560547
-10.460765838623047
-10.467310905456543
-10.389106750488281
-10.47350025177002
-10.44304370880127
-10.50741195678711
-10.439416885375977
-10.604971885681152
-10.498963356018066
-10.477544784545898
-10.593377113342285
-10.567673683166504
-10.583815574645996
-10.542366027832031
-10.535982131958008
-10.58485221862793
-10.565628051757812
-10.613739013671875
-10.565766334533691
-10.638099670410156
-10.530983924865723
-10.490471839904785
-10.526810646057129
-10.55927848815918
-10.542926788330078
-10.64520263671875
-10.523685455322266
-10.589445114135742
-10.659445762634277
-10.583297729492188
-10.641228675842285
-10.654906272888184
-10.725834846496582
-10.644560813903809
-10.600920677185059
-10.68411636352539
-10.652352333068848
-10.647701263427734
-10.679340362548828
-10.61606216430664
-10.65020751953125
-10.673487663269043
-10.612492561340332
-10.711058616638184
-10.602204322814941
-10.703866004943848
-10.68637466430664
-10.665143966674805
-10.730420112609863
-10.674972534179688
-10.665237426757812
-10.735150337219238
-10.67595386505127
-10.698271751403809
-10.65494441986084
-10.675318717956543
-10.743922233581543
-10.670938491821289
-10.745141983032227
-10.605378150939941
-10.704768180847168
-10.783146858215332
-10.78680419921875
-10.815123558044434
-10.696657180786133
-10.723889350891113
-10.709275245666504
-10.756172180175781
-10.678540229797363
-10.744440078735352
-10.81105899810791
-10.834081649780273
-10.756529808044434
-10.790006637573242
-10.797378540039062
-10.799891471862793
-10.760184288024902
-10.784912109375
-10.813633918762207
-10.7513427734375
-10.807503700256348
-10.764510154724121
-10.76718807220459
-10.777173042297363
-10.817038536071777
-10.802606582641602
-10.785400390625
-10.777914047241211
-10.786169052124023
-10.797680854797363
-10.778928756713867
-10.814319610595703
-10.827608108520508
-10.860690116882324
-10.78606128692627
-10.825419425964355
-10.92760944366455
-10.823455810546875
-10.832205772399902
-10.845915794372559
-10.822333335876465
-10.875443458557129
-10.856099128723145
-10.769697189331055
-10.818589210510254
-10.891164779663086
-10.901837348937988
-10.84152889251709
-10.781664848327637
-10.837553024291992
-10.858978271484375
-10.844305992126465
-10.879029273986816
-10.867405891418457
-10.920854568481445
-10.873333930969238
-10.912693977355957
-10.908835411071777
-10.944363594055176
-10.922168731689453
-10.871088027954102
-10.91871166229248
-10.905635833740234
-10.888567924499512
-10.883478164672852
-10.94758129119873
-10.920475959777832
-10.88225269317627
-10.967520713806152
-10.8699312210083
-10.967164039611816
-10.961041450500488
-10.959636688232422
-10.976385116577148
-10.939925193786621
-10.942054748535156
-10.944009780883789
-10.973126411437988
-10.939117431640625
-10.934707641601562
-10.878042221069336
-10.997278213500977
-10.903037071228027
-10.990774154663086
-10.921926498413086
-10.959465026855469
-11.008734703063965
-10.940659523010254
-10.941324234008789
-10.963022232055664
-11.050262451171875
-11.006327629089355
-10.959733009338379
-10.97860050201416
-11.016487121582031
-10.983723640441895
-10.977193832397461
-11.03194522857666
-11.025028228759766
-11.00068473815918
-10.994119644165039
-10.958760261535645
-10.949065208435059
-10.956768989562988
-10.97804069519043
-10.991020202636719
-11.060688018798828
-10.989994049072266
-11.035730361938477
-10.985739707946777
-10.968811988830566
-11.008512496948242
-11.031697273254395
-11.018460273742676
-11.072916030883789
-11.042190551757812
-11.047957420349121
-10.999602317810059
-11.039958000183105
-11.025087356567383
-11.034624099731445
-11.039990425109863
-11.031207084655762
-11.079741477966309
-10.958612442016602
-11.059857368469238
-11.050871849060059
-11.070119857788086
-11.002432823181152
-11.040914535522461
-11.06552791595459
-11.06059455871582
-11.026007652282715
-11.028745651245117
-11.12789535522461
-11.067976951599121
-11.060303688049316
-11.056792259216309
-11.06649398803711
-11.015873908996582
-11.00948429107666
-11.078133583068848
-11.100959777832031
-11.046286582946777
-11.073707580566406
-11.073795318603516
-11.079739570617676
-11.091523170471191
-11.0740327835083
-11.04069995880127
-11.07264518737793
-11.074786186218262
-11.1029634475708
-11.116632461547852
-11.093327522277832
-11.084676742553711
-11.07802677154541
-11.090544700622559
-11.064743995666504
-11.097070693969727
-11.086297988891602
-11.116643905639648
-11.1021089553833
-11.129387855529785
-11.071394920349121
-11.123759269714355
-11.098114967346191
-11.093809127807617
-11.106742858886719
-11.129916191101074
-11.116470336914062
-11.100235939025879
-11.1233491897583
-11.116632461547852
-11.142302513122559
-11.113105773925781
-11.078390121459961
-11.117630004882812
-11.138445854187012
-11.119868278503418
-11.082761764526367
-11.095734596252441
-11.12142276763916
-11.1300630569458
-11.122237205505371
-11.123055458068848
-11.117464065551758
-11.120277404785156
-11.156949996948242
-11.131121635437012
-11.122332572937012
-11.168027877807617
-11.14445972442627
-11.12031078338623
-11.141024589538574
-11.143000602722168
-11.14539909362793
-11.137149810791016
-11.144439697265625
-11.142804145812988
-11.15352725982666
-11.11902141571045
-11.160002708435059
-11.165295600891113
-11.127411842346191
-11.029525756835938
-11.106459617614746
-11.1650972366333
-11.102707862854004
-11.077766418457031
-11.126832962036133
-11.1174898147583
-11.123260498046875
-11.141423225402832
-11.142020225524902
-11.149005889892578
-11.133784294128418
-11.124429702758789
-11.149799346923828
-11.168383598327637
-11.119133949279785
-11.169981002807617
-11.162736892700195
-11.16187858581543
-11.147665023803711
-11.166092872619629
-11.191291809082031
-11.18513011932373
-11.164959907531738
-11.159868240356445
-11.182055473327637
-11.18376636505127
-11.176345825195312
-11.157022476196289
-11.149117469787598
-11.204021453857422
-11.16716480255127
-11.183370590209961
-11.162885665893555
-11.196257591247559
-11.141728401184082
-11.149038314819336
-11.19776439666748
-11.205644607543945
-11.174455642700195
-11.179752349853516
-11.186980247497559
-11.197318077087402
-11.189181327819824
-11.142537117004395
-11.192851066589355
-11.207164764404297
-11.188286781311035
-11.190329551696777
-11.214731216430664
-11.202059745788574
-11.198992729187012
-11.187850952148438
-11.201301574707031
-11.19827651977539
-11.180649757385254
-11.198491096496582
-11.229406356811523
-11.194687843322754
-11.206079483032227
-11.177506446838379
-11.208240509033203
-11.21638011932373
-11.200510025024414
-11.19156265258789
-11.209087371826172
-11.19672966003418
-11.210254669189453
-11.189985275268555
-11.224604606628418
-11.202078819274902
-11.216466903686523
-11.224867820739746
-11.212579727172852
-11.24326229095459
-11.212990760803223
-11.21450138092041
-11.205647468566895
-11.21147632598877
-11.194374084472656
-11.215912818908691
-11.226494789123535
-11.21491813659668
-11.228721618652344
-11.238799095153809
-11.248818397521973
-11.236351013183594
-11.195584297180176
-11.231297492980957
-11.219807624816895
-11.22650146484375
-11.223112106323242
-11.225603103637695
-11.224588394165039
-11.207451820373535
-11.230934143066406
-11.228445053100586
-11.221420288085938
-11.222881317138672
-11.249021530151367
-11.214272499084473
-11.234410285949707
-11.228222846984863
-11.230318069458008
-11.2230806350708
-11.225969314575195
-11.24007511138916
-11.237150192260742
-11.221189498901367
-11.220142364501953
-11.221131324768066
-11.240798950195312
-11.227180480957031
-11.240234375
-11.212631225585938
-11.249083518981934
-11.256989479064941
-11.235893249511719
-11.232292175292969
-11.225001335144043
-11.212162017822266
-11.206355094909668
-11.213483810424805
-11.240215301513672
-11.28357982635498
-11.235518455505371
-11.240118980407715
-11.25920295715332
-11.248990058898926
-11.25330638885498
-11.254228591918945
-11.260284423828125
-11.2457275390625
-11.258417129516602
-11.221799850463867
-11.250612258911133
-11.232064247131348
-11.244439125061035
-11.241995811462402
-11.247074127197266
-11.241251945495605
-11.235885620117188
-11.24609088897705
-11.244250297546387
-11.26362133026123
-11.258225440979004
-11.262582778930664
-11.248224258422852
-11.256519317626953
-11.253334045410156
-11.257420539855957
-11.260016441345215
-11.267705917358398
-11.244678497314453
-11.244484901428223
-11.229432106018066
-11.233766555786133
-11.272012710571289
-11.25876522064209
-11.258201599121094
-11.26663875579834
-11.252774238586426
-11.288369178771973
-11.242977142333984
-11.265898704528809
-11.249731063842773
-11.277870178222656
-11.255918502807617
-11.249994277954102
-11.267870903015137
-11.266558647155762
-11.255824089050293
-11.25135612487793
-11.272801399230957
-11.272153854370117
-11.281960487365723
-11.263142585754395
-11.261144638061523
-11.245298385620117
-11.245351791381836
-11.239129066467285
-11.248308181762695
-11.238543510437012
-11.267633438110352
-11.28377914428711
-11.257356643676758
-11.229097366333008
-11.24862289428711
-11.2542142868042
-11.258734703063965
-11.282646179199219
-11.275862693786621
-11.297017097473145
-11.262639999389648
-11.281268119812012
-11.283259391784668
-11.261409759521484
-11.2535982131958
-11.283616065979004
-11.283437728881836
-11.288466453552246
-11.274506568908691
-11.270931243896484
-11.292703628540039
-11.262073516845703
-11.294490814208984
-11.283219337463379
-11.289334297180176
-11.276968002319336
-11.305126190185547
-11.296067237854004
-11.260836601257324
-11.267839431762695
-11.270818710327148
-11.27865982055664
-11.29387378692627
-11.28152084350586
-11.278900146484375
-11.281214714050293
-11.266434669494629
-11.286581993103027
-11.285645484924316
-11.2880220413208
-11.296136856079102
-11.271284103393555
-11.287732124328613
-11.270098686218262
-11.304710388183594
-11.30260181427002
-11.29352855682373
-11.271918296813965
-11.283544540405273
-11.28411865234375
-11.297557830810547
-11.29401969909668
-11.308330535888672
-11.299870491027832
-11.28538703918457
-11.285304069519043
-11.28193473815918
-11.287789344787598
-11.278420448303223
-11.267234802246094
-11.27542781829834
-11.27608871459961
-11.270240783691406
-11.288551330566406
-11.284664154052734
-11.308615684509277
-11.290764808654785
-11.29386043548584
-11.306218147277832
-11.304698944091797
-11.300372123718262
-11.290145874023438
-11.292073249816895
-11.304328918457031
-11.306471824645996
-11.298142433166504
-11.31246566772461
-11.31283950805664
-11.307737350463867
-11.298248291015625
-11.308846473693848
-11.303726196289062
-11.32217788696289
-11.308309555053711
-11.304739952087402
-11.297306060791016
-11.278697967529297
-11.270232200622559
-11.284161567687988
-11.293756484985352
-11.291543960571289
-11.308134078979492
-11.312281608581543
-11.309783935546875
-11.2966890335083
-11.314080238342285
-11.300637245178223
-11.292900085449219
-11.288728713989258
-11.27529525756836
-11.264669418334961
-11.291629791259766
-11.305840492248535
-11.309830665588379
-11.303756713867188
-11.296095848083496
-11.303567886352539
-11.295344352722168
-11.285120964050293
-11.299697875976562
-11.300171852111816
-11.31249713897705
-11.306734085083008
-11.308182716369629
-11.312896728515625
-11.321725845336914
-11.309636116027832
-11.304183006286621
-11.307259559631348
-11.307042121887207
-11.2928466796875
-11.284679412841797
-11.274136543273926
-11.276509284973145
-11.281862258911133
-11.303308486938477
-11.324786186218262
-11.30054759979248
-11.302346229553223
-11.299203872680664
-11.297966957092285
-11.30761432647705
-11.314619064331055
-11.305208206176758
-11.309328079223633
-11.315531730651855
-11.30656623840332
-11.3089599609375
-11.296296119689941
-11.311909675598145
-11.308018684387207
-11.32376766204834
-11.32360553741455
-11.305644989013672
-11.304789543151855
-11.278059959411621
-11.27088737487793
-11.301168441772461
-11.323055267333984
-11.323002815246582
-11.301285743713379
-11.29238224029541
-11.286246299743652
-11.30997085571289
-11.329747200012207
-11.310418128967285
-11.307669639587402
-11.283703804016113
-11.27751350402832
-11.311149597167969
-11.328091621398926
-11.3190336227417
-11.320727348327637
-11.314294815063477
-11.309328079223633
-11.303081512451172
-11.319188117980957
-11.31971263885498
-11.331107139587402
-11.331140518188477
-11.325448989868164
-11.312538146972656
-11.325650215148926
-11.336202621459961
-11.32715129852295
-11.31635856628418
-11.330829620361328
-11.31071949005127
-11.31551456451416
-11.32230281829834
-11.327336311340332
-11.328640937805176
-11.325774192810059
-11.333368301391602
-11.319637298583984
-11.319921493530273
-11.316370010375977
-11.305821418762207
-11.327420234680176
-11.321767807006836
-11.318744659423828
-11.319001197814941
-11.324930191040039
-11.330635070800781
-11.343178749084473
-11.334860801696777
-11.343655586242676
-11.321551322937012
-11.321651458740234
-11.346199989318848
-11.32718276977539
-11.328579902648926
-11.321349143981934
-11.30390739440918
-11.304668426513672
-11.32198429107666
-11.329959869384766
-11.338570594787598
-11.336015701293945
-11.328025817871094
-11.318156242370605
-11.318673133850098
-11.323060989379883
-11.316225051879883
-11.335643768310547
-11.344422340393066
-11.337416648864746
-11.339756965637207
-11.322463989257812
-11.332354545593262
-11.304408073425293
-11.32037353515625
-11.330451011657715
-11.33900260925293
-11.337966918945312
-11.33950138092041
-11.323907852172852
-11.330974578857422
-11.317715644836426
-11.333136558532715
-11.329483032226562
-11.333560943603516
-11.33591365814209
-11.349973678588867
-11.346822738647461
-11.346171379089355
-11.35435676574707
-11.344375610351562
-11.347421646118164
-11.332374572753906
-11.353394508361816
-11.34213924407959
-11.330605506896973
-11.336051940917969
-11.333611488342285
-11.340494155883789
-11.342899322509766
-11.34808349609375
-11.336074829101562
-11.345723152160645
-11.356334686279297
-11.354546546936035
-11.353317260742188
-11.351964950561523
-11.342984199523926
-11.338231086730957
-11.338000297546387
-11.334939956665039
-11.332173347473145
-11.32911491394043
-11.319902420043945
-11.308034896850586
-11.301674842834473
-11.330322265625
-11.336234092712402
-11.351122856140137
-11.346860885620117
-11.327214241027832
-11.323890686035156
-11.312220573425293
-11.317736625671387
-11.322278022766113
-11.338356018066406
-11.354061126708984
-11.348146438598633
-11.35193920135498
-11.344017028808594
-11.3462495803833
-11.348400115966797
-11.35488510131836
-11.345088958740234
-11.346872329711914
-11.350174903869629
-11.349015235900879
-11.339166641235352
-11.34126091003418
-11.351906776428223
-11.355938911437988
-11.343087196350098
-11.355362892150879
-11.35496711730957
-11.355751037597656
-11.349376678466797
-11.34423828125
-11.33850383758545
-11.337705612182617
-11.34218692779541
-11.345211029052734
-11.338212013244629
-11.355283737182617
-11.357706069946289
-11.349385261535645
-11.353903770446777
-11.347872734069824
-11.345963478088379
-11.341646194458008
-11.328901290893555
-11.329819679260254
-11.32975959777832
-11.335386276245117
-11.320669174194336
-11.304534912109375
-11.326841354370117
-11.336377143859863
-11.339241027832031
-11.344326972961426
-11.357152938842773
-11.354681015014648
-11.340481758117676
-11.323678970336914
-11.31136417388916
-11.326272010803223
-11.341547966003418
-11.360784530639648
-11.337928771972656
-11.350699424743652
-11.34262752532959
-11.344948768615723
-11.358810424804688
-11.35873031616211
-11.358586311340332
-11.342730522155762
-11.357245445251465
-11.34803581237793
-11.350481033325195
-11.357518196105957
-11.359418869018555
-11.35009765625
-11.364967346191406
-11.349678993225098
-11.356383323669434
-11.34999942779541
-11.345476150512695
-11.359291076660156
-11.355042457580566
-11.3488187789917
-11.357688903808594
-11.364922523498535
-11.358871459960938
-11.349102973937988
-11.35863971710205
-11.349142074584961
-11.342772483825684
-11.343257904052734
-11.368204116821289
-11.347869873046875
-11.363160133361816
-11.348763465881348
-11.349384307861328
-11.348692893981934
-11.357377052307129
-11.347696304321289
-11.350638389587402
-11.350802421569824
-11.356407165527344
-11.360003471374512
-11.360984802246094
-11.36207389831543
-11.354387283325195
-11.356968879699707
-11.35077953338623
-11.348854064941406
-11.342570304870605
-11.318297386169434
-11.34173583984375
-11.337486267089844
-11.353962898254395
-11.365309715270996
-11.360786437988281
-11.355010032653809
-11.363996505737305
-11.345529556274414
-11.327213287353516
-11.307326316833496
-11.334406852722168
-11.325291633605957
-11.321039199829102
-11.354242324829102
-11.363480567932129
-11.352971076965332
-11.35854721069336
-11.329947471618652
-11.314133644104004
-11.332402229309082
-11.351703643798828
-11.359434127807617
-11.34747314453125
-11.341958999633789
-11.327225685119629
-11.335122108459473
-11.366549491882324
-11.360790252685547
-11.36778450012207
-11.343524932861328
-11.346441268920898
-11.339755058288574
-11.346318244934082
-11.351164817810059
-11.363743782043457
-11.360312461853027
-11.357965469360352
-11.358465194702148
-11.357321739196777
-11.357030868530273
-11.36906909942627
-11.359338760375977
-11.367332458496094
-11.36993408203125
-11.363120079040527
-11.361696243286133
-11.359922409057617
-11.352649688720703
-11.364951133728027
-11.370867729187012
-11.358004570007324
-11.358217239379883
-11.366321563720703
-11.361263275146484
-11.358756065368652
-11.358929634094238
-11.36276626586914
-11.369314193725586
-11.363187789916992
-11.355995178222656
-11.341259956359863
-11.356954574584961
-11.361200332641602
-11.36398696899414
-11.37028694152832
-11.36998462677002
-11.36128044128418
-11.353984832763672
-11.35200023651123
-11.348504066467285
-11.355547904968262
-11.362658500671387
-11.37501335144043
-11.364950180053711
-11.359970092773438
-11.349462509155273
-11.354999542236328
-11.369853973388672
-11.370580673217773
-11.370361328125
-11.368854522705078
-11.36080265045166
-11.36703109741211
-11.360106468200684
-11.374284744262695
-11.374675750732422
-11.376416206359863
-11.363484382629395
-11.369489669799805
-11.36423110961914
-11.362564086914062
-11.364177703857422
-11.354930877685547
-11.365580558776855
-11.369425773620605
-11.379115104675293
-11.369927406311035
-11.369623184204102
-11.380982398986816
-11.367681503295898
-11.368707656860352
-11.373382568359375
-11.352031707763672
-11.369013786315918
-11.372567176818848
-11.370468139648438
-11.374566078186035
-11.37386417388916
-11.370827674865723
-11.375161170959473
-11.362205505371094
-11.372265815734863
-11.371211051940918
-11.357368469238281
-11.361924171447754
-11.369032859802246
-11.370187759399414
-11.3650484085083
-11.356643676757812
-11.3648681640625
-11.34162712097168
-11.365678787231445
-11.359898567199707
-11.369344711303711
-11.375141143798828
-11.36985969543457
-11.37413501739502
-11.37512493133545
-11.364350318908691
-11.378036499023438
-11.372333526611328
-11.376550674438477
-11.375568389892578
-11.380422592163086
-11.376679420471191
-11.384489059448242
-11.370065689086914
-11.375496864318848
-11.362004280090332
-11.377359390258789
-11.366414070129395
-11.360747337341309
-11.366764068603516
-11.354084968566895
-11.336353302001953
-11.352686882019043
-11.329972267150879
-11.356250762939453
-11.3710298538208
-11.369100570678711
-11.378369331359863
-11.375449180603027
-11.37889575958252
-11.374448776245117
-11.373344421386719
-11.36314868927002
-11.377411842346191
-11.375768661499023
-11.379976272583008
-11.371964454650879
-11.38169002532959
-11.367871284484863
-11.359756469726562
-11.356328010559082
-11.364208221435547
-11.363853454589844
-11.37096881866455
-11.381009101867676
-11.38353443145752
-11.378890991210938
-11.376070022583008
-11.368215560913086
-11.377779006958008
-11.3721923828125
-11.383440971374512
-11.383255958557129
-11.374791145324707
-11.367584228515625
-11.381484031677246
-11.386054039001465
-11.391070365905762
-11.373485565185547
-11.377532958984375
-11.372511863708496
-11.374147415161133
-11.379311561584473
-11.377520561218262
-11.377191543579102
-11.37370777130127
-11.380818367004395
-11.374346733093262
-11.384025573730469
-11.380553245544434
-11.376240730285645
-11.37367057800293
-11.368289947509766
-11.368544578552246
-11.364520072937012
-11.36765193939209
-11.364189147949219
-11.359045028686523
-11.362876892089844
-11.364433288574219
-11.36440372467041
-11.378416061401367
-11.383508682250977
-11.377224922180176
-11.369738578796387
-11.373089790344238
-11.361193656921387
-11.358570098876953
-11.353361129760742
-11.370933532714844
-11.382624626159668
-11.378897666931152
-11.387792587280273
-11.385148048400879
-11.382689476013184
-11.385991096496582
-11.384114265441895
-11.378250122070312
-11.372403144836426
-11.375582695007324
-11.379417419433594
-11.366703033447266
-11.358654975891113
-11.365870475769043
-11.375163078308105
-11.3627290725708
-11.355862617492676
-11.366984367370605
-11.366495132446289
-11.375911712646484
-11.388307571411133
-11.382099151611328
-11.388505935668945
-11.386128425598145
-11.38569164276123
-11.372615814208984
-11.378275871276855
-11.37363338470459
-11.377635955810547
-11.384955406188965
-11.382019996643066
-11.374815940856934
-11.38001823425293
-11.383171081542969
-11.381425857543945
-11.37260627746582
-11.3883638381958
-11.37778091430664
-11.371323585510254
-11.37251091003418
-11.379749298095703
-11.376813888549805
-11.368547439575195
-11.381250381469727
-11.379140853881836
-11.37865924835205
-11.37617301940918
-11.38941764831543
-11.394691467285156
-11.385553359985352
-11.383328437805176
-11.386049270629883
-11.387544631958008
-11.380195617675781
-11.383548736572266
-11.39012622833252
-11.387033462524414
-11.38613224029541
-11.387550354003906
-11.378849029541016
-11.381750106811523
-11.383589744567871
-11.382630348205566
-11.380417823791504
-11.371696472167969
-11.37470817565918
-11.382434844970703
-11.377163887023926
-11.377208709716797
-11.37755012512207
-11.368704795837402
-11.371039390563965
-11.376612663269043
-11.369190216064453
-11.38012409210205
-11.385542869567871
-11.380152702331543
-11.379490852355957
-11.36563491821289
-11.382294654846191
-11.382588386535645
-11.39377212524414
-11.393677711486816
-11.389699935913086
-11.371944427490234
-11.37766170501709
-11.385284423828125
-11.38494873046875
-11.383768081665039
-11.386977195739746
-11.388203620910645
-11.386970520019531
-11.380329132080078
-11.39162540435791
-11.381638526916504
-11.392192840576172
-11.377982139587402
-11.380470275878906
-11.379433631896973
-11.396292686462402
-11.3876953125
-11.39034366607666
-11.379963874816895
-11.373933792114258
-11.373337745666504
-11.371588706970215
-11.356754302978516
-11.366401672363281
-11.366449356079102
-11.385147094726562
-11.378807067871094
-11.389912605285645
-11.38333797454834
-11.373637199401855
-11.356671333312988
-11.363551139831543
-11.367094039916992
-11.358936309814453
-11.382162094116211
-11.380121231079102
-11.39310073852539
-11.389079093933105
-11.379929542541504
-11.391338348388672
-11.39077377319336
-11.383796691894531
-11.399175643920898
-11.39542007446289
-11.398185729980469
-11.39029598236084
-11.385513305664062
-11.384832382202148
-11.379368782043457
-11.383452415466309
-11.379530906677246
-11.37695026397705
-11.392294883728027
-11.39500617980957
-11.381998062133789
-11.395899772644043
-11.397302627563477
-11.384065628051758
-11.393163681030273
-11.395870208740234
-11.396090507507324
-11.399079322814941
-11.393976211547852
-11.387825965881348
-11.38211441040039
-11.386180877685547
-11.375081062316895
-11.391681671142578
-11.385292053222656
-11.397165298461914
-11.395987510681152
-11.394673347473145
-11.390156745910645
-11.398638725280762
-11.383413314819336
-11.380583763122559
-11.360491752624512
-11.35578441619873
-11.357137680053711
-11.380634307861328
-11.386324882507324
-11.397601127624512
-11.39477252960205
-11.392597198486328
-11.383889198303223
-11.383248329162598
-11.368986129760742
-11.365158081054688
-11.363530158996582
-11.35427188873291
-11.376299858093262
-11.3886079788208
-11.390117645263672
-11.381791114807129
-11.386731147766113
-11.383077621459961
-11.377836227416992
-11.368830680847168
-11.374858856201172
-11.38280200958252
-11.37782096862793
-11.393231391906738
-11.391061782836914
-11.394254684448242
-11.393364906311035
-11.381648063659668
-11.378090858459473
-11.37274169921875
-11.379960060119629
-11.39389705657959
-11.397099494934082
-11.399587631225586
-11.400245666503906
-11.394730567932129
-11.389354705810547
-11.384684562683105
-11.37962818145752
-11.375467300415039
-11.388572692871094
-11.391054153442383
-11.389974594116211
-11.393303871154785
-11.383309364318848
-11.40186882019043
-11.389829635620117
-11.401690483093262
-11.399677276611328
-11.395724296569824
-11.398682594299316
-11.400146484375
-11.402981758117676
-11.395663261413574
-11.397196769714355
-11.394240379333496
-11.40124797821045
-11.403817176818848
-11.40296745300293
-11.390603065490723
-11.403908729553223
-11.391993522644043
-11.395407676696777
-11.400299072265625
-11.395929336547852
-11.399313926696777
-11.390764236450195
-11.400276184082031
-11.394675254821777
-11.395971298217773
-11.397928237915039
-11.398736000061035
-11.399493217468262
-11.395174026489258
-11.390155792236328
-11.385372161865234
-11.375143051147461
-11.375603675842285
-11.38232421875
-11.389840126037598
-11.386197090148926
-11.398277282714844
-11.401399612426758
-11.395255088806152
-11.397693634033203
-11.396367073059082
-11.406545639038086
-11.397921562194824
-11.399956703186035
-11.4015531539917
-11.398665428161621
-11.39832878112793
-11.4032564163208
-11.394222259521484
-11.382430076599121
-11.384846687316895
-11.374966621398926
-11.394453048706055
-11.391843795776367
-11.400856018066406
-11.400866508483887
-11.400851249694824
-11.403420448303223
-11.402981758117676
-11.396488189697266
-11.387349128723145
-11.399373054504395
-11.400819778442383
-11.395025253295898
-11.388052940368652
-11.396841049194336
-11.386825561523438
-11.397497177124023
-11.401991844177246
-11.406722068786621
-11.388052940368652
-11.382390022277832
-11.368476867675781
-11.360185623168945
-11.373759269714355
-11.385078430175781
-11.391258239746094
-11.40623664855957
-11.397648811340332
-11.393365859985352
-11.37661361694336
-11.377593994140625
-11.360712051391602
-11.3679838180542
-11.385126113891602
-11.406360626220703
-11.405527114868164
-11.40131950378418
-11.3817777633667
-11.379321098327637
-11.373830795288086
-11.3767671585083
-11.396615982055664
-11.400618553161621
-11.401080131530762
-11.39427375793457
-11.378754615783691
-11.386521339416504
-11.393620491027832
-11.401923179626465
-11.395124435424805
-11.395095825195312
-11.373102188110352
-11.371273040771484
-11.370308876037598
-11.379502296447754
-11.399469375610352
-11.399096488952637
-11.378007888793945
-11.343099594116211
-11.347735404968262
-11.38321590423584
-11.407960891723633
-11.384450912475586
-11.373302459716797
-11.36129379272461
-11.377176284790039
-11.395556449890137
-11.404315948486328
-11.394315719604492
-11.385092735290527
-11.385826110839844
-11.399918556213379
-11.402454376220703
-11.39960765838623
-11.40092658996582
-11.40493392944336
-11.401895523071289
-11.402355194091797
-11.406595230102539
-11.405035018920898
-11.400039672851562
-11.404285430908203
-11.406411170959473
-11.400744438171387
-11.402575492858887
-11.406011581420898
-11.405496597290039
-11.405847549438477
-11.40035343170166
-11.407797813415527
-11.397416114807129
-11.403377532958984
-11.395761489868164
-11.410520553588867
-11.409341812133789
-11.397375106811523
-11.405342102050781
-11.399866104125977
-11.39043140411377
-11.394571304321289
-11.400578498840332
-11.400985717773438
-11.401911735534668
-11.4053316116333
-11.409924507141113
-11.403656959533691
-11.400391578674316
-11.403176307678223
-11.396018981933594
-11.403611183166504
-11.397068977355957
-11.391851425170898
-11.411012649536133
-11.406118392944336
-11.41251277923584
-11.404219627380371
-11.398237228393555
-11.403325080871582
-11.400647163391113
-11.40063190460205
-11.39820671081543
-11.404228210449219
-11.404378890991211
-11.406312942504883
-11.409122467041016
-11.406432151794434
-11.405294418334961
-11.406295776367188
-11.405789375305176
-11.408941268920898
-11.408761978149414
-11.40849494934082
-11.401942253112793
-11.410025596618652
-11.400205612182617
-11.395886421203613
-11.3842134475708
-11.390378952026367
-11.387694358825684
-11.384560585021973
-11.394145965576172
-11.401189804077148
-11.394644737243652
-11.404315948486328
-11.406005859375
-11.405411720275879
-11.3997163772583
-11.399262428283691
-11.394918441772461
-11.401248931884766
-11.415691375732422
-11.402196884155273
-11.413626670837402
-11.404756546020508
-11.407451629638672
-11.406611442565918
-11.409656524658203
-11.407498359680176
-11.411059379577637
-11.413748741149902
-11.410693168640137
-11.406096458435059
-11.408952713012695
-11.408647537231445
-11.402061462402344
-11.398677825927734
-11.399129867553711
-11.401884078979492
-11.409831047058105
-11.403838157653809
-11.40885066986084
-11.410124778747559
-11.407469749450684
-11.40367317199707
-11.40176010131836
-11.403213500976562
-11.403386116027832
-11.397909164428711
-11.39377212524414
-11.377950668334961
-11.378799438476562
-11.384974479675293
-11.380050659179688
-11.40472412109375
-11.41125774383545
-11.40275764465332
-11.385748863220215
-11.378655433654785
-11.376596450805664
-11.380617141723633
-11.407151222229004
-11.404587745666504
-11.4028902053833
-11.401182174682617
-11.39495849609375
-11.392962455749512
-11.396404266357422
-11.391792297363281
-11.393194198608398
-11.405637741088867
-11.408601760864258
-11.414600372314453
-11.404792785644531
-11.392851829528809
-11.382614135742188
-11.370330810546875
-11.390089988708496
-11.408970832824707
-11.408307075500488
-11.403648376464844
-11.386480331420898
-11.374068260192871
-11.386669158935547
-11.396873474121094
-11.403409004211426
-11.40817928314209
-11.401269912719727
-11.392047882080078
-11.384800910949707
-11.40136432647705
-11.400826454162598
-11.397909164428711
-11.40717601776123
-11.408313751220703
-11.404409408569336
-11.404675483703613
-11.395169258117676
-11.3931245803833
-11.397562980651855
-11.409212112426758
-11.410177230834961
-11.403152465820312
-11.390190124511719
-11.387308120727539
-11.388094902038574
-11.397591590881348
-11.403118133544922
-11.412440299987793
-11.412646293640137
-11.4132080078125
-11.399699211120605
-11.402925491333008
-11.405481338500977
-11.408707618713379
-11.414299964904785
-11.408286094665527
-11.40383529663086
-11.395194053649902
-11.390785217285156
-11.40138053894043
-11.40322208404541
-11.409069061279297
-11.411555290222168
-11.414388656616211
-11.413945198059082
-11.410200119018555
-11.40662956237793
-11.408649444580078
-11.401238441467285
-11.403879165649414
-11.406986236572266
-11.415266990661621
-11.411941528320312
-11.401979446411133
-11.405210494995117
-11.39725399017334
-11.384259223937988
-11.399114608764648
-11.409797668457031
-11.407712936401367
-11.413703918457031
-11.414342880249023
-11.411436080932617
-11.404417991638184
-11.408527374267578
-11.40810489654541
-11.408092498779297
-11.401155471801758
-11.39892864227295
-11.407657623291016
-11.410613059997559
-11.415556907653809
-11.401571273803711
-11.396958351135254
-11.400786399841309
-11.393932342529297
-11.396905899047852
-11.40570068359375
-11.406148910522461
-11.418420791625977
-11.409554481506348
-11.407835006713867
-11.403178215026855
-11.402018547058105
-11.405787467956543
-11.404659271240234
-11.410721778869629
-11.410543441772461
-11.410209655761719
-11.417217254638672
-11.408466339111328
-11.414347648620605
-11.410199165344238
-11.40853500366211
-11.41161823272705
-11.417428970336914
-11.411463737487793
-11.41678524017334
-11.409085273742676
-11.418316841125488
-11.410636901855469
-11.413132667541504
-11.4086275100708
-11.408541679382324
-11.413880348205566
-11.417817115783691
-11.416267395019531
-11.40815258026123
-11.404984474182129
-11.41407585144043
-11.402741432189941
-11.413392066955566
-11.40568733215332
-11.40474796295166
-11.395570755004883
-11.404990196228027
-11.403459548950195
-11.402408599853516
-11.41294002532959
-11.416744232177734
-11.413925170898438
-11.417670249938965
-11.420528411865234
-11.4162015914917
-11.418517112731934
-11.419404029846191
-11.416664123535156
-11.419522285461426
-11.414630889892578
-11.413501739501953
-11.418221473693848
-11.411953926086426
-11.41763973236084
-11.412115097045898
-11.413434982299805
-11.406776428222656
-11.407266616821289
-11.410208702087402
-11.407732009887695
-11.410937309265137
-11.412209510803223
-11.416117668151855
-11.41856575012207
-11.41271686553955
-11.409784317016602
-11.412040710449219
-11.41258716583252
-11.410734176635742
-11.412339210510254
-11.410983085632324
-11.412663459777832
-11.408148765563965
-11.41308879852295
-11.41455078125
-11.420244216918945
-11.412193298339844
-11.410165786743164
-11.412602424621582
-11.41226863861084
-11.416550636291504
-11.411401748657227
-11.414796829223633
-11.414690971374512
-11.41163444519043
-11.403752326965332
-11.409613609313965
-11.412384033203125
-11.408259391784668
-11.404375076293945
-11.39504337310791
-11.397072792053223
-11.403523445129395
-11.409052848815918
-11.41759967803955
-11.413342475891113
-11.417950630187988
-11.418374061584473
-11.418217658996582
-11.415305137634277
-11.40850830078125
-11.421293258666992
-11.416637420654297
-11.41219425201416
-11.41531753540039
-11.409238815307617
-11.407222747802734
-11.395119667053223
-11.380970001220703
-11.375981330871582
-11.380820274353027
-11.387356758117676
-11.400099754333496
-11.411497116088867
-11.413472175598145
-11.419254302978516
-11.407767295837402
-11.38869571685791
-11.375417709350586
-11.375317573547363
-11.375572204589844
-11.40925121307373
-11.421404838562012
-11.413768768310547
-11.391253471374512
-11.356855392456055
-11.358819007873535
-11.393073081970215
-11.411052703857422
-11.414514541625977
-11.40061092376709
-11.379597663879395
-11.371844291687012
-11.387803077697754
-11.406068801879883
-11.418767929077148
-11.415732383728027
-11.408708572387695
-11.40231704711914
-11.403838157653809
-11.406380653381348
-11.408590316772461
-11.415316581726074
-11.416125297546387
-11.412872314453125
-11.41507625579834
-11.411059379577637
-11.404902458190918
-11.404105186462402
-11.398595809936523
-11.413070678710938
-11.418441772460938
-11.422124862670898
-11.424983978271484
-11.420082092285156
-11.413877487182617
-11.418704986572266
-11.417301177978516
-11.416600227355957
-11.417573928833008
-11.42220401763916
-11.415349006652832
-11.420988082885742
-11.415523529052734
-11.417097091674805
-11.4163236618042
-11.423687934875488
-11.417137145996094
-11.416107177734375
-11.41139030456543
-11.42117977142334
-11.4183931350708
-11.414867401123047
-11.418229103088379
-11.417045593261719
-11.419524192810059
-11.418922424316406
-11.423853874206543
-11.417614936828613
-11.418055534362793
-11.414775848388672
-11.409936904907227
-11.40771770477295
-11.402824401855469
-11.39893913269043
-11.398822784423828
-11.410672187805176
-11.418108940124512
-11.42125415802002
-11.42018985748291
-11.41958236694336
-11.422595977783203
-11.420443534851074
-11.418004989624023
-11.418814659118652
-11.422401428222656
-11.417220115661621
-11.414681434631348
-11.424184799194336
-11.418753623962402
-11.418732643127441
-11.417886734008789
-11.41325855255127
-11.419012069702148
-11.4163179397583
-11.417028427124023
-11.411948204040527
-11.41786003112793
-11.41578483581543
-11.418782234191895
-11.421273231506348
-11.422728538513184
-11.425765037536621
-11.418864250183105
-11.413962364196777
-11.41899299621582
-11.41318416595459
-11.410077095031738
-11.418803215026855
-11.41294002532959
-11.416593551635742
-11.424150466918945
-11.423311233520508
-11.41961669921875
-11.415238380432129
-11.42097282409668
-11.41731071472168
-11.416428565979004
-11.418059349060059
-11.422640800476074
-11.422338485717773
-11.416258811950684
-11.419723510742188
-11.426338195800781
-11.425947189331055
-11.42598819732666
-11.420892715454102
-11.424277305603027
-11.422182083129883
-11.422537803649902
-11.422765731811523
-11.417631149291992
-11.406776428222656
-11.41329574584961
-11.405904769897461
-11.401826858520508
-11.402385711669922
-11.404675483703613
-11.404885292053223
-11.415212631225586
-11.41615104675293
-11.418710708618164
-11.424980163574219
-11.41823959350586
-11.411354064941406
-11.398618698120117
-11.396513938903809
-11.393688201904297
-11.388130187988281
-11.38851261138916
-11.395757675170898
-11.414190292358398
-11.416641235351562
-11.42176628112793
-11.4107027053833
-11.399541854858398
-11.386423110961914
-11.37802505493164
-11.391815185546875
-11.408503532409668
-11.421077728271484
-11.421250343322754
-11.41164493560791
-11.402565002441406
-11.401111602783203
-11.394413948059082
-11.404413223266602
-11.409208297729492
-11.416278839111328
-11.420378684997559
-11.424397468566895
-11.422783851623535
-11.425482749938965
-11.421428680419922
-11.426872253417969
-11.424513816833496
-11.423849105834961
-11.423284530639648
-11.423663139343262
-11.428096771240234
-11.419978141784668
-11.423828125
-11.426980018615723
-11.423598289489746
-11.424944877624512
-11.424236297607422
-11.4197998046875
-11.420904159545898
-11.4270658493042
-11.426084518432617
-11.423628807067871
-11.421404838562012
-11.42506217956543
-11.423392295837402
-11.428618431091309
-11.428478240966797
-11.422451972961426
-11.424943923950195
-11.428323745727539
-11.42586612701416
-11.426368713378906
-11.420751571655273
-11.423662185668945
-11.42074966430664
-11.41495132446289
-11.423730850219727
-11.41766357421875
-11.404317855834961
-11.392635345458984
-11.393545150756836
-11.392812728881836
-11.408390998840332
-11.41817569732666
-11.415131568908691
-11.392131805419922
-11.36548137664795
-11.371299743652344
-11.402204513549805
-11.414753913879395
-11.414881706237793
-11.379942893981934
-11.348868370056152
-11.36426067352295
-11.410981178283691
-11.416314125061035
-11.382253646850586
-11.338846206665039
-11.35490608215332
-11.410643577575684
-11.425821304321289
-11.390198707580566
-11.368481636047363
-11.391714096069336
-11.413339614868164
-11.421533584594727
-11.401166915893555
-11.385347366333008
-11.389904975891113
-11.40726375579834
-11.426309585571289
-11.42123794555664
-11.40963077545166
-11.400885581970215
-11.410500526428223
-11.42751693725586
-11.422739028930664
-11.414833068847656
-11.408482551574707
-11.414229393005371
-11.425725936889648
-11.419659614562988
-11.414067268371582
-11.413681030273438
-11.413029670715332
-11.417024612426758
-11.42400074005127
-11.422064781188965
-11.420797348022461
-11.422231674194336
-11.424811363220215
-11.431085586547852
-11.41987133026123
-11.42071533203125
-11.42690372467041
-11.42696762084961
-11.423455238342285
-11.416967391967773
-11.424969673156738
-11.428679466247559
-11.426836013793945
-11.426366806030273
-11.425508499145508
-11.424344062805176
-11.420221328735352
-11.428193092346191
-11.424219131469727
-11.420315742492676
-11.42977523803711
-11.426816940307617
-11.424103736877441
-11.423361778259277
-11.42482852935791
-11.426202774047852
-11.429161071777344
-11.424507141113281
-11.426012992858887
-11.434350967407227
-11.426167488098145
-11.42643928527832
-11.428619384765625
-11.430304527282715
-11.426607131958008
-11.427787780761719
-11.428248405456543
-11.430913925170898
-11.432084083557129
-11.428235054016113
-11.424610137939453
-11.423359870910645
-11.424846649169922
-11.433090209960938
-11.427520751953125
-11.431406021118164
-11.423443794250488
-11.424230575561523
-11.420836448669434
-11.430328369140625
-11.430588722229004
-11.427542686462402
-11.435251235961914
-11.43011474609375
-11.427224159240723
-11.429344177246094
-11.431159019470215
-11.421180725097656
-11.425857543945312
-11.426091194152832
-11.421265602111816
-11.431589126586914
-11.42724323272705
-11.434966087341309
-11.424601554870605
-11.430069923400879
-11.428712844848633
-11.430583953857422
-11.426888465881348
-11.431364059448242
-11.427995681762695
-11.430438041687012
-11.429147720336914
-11.429923057556152
-11.42594051361084
-11.427008628845215
-11.43142032623291
-11.433679580688477
-11.42601490020752
-11.426863670349121
-11.422807693481445
-11.426937103271484
-11.427023887634277
-11.429508209228516
-11.429131507873535
-11.432208061218262
-11.42949390411377
-11.430380821228027
-11.426530838012695
-11.428834915161133
-11.421463012695312
-11.428200721740723
-11.431408882141113
-11.427519798278809
-11.425191879272461
-11.421649932861328
-11.428885459899902
-11.42905330657959
-11.429229736328125
-11.42678165435791
-11.425602912902832
-11.427340507507324
-11.428231239318848
-11.428950309753418
-11.423697471618652
-11.424510955810547
-11.42177677154541
-11.418832778930664
-11.41372299194336
-11.412099838256836
-11.411517143249512
-11.417991638183594
-11.42604923248291
-11.426374435424805
-11.425894737243652
-11.426518440246582
-11.43285083770752
-11.433338165283203
-11.429933547973633
-11.432252883911133
-11.427311897277832
-11.427474975585938
-11.432558059692383
-11.4332857131958
-11.429826736450195
-11.426819801330566
-11.431528091430664
-11.427031517028809
-11.430520057678223
-11.432656288146973
-11.428890228271484
-11.436675071716309
-11.427599906921387
-11.430046081542969
-11.428400039672852
-11.429506301879883
-11.423991203308105
-11.420701026916504
-11.419986724853516
-11.418890953063965
-11.410785675048828
-11.40485954284668
-11.398226737976074
-11.386319160461426
-11.382073402404785
-11.384559631347656
-11.402348518371582
-11.417906761169434
-11.427257537841797
-11.42707633972168
-11.424083709716797
-11.411386489868164
-11.40543270111084
-11.403665542602539
-11.410826683044434
-11.420950889587402
-11.428664207458496
-11.422856330871582
-11.42994213104248
-11.430423736572266
-11.430021286010742
-11.419657707214355
-11.401124000549316
-11.397773742675781
-11.395240783691406
-11.407392501831055
-11.424215316772461
-11.4261474609375
-11.424272537231445
-11.420412063598633
-11.429370880126953
-11.428353309631348
-11.42613410949707
-11.424203872680664
-11.427913665771484
-11.429213523864746
-11.421182632446289
-11.413676261901855
-11.40826416015625
-11.410205841064453
-11.421960830688477
-11.430832862854004
-11.425890922546387
-11.425681114196777
-11.419342041015625
-11.410202980041504
-11.418649673461914
-11.420401573181152
-11.417366027832031
-11.420013427734375
-11.425843238830566
-11.428215026855469
-11.431357383728027
-11.43253231048584
-11.426664352416992
-11.42469310760498
-11.424717903137207
-11.429743766784668
-11.422309875488281
-11.427691459655762
-11.429783821105957
-11.43595027923584
-11.42891788482666
-11.427753448486328
-11.41795825958252
-11.414267539978027
-11.408915519714355
-11.416515350341797
-11.418359756469727
-11.421015739440918
-11.427797317504883
-11.430254936218262
-11.42691707611084
-11.422629356384277
-11.414313316345215
-11.4110107421875
-11.40992546081543
-11.412601470947266
-11.414244651794434
-11.414030075073242
-11.424921989440918
-11.426401138305664
-11.432902336120605
-11.425200462341309
-11.411742210388184
-11.410374641418457
-11.414402961730957
-11.418754577636719
-11.426424026489258
-11.427556991577148
-11.42953109741211
-11.42966079711914
-11.425386428833008
-11.418991088867188
-11.429275512695312
-11.436260223388672
-11.432819366455078
-11.432486534118652
-11.431621551513672
-11.428084373474121
-11.429337501525879
-11.424073219299316
-11.433323860168457
-11.435090065002441
-11.427854537963867
-11.42987060546875
-11.429430961608887
-11.427139282226562
-11.431543350219727
-11.43349552154541
-11.432357788085938
-11.431707382202148
-11.433477401733398
-11.434103965759277
-11.431785583496094
-11.43099594116211
-11.437705039978027
-11.433871269226074
-11.428345680236816
-11.431900024414062
-11.427936553955078
-11.429962158203125
-11.431476593017578
-11.426606178283691
-11.431192398071289
-11.434309959411621
-11.429821014404297
-11.436607360839844
-11.433249473571777
-11.431782722473145
-11.429350852966309
-11.42821979522705
-11.423009872436523
-11.426480293273926
-11.421006202697754
-11.418837547302246
-11.423246383666992
-11.42582893371582
-11.425466537475586
-11.426687240600586
-11.427775382995605
-11.426751136779785
-11.430089950561523
-11.432814598083496
-11.433672904968262
-11.43073844909668
-11.429969787597656
-11.422622680664062
-11.419548034667969
-11.41830062866211
-11.414366722106934
-11.414417266845703
-11.416389465332031
-11.423154830932617
-11.424098014831543
-11.423749923706055
-11.42998218536377
-11.432762145996094
-11.429551124572754
-11.434584617614746
-11.427901268005371
-11.425735473632812
-11.429766654968262
-11.42886734008789
-11.426421165466309
-11.425607681274414
-11.424814224243164
-11.415963172912598
-11.426012992858887
-11.427443504333496
-11.428811073303223
-11.437234878540039
-11.4359712600708
-11.425370216369629
-11.429089546203613
-11.423893928527832
-11.422574996948242
-11.418468475341797
-11.416309356689453
-11.414583206176758
-11.417693138122559
-11.424360275268555
-11.433209419250488
-11.434035301208496
-11.435497283935547
-11.42529582977295
-11.429234504699707
-11.429789543151855
-11.434028625488281
-11.436137199401855
-11.434906959533691
-11.430726051330566
-11.430761337280273
-11.432430267333984
-11.434465408325195
-11.436599731445312
-11.431875228881836
-11.432929039001465
-11.434072494506836
-11.42996883392334
-11.433030128479004
-11.431544303894043
-11.432121276855469
-11.431533813476562
-11.436161994934082
-11.432583808898926
-11.435072898864746
-11.432050704956055
-11.432000160217285
-11.422223091125488
-11.420807838439941
-11.417072296142578
-11.407154083251953
-11.409309387207031
-11.422872543334961
-11.43139934539795
-11.437745094299316
-11.430486679077148
-11.411736488342285
-11.40449047088623
-11.397696495056152
-11.397928237915039
-11.413009643554688
-11.428820610046387
-11.431824684143066
-11.418045997619629
-11.39163589477539
-11.373308181762695
-11.378427505493164
-11.396697044372559
-11.428705215454102
-11.431252479553223
-11.420003890991211
-11.402681350708008
-11.389896392822266
-11.397981643676758
-11.42556381225586
-11.43685245513916
-11.436046600341797
-11.424123764038086
-11.418013572692871
-11.41454792022705
-11.413991928100586
-11.416074752807617
-11.427730560302734
-11.431962966918945
-11.43334674835205
-11.421224594116211
-11.419245719909668
-11.4215669631958
-11.42385196685791
-11.428505897521973
-11.43504524230957
-11.433477401733398
-11.431412696838379
-11.432539939880371
-11.434955596923828
-11.426976203918457
-11.430493354797363
-11.433490753173828
-11.433707237243652
-11.440248489379883
-11.431241035461426
-11.436429977416992
-11.430594444274902
-11.426131248474121
-11.422647476196289
-11.427901268005371
-11.430967330932617
-11.434440612792969
-11.43356990814209
-11.433185577392578
-11.433438301086426
-11.434287071228027
-11.431913375854492
-11.427021026611328
-11.434021949768066
-11.432459831237793
-11.433257102966309
-11.434314727783203
-11.431391716003418
-11.425348281860352
-11.42868709564209
-11.43032455444336
-11.433667182922363
-11.433064460754395
-11.434277534484863
-11.435843467712402
-11.433539390563965
-11.432333946228027
-11.425177574157715
-11.429667472839355
-11.429445266723633
-11.42803955078125
-11.434296607971191
-11.435245513916016
-11.433237075805664
-11.434717178344727
-11.433558464050293
-11.434266090393066
-11.430512428283691
-11.432388305664062
-11.430764198303223
-11.431975364685059
-11.429073333740234
-11.437148094177246
-11.43423843383789
-11.433612823486328
-11.438488960266113
-11.434855461120605
-11.434348106384277
-11.438751220703125
-11.428566932678223
-11.432543754577637
-11.435576438903809
-11.43918514251709
-11.429272651672363
-11.437530517578125
-11.440377235412598
-11.438742637634277
-11.437149047851562
-11.436647415161133
-11.434564590454102
-11.438095092773438
-11.438488006591797
-11.439759254455566
-11.437126159667969
-11.43795108795166
-11.43710994720459
-11.432135581970215
-11.434057235717773
-11.44113540649414
-11.442173957824707
-11.439300537109375
-11.434915542602539
-11.437033653259277
-11.434699058532715
-11.438701629638672
-11.434731483459473
-11.436423301696777
-11.438020706176758
-11.435930252075195
-11.432780265808105
-11.433558464050293
-11.41886043548584
-11.416351318359375
-11.406963348388672
-11.414794921875
-11.423523902893066
-11.430341720581055
-11.432458877563477
-11.435247421264648
-11.438241004943848
-11.437113761901855
-11.441797256469727
-11.43792724609375
-11.436413764953613
-11.434465408325195
-11.437686920166016
-11.437070846557617
-11.436707496643066
-11.433480262756348
-11.433774948120117
-11.430747032165527
-11.429996490478516
-11.42676830291748
-11.423746109008789
-11.420845985412598
-11.421262741088867
-11.421088218688965
-11.42773723602295
-11.430373191833496
-11.436479568481445
-11.443285942077637
-11.440903663635254
-11.4390869140625
-11.434706687927246
-11.430706024169922
-11.436714172363281
-11.436939239501953
-11.435430526733398
-11.430495262145996
-11.434633255004883
-11.432361602783203
-11.43371868133545
-11.435872077941895
-11.435686111450195
-11.435622215270996
-11.437963485717773
-11.439767837524414
-11.439409255981445
-11.436854362487793
-11.439088821411133
-11.436908721923828
-11.442315101623535
-11.43742561340332
-11.436845779418945
-11.438981056213379
-11.433090209960938
-11.427571296691895
-11.427963256835938
-11.418750762939453
-11.414186477661133
-11.410223960876465
-11.409185409545898
-11.40944766998291
-11.416543960571289
-11.41948127746582
-11.425776481628418
-11.4298734664917
-11.427268981933594
-11.425285339355469
-11.433160781860352
-11.431964874267578
-11.4337739944458
-11.435497283935547
-11.43262767791748
-11.430102348327637
-11.423806190490723
-11.42455768585205
-11.417911529541016
-11.417948722839355
-11.427082061767578
-11.43525218963623
-11.433924674987793
-11.438368797302246
-11.439396858215332
-11.436727523803711
-11.434053421020508
-11.434585571289062
-11.43437671661377
-11.425683975219727
-11.433235168457031
-11.435070991516113
-11.437938690185547
-11.438720703125
-11.437310218811035
-11.433830261230469
-11.437700271606445
-11.433440208435059
-11.430749893188477
-11.42647647857666
-11.414896965026855
-11.41918659210205
-11.422727584838867
-11.4343900680542
-11.44037914276123
-11.439749717712402
-11.435030937194824
-11.424046516418457
-11.421097755432129
-11.425536155700684
-11.43445110321045
-11.434112548828125
-11.434921264648438
-11.422142028808594
-11.414381980895996
-11.41121768951416
-11.415534973144531
-11.414892196655273
-11.420364379882812
-11.431446075439453
-11.435588836669922
-11.440539360046387
-11.439468383789062
-11.439385414123535
-11.436657905578613
-11.433300018310547
-11.424723625183105
-11.426200866699219
-11.430740356445312
-11.430723190307617
-11.430853843688965
-11.437768936157227
-11.440138816833496
-11.44054126739502
-11.439369201660156
-11.442089080810547
-11.444440841674805
-11.431233406066895
-11.43759536743164
-11.435673713684082
-11.431296348571777
-11.428681373596191
-11.425241470336914
-11.411275863647461
-11.40777587890625
-11.407074928283691
-11.420329093933105
-11.436564445495605
-11.435525894165039
-11.438629150390625
-11.43679428100586
-11.435914993286133
-11.439485549926758
-11.439013481140137
-11.434263229370117
-11.434983253479004
-11.423689842224121
-11.425110816955566
-11.429025650024414
-11.423044204711914
-11.428771018981934
-11.436125755310059
-11.431334495544434
-11.440383911132812
-11.44288444519043
-11.438142776489258
-11.443259239196777
-11.43635368347168
-11.426472663879395
-11.426288604736328
-11.418350219726562
-11.413433074951172
-11.417769432067871
-11.428104400634766
-11.434758186340332
-11.439499855041504
-11.442168235778809
-11.438413619995117
-11.431854248046875
-11.429658889770508
-11.425874710083008
-11.422213554382324
-11.427289009094238
-11.434794425964355
-11.434565544128418
-11.442181587219238
-11.438496589660645
-11.430625915527344
-11.41934585571289
-11.420389175415039
-11.426718711853027
-11.434657096862793
-11.441322326660156
-11.44098949432373
-11.438400268554688
-11.432056427001953
-11.43334674835205
-11.428589820861816
-11.430624961853027
-11.4308500289917
-11.441049575805664
-11.44050121307373
-11.443001747131348
-11.443538665771484
-11.438697814941406
-11.430882453918457
-11.429762840270996
-11.419126510620117
-11.414362907409668
-11.423286437988281
-11.427098274230957
-11.435783386230469
-11.43843936920166
-11.440081596374512
-11.438700675964355
-11.436878204345703
-11.43982219696045
-11.441524505615234
-11.438480377197266
-11.437357902526855
-11.431452751159668
-11.4283447265625
-11.41939926147461
-11.422696113586426
-11.430731773376465
-11.431238174438477
-11.436776161193848
-11.443422317504883
-11.440926551818848
-11.423142433166504
-11.396401405334473
-11.382682800292969
-11.408656120300293
-11.431031227111816
-11.441102027893066
-11.44467544555664
-11.439737319946289
-11.438883781433105
-11.435054779052734
-11.433465003967285
-11.43038558959961
-11.438639640808105
-11.442376136779785
-11.443069458007812
-11.438943862915039
-11.435640335083008
-11.437604904174805
-11.437067031860352
-11.437788009643555
-11.441814422607422
-11.440215110778809
-11.441851615905762
-11.434547424316406
-11.434232711791992
-11.432509422302246
-11.437264442443848
-11.439023971557617
-11.439475059509277
-11.440877914428711
-11.441389083862305
-11.440961837768555
-11.43421745300293
-11.434049606323242
-11.42978572845459
-11.429208755493164
-11.435396194458008
-11.430960655212402
-11.430405616760254
-11.436851501464844
-11.443760871887207
-11.438767433166504
-11.439423561096191
-11.435169219970703
-11.432985305786133
-11.430428504943848
-11.431310653686523
-11.430200576782227
-11.42884349822998
-11.433732032775879
-11.435036659240723
-11.441951751708984
-11.443388938903809
-11.442638397216797
-11.441020011901855
-11.441510200500488
-11.435023307800293
-11.43034839630127
-11.431057929992676
-11.431084632873535
-11.438070297241211
-11.440129280090332
-11.442606925964355
-11.436746597290039
-11.4428071975708
-11.437773704528809
-11.443096160888672
-11.44446849822998
-11.442489624023438
-11.439929962158203
-11.439927101135254
-11.440123558044434
-11.439735412597656
-11.442598342895508
-11.44426441192627
-11.442953109741211
-11.43882942199707
-11.438980102539062
-11.443733215332031
-11.442828178405762
-11.444822311401367
-11.443352699279785
-11.438344955444336
-11.440178871154785
-11.442669868469238
-11.442465782165527
-11.441263198852539
-11.435442924499512
-11.433222770690918
-11.426578521728516
-11.427591323852539
-11.42508602142334
-11.4262056350708
-11.425387382507324
-11.427534103393555
-11.430320739746094
-11.437387466430664
-11.435579299926758
-11.443041801452637
-11.443558692932129
-11.440037727355957
-11.441643714904785
-11.438799858093262
-11.430631637573242
-11.437504768371582
-11.437260627746582
-11.432228088378906
-11.430949211120605
-11.428054809570312
-11.430167198181152
-11.426017761230469
-11.42704963684082
-11.439921379089355
-11.436555862426758
-11.43916130065918
-11.439523696899414
-11.439287185668945
-11.435297012329102
-11.436734199523926
-11.426931381225586
-11.4306001663208
-11.426738739013672
-11.423171997070312
-11.426453590393066
-11.430545806884766
-11.428004264831543
-11.434054374694824
-11.438919067382812
-11.440710067749023
-11.442654609680176
-11.442643165588379
-11.44118881225586
-11.444258689880371
-11.436684608459473
-11.432358741760254
-11.433688163757324
-11.43712043762207
-11.436171531677246
-11.433605194091797
-11.43134880065918
-11.433723449707031
-11.43616008758545
-11.43806266784668
-11.440762519836426
-11.44078254699707
-11.444890975952148
-11.441666603088379
-11.442171096801758
-11.445097923278809
-11.443268775939941
-11.44508171081543
-11.443634033203125
-11.441113471984863
-11.440027236938477
-11.444645881652832
-11.446930885314941
-11.443748474121094
-11.442688941955566
-11.442191123962402
-11.438544273376465
-11.439420700073242
-11.43825912475586
-11.441704750061035
-11.437420845031738
-11.438730239868164
-11.437743186950684
-11.431514739990234
-11.42851734161377
-11.429226875305176
-11.429539680480957
-11.432071685791016
-11.435474395751953
-11.439202308654785
-11.444140434265137
-11.440750122070312
-11.439617156982422
-11.439874649047852
-11.437947273254395
-11.433082580566406
-11.429279327392578
-11.43354320526123
-11.436003684997559
-11.445199966430664
-11.443524360656738
-11.441747665405273
-11.442643165588379
-11.440805435180664
-11.436039924621582
-11.431538581848145
-11.429659843444824
-11.423685073852539
-11.419347763061523
-11.425721168518066
-11.43266487121582
-11.43824291229248
-11.443460464477539
-11.436017990112305
-11.441906929016113
-11.444429397583008
-11.444897651672363
-11.440210342407227
-11.4402494430542
-11.432703971862793
-11.42805004119873
-11.429128646850586
-11.427873611450195
-11.42917537689209
-11.429296493530273
-11.431313514709473
-11.438117980957031
-11.442566871643066
-11.445755958557129
-11.44025993347168
-11.44227409362793
-11.43982219696045
-11.436179161071777
-11.436982154846191
-11.432168960571289
-11.43575668334961
-11.43734359741211
-11.438986778259277
-11.439754486083984
-11.443378448486328
-11.446561813354492
-11.442499160766602
-11.448380470275879
-11.44613265991211
-11.44448184967041
-11.447680473327637
-11.445655822753906
-11.444647789001465
-11.44372844696045
-11.443266868591309
-11.445998191833496
-11.44419002532959
-11.444043159484863
-11.439233779907227
-11.437487602233887
-11.433216094970703
-11.426753997802734
-11.425328254699707
-11.421757698059082
-11.425490379333496
-11.427691459655762
-11.428275108337402
-11.434115409851074
-11.43696403503418
-11.441583633422852
-11.44614315032959
-11.448623657226562
-11.446696281433105
-11.445112228393555
-11.442670822143555
-11.43957805633545
-11.441691398620605
-11.438562393188477
-11.434842109680176
-11.432506561279297
-11.43267822265625
-11.43364143371582
-11.433015823364258
-11.443249702453613
-11.445123672485352
-11.445649147033691
-11.443643569946289
-11.441224098205566
-11.440385818481445
-11.426545143127441
-11.427070617675781
-11.424171447753906
-11.427858352661133
-11.428773880004883
-11.43404769897461
-11.43613052368164
-11.442800521850586
-11.441935539245605
-11.428032875061035
-11.419785499572754
-11.408554077148438
-11.417795181274414
-11.427295684814453
-11.439346313476562
-11.445958137512207
-11.443907737731934
-11.42890453338623
-11.414990425109863
-11.395716667175293
-11.392322540283203
-11.418147087097168
-11.435084342956543
-11.447419166564941
-11.437396049499512
-11.426597595214844
-11.420076370239258
-11.422752380371094
-11.431177139282227
-11.439152717590332
-11.445718765258789
-11.43931770324707
-11.426397323608398
-11.418769836425781
-11.424323081970215
-11.434221267700195
-11.440265655517578
-11.443757057189941
-11.445209503173828
-11.444576263427734
-11.441845893859863
-11.447090148925781
-11.443806648254395
-11.444916725158691
-11.446343421936035
-11.44247055053711
-11.441783905029297
-11.43787956237793
-11.438015937805176
-11.434310913085938
-11.431462287902832
-11.436872482299805
-11.443902969360352
-11.447916030883789
-11.4451322555542
-11.447126388549805
-11.44180965423584
-11.438863754272461
-11.429068565368652
-11.431334495544434
-11.429842948913574
-11.436799049377441
-11.4447603225708
-11.436591148376465
-11.41252326965332
-11.39225959777832
-11.401144027709961
-11.427847862243652
-11.441126823425293
-11.43379020690918
-11.401267051696777
-11.372536659240723
-11.382604598999023
-11.424956321716309
-11.439786911010742
-11.423137664794922
-11.408570289611816
-11.415387153625488
-11.432936668395996
-11.437224388122559
-11.443510055541992
-11.436090469360352
-11.431081771850586
-11.425172805786133
-11.423456192016602
-11.435121536254883
-11.44304370880127
-11.438821792602539
-11.440542221069336
-11.438800811767578
-11.444540977478027
-11.444150924682617
-11.441812515258789
-11.441301345825195
-11.441527366638184
-11.44216251373291
-11.441488265991211
-11.439550399780273
-11.44422435760498
-11.4457426071167
-11.449405670166016
-11.442940711975098
-11.448099136352539
-11.447641372680664
-11.441128730773926
-11.44040298461914
-11.44153881072998
-11.446194648742676
-11.448810577392578
-11.44771957397461
-11.442935943603516
-11.442883491516113
-11.436491012573242
-11.431118965148926
-11.430622100830078
-11.439732551574707
-11.441741943359375
-11.445783615112305
-11.440305709838867
-11.434823036193848
-11.435568809509277
-11.434396743774414
-11.433006286621094
-11.442245483398438
-11.44090747833252
-11.447357177734375
-11.445627212524414
-11.445242881774902
-11.445103645324707
-11.446365356445312
-11.442505836486816
-11.442176818847656
-11.441046714782715
-11.444952964782715
-11.4489164352417
-11.448631286621094
-11.44911003112793
-11.445677757263184
-11.444546699523926
-11.444801330566406
-11.44633674621582
-11.443333625793457
-11.444476127624512
-11.44587230682373
-11.448644638061523
-11.45019245147705
-11.449952125549316
-11.446343421936035
-11.444857597351074
-11.449477195739746
-11.443946838378906
-11.44675350189209
-11.445874214172363
-11.446229934692383
-11.446016311645508
-11.447998046875
-11.444252014160156
-11.447031021118164
-11.444177627563477
-11.447787284851074
-11.449732780456543
-11.446758270263672
-11.44625186920166
-11.447612762451172
-11.448856353759766
-11.449580192565918
-11.449213027954102
-11.4490966796875
-11.44777774810791
-11.446550369262695
-11.447779655456543
-11.447635650634766
-11.444905281066895
-11.447891235351562
-11.447628021240234
-11.446149826049805
-11.45202922821045
-11.442283630371094
-11.446435928344727
-11.446343421936035
-11.442805290222168
-11.444525718688965
-11.439101219177246
-11.440220832824707
-11.438353538513184
-11.435418128967285
-11.432697296142578
-11.435464859008789
-11.437301635742188
-11.44301700592041
-11.447266578674316
-11.445221900939941
-11.450666427612305
-11.448482513427734
-11.445428848266602
-11.446137428283691
-11.448840141296387
-11.443792343139648
-11.443582534790039
-11.445860862731934
-11.448775291442871
-11.445799827575684
-11.447183609008789
-11.449655532836914
-11.450057983398438
-11.446809768676758
-11.448988914489746
-11.447084426879883
-11.444999694824219
-11.448753356933594
-11.442061424255371
-11.445804595947266
-11.442411422729492
-11.444008827209473
-11.444480895996094
-11.443781852722168
-11.44866943359375
-11.447100639343262
-11.4495849609375
-11.448346138000488
-11.44693374633789
-11.443938255310059
-11.439375877380371
-11.427164077758789
-11.42393970489502
-11.42463207244873
-11.429387092590332
-11.435749053955078
-11.443473815917969
-11.44563102722168
-11.44618034362793
-11.444192886352539
-11.447901725769043
-11.44090747833252
-11.428406715393066
-11.417279243469238
-11.425436019897461
-11.430787086486816
-11.43231201171875
-11.430127143859863
-11.43846321105957
-11.442770957946777
-11.43947982788086
-11.437228202819824
-11.435564994812012
-11.435827255249023
-11.438138008117676
-11.436118125915527
-11.443455696105957
-11.445956230163574
-11.450735092163086
-11.44813346862793
-11.449813842773438
-11.44802474975586
-11.447920799255371
-11.445615768432617
-11.447826385498047
-11.446195602416992
-11.443211555480957
-11.450295448303223
-11.447009086608887
-11.447626113891602
-11.446609497070312
-11.447495460510254
-11.448945045471191
-11.445515632629395
-11.447222709655762
-11.441856384277344
-11.443493843078613
-11.433112144470215
-11.427878379821777
-11.424541473388672
-11.421647071838379
-11.43204402923584
-11.435700416564941
-11.438298225402832
-11.448006629943848
-11.447669982910156
-11.447958946228027
-11.44617748260498
-11.446776390075684
-11.449626922607422
-11.440823554992676
-11.44721794128418
-11.442288398742676
-11.445966720581055
-11.443039894104004
-11.440511703491211
-11.438901901245117
-11.44116497039795
-11.439664840698242
-11.445332527160645
-11.443197250366211
-11.445651054382324
-11.442549705505371
-11.44620132446289
-11.444746017456055
-11.446833610534668
-11.447021484375
-11.446836471557617
-11.446599960327148
-11.451871871948242
-11.44838809967041
-11.447208404541016
-11.448209762573242
-11.450278282165527
-11.44410514831543
-11.44487190246582
-11.451752662658691
-11.44577407836914
-11.44717788696289
-11.4525785446167
-11.451151847839355
-11.44739818572998
-11.453014373779297
-11.447219848632812
-11.448782920837402
-11.450133323669434
-11.448050498962402
-11.447813034057617
-11.444418907165527
-11.446283340454102
-11.446524620056152
-11.447285652160645
-11.449736595153809
-11.44672679901123
-11.448782920837402
-11.448457717895508
-11.447784423828125
-11.444942474365234
-11.444767951965332
-11.440756797790527
-11.432547569274902
-11.427716255187988
-11.422523498535156
-11.421712875366211
-11.415245056152344
-11.414322853088379
-11.412057876586914
-11.426712036132812
-11.435481071472168
-11.441957473754883
-11.444137573242188
-11.446919441223145
-11.449132919311523
-11.449737548828125
-11.450064659118652
-11.449686050415039
-11.450643539428711
-11.445176124572754
-11.4432954788208
-11.444416999816895
-11.44718074798584
-11.449098587036133
-11.44947338104248
-11.445558547973633
-11.441924095153809
-11.445172309875488
-11.443990707397461
-11.446125030517578
-11.450173377990723
-11.448470115661621
-11.448385238647461
-11.450652122497559
-11.447789192199707
-11.444694519042969
-11.445329666137695
-11.4433012008667
-11.439696311950684
-11.440576553344727
-11.427630424499512
-11.42245864868164
-11.432173728942871
-11.433247566223145
-11.435524940490723
-11.440011978149414
-11.4410400390625
-11.444427490234375
-11.44487476348877
-11.440923690795898
-11.441965103149414
-11.442501068115234
-11.442605018615723
-11.4439697265625
-11.441533088684082
-11.434860229492188
-11.43697452545166
-11.434815406799316
-11.437111854553223
-11.439508438110352
-11.44130802154541
-11.441109657287598
-11.444339752197266
-11.446002006530762
-11.444574356079102
-11.450307846069336
-11.450336456298828
-11.4484281539917
-11.446144104003906
-11.433744430541992
-11.428329467773438
-11.416966438293457
-11.425015449523926
-11.429274559020996
-11.437874794006348
-11.44925308227539
-11.446950912475586
-11.436495780944824
-11.423315048217773
-11.419485092163086
-11.425679206848145
-11.436081886291504
-11.44147777557373
-11.445052146911621
-11.451764106750488
-11.447927474975586
-11.44996166229248
-11.4467134475708
-11.445627212524414
-11.442806243896484
-11.44157886505127
-11.43560791015625
-11.438275337219238
-11.434097290039062
-11.435386657714844
-11.435615539550781
-11.442445755004883
-11.445513725280762
-11.450763702392578
-11.449159622192383
-11.447644233703613
-11.447413444519043
-11.442140579223633
-11.442431449890137
-11.447291374206543
-11.448079109191895
-11.44943618774414
-11.447347640991211
-11.445570945739746
-11.445152282714844
-11.448125839233398
-11.442808151245117
-11.443449974060059
-11.443466186523438
-11.446700096130371
-11.447649955749512
-11.448756217956543
-11.448626518249512
-11.451532363891602
-11.451750755310059
-11.450275421142578
-11.449750900268555
-11.446541786193848
-11.44306755065918
-11.440322875976562
-11.433282852172852
-11.433633804321289
-11.437355041503906
-11.43689250946045
-11.438854217529297
-11.441814422607422
-11.442846298217773
-11.44925308227539
-11.451059341430664
-11.454599380493164
-11.450211524963379
-11.450906753540039
-11.454211235046387
-11.447749137878418
-11.449274063110352
-11.448994636535645
-11.448216438293457
-11.450600624084473
-11.450063705444336
-11.445765495300293
-11.446709632873535
-11.450547218322754
-11.444912910461426
-11.442317008972168
-11.441650390625
-11.435869216918945
-11.430830001831055
-11.426734924316406
-11.43321418762207
-11.446748733520508
-11.449112892150879
-11.450918197631836
-11.440010070800781
-11.432999610900879
-11.430492401123047
-11.430669784545898
-11.431941986083984
-11.439643859863281
-11.444910049438477
-11.447988510131836
-11.449697494506836
-11.449437141418457
-11.447667121887207
-11.445338249206543
-11.441329956054688
-11.441641807556152
-11.437268257141113
-11.438117980957031
-11.435812950134277
-11.436336517333984
-11.437434196472168
-11.442073822021484
-11.447245597839355
-11.446940422058105
-11.444873809814453
-11.443790435791016
-11.44153118133545
-11.442191123962402
-11.44697380065918
-11.449106216430664
-11.44971752166748
-11.450630187988281
-11.452104568481445
-11.451761245727539
-11.449382781982422
-11.447412490844727
-11.445887565612793
-11.443592071533203
-11.445624351501465
-11.444737434387207
-11.45008373260498
-11.442464828491211
-11.442856788635254
-11.443808555603027
-11.442767143249512
-11.445088386535645
-11.44799518585205
-11.451297760009766
-11.4527006149292
-11.45028305053711
-11.450422286987305
-11.449678421020508
-11.451128959655762
-11.447837829589844
-11.44580078125
-11.441267967224121
-11.434369087219238
-11.43644905090332
-11.43039608001709
-11.430638313293457
-11.435803413391113
-11.439051628112793
-11.440710067749023
-11.443161010742188
-11.44897174835205
-11.451006889343262
-11.45223617553711
-11.451454162597656
-11.453465461730957
-11.45141887664795
-11.451534271240234
-11.455132484436035
-11.450295448303223
-11.453577995300293
-11.450935363769531
-11.448607444763184
-11.44629955291748
-11.447125434875488
-11.448098182678223
-11.444417953491211
-11.448775291442871
-11.446322441101074
-11.44344711303711
-11.444437980651855
-11.443946838378906
-11.44352912902832
-11.446585655212402
-11.44725513458252
-11.44882869720459
-11.44707202911377
-11.452106475830078
-11.449997901916504
-11.449769973754883
-11.452739715576172
-11.453655242919922
-11.451631546020508
-11.451522827148438
-11.450116157531738
-11.449005126953125
-11.445743560791016
-11.444005966186523
-11.436264038085938
-11.433104515075684
-11.426015853881836
-11.423492431640625
-11.426776885986328
-11.434935569763184
-11.446114540100098
-11.44943618774414
-11.45109748840332
-11.453371047973633
-11.450713157653809
-11.452502250671387
-11.45105266571045
-11.448927879333496
-11.441152572631836
-11.435759544372559
-11.425251960754395
-11.423583030700684
-11.4227933883667
-11.42989444732666
-11.438299179077148
-11.444999694824219
-11.451725006103516
-11.452957153320312
-11.452465057373047
-11.452338218688965
-11.450279235839844
-11.451099395751953
-11.449135780334473
-11.440730094909668
-11.435296058654785
-11.433882713317871
-11.438823699951172
-11.440544128417969
-11.45036792755127
-11.449848175048828
-11.449482917785645
-11.44619369506836
-11.438762664794922
-11.424278259277344
-11.421053886413574
-11.425201416015625
-11.435105323791504
-11.441354751586914
-11.447992324829102
-11.45195198059082
-11.45071029663086
-11.443657875061035
-11.444046974182129
-11.442008972167969
-11.441861152648926
-11.440629959106445
-11.436529159545898
-11.443511009216309
-11.448079109191895
-11.451144218444824
-11.451765060424805
-11.453983306884766
-11.45096492767334
-11.443475723266602
-11.4351806640625
-11.435500144958496
-11.434635162353516
-11.431620597839355
-11.43895149230957
-11.444619178771973
-11.449267387390137
-11.455000877380371
-11.453323364257812
-11.449202537536621
-11.45361328125
-11.454547882080078
-11.454622268676758
-11.453463554382324
-11.454177856445312
-11.452134132385254
-11.455414772033691
-11.453665733337402
-11.455244064331055
-11.45340347290039
-11.453892707824707
-11.45221996307373
-11.450129508972168
-11.45267391204834
-11.452540397644043
-11.453396797180176
-11.4474458694458
-11.44180679321289
-11.439537048339844
-11.441253662109375
-11.438989639282227
-11.439667701721191
-11.439891815185547
-11.442023277282715
-11.44276237487793
-11.44454574584961
-11.443493843078613
-11.446558952331543
-11.451507568359375
-11.453476905822754
-11.453653335571289
-11.452044486999512
-11.454414367675781
-11.450813293457031
-11.45106029510498
-11.454666137695312
-11.453840255737305
-11.449761390686035
-11.452901840209961
-11.449848175048828
-11.449357986450195
-11.447614669799805
-11.451223373413086
-11.454065322875977
-11.452201843261719
-11.45261001586914
-11.451406478881836
-11.444854736328125
-11.442384719848633
-11.440488815307617
-11.439922332763672
-11.44066047668457
-11.444833755493164
-11.445863723754883
-11.44379997253418
-11.444765090942383
-11.447925567626953
-11.444331169128418
-11.450040817260742
-11.45115852355957
-11.454343795776367
-11.45298957824707
-11.452476501464844
-11.45287799835205
-11.453892707824707
-11.453948974609375
-11.456151962280273
-11.452814102172852
-11.451803207397461
-11.452217102050781
-11.448509216308594
-11.450068473815918
-11.448169708251953
-11.451224327087402
-11.453861236572266
-11.453330039978027
-11.45090389251709
-11.45181655883789
-11.452864646911621
-11.453991889953613
-11.452262878417969
-11.453141212463379
-11.453499794006348
-11.451058387756348
-11.445169448852539
-11.449675559997559
-11.441226959228516
-11.440262794494629
-11.439937591552734
-11.436522483825684
-11.433690071105957
-11.436200141906738
-11.434138298034668
-11.438849449157715
-11.444705963134766
-11.447076797485352
-11.44629192352295
-11.44393539428711
-11.448823928833008
-11.442073822021484
-11.437501907348633
-11.437640190124512
-11.437545776367188
-11.441169738769531
-11.444364547729492
-11.448275566101074
-11.453039169311523
-11.451553344726562
-11.449289321899414
-11.45318603515625
-11.45373821258545
-11.45406436920166
-11.450861930847168
-11.453269958496094
-11.447294235229492
-11.447423934936523
-11.442792892456055
-11.444580078125
-11.450026512145996
-11.449783325195312
-11.451201438903809
-11.447826385498047
-11.437808990478516
-11.433990478515625
-11.428723335266113
-11.435773849487305
-11.441007614135742
-11.436111450195312
-11.435882568359375
-11.434125900268555
-11.434401512145996
-11.43397045135498
-11.436335563659668
-11.431340217590332
-11.434861183166504
-11.441655158996582
-11.446717262268066
-11.450425148010254
-11.451272964477539
-11.45484733581543
-11.454326629638672
-11.454543113708496
-11.455793380737305
-11.452872276306152
-11.451824188232422
-11.455513954162598
-11.455079078674316
-11.455389022827148
-11.455764770507812
-11.45727252960205
-11.453045845031738
-11.453103065490723
-11.452729225158691
-11.451478004455566
-11.448186874389648
-11.447930335998535
-11.451316833496094
-11.451186180114746
-11.452847480773926
-11.454319953918457
-11.452041625976562
-11.456191062927246
-11.453134536743164
-11.453171730041504
-11.452679634094238
-11.456472396850586
-11.454634666442871
-11.454544067382812
-11.45521354675293
-11.454574584960938
-11.455110549926758
-11.452327728271484
-11.451553344726562
-11.455438613891602
-11.453252792358398
-11.454907417297363
-11.45490837097168
-11.453418731689453
-11.451240539550781
-11.450628280639648
-11.449071884155273
-11.448413848876953
-11.449974060058594
-11.449317932128906
-11.453253746032715
-11.45095157623291
-11.45570182800293
-11.455205917358398
-11.454590797424316
-11.450841903686523
-11.4508695602417
-11.44720458984375
-11.44965934753418
-11.448010444641113
-11.440213203430176
-11.442222595214844
-11.434697151184082
-11.424837112426758
-11.412198066711426
-11.411153793334961
-11.425670623779297
-11.445324897766113
-11.453195571899414
-11.450491905212402
-11.441112518310547
-11.422658920288086
-11.412077903747559
-11.40603256225586
-11.419766426086426
-11.449384689331055
-11.444817543029785
-11.422942161560059
-11.378463745117188
-11.362792015075684
-11.404496192932129
-11.442646980285645
-11.453485488891602
-11.450376510620117
-11.448533058166504
-11.438207626342773
-11.423664093017578
-11.412116050720215
-11.417298316955566
-11.435258865356445
-11.447742462158203
-11.452322959899902
-11.452103614807129
-11.452764511108398
-11.448141098022461
-11.442877769470215
-11.448694229125977
-11.453103065490723
-11.45411205291748
-11.455282211303711
-11.446328163146973
-11.451478004455566
-11.4537353515625
-11.454496383666992
-11.456341743469238
-11.45460033416748
-11.451289176940918
-11.447977066040039
-11.44546890258789
-11.447785377502441
-11.450615882873535
-11.449136734008789
-11.449989318847656
-11.454980850219727
-11.457100868225098
-11.45445442199707
-11.454428672790527
-11.455571174621582
-11.454174041748047
-11.45257568359375
-11.454575538635254
-11.456271171569824
-11.455870628356934
-11.458112716674805
-11.451786041259766
-11.454543113708496
-11.454068183898926
-11.454530715942383
-11.456067085266113
-11.453913688659668
-11.456917762756348
-11.45589542388916
-11.453681945800781
-11.455591201782227
-11.456418991088867
-11.451276779174805
-11.452888488769531
-11.4539155960083
-11.448745727539062
-11.450512886047363
-11.451993942260742
-11.451541900634766
-11.45543098449707
-11.455758094787598
-11.455606460571289
-11.450897216796875
-11.450119972229004
-11.451910018920898
-11.452824592590332
-11.448967933654785
-11.45232105255127
-11.44843864440918
-11.450738906860352
-11.446395874023438
-11.447617530822754
-11.445308685302734
-11.44405746459961
-11.44780445098877
-11.450922966003418
-11.45497989654541
-11.45372486114502
-11.453094482421875
-11.456820487976074
-11.450992584228516
-11.43983268737793
-11.43447494506836
-11.429847717285156
-11.428689956665039
-11.4359769821167
-11.44372272491455
-11.452276229858398
-11.452594757080078
-11.455305099487305
-11.453530311584473
-11.455985069274902
-11.455947875976562
-11.451900482177734
-11.446516036987305
-11.445233345031738
-11.44594955444336
-11.44857406616211
-11.449139595031738
-11.449820518493652
-11.452091217041016
-11.453261375427246
-11.453932762145996
-11.449905395507812
-11.448873519897461
-11.44677448272705
-11.439640998840332
-11.435468673706055
-11.43469524383545
-11.435822486877441
-11.444628715515137
-11.451757431030273
-11.45656967163086
-11.456039428710938
-11.44612979888916
-11.442190170288086
-11.434444427490234
-11.42859935760498
-11.428505897521973
-11.427835464477539
-11.434528350830078
-11.445515632629395
-11.451709747314453
-11.455183029174805
-11.455122947692871
-11.45252799987793
-11.448492050170898
-11.44699478149414
-11.444477081298828
-11.442207336425781
-11.442789077758789
-11.444193840026855
-11.446043968200684
-11.44521713256836
-11.449727058410645
-11.455207824707031
-11.454116821289062
-11.455438613891602
-11.454901695251465
-11.448256492614746
-11.448610305786133
-11.442749977111816
-11.444623947143555
-11.445985794067383
-11.449230194091797
-11.451687812805176
-11.45706844329834
-11.448528289794922
-11.44681453704834
-11.436631202697754
-11.43677806854248
-11.44096565246582
-11.450366973876953
-11.456681251525879
-11.452658653259277
-11.454655647277832
-11.453370094299316
-11.445176124572754
-11.44605541229248
-11.446972846984863
-11.448594093322754
-11.44979476928711
-11.450948715209961
-11.454224586486816
-11.454710006713867
-11.45745849609375
-11.457758903503418
-11.45706844329834
-11.452054023742676
-11.448104858398438
-11.442896842956543
-11.436565399169922
-11.437907218933105
-11.438767433166504
-11.443450927734375
-11.442790985107422
-11.45085334777832
-11.454667091369629
-11.45020866394043
-11.432080268859863
-11.414681434631348
-11.411314010620117
-11.430667877197266
-11.445534706115723
-11.454068183898926
-11.450035095214844
-11.435555458068848
-11.42199993133545
-11.420939445495605
-11.428645133972168
-11.448678970336914
-11.452371597290039
-11.452993392944336
-11.438152313232422
-11.418508529663086
-11.4105863571167
-11.424221992492676
-11.444019317626953
-11.45451831817627
-11.454845428466797
-11.44847297668457
-11.437906265258789
-11.432519912719727
-11.445686340332031
-11.454297065734863
-11.454275131225586
-11.451803207397461
-11.450542449951172
-11.45185661315918
-11.455753326416016
-11.45551872253418
-11.454599380493164
-11.45363998413086
-11.4519624710083
-11.45047664642334
-11.450037956237793
-11.451298713684082
-11.454540252685547
-11.454785346984863
-11.455988883972168
-11.457935333251953
-11.457721710205078
-11.454415321350098
-11.454133987426758
-11.45258617401123
-11.449432373046875
-11.449560165405273
-11.453150749206543
-11.457119941711426
-11.457074165344238
-11.457197189331055
-11.454063415527344
-11.451202392578125
-11.452445983886719
-11.451371192932129
-11.456603050231934
-11.453743934631348
-11.457769393920898
-11.449956893920898
-11.445552825927734
-11.436605453491211
-11.437882423400879
-11.44515323638916
-11.448674201965332
-11.453656196594238
-11.456341743469238
-11.455313682556152
-11.455504417419434
-11.453665733337402
-11.45425796508789
-11.449114799499512
-11.451241493225098
-11.450935363769531
-11.45129680633545
-11.454347610473633
-11.456645965576172
-11.456221580505371
-11.457334518432617
-11.454127311706543
-11.456400871276855
-11.454754829406738
-11.453226089477539
-11.450406074523926
-11.453882217407227
-11.456369400024414
-11.455692291259766
-11.45704460144043
-11.456338882446289
-11.457883834838867
-11.456600189208984
-11.449433326721191
-11.449701309204102
-11.448371887207031
-11.445205688476562
-11.448799133300781
-11.454985618591309
-11.455987930297852
-11.456724166870117
-11.455079078674316
-11.45616340637207
-11.453530311584473
-11.45680046081543
-11.458876609802246
-11.456137657165527
-11.457564353942871
-11.456949234008789
-11.456509590148926
-11.456421852111816
-11.455788612365723
-11.454363822937012
-11.455373764038086
-11.45516300201416
-11.457555770874023
-11.45443344116211
-11.455121040344238
-11.453178405761719
-11.453413009643555
-11.457892417907715
-11.455425262451172
-11.457415580749512
-11.454329490661621
-11.449576377868652
-11.443601608276367
-11.44159984588623
-11.43712043762207
-11.436137199401855
-11.444951057434082
-11.44848346710205
-11.453194618225098
-11.456685066223145
-11.458456993103027
-11.458900451660156
-11.456937789916992
-11.455259323120117
-11.454805374145508
-11.453974723815918
-11.44739055633545
-11.446813583374023
-11.44825267791748
-11.447983741760254
-11.448122024536133
-11.454319953918457
-11.4578275680542
-11.45609188079834
-11.455541610717773
-11.455491065979004
-11.455201148986816
-11.4515380859375
-11.453583717346191
-11.455153465270996
-11.453498840332031
-11.453137397766113
-11.450871467590332
-11.457183837890625
-11.455167770385742
-11.454521179199219
-11.458442687988281
-11.455759048461914
-11.458084106445312
-11.456769943237305
-11.4596586227417
-11.459244728088379
-11.458460807800293
-11.458600044250488
-11.459732055664062
-11.458348274230957
-11.45780086517334
-11.457810401916504
-11.449454307556152
-11.443985939025879
-11.446425437927246
-11.44742202758789
-11.450395584106445
-11.454605102539062
-11.457905769348145
-11.455035209655762
-11.449319839477539
-11.433152198791504
-11.411712646484375
-11.403092384338379
-11.420573234558105
-11.434761047363281
-11.450813293457031
-11.456022262573242
-11.454195976257324
-11.453474998474121
-11.4471435546875
-11.448511123657227
-11.445714950561523
-11.45263385772705
-11.457544326782227
-11.456889152526855
-11.453630447387695
-11.45554256439209
-11.45105266571045
-11.448447227478027
-11.44816780090332
-11.446549415588379
-11.445527076721191
-11.450953483581543
-11.4545316696167
-11.455827713012695
-11.45455551147461
-11.455771446228027
-11.458000183105469
-11.455134391784668
-11.449614524841309
-11.43842601776123
-11.431689262390137
-11.438996315002441
-11.448762893676758
-11.455802917480469
-11.45915699005127
-11.458239555358887
-11.452601432800293
-11.446470260620117
-11.437838554382324
-11.429693222045898
-11.430524826049805
-11.434338569641113
-11.442056655883789
-11.449006080627441
-11.457121849060059
-11.458052635192871
-11.454224586486816
-11.44568920135498
-11.440211296081543
-11.443283081054688
-11.445239067077637
-11.448084831237793
-11.453113555908203
-11.456938743591309
-11.457404136657715
-11.456931114196777
-11.455059051513672
-11.45863151550293
-11.456151008605957
-11.454598426818848
-11.450312614440918
-11.445794105529785
-11.445613861083984
-11.440936088562012
-11.4434175491333
-11.44654655456543
-11.446949005126953
-11.452584266662598
-11.456145286560059
-11.455738067626953
-11.459110260009766
-11.457233428955078
-11.456960678100586
-11.455648422241211
-11.456268310546875
-11.453057289123535
-11.451475143432617
-11.445741653442383
-11.446268081665039
-11.453584671020508
-11.456698417663574
-11.459047317504883
-11.457209587097168
-11.457417488098145
-11.458353996276855
-11.45677375793457
-11.457805633544922
-11.45757007598877
-11.459808349609375
-11.457398414611816
-11.45523738861084
-11.457448959350586
-11.46017074584961
-11.457708358764648
-11.454058647155762
-11.457845687866211
-11.45642375946045
-11.45320987701416
-11.455166816711426
-11.450348854064941
-11.451833724975586
-11.452595710754395
-11.450827598571777
-11.447378158569336
-11.44608211517334
-11.44739818572998
-11.448273658752441
-11.449081420898438
-11.453566551208496
-11.452853202819824
-11.459373474121094
-11.458536148071289
-11.457433700561523
-11.45543384552002
-11.450638771057129
-11.436858177185059
-11.424704551696777
-11.425309181213379
-11.434065818786621
-11.44636058807373
-11.455318450927734
-11.457454681396484
-11.458494186401367
-11.451249122619629
-11.447979927062988
-11.43964672088623
-11.436128616333008
-11.442849159240723
-11.449471473693848
-11.45357894897461
-11.45709228515625
-11.459697723388672
-11.455188751220703
-11.455253601074219
-11.450981140136719
-11.454575538635254
-11.45411491394043
-11.45773696899414
-11.458989143371582
-11.457687377929688
-11.459454536437988
-11.458712577819824
-11.45635986328125
-11.453096389770508
-11.451019287109375
-11.446123123168945
-11.447093963623047
-11.438204765319824
-11.440478324890137
-11.442841529846191
-11.444323539733887
-11.449302673339844
-11.454386711120605
-11.458901405334473
-11.459481239318848
-11.456927299499512
-11.457624435424805
-11.456779479980469
-11.459527969360352
-11.457371711730957
-11.456833839416504
-11.453290939331055
-11.448731422424316
-11.443011283874512
-11.438301086425781
-11.440204620361328
-11.447850227355957
-11.45712947845459
-11.456121444702148
-11.456827163696289
-11.452445030212402
-11.447489738464355
-11.444721221923828
-11.442337989807129
-11.44112491607666
-11.446643829345703
-11.448891639709473
-11.45455551147461
-11.458276748657227
-11.45982837677002
-11.457632064819336
-11.459107398986816
-11.458677291870117
-11.457598686218262
-11.452888488769531
-11.445449829101562
-11.439249992370605
-11.439858436584473
-11.440704345703125
-11.448416709899902
-11.455491065979004
-11.459037780761719
-11.456266403198242
-11.460196495056152
-11.45727252960205
-11.45291519165039
-11.44814682006836
-11.443711280822754
-11.446915626525879
-11.449715614318848
-11.447648048400879
-11.449687957763672
-11.45172119140625
-11.451896667480469
-11.452335357666016
-11.453786849975586
-11.457894325256348
-11.456965446472168
-11.460078239440918
-11.460112571716309
-11.458137512207031
-11.456534385681152
-11.455528259277344
-11.458681106567383
-11.45517349243164
-11.45922565460205
-11.457084655761719
-11.456955909729004
-11.455631256103516
-11.457405090332031
-11.456542015075684
-11.456104278564453
-11.455313682556152
-11.449965476989746
-11.449674606323242
-11.445911407470703
-11.444390296936035
-11.443254470825195
-11.452435493469238
-11.45703411102295
-11.446406364440918
-11.41250228881836
-11.370027542114258
-11.376423835754395
-11.43089485168457
-11.45730209350586
-11.439033508300781
-11.4057035446167
-11.39426040649414
-11.427319526672363
-11.45509147644043
-11.459343910217285
-11.443989753723145
-11.43000602722168
-11.426796913146973
-11.442669868469238
-11.453615188598633
-11.45923900604248
-11.455540657043457
-11.442815780639648
-11.435908317565918
-11.442045211791992
-11.450601577758789
-11.455785751342773
-11.458508491516113
-11.461301803588867
-11.456985473632812
-11.456624984741211
-11.455561637878418
-11.453344345092773
-11.458759307861328
-11.45881462097168
-11.460119247436523
-11.45809268951416
-11.455679893493652
-11.452913284301758
-11.453421592712402
-11.45616626739502
-11.459511756896973
-11.459518432617188
-11.455890655517578
-11.459896087646484
-11.459025382995605
-11.458266258239746
-11.459693908691406
-11.460099220275879
-11.458702087402344
-11.458602905273438
-11.459450721740723
-11.45730972290039
-11.46003532409668
-11.459128379821777
-11.459386825561523
-11.45893669128418
-11.46103572845459
-11.459471702575684
-11.45962142944336
-11.457033157348633
-11.457507133483887
-11.460488319396973
-11.461613655090332
-11.460161209106445
-11.460850715637207
-11.460736274719238
-11.461315155029297
-11.46145248413086
-11.460536003112793
-11.460556030273438
-11.459488868713379
-11.460223197937012
-11.454975128173828
-11.457441329956055
-11.457107543945312
-11.45848274230957
-11.45622444152832
-11.454249382019043
-11.456853866577148
-11.456857681274414
-11.457862854003906
-11.456144332885742
-11.459359169006348
-11.461047172546387
-11.457533836364746
-11.459912300109863
-11.458921432495117
-11.460671424865723
-11.461662292480469
-11.457186698913574
-11.457018852233887
-11.45738410949707
-11.459646224975586
-11.456432342529297
-11.45937728881836
-11.458603858947754
-11.459308624267578
-11.457609176635742
-11.459696769714355
-11.460299491882324
-11.457887649536133
-11.459965705871582
-11.460536003112793
-11.459793090820312
-11.46074390411377
-11.461932182312012
-11.456653594970703
-11.458440780639648
-11.454560279846191
-11.457219123840332
-11.453346252441406
-11.449328422546387
-11.436942100524902
-11.437905311584473
-11.437881469726562
-11.446117401123047
-11.451560020446777
-11.449578285217285
-11.45767593383789
-11.458708763122559
-11.458287239074707
-11.459369659423828
-11.460538864135742
-11.457329750061035
-11.454864501953125
-11.452217102050781
-11.453182220458984
-11.454418182373047
-11.457925796508789
-11.459203720092773
-11.457915306091309
-11.449212074279785
-11.43639087677002
-11.424976348876953
-11.416265487670898
-11.4243745803833
-11.442910194396973
-11.453986167907715
-11.459310531616211
-11.455163955688477
-11.450270652770996
-11.443181037902832
-11.43358325958252
-11.420976638793945
-11.400596618652344
-11.393731117248535
-11.41882038116455
-11.442469596862793
-11.456356048583984
-11.446463584899902
-11.416326522827148
-11.388389587402344
-11.405465126037598
-11.444226264953613
-11.45861530303955
-11.444469451904297
-11.424080848693848
-11.424513816833496
-11.442986488342285
-11.457676887512207
-11.459558486938477
-11.451349258422852
-11.444221496582031
-11.441292762756348
-11.448945045471191
-11.458934783935547
-11.460893630981445
-11.455856323242188
-11.4470853805542
-11.449779510498047
-11.449125289916992
-11.455461502075195
-11.45761775970459
-11.460856437683105
-11.460531234741211
-11.459117889404297
-11.454671859741211
-11.453893661499023
-11.45397663116455
-11.457717895507812
-11.459105491638184
-11.460347175598145
-11.45841121673584
-11.460009574890137
-11.459385871887207
-11.460348129272461
-11.46217155456543
-11.4609956741333
-11.461255073547363
-11.460872650146484
-11.462850570678711
-11.460429191589355
-11.46020793914795
-11.459634780883789
-11.458853721618652
-11.461506843566895
-11.457969665527344
-11.460965156555176
-11.460760116577148
-11.461050033569336
-11.460230827331543
-11.458815574645996
-11.464119911193848
-11.461922645568848
-11.458622932434082
-11.461217880249023
-11.458574295043945
-11.463459014892578
-11.459280967712402
-11.460485458374023
-11.459644317626953
-11.461066246032715
-11.461946487426758
-11.45840072631836
-11.460219383239746
-11.45926284790039
-11.460156440734863
-11.462600708007812
-11.459466934204102
-11.460565567016602
-11.460092544555664
-11.460250854492188
-11.458320617675781
-11.4598970413208
-11.458852767944336
-11.459220886230469
-11.463451385498047
-11.461946487426758
-11.462544441223145
-11.459010124206543
-11.460874557495117
-11.460371017456055
-11.462093353271484
-11.458250045776367
-11.461341857910156
-11.458983421325684
-11.458240509033203
-11.458748817443848
-11.45748519897461
-11.45923900604248
-11.460480690002441
-11.460027694702148
-11.460439682006836
-11.460232734680176
-11.461906433105469
-11.461073875427246
-11.460294723510742
-11.459117889404297
-11.454639434814453
-11.456098556518555
-11.45557689666748
-11.452075004577637
-11.454121589660645
-11.452058792114258
-11.449389457702637
-11.451904296875
-11.451632499694824
-11.45111083984375
-11.451598167419434
-11.455811500549316
-11.453974723815918
-11.451200485229492
-11.446453094482422
-11.448660850524902
-11.451902389526367
-11.447510719299316
-11.443708419799805
-11.44273567199707
-11.441262245178223
-11.445073127746582
-11.449827194213867
-11.454479217529297
-11.45763111114502
-11.461077690124512
-11.463948249816895
-11.459644317626953
-11.46087646484375
-11.457194328308105
-11.457281112670898
-11.457061767578125
-11.462291717529297
-11.461297035217285
-11.462342262268066
-11.459692001342773
-11.459900856018066
-11.45607852935791
-11.456562042236328
-11.45621109008789
-11.456379890441895
-11.459267616271973
-11.457212448120117
-11.459228515625
-11.461557388305664
-11.459976196289062
-11.462486267089844
-11.462482452392578
-11.45908260345459
-11.459223747253418
-11.457100868225098
-11.45647144317627
-11.454474449157715
-11.452668190002441
-11.451491355895996
-11.451936721801758
-11.454729080200195
-11.457823753356934
-11.46110725402832
-11.458148956298828
-11.461260795593262
-11.45995807647705
-11.458927154541016
-11.46220874786377
-11.462343215942383
-11.462040901184082
-11.462013244628906
-11.463475227355957
-11.460357666015625
-11.458342552185059
-11.458622932434082
-11.456315994262695
-11.4524507522583
-11.44741439819336
-11.443077087402344
-11.440695762634277
-11.442272186279297
-11.44112491607666
-11.447941780090332
-11.454246520996094
-11.458741188049316
-11.45815372467041
-11.457344055175781
-11.451162338256836
-11.448477745056152
-11.439410209655762
-11.433594703674316
-11.437828063964844
-11.443443298339844
-11.442526817321777
-11.445144653320312
-11.447527885437012
-11.443930625915527
-11.444162368774414
-11.442036628723145
-11.440436363220215
-11.443631172180176
-11.450629234313965
-11.455794334411621
-11.457172393798828
-11.459789276123047
-11.461190223693848
-11.456704139709473
-11.459259033203125
-11.4562406539917
-11.453831672668457
-11.454587936401367
-11.456389427185059
-11.457995414733887
-11.456705093383789
-11.456905364990234
-11.461009979248047
-11.460655212402344
-11.459041595458984
-11.460600852966309
-11.460803031921387
-11.463517189025879
-11.45980167388916
-11.459966659545898
-11.459404945373535
-11.458612442016602
-11.4535551071167
-11.454468727111816
-11.454756736755371
-11.455026626586914
-11.457091331481934
-11.456390380859375
-11.458672523498535
-11.458205223083496
-11.451676368713379
-11.439770698547363
-11.435303688049316
-11.434977531433105
-11.443209648132324
-11.455317497253418
-11.460053443908691
-11.460333824157715
-11.455506324768066
-11.447213172912598
-11.439909934997559
-11.43961238861084
-11.439586639404297
-11.44448471069336
-11.447735786437988
-11.457551956176758
-11.458911895751953
-11.459259986877441
-11.459478378295898
-11.454766273498535
-11.453307151794434
-11.441717147827148
-11.443594932556152
-11.445361137390137
-11.45044231414795
-11.449989318847656
-11.454750061035156
-11.459531784057617
-11.456328392028809
-11.449633598327637
-11.436261177062988
-11.431292533874512
-11.436217308044434
-11.440690994262695
-11.441737174987793
-11.446150779724121
-11.449202537536621
-11.45217514038086
-11.454904556274414
-11.455353736877441
-11.457968711853027
-11.4593505859375
-11.462119102478027
-11.462203025817871
-11.460600852966309
-11.457353591918945
-11.456323623657227
-11.446694374084473
-11.439396858215332
-11.439292907714844
-11.446742057800293
-11.45666217803955
-11.461822509765625
-11.461509704589844
-11.45953369140625
-11.45936393737793
-11.461732864379883
-11.461236000061035
-11.460695266723633
-11.459786415100098
-11.46200180053711
-11.462754249572754
-11.457329750061035
-11.459257125854492
-11.457123756408691
-11.458514213562012
-11.456608772277832
-11.456070899963379
-11.45423698425293
-11.454405784606934
-11.45545482635498
-11.45656681060791
-11.456499099731445
-11.456787109375
-11.460273742675781
-11.46216106414795
-11.46346664428711
-11.461007118225098
-11.462495803833008
-11.461676597595215
-11.460046768188477
-11.454903602600098
-11.453577041625977
-11.452068328857422
-11.448034286499023
-11.452921867370605
-11.456954956054688
-11.45822525024414
-11.4612455368042
-11.460906982421875
-11.462724685668945
-11.46130657196045
-11.45790958404541
-11.453903198242188
-11.452439308166504
-11.448619842529297
-11.448941230773926
-11.449994087219238
-11.456384658813477
-11.460168838500977
-11.45944595336914
-11.461329460144043
-11.46235466003418
-11.45798110961914
-11.459213256835938
-11.4544677734375
-11.450403213500977
-11.453696250915527
-11.45388412475586
-11.456985473632812
-11.461593627929688
-11.461177825927734
-11.46190357208252
-11.460819244384766
-11.457825660705566
-11.458267211914062
-11.456192970275879
-11.455316543579102
-11.453045845031738
-11.456573486328125
-11.458237648010254
-11.460387229919434
-11.459855079650879
-11.458455085754395
-11.463211059570312
-11.460169792175293
-11.461382865905762
-11.461297988891602
-11.460433959960938
-11.458556175231934
-11.457011222839355
-11.45383358001709
-11.453535079956055
-11.453790664672852
-11.45504093170166
-11.452362060546875
-11.448308944702148
-11.4417085647583
-11.437524795532227
-11.43306827545166
-11.440557479858398
-11.44631576538086
-11.452953338623047
-11.456775665283203
-11.460517883300781
-11.461919784545898
-11.461010932922363
-11.457479476928711
-11.44595718383789
-11.437175750732422
-11.424854278564453
-11.42200756072998
-11.433046340942383
-11.450767517089844
-11.460387229919434
-11.459105491638184
-11.459506034851074
-11.456294059753418
-11.449522972106934
-11.442190170288086
-11.441937446594238
-11.443899154663086
-11.44936752319336
-11.451510429382324
-11.456880569458008
-11.46043586730957
-11.463318824768066
-11.461980819702148
-11.461956024169922
-11.464250564575195
-11.462320327758789
-11.463301658630371
-11.461973190307617
-11.460160255432129
-11.461634635925293
-11.458938598632812
-11.457136154174805
-11.457932472229004
-11.458873748779297
-11.461277961730957
-11.459426879882812
-11.461648941040039
-11.462836265563965
-11.462246894836426
-11.460619926452637
-11.459136962890625
-11.462536811828613
-11.45497989654541
-11.452319145202637
-11.4479341506958
-11.439879417419434
-11.437797546386719
-11.440439224243164
-11.447670936584473
-11.453420639038086
-11.460274696350098
-11.462066650390625
-11.457709312438965
-11.447977066040039
-11.436562538146973
-11.435477256774902
-11.447394371032715
-11.455909729003906
-11.462966918945312
-11.454197883605957
-11.439106941223145
-11.423388481140137
-11.43185043334961
-11.446860313415527
-11.457311630249023
-11.45866584777832
-11.457768440246582
-11.453453063964844
-11.449814796447754
-11.451051712036133
-11.452479362487793
-11.455267906188965
-11.462276458740234
-11.458012580871582
-11.46252155303955
-11.463615417480469
-11.459641456604004
-11.458669662475586
-11.459627151489258
-11.45822525024414
-11.463109016418457
-11.464539527893066
-11.462298393249512
-11.460330963134766
-11.455127716064453
-11.455076217651367
-11.458022117614746
-11.460068702697754
-11.463390350341797
-11.462159156799316
-11.45545768737793
-11.446104049682617
-11.440848350524902
-11.448383331298828
-11.456541061401367
-11.463583946228027
-11.459214210510254
-11.450262069702148
-11.44029712677002
-11.43147087097168
-11.446664810180664
-11.458318710327148
-11.457934379577637
-11.450788497924805
-11.439752578735352
-11.434837341308594
-11.437467575073242
-11.446805000305176
-11.453808784484863
-11.46241283416748
-11.465147018432617
-11.458945274353027
-11.45101547241211
-11.447175979614258
-11.441732406616211
-11.449325561523438
-11.45648193359375
-11.461281776428223
-11.461813926696777
-11.463223457336426
-11.462503433227539
-11.463220596313477
-11.464545249938965
-11.462590217590332
-11.462261199951172
-11.4601469039917
-11.458785057067871
-11.459121704101562
-11.457777976989746
-11.459097862243652
-11.459301948547363
-11.460311889648438
-11.461689949035645
-11.462568283081055
-11.461833953857422
-11.458351135253906
-11.453672409057617
-11.45140266418457
-11.455597877502441
-11.458823204040527
-11.460189819335938
-11.46425724029541
-11.460166931152344
-11.456083297729492
-11.453644752502441
-11.449472427368164
-11.453990936279297
-11.456116676330566
-11.461899757385254
-11.46306037902832
-11.460168838500977
-11.457408905029297
-11.457061767578125
-11.45493221282959
-11.45248794555664
-11.456039428710938
-11.459905624389648
-11.460678100585938
-11.463571548461914
-11.462833404541016
-11.45976448059082
-11.455077171325684
-11.446883201599121
-11.440877914428711
-11.43858814239502
-11.441885948181152
-11.4478120803833
-11.458699226379395
-11.46084213256836
-11.460309982299805
-11.45468807220459
-11.451462745666504
-11.44643783569336
-11.450106620788574
-11.454401016235352
-11.457968711853027
-11.459416389465332
-11.458083152770996
-11.456912994384766
-11.450738906860352
-11.449942588806152
-11.450773239135742
-11.453972816467285
-11.458613395690918
-11.459123611450195
-11.463376998901367
-11.462676048278809
-11.461224555969238
-11.460691452026367
-11.456938743591309
-11.456995964050293
-11.455395698547363
-11.456034660339355
-11.458441734313965
-11.461216926574707
-11.464618682861328
-11.463370323181152
-11.462447166442871
-11.461101531982422
-11.463767051696777
-11.463252067565918
-11.462564468383789
-11.458919525146484
-11.456201553344727
-11.450331687927246
-11.451374053955078
-11.451395034790039
-11.450596809387207
-11.450562477111816
-11.452713012695312
-11.457365036010742
-11.462392807006836
-11.460127830505371
-11.447259902954102
-11.430559158325195
-11.431978225708008
-11.442392349243164
-11.457474708557129
-11.460561752319336
-11.461675643920898
-11.459832191467285
-11.455583572387695
-11.45059871673584
-11.447784423828125
-11.44381046295166
-11.442490577697754
-11.450071334838867
-11.456399917602539
-11.461461067199707
-11.4625244140625
-11.460872650146484
-11.457600593566895
-11.454299926757812
-11.454345703125
-11.457934379577637
-11.462942123413086
-11.463119506835938
-11.463155746459961
-11.463793754577637
-11.460525512695312
-11.462891578674316
-11.46363353729248
-11.46474838256836
-11.46545696258545
-11.462170600891113
-11.464035034179688
-11.46379280090332
-11.463541984558105
-11.465981483459473
-11.464778900146484
-11.461114883422852
-11.460111618041992
-11.45750904083252
-11.458651542663574
-11.456738471984863
-11.460249900817871
-11.462278366088867
-11.461195945739746
-11.465567588806152
-11.463705062866211
-11.464072227478027
-11.464949607849121
-11.463152885437012
-11.46409797668457
-11.4638032913208
-11.463805198669434
-11.462310791015625
-11.466432571411133
-11.461749076843262
-11.464639663696289
-11.46400260925293
-11.464482307434082
-11.462093353271484
-11.463436126708984
-11.463234901428223
-11.461028099060059
-11.462580680847168
-11.462878227233887
-11.46147632598877
-11.460946083068848
-11.460769653320312
-11.458471298217773
-11.458824157714844
-11.456328392028809
-11.457226753234863
-11.455376625061035
-11.456151962280273
-11.455511093139648
-11.45772647857666
-11.460041999816895
-11.459935188293457
-11.463384628295898
-11.462950706481934
-11.462675094604492
-11.463204383850098
-11.457528114318848
-11.445622444152832
-11.4356689453125
-11.434720993041992
-11.446050643920898
-11.45417594909668
-11.462357521057129
-11.462204933166504
-11.461151123046875
-11.455678939819336
-11.449217796325684
-11.440823554992676
-11.433109283447266
-11.435009002685547
-11.449793815612793
-11.460131645202637
-11.460346221923828
-11.453797340393066
-11.43530559539795
-11.417720794677734
-11.414667129516602
-11.424402236938477
-11.447869300842285
-11.464109420776367
-11.463288307189941
-11.455389976501465
-11.447578430175781
-11.438892364501953
-11.43368911743164
-11.444856643676758
-11.457536697387695
-11.461363792419434
-11.46240234375
-11.453144073486328
-11.440950393676758
-11.431370735168457
-11.439955711364746
-11.45492935180664
-11.463233947753906
-11.457674026489258
-11.443528175354004
-11.427545547485352
-11.429128646850586
-11.444367408752441
-11.457841873168945
-11.46152400970459
-11.459148406982422
-11.452664375305176
-11.451582908630371
-11.447981834411621
-11.454852104187012
-11.460124015808105
-11.463190078735352
-11.461103439331055
-11.458758354187012
-11.458024978637695
-11.457125663757324
-11.454177856445312
-11.453835487365723
-11.450072288513184
-11.452113151550293
-11.453880310058594
-11.459972381591797
-11.463495254516602
-11.463129043579102
-11.465021133422852
-11.46470832824707
-11.462888717651367
-11.460915565490723
-11.463443756103516
-11.464972496032715
-11.464734077453613
-11.463838577270508
-11.459183692932129
-11.458221435546875
-11.453746795654297
-11.455185890197754
-11.457509994506836
-11.458076477050781
-11.459831237792969
-11.463316917419434
-11.465903282165527
-11.465068817138672
-11.463770866394043
-11.4603271484375
-11.4556245803833
-11.453559875488281
-11.454524993896484
-11.460225105285645
-11.463414192199707
-11.46398639678955
-11.464601516723633
-11.46077823638916
-11.460034370422363
-11.455818176269531
-11.457523345947266
-11.459891319274902
-11.462428092956543
-11.462231636047363
-11.463974952697754
-11.454483985900879
-11.448607444763184
-11.448064804077148
-11.453699111938477
-11.455316543579102
-11.460908889770508
-11.46303653717041
-11.462992668151855
-11.460817337036133
-11.458060264587402
-11.45936393737793
-11.459440231323242
-11.4592866897583
-11.460993766784668
-11.459824562072754
-11.459211349487305
-11.464703559875488
-11.465693473815918
-11.464933395385742
-11.466370582580566
-11.46486759185791
-11.462413787841797
-11.461589813232422
-11.459772109985352
-11.456939697265625
-11.457385063171387
-11.461835861206055
-11.462937355041504
-11.463900566101074
-11.463199615478516
-11.463155746459961
-11.458748817443848
-11.454779624938965
-11.453516006469727
-11.457891464233398
-11.4597749710083
-11.461068153381348
-11.462738990783691
-11.46347427368164
-11.4600248336792
-11.45969009399414
-11.459929466247559
-11.46084213256836
-11.462066650390625
-11.462542533874512
-11.46372127532959
-11.465060234069824
-11.463086128234863
-11.461708068847656
-11.460356712341309
-11.461668014526367
-11.461689949035645
-11.463408470153809
-11.462833404541016
-11.466744422912598
-11.46463394165039
-11.463767051696777
-11.462613105773926
-11.460639953613281
-11.452585220336914
-11.44756031036377
-11.444778442382812
-11.444183349609375
-11.44608211517334
-11.45335578918457
-11.454774856567383
-11.452659606933594
-11.4529390335083
-11.455146789550781
-11.46008586883545
-11.460349082946777
-11.46423625946045
-11.46497917175293
-11.46466064453125
-11.461455345153809
-11.461325645446777
-11.464322090148926
-11.463144302368164
-11.463607788085938
-11.464262008666992
-11.463434219360352
-11.461381912231445
-11.463970184326172
-11.46495532989502
-11.46476936340332
-11.463768005371094
-11.466691017150879
-11.466124534606934
-11.464574813842773
-11.460867881774902
-11.461008071899414
-11.45491886138916
-11.45373249053955
-11.449108123779297
-11.447696685791016
-11.444188117980957
-11.448159217834473
-11.45505142211914
-11.455668449401855
-11.459287643432617
-11.46241569519043
-11.465957641601562
-11.465592384338379
-11.4651460647583
-11.464418411254883
-11.464380264282227
-11.462563514709473
-11.462464332580566
-11.461162567138672
-11.459739685058594
-11.459748268127441
-11.459552764892578
-11.455401420593262
-11.455708503723145
-11.458011627197266
-11.459737777709961
-11.458846092224121
-11.46253776550293
-11.462885856628418
-11.465446472167969
-11.463895797729492
-11.459840774536133
-11.455430030822754
-11.451358795166016
-11.440727233886719
-11.432156562805176
-11.426915168762207
-11.432624816894531
-11.443002700805664
-11.457837104797363
-11.463425636291504
-11.45805835723877
-11.431498527526855
-11.407785415649414
-11.413939476013184
-11.445514678955078
-11.463495254516602
-11.462858200073242
-11.454129219055176
-11.447662353515625
-11.44601821899414
-11.443400382995605
-11.448259353637695
-11.456584930419922
-11.462778091430664
-11.463396072387695
-11.459806442260742
-11.453513145446777
-11.448870658874512
-11.441336631774902
-11.448224067687988
-11.452507019042969
-11.459708213806152
-11.462664604187012
-11.461179733276367
-11.448556900024414
-11.434916496276855
-11.42983627319336
-11.44067096710205
-11.461722373962402
-11.462350845336914
-11.450782775878906
-11.437828063964844
-11.439257621765137
-11.45293140411377
-11.4642333984375
-11.453495025634766
-11.420005798339844
-11.400638580322266
-11.412768363952637
-11.449712753295898
-11.45453929901123
-11.406420707702637
-11.386696815490723
-11.422120094299316
-11.456242561340332
-11.452484130859375
-11.422870635986328
-11.412532806396484
-11.43161678314209
-11.452484130859375
-11.456817626953125
-11.434205055236816
-11.413802146911621
-11.421204566955566
-11.448664665222168
-11.458005905151367
-11.420661926269531
-11.380873680114746
-11.413778305053711
-11.458587646484375
-11.449248313903809
-11.408503532409668
-11.416604995727539
-11.449432373046875
-11.458945274353027
-11.430009841918945
-11.41406536102295
-11.441205024719238
-11.46359920501709
-11.453200340270996
-11.435239791870117
-11.433431625366211
-11.454355239868164
-11.464051246643066
-11.46179485321045
-11.452336311340332
-11.452844619750977
-11.462002754211426
-11.46460247039795
-11.464316368103027
-11.461803436279297
-11.461957931518555
-11.46387767791748
-11.464136123657227
-11.466601371765137
-11.466225624084473
-11.463189125061035
-11.46298885345459
-11.459522247314453
-11.463635444641113
-11.464523315429688
-11.464977264404297
-11.46325969696045
-11.466214179992676
-11.465045928955078
-11.466200828552246
-11.465102195739746
-11.465359687805176
-11.464405059814453
-11.462605476379395
-11.465065002441406
-11.466105461120605
-11.465033531188965
-11.464229583740234
-11.465197563171387
-11.465310096740723
-11.465547561645508
-11.465372085571289
-11.46711540222168
-11.465154647827148
-11.465215682983398
-11.466832160949707
-11.467239379882812
-11.465241432189941
-11.464360237121582
-11.46640396118164
-11.464581489562988
-11.466397285461426
-11.465963363647461
-11.465143203735352
-11.465668678283691
-11.46594524383545
-11.464401245117188
-11.466679573059082
-11.463424682617188
-11.466690063476562
-11.467150688171387
-11.465922355651855
-11.463546752929688
-11.46407699584961
-11.463449478149414
-11.465755462646484
-11.463754653930664
-11.464993476867676
-11.464776039123535
-11.467528343200684
-11.468268394470215
-11.465681076049805
-11.465633392333984
-11.464958190917969
-11.463471412658691
-11.465535163879395
-11.463704109191895
-11.465066909790039
-11.466861724853516
-11.462974548339844
-11.461967468261719
-11.464518547058105
-11.464876174926758
-11.464431762695312
-11.467528343200684
-11.46537971496582
-11.463171005249023
-11.460546493530273
-11.46037769317627
-11.461750984191895
-11.466161727905273
-11.467166900634766
-11.465091705322266
-11.462292671203613
-11.462929725646973
-11.464202880859375
-11.462656021118164
-11.462030410766602
-11.461451530456543
-11.464460372924805
-11.466888427734375
-11.463458061218262
-11.461517333984375
-11.459714889526367
-11.45800495147705
-11.461187362670898
-11.463194847106934
-11.466063499450684
-11.467040061950684
-11.463655471801758
-11.462352752685547
-11.462020874023438
-11.461737632751465
-11.46224308013916
-11.462636947631836
-11.464137077331543
-11.465341567993164
-11.466815948486328
-11.465086936950684
-11.464600563049316
-11.463261604309082
-11.4627103805542
-11.461894035339355
-11.463459968566895
-11.464865684509277
-11.46199893951416
-11.464773178100586
-11.464458465576172
-11.466155052185059
-11.465219497680664
-11.46533489227295
-11.464078903198242
-11.464216232299805
-11.465757369995117
-11.465136528015137
-11.462797164916992
-11.463418960571289
-11.463080406188965
-11.46329116821289
-11.464221954345703
-11.464945793151855
-11.463985443115234
-11.464900016784668
-11.460638999938965
-11.458099365234375
-11.457550048828125
-11.458708763122559
-11.464086532592773
-11.465799331665039
-11.466951370239258
-11.46597957611084
-11.460561752319336
-11.457216262817383
-11.456940650939941
-11.458966255187988
-11.462017059326172
-11.46313190460205
-11.465835571289062
-11.464890480041504
-11.458881378173828
-11.453911781311035
-11.451294898986816
-11.453374862670898
-11.458597183227539
-11.462255477905273
-11.465804100036621
-11.465261459350586
-11.464664459228516
-11.46375846862793
-11.45986557006836
-11.460505485534668
-11.460514068603516
-11.4630126953125
-11.463921546936035
-11.462705612182617
-11.464353561401367
-11.46315860748291
-11.46279525756836
-11.466147422790527
-11.465873718261719
-11.466325759887695
-11.463788032531738
-11.464179992675781
-11.464544296264648
-11.465447425842285
-11.462190628051758
-11.462944984436035
-11.464299201965332
-11.465252876281738
-11.46590518951416
-11.467166900634766
-11.467000007629395
-11.465879440307617
-11.464179039001465
-11.466219902038574
-11.467874526977539
-11.46485424041748
-11.464873313903809
-11.466084480285645
-11.466386795043945
-11.466136932373047
-11.46731185913086
-11.466316223144531
-11.466876983642578
-11.46393871307373
-11.465795516967773
-11.466389656066895
-11.465280532836914
-11.465193748474121
-11.465102195739746
-11.46284294128418
-11.46280574798584
-11.46198844909668
-11.461200714111328
-11.463911056518555
-11.463589668273926
-11.463715553283691
-11.464957237243652
-11.462331771850586
-11.461764335632324
-11.457818031311035
-11.455082893371582
-11.453200340270996
-11.452713012695312
-11.456369400024414
-11.463151931762695
-11.463193893432617
-11.466142654418945
-11.464286804199219
-11.467610359191895
-11.465591430664062
-11.462154388427734
-11.462306022644043
-11.459407806396484
-11.458476066589355
-11.452658653259277
-11.454684257507324
-11.454732894897461
-11.453730583190918
-11.456608772277832
-11.455692291259766
-11.455824851989746
-11.454463005065918
-11.455201148986816
-11.458596229553223
-11.457487106323242
-11.458767890930176
-11.463465690612793
-11.46688175201416
-11.467086791992188
-11.467828750610352
-11.465594291687012
-11.461380004882812
-11.460948944091797
-11.46009349822998
-11.458287239074707
-11.461435317993164
-11.465048789978027
-11.467730522155762
-11.466094970703125
-11.461920738220215
-11.463460922241211
-11.461507797241211
-11.461577415466309
-11.462099075317383
-11.459210395812988
-11.45626163482666
-11.452019691467285
-11.445642471313477
-11.441472053527832
-11.441736221313477
-11.435483932495117
-11.436518669128418
-11.44675064086914
-11.460450172424316
-11.462491989135742
-11.465448379516602
-11.4669771194458
-11.464217185974121
-11.46349811553955
-11.459613800048828
-11.459218978881836
-11.45713996887207
-11.460689544677734
-11.46458625793457
-11.465941429138184
-11.466692924499512
-11.464821815490723
-11.466835021972656
-11.46435546875
-11.463371276855469
-11.464071273803711
-11.463089942932129
-11.460607528686523
-11.45814037322998
-11.454160690307617
-11.448952674865723
-11.448761940002441
-11.450254440307617
-11.456899642944336
-11.461709976196289
-11.465744018554688
-11.463658332824707
-11.459013938903809
-11.448713302612305
-11.441085815429688
-11.43964958190918
-11.443243026733398
-11.44851303100586
-11.452288627624512
-11.460464477539062
-11.461628913879395
-11.457300186157227
-11.443168640136719
-11.433207511901855
-11.4381742477417
-11.451058387756348
-11.461713790893555
-11.462940216064453
-11.464822769165039
-11.465717315673828
-11.46476936340332
-11.464201927185059
-11.461410522460938
-11.458419799804688
-11.455408096313477
-11.453381538391113
-11.457996368408203
-11.460878372192383
-11.459994316101074
-11.459352493286133
-11.454489707946777
-11.449541091918945
-11.441559791564941
-11.44575309753418
-11.451071739196777
-11.458492279052734
-11.461823463439941
-11.467449188232422
-11.468182563781738
-11.46438217163086
-11.462563514709473
-11.462387084960938
-11.460267066955566
-11.45915699005127
-11.458527565002441
-11.463067054748535
-11.464189529418945
-11.464930534362793
-11.46506118774414
-11.46044921875
-11.448942184448242
-11.442126274108887
-11.440122604370117
-11.44836711883545
-11.45893669128418
-11.463619232177734
-11.465882301330566
-11.465188026428223
-11.458840370178223
-11.457637786865234
-11.457694053649902
-11.455082893371582
-11.457257270812988
-11.45810604095459
-11.460293769836426
-11.463772773742676
-11.464947700500488
-11.46147632598877
-11.450176239013672
-11.439593315124512
-11.43428897857666
-11.443063735961914
-11.454731941223145
-11.464115142822266
-11.467005729675293
-11.465008735656738
-11.462333679199219
-11.457263946533203
-11.456127166748047
-11.450946807861328
-11.455936431884766
-11.458829879760742
-11.461480140686035
-11.463974952697754
-11.465996742248535
-11.465505599975586
-11.466085433959961
-11.461055755615234
-11.459848403930664
-11.457521438598633
-11.461997032165527
-11.464094161987305
-11.466139793395996
-11.467117309570312
-11.464775085449219
-11.467233657836914
-11.466265678405762
-11.468263626098633
-11.467671394348145
-11.465882301330566
-11.466479301452637
-11.463703155517578
-11.46318531036377
-11.45777702331543
-11.455910682678223
-11.448688507080078
-11.45008373260498
-11.451494216918945
-11.452617645263672
-11.456891059875488
-11.461037635803223
-11.464813232421875
-11.465662002563477
-11.46718978881836
-11.462616920471191
-11.462320327758789
-11.460838317871094
-11.461442947387695
-11.46172046661377
-11.465499877929688
-11.466899871826172
-11.465145111083984
-11.463367462158203
-11.463932991027832
-11.460617065429688
-11.459819793701172
-11.457286834716797
-11.454238891601562
-11.451360702514648
-11.451573371887207
-11.451955795288086
-11.46091079711914
-11.463647842407227
-11.465677261352539
-11.46592903137207
-11.46303653717041
-11.461199760437012
-11.460402488708496
-11.460391998291016
-11.46329402923584
-11.465656280517578
-11.463869094848633
-11.465505599975586
-11.465394020080566
-11.468493461608887
-11.466825485229492
-11.46707534790039
-11.464920043945312
-11.465067863464355
-11.462138175964355
-11.457796096801758
-11.455904006958008
-11.452338218688965
-11.451366424560547
-11.453091621398926
-11.453984260559082
-11.459531784057617
-11.4642972946167
-11.46673583984375
-11.467168807983398
-11.466266632080078
-11.466767311096191
-11.467641830444336
-11.464367866516113
-11.46033000946045
-11.459954261779785
-11.459068298339844
-11.45994758605957
-11.461631774902344
-11.466829299926758
-11.467456817626953
-11.466068267822266
-11.462234497070312
-11.459968566894531
-11.460555076599121
-11.461066246032715
-11.46461296081543
-11.467543601989746
-11.466233253479004
-11.46591854095459
-11.467373847961426
-11.467480659484863
-11.467087745666504
-11.4681978225708
-11.467318534851074
-11.467643737792969
-11.466723442077637
-11.468457221984863
-11.46609115600586
-11.466211318969727
-11.46656322479248
-11.46844482421875
-11.466558456420898
-11.467204093933105
-11.466238021850586
-11.46664047241211
-11.466472625732422
-11.46751880645752
-11.466014862060547
-11.464115142822266
-11.463647842407227
-11.462726593017578
-11.462124824523926
-11.461441040039062
-11.461069107055664
-11.458715438842773
-11.450958251953125
-11.449614524841309
-11.441746711730957
-11.437288284301758
-11.438152313232422
-11.445097923278809
-11.449203491210938
-11.452171325683594
-11.452378273010254
-11.456343650817871
-11.4596586227417
-11.461091041564941
-11.463234901428223
-11.4646577835083
-11.465828895568848
-11.46818733215332
-11.467333793640137
-11.465178489685059
-11.466595649719238
-11.46487808227539
-11.465715408325195
-11.467653274536133
-11.46727466583252
-11.466538429260254
-11.46507740020752
-11.46806812286377
-11.46751880645752
-11.465707778930664
-11.466519355773926
-11.468360900878906
-11.466635704040527
-11.469057083129883
-11.467498779296875
-11.467256546020508
-11.465827941894531
-11.466647148132324
-11.465191841125488
-11.466788291931152
-11.465232849121094
-11.465100288391113
-11.46510124206543
-11.465954780578613
-11.466811180114746
-11.467425346374512
-11.466971397399902
-11.466653823852539
-11.466985702514648
-11.465893745422363
-11.46375846862793
-11.464811325073242
-11.459763526916504
-11.45710563659668
-11.455836296081543
-11.45255184173584
-11.449749946594238
-11.448468208312988
-11.443866729736328
-11.442159652709961
-11.43955135345459
-11.444018363952637
-11.451395988464355
-11.455765724182129
-11.45916748046875
-11.463018417358398
-11.464003562927246
-11.465797424316406
-11.467554092407227
-11.465932846069336
-11.456762313842773
-11.446542739868164
-11.436153411865234
-11.432759284973145
-11.435562133789062
-11.450868606567383
-11.461612701416016
-11.457962036132812
-11.444430351257324
-11.421086311340332
-11.414631843566895
-11.430110931396484
-11.449089050292969
-11.462657928466797
-11.463509559631348
-11.456844329833984
-11.445561408996582
-11.442795753479004
-11.450071334838867
-11.460479736328125
-11.46185302734375
-11.453777313232422
-11.44083023071289
-11.423826217651367
-11.426533699035645
-11.44550895690918
-11.460357666015625
-11.462005615234375
-11.455681800842285
-11.451203346252441
-11.453993797302246
-11.459568977355957
-11.46241283416748
-11.462255477905273
-11.458367347717285
-11.454601287841797
-11.454124450683594
-11.463292121887207
-11.462616920471191
-11.459908485412598
-11.453482627868652
-11.444563865661621
-11.43897533416748
-11.445377349853516
-11.450653076171875
-11.45391845703125
-11.4593505859375
-11.462905883789062
-11.464581489562988
-11.465715408325195
-11.466415405273438
-11.467063903808594
-11.469744682312012
-11.467935562133789
-11.467658996582031
-11.467308044433594
-11.466533660888672
-11.466999053955078
-11.467206954956055
-11.467951774597168
-11.467679977416992
-11.467259407043457
-11.467942237854004
-11.467019081115723
-11.466838836669922
-11.464826583862305
-11.465710639953613
-11.467375755310059
-11.46498966217041
-11.468222618103027
-11.46757698059082
-11.466489791870117
-11.465621948242188
-11.465462684631348
-11.462068557739258
-11.465936660766602
-11.469027519226074
-11.467514991760254
-11.4675931930542
-11.465469360351562
-11.466580390930176
-11.466879844665527
-11.466832160949707
-11.466007232666016
-11.464798927307129
-11.465311050415039
-11.467856407165527
-11.466816902160645
-11.467501640319824
-11.467281341552734
-11.466728210449219
-11.467724800109863
-11.465906143188477
-11.466388702392578
-11.466760635375977
-11.46739387512207
-11.465065956115723
-11.464838981628418
-11.463573455810547
-11.462194442749023
-11.46499252319336
-11.468215942382812
-11.466651916503906
-11.465776443481445
-11.45906925201416
-11.452683448791504
-11.451166152954102
-11.446941375732422
-11.448007583618164
-11.45368766784668
-11.459362983703613
-11.463894844055176
-11.46683120727539
-11.466809272766113
-11.466449737548828
-11.46397590637207
-11.460975646972656
-11.459887504577637
-11.458969116210938
-11.459684371948242
-11.456640243530273
-11.453733444213867
-11.453413963317871
-11.453522682189941
-11.457671165466309
-11.464229583740234
-11.467792510986328
-11.468493461608887
-11.464128494262695
-11.462740898132324
-11.460822105407715
-11.459074974060059
-11.459563255310059
-11.456546783447266
-11.456672668457031
-11.45719051361084
-11.461319923400879
-11.462945938110352
-11.467546463012695
-11.466469764709473
-11.467263221740723
-11.468101501464844
-11.466059684753418
-11.466165542602539
-11.460846900939941
-11.455052375793457
-11.453180313110352
-11.452581405639648
-11.453299522399902
-11.457414627075195
-11.45947265625
-11.465693473815918
-11.465522766113281
-11.469017028808594
-11.467440605163574
-11.466619491577148
-11.465116500854492
-11.464109420776367
-11.462852478027344
-11.464136123657227
-11.461697578430176
-11.462594985961914
-11.462664604187012
-11.466680526733398
-11.468069076538086
-11.467141151428223
-11.460987091064453
-11.451889038085938
-11.443648338317871
-11.43520450592041
-11.4403076171875
-11.447746276855469
-11.458438873291016
-11.465034484863281
-11.46773910522461
-11.46255111694336
-11.455190658569336
-11.455138206481934
-11.4550199508667
-11.449277877807617
-11.44985580444336
-11.452207565307617
-11.455373764038086
-11.46474838256836
-11.466767311096191
-11.459107398986816
-11.443138122558594
-11.426953315734863
-11.429814338684082
-11.446576118469238
-11.461639404296875
-11.468783378601074
-11.467034339904785
-11.462930679321289
-11.456270217895508
-11.450079917907715
-11.450485229492188
-11.446981430053711
-11.44890022277832
-11.454379081726074
-11.461037635803223
-11.465947151184082
-11.468118667602539
-11.466354370117188
-11.466875076293945
-11.463566780090332
-11.4607572555542
-11.458606719970703
-11.460375785827637
-11.462000846862793
-11.463281631469727
-11.466597557067871
-11.466678619384766
-11.46691608428955
-11.465097427368164
-11.461585998535156
-11.458688735961914
-11.457822799682617
-11.45775318145752
-11.460724830627441
-11.463801383972168
-11.467455863952637
-11.46712875366211
-11.467891693115234
-11.469017028808594
-11.467248916625977
-11.46634292602539
-11.468619346618652
-11.46791934967041
-11.466691970825195
-11.46703815460205
-11.464012145996094
-11.466402053833008
-11.46767807006836
-11.467130661010742
-11.46621322631836
-11.462601661682129
-11.456941604614258
-11.451478004455566
-11.444640159606934
-11.44164752960205
-11.444282531738281
-11.453743934631348
-11.46268081665039
-11.465694427490234
-11.467485427856445
-11.467723846435547
-11.466585159301758
-11.467543601989746
-11.467849731445312
-11.466115951538086
-11.467818260192871
-11.46881103515625
-11.469677925109863
-11.468500137329102
-11.469564437866211
-11.467314720153809
-11.46832275390625
-11.468613624572754
-11.46759033203125
-11.467052459716797
-11.46663761138916
-11.467026710510254
-11.467225074768066
-11.465229034423828
-11.464468955993652
-11.463081359863281
-11.464756965637207
-11.464127540588379
-11.46650218963623
-11.46574592590332
-11.467243194580078
-11.466569900512695
-11.467626571655273
-11.468202590942383
-11.469830513000488
-11.469475746154785
-11.467741012573242
-11.46596622467041
-11.467588424682617
-11.469985008239746
-11.469438552856445
-11.466194152832031
-11.467544555664062
-11.467040061950684
-11.462207794189453
-11.46475887298584
-11.465485572814941
-11.466986656188965
-11.468522071838379
-11.467329978942871
-11.467029571533203
-11.46748161315918
-11.46845531463623
-11.468666076660156
-11.468008995056152
-11.469602584838867
-11.468554496765137
-11.467550277709961
-11.467522621154785
-11.466611862182617
-11.463902473449707
-11.460016250610352
-11.455971717834473
-11.455856323242188
-11.457452774047852
-11.460958480834961
-11.457826614379883
-11.451087951660156
-11.439460754394531
-11.429161071777344
-11.433554649353027
-11.448627471923828
-11.46006965637207
-11.467486381530762
-11.464293479919434
-11.452702522277832
-11.43338680267334
-11.426812171936035
-11.432622909545898
-11.446626663208008
-11.458112716674805
-11.46545696258545
-11.467718124389648
-11.469569206237793
-11.467920303344727
-11.466155052185059
-11.465343475341797
-11.460957527160645
-11.452383041381836
-11.446564674377441
-11.446279525756836
-11.44788932800293
-11.453497886657715
-11.461543083190918
-11.467552185058594
-11.469789505004883
-11.464947700500488
-11.458759307861328
-11.447949409484863
-11.445839881896973
-11.446696281433105
-11.458210945129395
-11.466059684753418
-11.46992015838623
-11.46753215789795
-11.460393905639648
-11.451319694519043
-11.448963165283203
-11.45290756225586
-11.459746360778809
-11.45654296875
-11.45981216430664
-11.465275764465332
-11.466582298278809
-11.467562675476074
-11.46821117401123
-11.469636917114258
-11.468064308166504
-11.468584060668945
-11.466410636901855
-11.466117858886719
-11.464654922485352
-11.468141555786133
-11.469345092773438
-11.468409538269043
-11.470137596130371
-11.469661712646484
-11.468847274780273
-11.469266891479492
-11.467609405517578
-11.467227935791016
-11.467266082763672
-11.46501636505127
-11.462376594543457
-11.4644136428833
-11.464742660522461
-11.464189529418945
-11.464571952819824
-11.465333938598633
-11.468141555786133
-11.468247413635254
-11.468960762023926
-11.468063354492188
-11.46557903289795
-11.465639114379883
-11.46471881866455
-11.464275360107422
-11.4628324508667
-11.462367057800293
-11.461912155151367
-11.462732315063477
-11.462723731994629
-11.4641695022583
-11.466924667358398
-11.467013359069824
-11.468749046325684
-11.466666221618652
-11.468951225280762
-11.467986106872559
-11.468650817871094
-11.469056129455566
-11.467950820922852
-11.466264724731445
-11.466958045959473
-11.466241836547852
-11.465324401855469
-11.465574264526367
-11.460938453674316
-11.452383041381836
-11.448929786682129
-11.442323684692383
-11.441490173339844
-11.44713306427002
-11.455041885375977
-11.4602632522583
-11.46629524230957
-11.46746826171875
-11.467253684997559
-11.459294319152832
-11.450071334838867
-11.446348190307617
-11.447419166564941
-11.444233894348145
-11.44947624206543
-11.45389461517334
-11.462587356567383
-11.464773178100586
-11.467506408691406
-11.469280242919922
-11.468921661376953
-11.46796989440918
-11.469453811645508
-11.468999862670898
-11.467430114746094
-11.468955993652344
-11.466896057128906
-11.465928077697754
-11.466813087463379
-11.46742057800293
-11.469773292541504
-11.470450401306152
-11.468955993652344
-11.46927261352539
-11.469569206237793
-11.469130516052246
-11.467982292175293
-11.466626167297363
-11.468317985534668
-11.46883773803711
-11.469392776489258
-11.468157768249512
-11.468853950500488
-11.469271659851074
-11.468777656555176
-11.470019340515137
-11.469893455505371
-11.468812942504883
-11.466352462768555
-11.466195106506348
-11.458285331726074
-11.454353332519531
-11.457727432250977
-11.455371856689453
-11.44873332977295
-11.443434715270996
-11.440841674804688
-11.444029808044434
-11.450491905212402
-11.4597749710083
-11.466358184814453
-11.466516494750977
-11.466880798339844
-11.46497917175293
-11.459939002990723
-11.453498840332031
-11.448692321777344
-11.442225456237793
-11.437475204467773
-11.444799423217773
-11.452463150024414
-11.461962699890137
-11.468064308166504
-11.468483924865723
-11.467643737792969
-11.465018272399902
-11.460946083068848
-11.458757400512695
-11.456716537475586
-11.458329200744629
-11.460960388183594
-11.462989807128906
-11.465033531188965
-11.466949462890625
-11.46792984008789
-11.469508171081543
-11.470271110534668
-11.468744277954102
-11.467315673828125
-11.467865943908691
-11.465872764587402
-11.461648941040039
-11.459392547607422
-11.455277442932129
-11.45097541809082
-11.448627471923828
-11.45203971862793
-11.457364082336426
-11.462395668029785
-11.466973304748535
-11.468412399291992
-11.463920593261719
-11.460341453552246
-11.455946922302246
-11.454522132873535
-11.45576000213623
-11.45244026184082
-11.450910568237305
-11.451583862304688
-11.451393127441406
-11.458958625793457
-11.465519905090332
-11.467105865478516
-11.465347290039062
-11.463058471679688
-11.4596586227417
-11.455766677856445
-11.456855773925781
-11.459493637084961
-11.463888168334961
-11.466944694519043
-11.468900680541992
-11.467637062072754
-11.468743324279785
-11.468472480773926
-11.470073699951172
-11.468505859375
-11.466612815856934
-11.463738441467285
-11.459564208984375
-11.45488452911377
-11.456125259399414
-11.459400177001953
-11.464056968688965
-11.46869945526123
-11.469015121459961
-11.465731620788574
-11.456942558288574
-11.4480562210083
-11.444456100463867
-11.454224586486816
-11.462169647216797
-11.467061042785645
-11.46890926361084
-11.468683242797852
-11.469094276428223
-11.465566635131836
-11.465286254882812
-11.465141296386719
-11.464824676513672
-11.466089248657227
-11.467344284057617
-11.467756271362305
-11.468342781066895
-11.468703269958496
-11.468722343444824
-11.469202995300293
-11.469186782836914
-11.46878719329834
-11.46737003326416
-11.465653419494629
-11.46246337890625
-11.458890914916992
-11.457496643066406
-11.457816123962402
-11.457669258117676
-11.461198806762695
-11.465951919555664
-11.467719078063965
-11.468801498413086
-11.46618366241455
-11.460700988769531
-11.450901985168457
-11.445198059082031
-11.447981834411621
-11.459017753601074
-11.46351432800293
-11.462502479553223
-11.462835311889648
-11.466556549072266
-11.467004776000977
-11.466751098632812
-11.466341018676758
-11.464385986328125
-11.465728759765625
-11.467331886291504
-11.466529846191406
-11.467781066894531
-11.46931266784668
-11.4684476852417
-11.466981887817383
-11.468550682067871
-11.46890640258789
-11.469461441040039
-11.470866203308105
-11.469626426696777
-11.469585418701172
-11.467781066894531
-11.466171264648438
-11.46347427368164
-11.460882186889648
-11.452926635742188
-11.444892883300781
-11.445343017578125
-11.453078269958496
-11.462174415588379
-11.468207359313965
-11.467486381530762
-11.466694831848145
-11.468844413757324
-11.468893051147461
-11.469517707824707
-11.468571662902832
-11.468626976013184
-11.466605186462402
-11.465744972229004
-11.465729713439941
-11.465128898620605
-11.465572357177734
-11.466094970703125
-11.466728210449219
-11.468228340148926
-11.469420433044434
-11.467733383178711
-11.46782112121582
-11.470101356506348
-11.46890926361084
-11.46906566619873
-11.469130516052246
-11.469698905944824
-11.469768524169922
-11.468794822692871
-11.468770027160645
-11.467206001281738
-11.468101501464844
-11.466172218322754
-11.464079856872559
-11.460618019104004
-11.457404136657715
-11.45993423461914
-11.460862159729004
-11.46129035949707
-11.462503433227539
-11.458219528198242
-11.457123756408691
-11.459432601928711
-11.462989807128906
-11.466364860534668
-11.466950416564941
-11.469484329223633
-11.468884468078613
-11.470080375671387
-11.468557357788086
-11.467973709106445
-11.464977264404297
-11.464997291564941
-11.4592924118042
-11.453363418579102
-11.447707176208496
-11.444151878356934
-11.44328498840332
-11.44681167602539
-11.452932357788086
-11.459607124328613
-11.466635704040527
-11.46794319152832
-11.46919059753418
-11.471046447753906
-11.469318389892578
-11.467992782592773
-11.4680814743042
-11.466089248657227
-11.461583137512207
-11.456399917602539
-11.450587272644043
-11.445047378540039
-11.44393253326416
-11.446577072143555
-11.453791618347168
-11.456940650939941
-11.458362579345703
-11.46126937866211
-11.464423179626465
-11.465444564819336
-11.464041709899902
-11.462368965148926
-11.462477684020996
-11.45937728881836
-11.455201148986816
-11.45372200012207
-11.452897071838379
-11.454757690429688
-11.451313018798828
-11.449663162231445
-11.452720642089844
-11.454833030700684
-11.456827163696289
-11.456501007080078
-11.460826873779297
-11.466753005981445
-11.467716217041016
-11.468985557556152
-11.469620704650879
-11.46690845489502
-11.461071014404297
-11.457880973815918
-11.453733444213867
-11.455731391906738
-11.458044052124023
-11.46469783782959
-11.466047286987305
-11.466691017150879
-11.467577934265137
-11.468379020690918
-11.470170021057129
-11.469427108764648
-11.470261573791504
-11.469131469726562
-11.46320915222168
-11.462553024291992
-11.459087371826172
-11.458523750305176
-11.456886291503906
-11.459248542785645
-11.464007377624512
-11.469952583312988
-11.468838691711426
-11.468988418579102
-11.466813087463379
-11.465798377990723
-11.460880279541016
-11.457940101623535
-11.460882186889648
-11.462052345275879
-11.459624290466309
-11.460716247558594
-11.466440200805664
-11.46873664855957
-11.469831466674805
-11.46644115447998
-11.463151931762695
-11.458150863647461
-11.452330589294434
-11.451823234558105
-11.456255912780762
-11.459489822387695
-11.465487480163574
-11.468688011169434
-11.470751762390137
-11.47015380859375
-11.469582557678223
-11.466917991638184
-11.465780258178711
-11.46419620513916
-11.462750434875488
-11.459549903869629
-11.465968132019043
-11.467012405395508
-11.465556144714355
-11.463068962097168
-11.462740898132324
-11.462286949157715
-11.457115173339844
-11.453563690185547
-11.454334259033203
-11.453704833984375
-11.453045845031738
-11.458802223205566
-11.460963249206543
-11.461250305175781
-11.463107109069824
-11.469110488891602
-11.468326568603516
-11.464292526245117
-11.458653450012207
-11.449463844299316
-11.448143005371094
-11.455446243286133
-11.459872245788574
-11.464072227478027
-11.46833610534668
-11.469276428222656
-11.469062805175781
-11.467495918273926
-11.467462539672852
-11.464042663574219
-11.466002464294434
-11.465486526489258
-11.46756362915039
-11.467409133911133
-11.468718528747559
-11.461392402648926
-11.455351829528809
-11.453338623046875
-11.45421028137207
-11.453024864196777
-11.454124450683594
-11.454774856567383
-11.462879180908203
-11.467521667480469
-11.468025207519531
-11.46389102935791
-11.461808204650879
-11.460942268371582
-11.463677406311035
-11.466052055358887
-11.4685640335083
-11.470355987548828
-11.46987247467041
-11.46742057800293
-11.467278480529785
-11.463743209838867
-11.461625099182129
-11.459371566772461
-11.45936107635498
-11.458484649658203
-11.459783554077148
-11.458477973937988
-11.457365989685059
-11.4580717086792
-11.462282180786133
-11.468605995178223
-11.471169471740723
-11.467423439025879
-11.461278915405273
-11.456501007080078
-11.452129364013672
-11.450102806091309
-11.45256233215332
-11.454673767089844
-11.461206436157227
-11.465187072753906
-11.466992378234863
-11.469334602355957
-11.468631744384766
-11.461223602294922
-11.453635215759277
-11.449854850769043
-11.448877334594727
-11.44461727142334
-11.451740264892578
-11.463789939880371
-11.4693021774292
-11.464676856994629
-11.459346771240234
-11.453963279724121
-11.4542236328125
-11.455877304077148
-11.460083961486816
-11.46453857421875
-11.469747543334961
-11.470333099365234
-11.470256805419922
-11.469206809997559
-11.47056770324707
-11.467634201049805
-11.468989372253418
-11.468986511230469
-11.468725204467773
-11.469038963317871
-11.470670700073242
-11.470245361328125
-11.470373153686523
-11.469810485839844
-11.469932556152344
-11.471796989440918
-11.470200538635254
-11.470491409301758
-11.470673561096191
-11.468366622924805
-11.468707084655762
-11.467289924621582
-11.467178344726562
-11.467636108398438
-11.467649459838867
-11.46926212310791
-11.471590042114258
-11.470667839050293
-11.470369338989258
-11.47134780883789
-11.472908973693848
-11.471111297607422
-11.470174789428711
-11.46955680847168
-11.469825744628906
-11.468873023986816
-11.46816635131836
-11.467325210571289
-11.46850299835205
-11.465967178344727
-11.467864036560059
-11.470382690429688
-11.470402717590332
-11.471206665039062
-11.471126556396484
-11.469725608825684
-11.471086502075195
-11.468934059143066
-11.469799041748047
-11.468393325805664
-11.469762802124023
-11.467209815979004
-11.467247009277344
-11.466418266296387
-11.464496612548828
-11.462788581848145
-11.460583686828613
-11.461639404296875
-11.45921802520752
-11.460531234741211
-11.464879989624023
-11.46710205078125
-11.470314979553223
-11.469685554504395
-11.463520050048828
-11.452348709106445
-11.429182052612305
-11.411895751953125
-11.412662506103516
-11.435874938964844
-11.46022891998291
-11.469943046569824
-11.466048240661621
-11.453727722167969
-11.440742492675781
-11.439151763916016
-11.443095207214355
-11.45711898803711
-11.466530799865723
-11.468328475952148
-11.466792106628418
-11.459979057312012
-11.447334289550781
-11.440073013305664
-11.443082809448242
-11.455665588378906
-11.462515830993652
-11.466697692871094
-11.469039916992188
-11.468499183654785
-11.471306800842285
-11.471044540405273
-11.471333503723145
-11.469911575317383
-11.468647003173828
-11.467633247375488
-11.465386390686035
-11.45944595336914
-11.455323219299316
-11.453266143798828
-11.458512306213379
-11.462712287902832
-11.466668128967285
-11.469589233398438
-11.471118927001953
-11.469205856323242
-11.470584869384766
-11.469624519348145
-11.47050666809082
-11.470995903015137
-11.471842765808105
-11.471206665039062
-11.471404075622559
-11.471001625061035
-11.471712112426758
-11.46879768371582
-11.468903541564941
-11.46630859375
-11.467996597290039
-11.466739654541016
-11.468490600585938
-11.470128059387207
-11.467813491821289
-11.471661567687988
-11.470717430114746
-11.470589637756348
-11.471393585205078
-11.469740867614746
-11.467827796936035
-11.468070983886719
-11.467836380004883
-11.465044975280762
-11.465174674987793
-11.465606689453125
-11.46934700012207
-11.470589637756348
-11.470586776733398
-11.471890449523926
-11.470463752746582
-11.468514442443848
-11.467597961425781
-11.464564323425293
-11.461759567260742
-11.461861610412598
-11.460708618164062
-11.46045970916748
-11.46301555633545
-11.464611053466797
-11.465169906616211
-11.468636512756348
-11.46922492980957
-11.469465255737305
-11.468315124511719
-11.467206001281738
-11.468255996704102
-11.467371940612793
-11.467971801757812
-11.468907356262207
-11.470643043518066
-11.46772575378418
-11.467423439025879
-11.467438697814941
-11.465295791625977
-11.463114738464355
-11.463425636291504
-11.460736274719238
-11.458298683166504
-11.458871841430664
-11.459968566894531
-11.461644172668457
-11.46290397644043
-11.461241722106934
-11.45899772644043
-11.457802772521973
-11.453449249267578
-11.446732521057129
-11.446192741394043
-11.449013710021973
-11.455531120300293
-11.464573860168457
-11.469918251037598
-11.468908309936523
-11.463760375976562
-11.448949813842773
-11.432912826538086
-11.416330337524414
-11.415040969848633
-11.431708335876465
-11.450641632080078
-11.463506698608398
-11.470053672790527
-11.467111587524414
-11.460443496704102
-11.452900886535645
-11.448935508728027
-11.447690963745117
-11.455491065979004
-11.466387748718262
-11.47113037109375
-11.469457626342773
-11.464672088623047
-11.461055755615234
-11.457889556884766
-11.459776878356934
-11.465208053588867
-11.467901229858398
-11.469765663146973
-11.470551490783691
-11.467823028564453
-11.467061042785645
-11.465882301330566
-11.466177940368652
-11.471223831176758
-11.470808029174805
-11.471429824829102
-11.469621658325195
-11.468480110168457
-11.467301368713379
-11.466853141784668
-11.467323303222656
-11.46619987487793
-11.46456527709961
-11.462319374084473
-11.46065902709961
-11.461921691894531
-11.46436882019043
-11.4702787399292
-11.470100402832031
-11.469045639038086
-11.466086387634277
-11.46212100982666
-11.46003532409668
-11.456467628479004
-11.453792572021484
-11.455306053161621
-11.461456298828125
-11.465208053588867
-11.468584060668945
-11.470516204833984
-11.467855453491211
-11.465120315551758
-11.460756301879883
-11.45872688293457
-11.45903491973877
-11.462779998779297
-11.46484375
-11.46825122833252
-11.469585418701172
-11.471020698547363
-11.469339370727539
-11.469542503356934
-11.469308853149414
-11.469501495361328
-11.4700288772583
-11.470304489135742
-11.468555450439453
-11.470963478088379
-11.470490455627441
-11.46937370300293
-11.470571517944336
-11.469937324523926
-11.472322463989258
-11.471695899963379
