loss_v
-5.869473934173584
-5.693667888641357
-5.914685249328613
-5.603056907653809
-5.792936325073242
-5.798450946807861
-6.121586322784424
-6.074767112731934
-6.2180023193359375
-6.2199320793151855
-6.420658588409424
-6.049635887145996
-6.408003330230713
-6.472236156463623
-6.466302871704102
-6.566145896911621
-6.6793107986450195
-6.569668769836426
-6.539645671844482
-6.616012096405029
-6.588738441467285
-6.615323066711426
-6.577520370483398
-6.625552654266357
-6.635951042175293
-6.652402877807617
-6.659782409667969
-6.646941661834717
-6.6011738777160645
-6.645926475524902
-6.606324195861816
-6.700982570648193
-6.644643306732178
-6.710241317749023
-6.7163310050964355
-6.642520427703857
-6.748587131500244
-6.727634429931641
-6.738028049468994
-6.76858377456665
-6.758622169494629
-6.763616561889648
-6.863372325897217
-6.77570104598999
-6.709957122802734
-6.735376834869385
-6.833036422729492
-6.827467441558838
-6.881463050842285
-6.8003249168396
-6.842212677001953
-6.843430042266846
-6.891214847564697
-6.8706793785095215
-6.839323043823242
-6.923376083374023
-6.865962028503418
-6.859367370605469
-6.932069301605225
-6.889932632446289
-6.93015193939209
-6.922656536102295
-6.933569431304932
-6.988952159881592
-6.930910587310791
-6.96339225769043
-6.9621663093566895
-6.997811317443848
-7.030088424682617
-7.003030776977539
-6.999348163604736
-6.994818687438965
-6.987229347229004
-7.058535099029541
-7.0281548500061035
-7.0405402183532715
-7.070547103881836
-7.047532558441162
-7.055930137634277
-7.05801248550415
-7.083359241485596
-7.07710599899292
-7.067639350891113
-7.117158889770508
-7.0930094718933105
-7.093455791473389
-7.115294933319092
-7.114299297332764
-7.150298118591309
-7.128125190734863
-7.160388469696045
-7.158142566680908
-7.177090167999268
-7.162027835845947
-7.1983747482299805
-7.1744608879089355
-7.2148637771606445
-7.235970973968506
-7.22547721862793
-7.265073299407959
-7.249753475189209
-7.254217624664307
-7.281099319458008
-7.300034999847412
-7.310940742492676
-7.337525367736816
-7.387458801269531
-7.413700580596924
-7.4250569343566895
-7.5121750831604
-7.508427619934082
-7.5371599197387695
-7.567839622497559
-7.592763900756836
-7.669106483459473
-7.715036392211914
-7.751986026763916
-7.857221603393555
-7.867708683013916
-7.904223442077637
-8.087906837463379
-8.079998970031738
-8.173371315002441
-8.191473960876465
-8.37334156036377
-8.251218795776367
-8.385417938232422
-8.544524192810059
-8.43222713470459
-8.711383819580078
-8.805378913879395
-8.705083847045898
-8.864036560058594
-8.859574317932129
-9.052397727966309
-8.945917129516602
-8.850299835205078
-9.02412223815918
-8.902533531188965
-8.825800895690918
-8.785541534423828
-8.786767959594727
-8.994409561157227
-8.991365432739258
-8.886924743652344
-9.099934577941895
-9.020655632019043
-9.075273513793945
-9.153246879577637
-9.081153869628906
-9.030165672302246
-9.180923461914062
-8.815326690673828
-8.874533653259277
-9.277995109558105
-9.02314281463623
-8.95464038848877
-9.158872604370117
-9.259637832641602
-8.995004653930664
-9.161397933959961
-9.278122901916504
-9.143155097961426
-9.118022918701172
-9.2939453125
-9.132649421691895
-9.057112693786621
-9.287069320678711
-9.284323692321777
-9.200338363647461
-9.289383888244629
-9.373823165893555
-9.277470588684082
-9.325989723205566
-9.463802337646484
-9.345314979553223
-9.251533508300781
-9.342924118041992
-9.385700225830078
-9.350913047790527
-9.433984756469727
-9.43396282196045
-9.439573287963867
-9.534984588623047
-9.429536819458008
-9.480835914611816
-9.525700569152832
-9.219408988952637
-9.459239959716797
-9.55652141571045
-9.402666091918945
-9.4970121383667
-9.552964210510254
-9.34528923034668
-9.507281303405762
-9.598508834838867
-9.371758460998535
-9.398470878601074
-9.43447208404541
-9.483434677124023
-9.563322067260742
-9.543819427490234
-9.467957496643066
-9.663930892944336
-9.663665771484375
-9.574501991271973
-9.65381145477295
-9.574844360351562
-9.704244613647461
-9.657865524291992
-9.502965927124023
-9.532617568969727
-9.704574584960938
-9.737626075744629
-9.798741340637207
-9.658506393432617
-9.603333473205566
-9.727700233459473
-9.682583808898926
-9.6118803024292
-9.82553482055664
-9.640934944152832
-9.635825157165527
-9.79690170288086
-9.641938209533691
-9.740249633789062
-9.775520324707031
-9.6707181930542
-9.821556091308594
-9.744477272033691
-9.793553352355957
-9.783651351928711
-9.758627891540527
-9.911361694335938
-9.8657865524292
-9.840328216552734
-9.875682830810547
-9.863669395446777
-9.869829177856445
-9.910454750061035
-9.875346183776855
-9.880128860473633
-9.83516788482666
-9.886475563049316
-9.87121868133545
-9.909337043762207
-10.026063919067383
-9.780245780944824
-9.86946964263916
-9.868101119995117
-9.739802360534668
-9.922649383544922
-9.850958824157715
-9.8110933303833
-9.9801025390625
-9.829534530639648
-9.942859649658203
-9.948585510253906
-9.81344985961914
-9.955158233642578
-9.872895240783691
-9.797548294067383
-10.002107620239258
-9.829302787780762
-9.891398429870605
-10.048688888549805
-9.758783340454102
-10.05836296081543
-9.948115348815918
-9.971161842346191
-10.020354270935059
-9.974133491516113
-10.072017669677734
-10.056248664855957
-10.051450729370117
-10.080108642578125
-10.078495025634766
-10.070289611816406
-10.057086944580078
-10.081277847290039
-10.079373359680176
-10.092134475708008
-10.084542274475098
-10.069906234741211
-10.128280639648438
-10.146136283874512
-10.156060218811035
-10.163936614990234
-10.128829002380371
-10.164592742919922
-10.132506370544434
-10.098090171813965
-10.096466064453125
-10.144767761230469
-10.077876091003418
-10.191459655761719
-10.171833992004395
-10.172004699707031
-10.139071464538574
-10.124594688415527
-10.135045051574707
-10.237713813781738
-10.1895751953125
-10.12668228149414
-10.157422065734863
-10.138376235961914
-10.215607643127441
-10.187471389770508
-10.254252433776855
-10.230266571044922
-10.172667503356934
-10.189310073852539
-10.281655311584473
-10.218157768249512
-10.223273277282715
-10.192193031311035
-10.22612190246582
-10.246112823486328
-10.280071258544922
-10.253620147705078
-10.25208854675293
-10.233550071716309
-10.246051788330078
-10.281785011291504
-10.297623634338379
-10.260130882263184
-10.28647232055664
-10.249279022216797
-10.255961418151855
-10.243054389953613
-10.187238693237305
-10.294538497924805
-10.306634902954102
-10.294464111328125
-10.250526428222656
-10.293009757995605
-10.232359886169434
-10.3121337890625
-10.277804374694824
-10.300366401672363
-10.279741287231445
-10.342938423156738
-10.358245849609375
-10.309915542602539
-10.330968856811523
-10.353079795837402
-10.310093879699707
-10.291277885437012
-10.288863182067871
-10.344560623168945
-10.326888084411621
-10.356186866760254
-10.350152015686035
-10.299271583557129
-10.368807792663574
-10.270699501037598
-10.382200241088867
-10.272115707397461
-10.368114471435547
-10.202447891235352
-10.36141586303711
-10.311355590820312
-10.416563987731934
-10.383241653442383
-10.364367485046387
-10.399374961853027
-10.414915084838867
-10.39899730682373
-10.417281150817871
-10.401654243469238
-10.40906047821045
-10.385544776916504
-10.405435562133789
-10.403124809265137
-10.36031436920166
-10.396991729736328
-10.428049087524414
-10.429834365844727
-10.371323585510254
-10.399129867553711
-10.430295944213867
-10.439203262329102
-10.42801570892334
-10.419530868530273
-10.4342679977417
-10.426446914672852
-10.43576717376709
-10.423521995544434
-10.450160026550293
-10.456992149353027
-10.372862815856934
-10.448585510253906
-10.456308364868164
-10.41113567352295
-10.425772666931152
-10.474446296691895
-10.453455924987793
-10.4749116897583
-10.433080673217773
-10.47203254699707
-10.377878189086914
-10.45974063873291
-10.468056678771973
-10.475523948669434
-10.433850288391113
-10.455984115600586
-10.490943908691406
-10.47165584564209
-10.484541893005371
-10.440736770629883
-10.458036422729492
-10.463558197021484
-10.487372398376465
-10.488770484924316
-10.485587120056152
-10.473695755004883
-10.519657135009766
-10.527802467346191
-10.466900825500488
-10.511238098144531
-10.494095802307129
-10.507875442504883
-10.498567581176758
-10.464332580566406
-10.517388343811035
-10.488618850708008
-10.498974800109863
-10.532647132873535
-10.51697063446045
-10.51013469696045
-10.517045974731445
-10.514727592468262
-10.430419921875
-10.54759407043457
-10.468433380126953
-10.511397361755371
-10.475613594055176
-10.49702262878418
-10.540005683898926
-10.511703491210938
-10.548490524291992
-10.521982192993164
-10.54368782043457
-10.525313377380371
-10.44913387298584
-10.5485200881958
-10.503308296203613
-10.54258918762207
-10.534527778625488
-10.551767349243164
-10.56499195098877
-10.496517181396484
-10.548809051513672
-10.49495792388916
-10.548208236694336
-10.513931274414062
-10.56080150604248
-10.535593032836914
-10.544970512390137
-10.573267936706543
-10.569599151611328
-10.552055358886719
-10.589400291442871
-10.557884216308594
-10.577071189880371
-10.557429313659668
-10.537610054016113
-10.602294921875
-10.559636116027832
-10.585064888000488
-10.586322784423828
-10.561120986938477
-10.58155632019043
-10.585198402404785
-10.555977821350098
-10.601906776428223
-10.561586380004883
-10.570432662963867
-10.603179931640625
-10.55582046508789
-10.576703071594238
-10.597164154052734
-10.56520938873291
-10.594970703125
-10.595819473266602
-10.614476203918457
-10.61142635345459
-10.56920337677002
-10.61735725402832
-10.607400894165039
-10.603235244750977
-10.638177871704102
-10.625551223754883
-10.551119804382324
-10.602421760559082
-10.5250244140625
-10.547727584838867
-10.639404296875
-10.522979736328125
-10.617419242858887
-10.633565902709961
-10.59667682647705
-10.605860710144043
-10.643848419189453
-10.570992469787598
-10.655006408691406
-10.630846977233887
-10.608595848083496
-10.625812530517578
-10.621078491210938
-10.671191215515137
-10.65320110321045
-10.645333290100098
-10.647515296936035
-10.658564567565918
-10.665949821472168
-10.680341720581055
-10.6500883102417
-10.652584075927734
-10.652997970581055
-10.655732154846191
-10.648276329040527
-10.676628112792969
-10.688681602478027
-10.699700355529785
-10.708155632019043
-10.684160232543945
-10.670633316040039
-10.688288688659668
-10.646672248840332
-10.666499137878418
-10.686927795410156
-10.67116928100586
-10.699295997619629
-10.68982219696045
-10.668161392211914
-10.68796443939209
-10.69730281829834
-10.669387817382812
-10.70129680633545
-10.682238578796387
-10.679359436035156
-10.685065269470215
-10.698018074035645
-10.677669525146484
-10.695855140686035
-10.698299407958984
-10.699772834777832
-10.712860107421875
-10.681340217590332
-10.69499397277832
-10.72108268737793
-10.675403594970703
-10.673884391784668
-10.693765640258789
-10.697178840637207
-10.712081909179688
-10.72414493560791
-10.715545654296875
-10.70793628692627
-10.70513916015625
-10.729586601257324
-10.719758987426758
-10.728606224060059
-10.756290435791016
-10.73786735534668
-10.723928451538086
-10.702996253967285
-10.714437484741211
-10.720029830932617
-10.744511604309082
-10.697325706481934
-10.735824584960938
-10.72610855102539
-10.744369506835938
-10.730432510375977
-10.771865844726562
-10.73503589630127
-10.718610763549805
-10.744032859802246
-10.735210418701172
-10.724793434143066
-10.758893013000488
-10.725431442260742
-10.754213333129883
-10.756379127502441
-10.748589515686035
-10.749373435974121
-10.743138313293457
-10.761351585388184
-10.744427680969238
-10.774171829223633
-10.736038208007812
-10.751622200012207
-10.73312759399414
-10.786446571350098
-10.735235214233398
-10.743342399597168
-10.783717155456543
-10.778286933898926
-10.761027336120605
-10.743452072143555
-10.757617950439453
-10.769525527954102
-10.770376205444336
-10.766952514648438
-10.748644828796387
-10.785303115844727
-10.784674644470215
-10.788771629333496
-10.788993835449219
-10.791411399841309
-10.814886093139648
-10.796987533569336
-10.761284828186035
-10.784163475036621
-10.774083137512207
-10.813990592956543
-10.809759140014648
-10.774041175842285
-10.807657241821289
-10.82410717010498
-10.805095672607422
-10.801525115966797
-10.823762893676758
-10.812417984008789
-10.789176940917969
-10.795737266540527
-10.8057222366333
-10.77888298034668
-10.773179054260254
-10.790534973144531
-10.803954124450684
-10.834872245788574
-10.811683654785156
-10.798135757446289
-10.778278350830078
-10.80778980255127
-10.822610855102539
-10.82003402709961
-10.828472137451172
-10.809189796447754
-10.815719604492188
-10.804160118103027
-10.83311653137207
-10.829617500305176
-10.853453636169434
-10.881891250610352
-10.845464706420898
-10.842610359191895
-10.86159896850586
-10.859566688537598
-10.83693790435791
-10.879305839538574
-10.877745628356934
-10.870370864868164
-10.840603828430176
-10.819369316101074
-10.817628860473633
-10.805227279663086
-10.84155559539795
-10.839241981506348
-10.87939739227295
-10.858718872070312
-10.838776588439941
-10.842105865478516
-10.883650779724121
-10.861837387084961
-10.90243911743164
-10.852479934692383
-10.892348289489746
-10.878605842590332
-10.877872467041016
-10.862611770629883
-10.84791374206543
-10.833449363708496
-10.876748085021973
-10.850035667419434
-10.881415367126465
-10.867903709411621
-10.890971183776855
-10.899353981018066
-10.875688552856445
-10.875324249267578
-10.896648406982422
-10.89422607421875
-10.889181137084961
-10.907323837280273
-10.921917915344238
-10.902167320251465
-10.894098281860352
-10.87799072265625
-10.86445140838623
-10.87933349609375
-10.915624618530273
-10.904682159423828
-10.93435287475586
-10.894326210021973
-10.906843185424805
-10.90325927734375
-10.912699699401855
-10.88489818572998
-10.95659351348877
-10.923465728759766
-10.90625286102295
-10.896560668945312
-10.917040824890137
-10.926177978515625
-10.949094772338867
-10.93713665008545
-10.936727523803711
-10.943507194519043
-10.961162567138672
-10.925164222717285
-10.918508529663086
-10.941596031188965
-10.913357734680176
-10.921560287475586
-10.89755916595459
-10.893248558044434
-10.939798355102539
-10.974852561950684
-10.96816635131836
-10.982583045959473
-10.937956809997559
-10.92889404296875
-10.905414581298828
-10.929443359375
-10.942449569702148
-10.94473934173584
-10.990750312805176
-10.958025932312012
-10.964766502380371
-10.98359203338623
-10.97828197479248
-11.007805824279785
-10.98194408416748
-10.933412551879883
-10.904657363891602
-10.92471694946289
-10.930939674377441
-10.96239948272705
-10.984179496765137
-11.00025749206543
-11.015198707580566
-11.006433486938477
-10.929302215576172
-10.960086822509766
-10.976798057556152
-11.030245780944824
-11.050870895385742
-10.99962043762207
-11.008549690246582
-10.987688064575195
-10.996750831604004
-10.968965530395508
-11.000776290893555
-10.975727081298828
-11.002224922180176
-11.030122756958008
-11.019540786743164
-11.037620544433594
-10.992452621459961
-10.99953842163086
-11.013113975524902
-10.995341300964355
-10.957436561584473
-11.039337158203125
-11.062623977661133
-11.011441230773926
-11.035294532775879
-10.999605178833008
-11.00677490234375
-11.021671295166016
-11.053186416625977
-11.02829647064209
-11.050440788269043
-11.01279354095459
-10.992371559143066
-10.989906311035156
-11.007227897644043
-11.052109718322754
-11.052215576171875
-11.041251182556152
-11.021634101867676
-10.98208999633789
-11.019453048706055
-11.044875144958496
-11.071022033691406
-11.061038970947266
-11.02696704864502
-11.018956184387207
-11.053427696228027
-11.063334465026855
-11.06186580657959
-11.079183578491211
-11.087047576904297
-11.021978378295898
-11.02366828918457
-11.073630332946777
-11.101279258728027
-11.110848426818848
-11.08298397064209
-11.08743953704834
-11.100492477416992
-11.073003768920898
-11.085779190063477
-11.085071563720703
-11.1289644241333
-11.098665237426758
-11.094083786010742
-11.101457595825195
-11.095553398132324
-11.099509239196777
-11.092555046081543
-11.079952239990234
-11.074519157409668
-11.079504013061523
-11.116971015930176
-11.125743865966797
-11.093915939331055
-11.125845909118652
-11.140894889831543
-11.132781982421875
-11.076827049255371
-11.091278076171875
-11.11668586730957
-11.10788345336914
-11.11255168914795
-11.1309232711792
-11.131319999694824
-11.09658432006836
-11.098366737365723
-11.123893737792969
-11.132171630859375
-11.14562702178955
-11.119885444641113
-11.154035568237305
-11.123612403869629
-11.119134902954102
-11.08735466003418
-11.112285614013672
-11.092608451843262
-11.119414329528809
-11.165094375610352
-11.160353660583496
-11.099093437194824
-11.105121612548828
-11.083356857299805
-11.110336303710938
-11.151350975036621
-11.157852172851562
-11.179290771484375
-11.141312599182129
-11.142427444458008
-11.135400772094727
-11.157055854797363
-11.131863594055176
-11.129237174987793
-11.147364616394043
-11.180564880371094
-11.149062156677246
-11.156147003173828
-11.193853378295898
-11.150693893432617
-11.1585693359375
-11.174375534057617
-11.180705070495605
-11.161099433898926
-11.185762405395508
-11.162026405334473
-11.10340404510498
-11.133517265319824
-11.1370210647583
-11.132513999938965
-11.154791831970215
-11.175539016723633
-11.171623229980469
-11.161632537841797
-11.194161415100098
-11.159628868103027
-11.176735877990723
-11.17735481262207
-11.156707763671875
-11.14162540435791
-11.135726928710938
-11.139848709106445
-11.132416725158691
-11.17944622039795
-11.175020217895508
-11.180191040039062
-11.175256729125977
-11.129261016845703
-11.111659049987793
-11.095961570739746
-11.18099308013916
-11.168458938598633
-11.152067184448242
-11.065788269042969
-11.080541610717773
-11.180315017700195
-11.183004379272461
-11.095623016357422
-11.047534942626953
-11.149051666259766
-11.148165702819824
-11.120684623718262
-11.07552433013916
-11.152469635009766
-11.21299934387207
-11.15036678314209
-11.124861717224121
-11.154979705810547
-11.196418762207031
-11.189414024353027
-11.153334617614746
-11.129920959472656
-11.168302536010742
-11.210323333740234
-11.129093170166016
-11.109771728515625
-11.15871810913086
-11.181640625
-11.182833671569824
-11.152571678161621
-11.145968437194824
-11.207076072692871
-11.204988479614258
-11.203048706054688
-11.193385124206543
-11.179049491882324
-11.222265243530273
-11.199007987976074
-11.203703880310059
-11.170196533203125
-11.19243049621582
-11.201753616333008
-11.200021743774414
-11.216166496276855
-11.205144882202148
-11.204791069030762
-11.19420051574707
-11.210187911987305
-11.207659721374512
-11.214469909667969
-11.213118553161621
-11.21705436706543
-11.210841178894043
-11.227607727050781
-11.222295761108398
-11.209407806396484
-11.222182273864746
-11.200057029724121
-11.218703269958496
-11.222526550292969
-11.219427108764648
-11.20484733581543
-11.208208084106445
-11.21847152709961
-11.232207298278809
-11.210726737976074
-11.217596054077148
-11.236845970153809
-11.196159362792969
-11.201349258422852
-11.224302291870117
-11.212300300598145
-11.225000381469727
-11.223262786865234
-11.233039855957031
-11.23776626586914
-11.236111640930176
-11.222164154052734
-11.218295097351074
-11.213706016540527
-11.217875480651855
-11.223718643188477
-11.206539154052734
-11.234641075134277
-11.21475601196289
-11.227123260498047
-11.229373931884766
-11.228715896606445
-11.243470191955566
-11.232521057128906
-11.231106758117676
-11.216062545776367
-11.239991188049316
-11.228507995605469
-11.226916313171387
-11.21766471862793
-11.243342399597168
-11.230060577392578
-11.221823692321777
-11.23255443572998
-11.227367401123047
-11.23104476928711
-11.230080604553223
-11.227027893066406
-11.225478172302246
-11.235478401184082
-11.24795150756836
-11.22509479522705
-11.231818199157715
-11.211514472961426
-11.223376274108887
-11.231589317321777
-11.226171493530273
-11.224573135375977
-11.237253189086914
-11.216607093811035
-11.22871208190918
-11.217570304870605
-11.219146728515625
-11.210647583007812
-11.228662490844727
-11.210700988769531
-11.234403610229492
-11.228286743164062
-11.248562812805176
-11.215609550476074
-11.214367866516113
-11.208477020263672
-11.189127922058105
-11.224539756774902
-11.215730667114258
-11.232561111450195
-11.234222412109375
-11.234794616699219
-11.252713203430176
-11.237996101379395
-11.246930122375488
-11.229875564575195
-11.236495018005371
-11.23922061920166
-11.242169380187988
-11.25593090057373
-11.228765487670898
-11.255941390991211
-11.242380142211914
-11.2339448928833
-11.249445915222168
-11.237003326416016
-11.224396705627441
-11.237082481384277
-11.213096618652344
-11.234456062316895
-11.19924259185791
-11.205602645874023
-11.223404884338379
-11.213431358337402
-11.265386581420898
-11.231868743896484
-11.25239086151123
-11.265983581542969
-11.258406639099121
-11.262014389038086
-11.25584602355957
-11.249457359313965
-11.270445823669434
-11.242817878723145
-11.253925323486328
-11.23735523223877
-11.252041816711426
-11.249771118164062
-11.242237091064453
-11.266006469726562
-11.240503311157227
-11.252240180969238
-11.225879669189453
-11.240484237670898
-11.235194206237793
-11.208470344543457
-11.228558540344238
-11.222142219543457
-11.23764705657959
-11.24755573272705
-11.228322982788086
-11.239830017089844
-11.218056678771973
-11.224006652832031
-11.219968795776367
-11.2255277633667
-11.253968238830566
-11.268290519714355
-11.246764183044434
-11.27210807800293
-11.254751205444336
-11.264374732971191
-11.250635147094727
-11.255824089050293
-11.262067794799805
-11.243535041809082
-11.258341789245605
-11.248719215393066
-11.238670349121094
-11.21863079071045
-11.227225303649902
-11.233606338500977
-11.27225399017334
-11.255376815795898
-11.253514289855957
-11.267923355102539
-11.281073570251465
-11.246606826782227
-11.234224319458008
-11.225045204162598
-11.233295440673828
-11.240888595581055
-11.249611854553223
-11.251938819885254
-11.26815414428711
-11.272278785705566
-11.262703895568848
-11.25338363647461
-11.262185096740723
-11.271023750305176
-11.238975524902344
-11.258234977722168
-11.255212783813477
-11.242565155029297
-11.236719131469727
-11.238741874694824
-11.265809059143066
-11.248814582824707
-11.232275009155273
-11.260934829711914
-11.262113571166992
-11.254944801330566
-11.25765323638916
-11.266483306884766
-11.28172492980957
-11.279886245727539
-11.272666931152344
-11.262250900268555
-11.275665283203125
-11.279397964477539
-11.261627197265625
-11.230940818786621
-11.226831436157227
-11.236654281616211
-11.2276029586792
-11.257157325744629
-11.250816345214844
-11.280143737792969
-11.271077156066895
-11.279276847839355
-11.297505378723145
-11.259727478027344
-11.269089698791504
-11.260290145874023
-11.244147300720215
-11.25959587097168
-11.253435134887695
-11.267742156982422
-11.273397445678711
-11.266149520874023
-11.261164665222168
-11.279196739196777
-11.268911361694336
-11.282777786254883
-11.269989013671875
-11.280265808105469
-11.2788667678833
-11.261645317077637
-11.283393859863281
-11.273781776428223
-11.251219749450684
-11.226829528808594
-11.225339889526367
-11.252283096313477
-11.283852577209473
-11.282501220703125
-11.267873764038086
-11.28614616394043
-11.27609634399414
-11.271870613098145
-11.273064613342285
-11.257258415222168
-11.233437538146973
-11.247173309326172
-11.2523193359375
-11.25898265838623
-11.27649974822998
-11.278364181518555
-11.274062156677246
-11.279417037963867
-11.260163307189941
-11.26225471496582
-11.237979888916016
-11.247357368469238
-11.276111602783203
-11.271862030029297
-11.279414176940918
-11.281699180603027
-11.266277313232422
-11.271321296691895
-11.275571823120117
-11.272333145141602
-11.255495071411133
-11.258034706115723
-11.256449699401855
-11.247101783752441
-11.265774726867676
-11.286951065063477
-11.29598331451416
-11.292820930480957
-11.283283233642578
-11.303058624267578
-11.282699584960938
-11.287824630737305
-11.288409233093262
-11.29224681854248
-11.271799087524414
-11.293636322021484
-11.282078742980957
-11.289308547973633
-11.27901840209961
-11.2862548828125
-11.295369148254395
-11.278585433959961
-11.272002220153809
-11.278691291809082
-11.26640796661377
-11.27245044708252
-11.29328727722168
-11.287253379821777
-11.289937019348145
-11.293497085571289
-11.272588729858398
-11.297881126403809
-11.281192779541016
-11.282472610473633
-11.280341148376465
-11.285564422607422
-11.277334213256836
-11.283296585083008
-11.277654647827148
-11.298988342285156
-11.278308868408203
-11.290699005126953
-11.303351402282715
-11.299117088317871
-11.30777359008789
-11.303930282592773
-11.303136825561523
-11.293717384338379
-11.314387321472168
-11.291605949401855
-11.303500175476074
-11.287461280822754
-11.279911994934082
-11.286151885986328
-11.275672912597656
-11.268512725830078
-11.270522117614746
-11.27100658416748
-11.288507461547852
-11.277776718139648
-11.28084945678711
-11.290018081665039
-11.28076457977295
-11.26774787902832
-11.271599769592285
-11.260274887084961
-11.297725677490234
-11.285301208496094
-11.284591674804688
-11.28915023803711
-11.292603492736816
-11.28581714630127
-11.286863327026367
-11.271759986877441
-11.266603469848633
-11.25670337677002
-11.267498970031738
-11.27792739868164
-11.29155158996582
-11.282185554504395
-11.300488471984863
-11.289352416992188
-11.283546447753906
-11.287650108337402
-11.27804183959961
-11.279077529907227
-11.26862907409668
-11.26173210144043
-11.278886795043945
-11.300682067871094
-11.305770874023438
-11.302397727966309
-11.296724319458008
-11.297341346740723
-11.299947738647461
-11.30173110961914
-11.287086486816406
-11.290190696716309
-11.290006637573242
-11.299186706542969
-11.291054725646973
-11.304328918457031
-11.300439834594727
-11.300530433654785
-11.303946495056152
-11.300448417663574
-11.299539566040039
-11.312582969665527
-11.30873966217041
-11.305733680725098
-11.290460586547852
-11.317205429077148
-11.297255516052246
-11.318561553955078
-11.304550170898438
-11.298789024353027
-11.303253173828125
-11.305377006530762
-11.312084197998047
-11.304417610168457
-11.29434585571289
-11.298620223999023
-11.28232192993164
-11.289443016052246
-11.289752960205078
-11.301569938659668
-11.308343887329102
-11.313488006591797
-11.313799858093262
-11.318729400634766
-11.316322326660156
-11.309993743896484
-11.312564849853516
-11.301801681518555
-11.304511070251465
-11.29494571685791
-11.298675537109375
-11.280726432800293
-11.279939651489258
-11.277917861938477
-11.283734321594238
-11.29513931274414
-11.295990943908691
-11.32107162475586
-11.308338165283203
-11.307416915893555
-11.319387435913086
-11.307449340820312
-11.307602882385254
-11.297941207885742
-11.296754837036133
-11.30479621887207
-11.301780700683594
-11.299394607543945
-11.315540313720703
-11.330760955810547
-11.310436248779297
-11.322419166564941
-11.308320999145508
-11.303373336791992
-11.30914306640625
-11.29949951171875
-11.309183120727539
-11.298755645751953
-11.29498291015625
-11.305109977722168
-11.281264305114746
-11.29399585723877
-11.308728218078613
-11.302842140197754
-11.314189910888672
-11.310785293579102
-11.317381858825684
-11.313177108764648
-11.312395095825195
-11.312347412109375
-11.292435646057129
-11.267529487609863
-11.27945613861084
-11.307374000549316
-11.30307674407959
-11.309439659118652
-11.30671501159668
-11.30611801147461
-11.298384666442871
-11.285898208618164
-11.308720588684082
-11.291772842407227
-11.293619155883789
-11.301985740661621
-11.28961181640625
-11.28448486328125
-11.308598518371582
-11.31627082824707
-11.314751625061035
-11.320907592773438
-11.326186180114746
-11.317575454711914
-11.310906410217285
-11.319981575012207
-11.32320499420166
-11.304149627685547
-11.30492877960205
-11.290919303894043
-11.288015365600586
-11.297767639160156
-11.325225830078125
-11.322021484375
-11.323623657226562
-11.311837196350098
-11.293904304504395
-11.291430473327637
-11.27295207977295
-11.267436981201172
-11.311933517456055
-11.30772876739502
-11.32964038848877
-11.319113731384277
-11.301983833312988
-11.30276870727539
-11.282042503356934
-11.287620544433594
-11.306252479553223
-11.315790176391602
-11.324207305908203
-11.33615779876709
-11.321941375732422
-11.322172164916992
-11.312722206115723
-11.312519073486328
-11.341028213500977
-11.323707580566406
-11.313080787658691
-11.331798553466797
-11.327421188354492
-11.333383560180664
-11.32318115234375
-11.320520401000977
-11.328863143920898
-11.322994232177734
-11.331862449645996
-11.331890106201172
-11.317259788513184
-11.332049369812012
-11.33662223815918
-11.328634262084961
-11.340643882751465
-11.34000301361084
-11.318607330322266
-11.331555366516113
-11.335661888122559
-11.336026191711426
-11.33515739440918
-11.333978652954102
-11.316043853759766
-11.322365760803223
-11.32771110534668
-11.310369491577148
-11.31915283203125
-11.302556991577148
-11.305445671081543
-11.304569244384766
-11.306862831115723
-11.31981372833252
-11.331236839294434
-11.328227043151855
-11.334602355957031
-11.313211441040039
-11.305685997009277
-11.288322448730469
-11.287960052490234
-11.279886245727539
-11.306107521057129
-11.31733512878418
-11.332855224609375
-11.326537132263184
-11.331607818603516
-11.32114028930664
-11.308965682983398
-11.298563003540039
-11.282214164733887
-11.294529914855957
-11.304984092712402
-11.306700706481934
-11.319459915161133
-11.32060718536377
-11.322394371032715
-11.300649642944336
-11.302757263183594
-11.305044174194336
-11.30370044708252
-11.313475608825684
-11.324084281921387
-11.32260513305664
-11.32860279083252
-11.332905769348145
-11.31914234161377
-11.309955596923828
-11.289073944091797
-11.293234825134277
-11.306607246398926
-11.331997871398926
-11.334258079528809
-11.336909294128418
-11.326969146728516
-11.33147144317627
-11.315362930297852
-11.301385879516602
-11.314251899719238
-11.332433700561523
-11.34382152557373
-11.329316139221191
-11.33542251586914
-11.33555793762207
-11.33413028717041
-11.342549324035645
-11.340004920959473
-11.33272933959961
-11.329957008361816
-11.342812538146973
-11.336221694946289
-11.342304229736328
-11.332773208618164
-11.332921981811523
-11.336273193359375
-11.331393241882324
-11.336736679077148
-11.3358154296875
-11.33028507232666
-11.331493377685547
-11.334409713745117
-11.331794738769531
-11.331459045410156
-11.323482513427734
-11.339879035949707
-11.330527305603027
-11.345819473266602
-11.338011741638184
-11.337874412536621
-11.331165313720703
-11.33458137512207
-11.330373764038086
-11.323112487792969
-11.319062232971191
-11.321349143981934
-11.305633544921875
-11.320821762084961
-11.318458557128906
-11.326784133911133
-11.330628395080566
-11.32722282409668
-11.333054542541504
-11.338869094848633
-11.327315330505371
-11.329476356506348
-11.337916374206543
-11.3307466506958
-11.338360786437988
-11.34134578704834
-11.331489562988281
-11.332688331604004
-11.344911575317383
-11.333303451538086
-11.330540657043457
-11.333149909973145
-11.333819389343262
-11.347892761230469
-11.339506149291992
-11.350323677062988
-11.344084739685059
-11.334122657775879
-11.326910018920898
-11.325698852539062
-11.323376655578613
-11.325060844421387
-11.339567184448242
-11.345645904541016
-11.338574409484863
-11.343169212341309
-11.345243453979492
-11.328174591064453
-11.343801498413086
-11.342105865478516
-11.344423294067383
-11.337636947631836
-11.343194007873535
-11.329907417297363
-11.32180118560791
-11.324326515197754
-11.315019607543945
-11.309185981750488
-11.305624008178711
-11.304008483886719
-11.323198318481445
-11.331284523010254
-11.33836841583252
-11.340547561645508
-11.342904090881348
-11.337141990661621
-11.338072776794434
-11.318216323852539
-11.302532196044922
-11.29158878326416
-11.300680160522461
-11.32254409790039
-11.32414436340332
-11.348709106445312
-11.338845252990723
-11.347404479980469
-11.339205741882324
-11.338553428649902
-11.325302124023438
-11.309368133544922
-11.312338829040527
-11.305530548095703
-11.324584007263184
-11.341010093688965
-11.341333389282227
-11.309860229492188
-11.262624740600586
-11.256747245788574
-11.293313026428223
-11.33438777923584
-11.341753005981445
-11.304277420043945
-11.261589050292969
-11.259815216064453
-11.29373550415039
-11.333151817321777
-11.339737892150879
-11.319697380065918
-11.314806938171387
-11.319818496704102
-11.34217643737793
-11.344953536987305
-11.325509071350098
-11.29705810546875
-11.282428741455078
-11.30140209197998
-11.326507568359375
-11.346538543701172
-11.348855972290039
-11.344130516052246
-11.32955265045166
-11.322091102600098
-11.323504447937012
-11.331720352172852
-11.340999603271484
-11.330320358276367
-11.35197925567627
-11.357982635498047
-11.35091781616211
-11.350008010864258
-11.346341133117676
-11.351041793823242
-11.347968101501465
-11.349714279174805
-11.3474760055542
-11.356317520141602
-11.356770515441895
-11.349515914916992
-11.348421096801758
-11.334049224853516
-11.33270263671875
-11.339578628540039
-11.347147941589355
-11.35226821899414
-11.349372863769531
-11.347532272338867
-11.353382110595703
-11.353840827941895
-11.340628623962402
-11.340551376342773
-11.338506698608398
-11.339638710021973
-11.343648910522461
-11.340492248535156
-11.344862937927246
-11.358658790588379
-11.349647521972656
-11.332670211791992
-11.32374095916748
-11.330842971801758
-11.33789348602295
-11.34770679473877
-11.33938980102539
-11.353114128112793
-11.34611988067627
-11.339510917663574
-11.339816093444824
-11.342254638671875
-11.345447540283203
-11.342968940734863
-11.343246459960938
-11.343092918395996
-11.346131324768066
-11.349922180175781
-11.34450626373291
-11.35457992553711
-11.345354080200195
-11.350642204284668
-11.342602729797363
-11.357316970825195
-11.338616371154785
-11.342963218688965
-11.334892272949219
-11.334196090698242
-11.333721160888672
-11.328459739685059
-11.336568832397461
-11.335164070129395
-11.341507911682129
-11.348196983337402
-11.349411964416504
-11.347896575927734
-11.357993125915527
-11.348824501037598
-11.35144329071045
-11.3455228805542
-11.341914176940918
-11.33277702331543
-11.337742805480957
-11.35206413269043
-11.356560707092285
-11.353354454040527
-11.341355323791504
-11.320225715637207
-11.311554908752441
-11.32042407989502
-11.332610130310059
-11.348093032836914
-11.349469184875488
-11.3539400100708
-11.351778030395508
-11.348896026611328
-11.351259231567383
-11.350885391235352
-11.345510482788086
-11.35078239440918
-11.350519180297852
-11.360064506530762
-11.360490798950195
-11.360065460205078
-11.356256484985352
-11.352397918701172
-11.360546112060547
-11.35322093963623
-11.346248626708984
-11.345206260681152
-11.341585159301758
-11.339831352233887
-11.332143783569336
-11.330917358398438
-11.337990760803223
-11.348297119140625
-11.36166763305664
-11.354827880859375
-11.35888671875
-11.35465145111084
-11.346280097961426
-11.340271949768066
-11.326913833618164
-11.32591438293457
-11.322094917297363
-11.350438117980957
-11.349529266357422
-11.356180191040039
-11.35834789276123
-11.362061500549316
-11.350553512573242
-11.336257934570312
-11.345357894897461
-11.341228485107422
-11.346405982971191
-11.345540046691895
-11.350215911865234
-11.351792335510254
-11.355481147766113
-11.362177848815918
-11.343121528625488
-11.342705726623535
-11.330886840820312
-11.324657440185547
-11.331954956054688
-11.348336219787598
-11.349383354187012
-11.351330757141113
-11.360498428344727
-11.359560012817383
-11.353350639343262
-11.36257553100586
-11.34660816192627
-11.34949016571045
-11.34261703491211
-11.343831062316895
-11.345459938049316
-11.354914665222168
-11.35542106628418
-11.35323715209961
-11.355072021484375
-11.359211921691895
-11.361469268798828
-11.362619400024414
-11.3623628616333
-11.35739803314209
-11.345613479614258
-11.344257354736328
-11.34200668334961
-11.347858428955078
-11.346695899963379
-11.336721420288086
-11.34561538696289
-11.345892906188965
-11.357797622680664
-11.358857154846191
-11.358366012573242
-11.353946685791016
-11.355461120605469
-11.366339683532715
-11.365499496459961
-11.358183860778809
-11.348747253417969
-11.34700870513916
-11.336350440979004
-11.336969375610352
-11.339730262756348
-11.347567558288574
-11.35004711151123
-11.360661506652832
-11.362062454223633
-11.365860939025879
-11.350729942321777
-11.35982608795166
-11.354585647583008
-11.353246688842773
-11.358448028564453
-11.344803810119629
-11.3328218460083
-11.318851470947266
-11.323125839233398
-11.342935562133789
-11.349868774414062
-11.353107452392578
-11.36090087890625
-11.355624198913574
-11.329010963439941
-11.30302906036377
-11.27707290649414
-11.302565574645996
-11.34636116027832
-11.35762882232666
-11.360939025878906
-11.352643013000488
-11.340787887573242
-11.332646369934082
-11.320148468017578
-11.326159477233887
-11.345413208007812
-11.355291366577148
-11.360760688781738
-11.364252090454102
-11.368060111999512
-11.343316078186035
-11.342683792114258
-11.334857940673828
-11.315056800842285
-11.325154304504395
-11.342785835266113
-11.352339744567871
-11.364803314208984
-11.364907264709473
-11.35621166229248
-11.350287437438965
-11.342185020446777
-11.34392261505127
-11.350245475769043
-11.356156349182129
-11.358183860778809
-11.35941219329834
-11.36553955078125
-11.36585807800293
-11.366565704345703
-11.357563018798828
-11.353292465209961
-11.359707832336426
-11.352959632873535
-11.359278678894043
-11.359722137451172
-11.356391906738281
-11.358789443969727
-11.35757064819336
-11.357562065124512
-11.365153312683105
-11.361340522766113
-11.367671966552734
-11.365123748779297
-11.361054420471191
-11.35368537902832
-11.346964836120605
-11.352594375610352
-11.344951629638672
-11.344928741455078
-11.361859321594238
-11.356659889221191
-11.3663911819458
-11.372594833374023
-11.362968444824219
-11.37074089050293
-11.36895751953125
-11.367146492004395
-11.365681648254395
-11.363605499267578
-11.366029739379883
-11.361102104187012
-11.363534927368164
-11.359641075134277
-11.353806495666504
-11.356732368469238
-11.344359397888184
-11.343917846679688
-11.34848690032959
-11.354379653930664
-11.35845947265625
-11.356456756591797
-11.352542877197266
-11.36181926727295
-11.364323616027832
-11.36471939086914
-11.365527153015137
-11.373592376708984
-11.367383003234863
-11.362691879272461
-11.365422248840332
-11.368515968322754
-11.370196342468262
-11.369728088378906
-11.366888046264648
-11.363004684448242
-11.362181663513184
-11.360211372375488
-11.37033748626709
-11.370452880859375
-11.368815422058105
-11.360252380371094
-11.355024337768555
-11.344425201416016
-11.353962898254395
-11.345824241638184
-11.352907180786133
-11.352397918701172
-11.361534118652344
-11.363138198852539
-11.352622985839844
-11.345108032226562
-11.334874153137207
-11.33930778503418
-11.346429824829102
-11.343647003173828
-11.346451759338379
-11.356735229492188
-11.35315227508545
-11.357186317443848
-11.358924865722656
-11.35205364227295
-11.355886459350586
-11.35042667388916
-11.340657234191895
-11.348522186279297
-11.342095375061035
-11.356306076049805
-11.364246368408203
-11.371175765991211
-11.365720748901367
-11.357366561889648
-11.345756530761719
-11.35139274597168
-11.34228229522705
-11.339449882507324
-11.351551055908203
-11.36147689819336
-11.366615295410156
-11.362896919250488
-11.363248825073242
-11.35879135131836
-11.359586715698242
-11.352020263671875
-11.340941429138184
-11.341736793518066
-11.341508865356445
-11.345266342163086
-11.349433898925781
-11.354378700256348
-11.3651123046875
-11.367098808288574
-11.363768577575684
-11.355382919311523
-11.360431671142578
-11.36247444152832
-11.36772346496582
-11.370291709899902
-11.368902206420898
-11.372360229492188
-11.371413230895996
-11.365804672241211
-11.370831489562988
-11.369699478149414
-11.373785972595215
-11.369053840637207
-11.358447074890137
-11.355032920837402
-11.33560562133789
-11.339298248291016
-11.341421127319336
-11.35334587097168
-11.358772277832031
-11.364350318908691
-11.372964859008789
-11.367688179016113
-11.36888599395752
-11.370977401733398
-11.371085166931152
-11.367765426635742
-11.371648788452148
-11.361443519592285
-11.360548973083496
-11.35832405090332
-11.352036476135254
-11.354747772216797
-11.353157997131348
-11.359855651855469
-11.366249084472656
-11.371053695678711
-11.364237785339355
-11.3694429397583
-11.36093807220459
-11.351057052612305
-11.337017059326172
-11.317936897277832
-11.308104515075684
-11.33087158203125
-11.360411643981934
-11.371440887451172
-11.365965843200684
-11.359586715698242
-11.354414939880371
-11.347417831420898
-11.339766502380371
-11.345369338989258
-11.356179237365723
-11.364830017089844
-11.363162994384766
-11.369161605834961
-11.370095252990723
-11.364188194274902
-11.365617752075195
-11.3584566116333
-11.356618881225586
-11.364338874816895
-11.370100975036621
-11.372260093688965
-11.35425090789795
-11.330378532409668
-11.309368133544922
-11.322559356689453
-11.347757339477539
-11.36374568939209
-11.379091262817383
-11.367695808410645
-11.365063667297363
-11.356637954711914
-11.345473289489746
-11.345256805419922
-11.3470458984375
-11.361431121826172
-11.364945411682129
-11.375146865844727
-11.367993354797363
-11.35684871673584
-11.334043502807617
-11.322507858276367
-11.334104537963867
-11.351397514343262
-11.36833381652832
-11.372485160827637
-11.368734359741211
-11.360905647277832
-11.365005493164062
-11.367897033691406
-11.365147590637207
-11.368348121643066
-11.365846633911133
-11.371318817138672
-11.367504119873047
-11.37537956237793
-11.371482849121094
-11.368047714233398
-11.3557710647583
-11.357256889343262
-11.355537414550781
-11.362340927124023
-11.36998462677002
-11.373191833496094
-11.3751220703125
-11.374939918518066
-11.375295639038086
-11.35677719116211
-11.357782363891602
-11.348943710327148
-11.357996940612793
-11.360966682434082
-11.370518684387207
-11.37038803100586
-11.376473426818848
-11.375064849853516
-11.37666130065918
-11.374788284301758
-11.37368106842041
-11.37508487701416
-11.375177383422852
-11.3746337890625
-11.378789901733398
-11.37255859375
-11.364609718322754
-11.360422134399414
-11.355889320373535
-11.359646797180176
-11.362648010253906
-11.367620468139648
-11.376664161682129
-11.370994567871094
-11.374345779418945
-11.37799072265625
-11.374624252319336
-11.373665809631348
-11.380144119262695
-11.37570571899414
-11.37600040435791
-11.378351211547852
-11.375348091125488
-11.37777042388916
-11.377056121826172
-11.38121223449707
-11.379844665527344
-11.381705284118652
-11.373665809631348
-11.376836776733398
-11.369338989257812
-11.367436408996582
-11.365138053894043
-11.365945816040039
-11.359241485595703
-11.360892295837402
-11.365429878234863
-11.365795135498047
-11.37117862701416
-11.369364738464355
-11.374879837036133
-11.374043464660645
-11.377092361450195
-11.377814292907715
-11.371733665466309
-11.37469482421875
-11.37492847442627
-11.375602722167969
-11.377581596374512
-11.377577781677246
-11.370983123779297
-11.364089965820312
-11.352710723876953
-11.361821174621582
-11.367525100708008
-11.37285041809082
-11.363348007202148
-11.373751640319824
-11.363372802734375
-11.359260559082031
-11.349742889404297
-11.348823547363281
-11.355402946472168
-11.369124412536621
-11.375213623046875
-11.380784034729004
-11.366082191467285
-11.367114067077637
-11.350053787231445
-11.342822074890137
-11.3471097946167
-11.363394737243652
-11.377638816833496
-11.378593444824219
-11.366621971130371
-11.334528923034668
-11.333159446716309
-11.33846378326416
-11.350650787353516
-11.360543251037598
-11.363922119140625
-11.36562442779541
-11.365372657775879
-11.36798095703125
-11.370216369628906
-11.368419647216797
-11.363521575927734
-11.368488311767578
-11.371183395385742
-11.368745803833008
-11.37159252166748
-11.371262550354004
-11.37413501739502
-11.369158744812012
-11.364320755004883
-11.367131233215332
-11.36547565460205
-11.367563247680664
-11.362401962280273
-11.366327285766602
-11.370826721191406
-11.374882698059082
-11.37402057647705
-11.382536888122559
-11.374018669128418
-11.37785530090332
-11.377388000488281
-11.372335433959961
-11.361634254455566
-11.344743728637695
-11.34621810913086
-11.353960037231445
-11.361394882202148
-11.374229431152344
-11.377076148986816
-11.375152587890625
-11.379480361938477
-11.362916946411133
-11.353615760803223
-11.335206031799316
-11.328843116760254
-11.335596084594727
-11.357650756835938
-11.375547409057617
-11.376642227172852
-11.377792358398438
-11.373050689697266
-11.36246109008789
-11.354605674743652
-11.353938102722168
-11.35665512084961
-11.372620582580566
-11.373638153076172
-11.379020690917969
-11.386035919189453
-11.383064270019531
-11.382624626159668
-11.377199172973633
-11.378687858581543
-11.377727508544922
-11.378355979919434
-11.37396240234375
-11.379623413085938
-11.378422737121582
-11.374027252197266
-11.373200416564941
-11.370412826538086
-11.373448371887207
-11.377758026123047
-11.378972053527832
-11.379003524780273
-11.37536907196045
-11.376175880432129
-11.37558364868164
-11.383306503295898
-11.378026008605957
-11.379103660583496
-11.384895324707031
-11.382036209106445
-11.379396438598633
-11.384736061096191
-11.38194465637207
-11.380403518676758
-11.38415813446045
-11.382219314575195
-11.37696361541748
-11.38167667388916
-11.378621101379395
-11.377031326293945
-11.3715181350708
-11.371023178100586
-11.371329307556152
-11.367083549499512
-11.362955093383789
-11.36349868774414
-11.362951278686523
-11.364908218383789
-11.368694305419922
-11.36910343170166
-11.370875358581543
-11.375799179077148
-11.373852729797363
-11.375785827636719
-11.366073608398438
-11.36516284942627
-11.36475658416748
-11.365151405334473
-11.377485275268555
-11.380640983581543
-11.380666732788086
-11.38400936126709
-11.378891944885254
-11.371867179870605
-11.367891311645508
-11.362165451049805
-11.35546875
-11.35949420928955
-11.368420600891113
-11.37489128112793
-11.378068923950195
-11.376140594482422
-11.382421493530273
-11.381239891052246
-11.368677139282227
-11.364100456237793
-11.35964584350586
-11.360796928405762
-11.368292808532715
-11.36894416809082
-11.3725004196167
-11.373672485351562
-11.375396728515625
-11.37109088897705
-11.372513771057129
-11.37430191040039
-11.37681770324707
-11.377580642700195
-11.383065223693848
-11.38559341430664
-11.383186340332031
-11.380903244018555
-11.38038158416748
-11.376368522644043
-11.37303638458252
-11.374669075012207
-11.377303123474121
-11.377610206604004
-11.385869979858398
-11.3807954788208
-11.38253116607666
-11.378808975219727
-11.3817777633667
-11.373648643493652
-11.371662139892578
-11.367106437683105
-11.355634689331055
-11.35511302947998
-11.347217559814453
-11.354228019714355
-11.358695983886719
-11.36789608001709
-11.373581886291504
-11.375741958618164
-11.380867958068848
-11.386258125305176
-11.379141807556152
-11.381548881530762
-11.383476257324219
-11.386072158813477
-11.38173770904541
-11.380681991577148
-11.382978439331055
-11.378068923950195
-11.380309104919434
-11.373082160949707
-11.369832038879395
-11.362242698669434
-11.357335090637207
-11.360763549804688
-11.361444473266602
-11.3673677444458
-11.373465538024902
-11.37367057800293
-11.376972198486328
-11.383319854736328
-11.38336181640625
-11.384318351745605
-11.377641677856445
-11.380417823791504
-11.367483139038086
-11.369182586669922
-11.372307777404785
-11.37293529510498
-11.373165130615234
-11.374994277954102
-11.379110336303711
-11.375689506530762
-11.371942520141602
-11.37181282043457
-11.377532958984375
-11.38521957397461
-11.386761665344238
-11.376989364624023
-11.35964584350586
-11.335516929626465
-11.326869010925293
-11.336751937866211
-11.354290962219238
-11.372297286987305
-11.379813194274902
-11.380531311035156
-11.378555297851562
-11.370817184448242
-11.3510103225708
-11.347436904907227
-11.35639476776123
-11.36402416229248
-11.376544952392578
-11.38308334350586
-11.378997802734375
-11.364115715026855
-11.339646339416504
-11.331974029541016
-11.339008331298828
-11.358553886413574
-11.37732982635498
-11.390275955200195
-11.385205268859863
-11.379783630371094
-11.355987548828125
-11.347563743591309
-11.34290599822998
-11.358744621276855
-11.373003005981445
-11.377488136291504
-11.387909889221191
-11.377910614013672
-11.353873252868652
-11.333521842956543
-11.327698707580566
-11.358436584472656
-11.380105972290039
-11.388286590576172
-11.375609397888184
-11.356637954711914
-11.340479850769043
-11.33875560760498
-11.3619384765625
-11.377791404724121
-11.382112503051758
-11.380382537841797
-11.370627403259277
-11.356115341186523
-11.353535652160645
-11.36080265045166
-11.373516082763672
-11.382917404174805
-11.3818359375
-11.381763458251953
-11.374279022216797
-11.377304077148438
-11.380195617675781
-11.386591911315918
-11.390735626220703
-11.38617992401123
-11.383540153503418
-11.38355541229248
-11.381811141967773
-11.37345027923584
-11.363821029663086
-11.36532974243164
-11.371770858764648
-11.377019882202148
-11.386290550231934
-11.386885643005371
-11.387288093566895
-11.381599426269531
-11.381682395935059
-11.38213062286377
-11.378756523132324
-11.379232406616211
-11.383962631225586
-11.382396697998047
-11.38290786743164
-11.385629653930664
-11.382987976074219
-11.384483337402344
-11.385594367980957
-11.388686180114746
-11.388982772827148
-11.386438369750977
-11.384851455688477
-11.391026496887207
-11.387530326843262
-11.385918617248535
-11.381887435913086
-11.386198997497559
-11.385519027709961
-11.389763832092285
-11.387351989746094
-11.391162872314453
-11.38945484161377
-11.392484664916992
-11.38918399810791
-11.390202522277832
-11.390741348266602
-11.3870210647583
-11.388055801391602
-11.38949203491211
-11.39126968383789
-11.385461807250977
-11.388250350952148
-11.386697769165039
-11.38973617553711
-11.390630722045898
-11.390674591064453
-11.385381698608398
-11.386524200439453
-11.388429641723633
-11.385214805603027
-11.382406234741211
-11.383671760559082
-11.38248348236084
-11.380362510681152
-11.38398265838623
-11.377747535705566
-11.37736988067627
-11.376140594482422
-11.375704765319824
-11.376235008239746
-11.373152732849121
-11.37988567352295
-11.372939109802246
-11.379731178283691
-11.37842845916748
-11.378501892089844
-11.38407039642334
-11.386420249938965
-11.382416725158691
-11.386061668395996
-11.38197135925293
-11.383554458618164
-11.382766723632812
-11.381831169128418
-11.374918937683105
-11.37099552154541
-11.372065544128418
-11.370414733886719
-11.367539405822754
-11.369728088378906
-11.364608764648438
-11.369181632995605
-11.370319366455078
-11.378948211669922
-11.383086204528809
-11.380491256713867
-11.377114295959473
-11.376646041870117
-11.37900161743164
-11.374845504760742
-11.372782707214355
-11.366133689880371
-11.368245124816895
-11.371063232421875
-11.367820739746094
-11.373725891113281
-11.3745756149292
-11.378081321716309
-11.379322052001953
-11.383872032165527
-11.383931159973145
-11.388720512390137
-11.38951587677002
-11.391945838928223
-11.390447616577148
-11.385359764099121
-11.377540588378906
-11.362991333007812
-11.360697746276855
-11.367436408996582
-11.38282585144043
-11.386343955993652
-11.387612342834473
-11.381546020507812
-11.37353515625
-11.36155891418457
-11.353793144226074
-11.359357833862305
-11.361238479614258
-11.373289108276367
-11.385236740112305
-11.386897087097168
-11.380946159362793
-11.362600326538086
-11.343300819396973
-11.351020812988281
-11.358133316040039
-11.374342918395996
-11.384689331054688
-11.383685111999512
-11.36506175994873
-11.351247787475586
-11.338981628417969
-11.343352317810059
-11.365650177001953
-11.384724617004395
-11.391042709350586
-11.381369590759277
-11.372891426086426
-11.384193420410156
-11.388916015625
-11.390256881713867
-11.386845588684082
-11.391356468200684
-11.392523765563965
-11.387645721435547
-11.386629104614258
-11.382628440856934
-11.382083892822266
-11.378053665161133
-11.375364303588867
-11.37439250946045
-11.373754501342773
-11.374687194824219
-11.379887580871582
-11.384997367858887
-11.387292861938477
-11.383265495300293
-11.383662223815918
-11.384886741638184
-11.382572174072266
-11.384866714477539
-11.387121200561523
-11.388827323913574
-11.389334678649902
-11.38762092590332
-11.390043258666992
-11.388972282409668
-11.391861915588379
-11.391985893249512
-11.387327194213867
-11.393048286437988
-11.38895320892334
-11.38612174987793
-11.384872436523438
-11.383539199829102
-11.37756061553955
-11.3860445022583
-11.388937950134277
-11.394472122192383
-11.388383865356445
-11.389159202575684
-11.382279396057129
-11.369826316833496
-11.362415313720703
-11.356929779052734
-11.368061065673828
-11.37990665435791
-11.382024765014648
-11.390896797180176
-11.390271186828613
-11.38826847076416
-11.385727882385254
-11.384490013122559
-11.380361557006836
-11.373262405395508
-11.379073143005371
-11.382909774780273
-11.384734153747559
-11.38729190826416
-11.397594451904297
-11.389799118041992
-11.383354187011719
-11.37838363647461
-11.369332313537598
-11.363818168640137
-11.36673641204834
-11.36691951751709
-11.377885818481445
-11.385631561279297
-11.392942428588867
-11.389812469482422
-11.393143653869629
-11.390118598937988
-11.389758110046387
-11.382120132446289
-11.376500129699707
-11.375510215759277
-11.379512786865234
-11.386984825134277
-11.392868041992188
-11.390573501586914
-11.3925199508667
-11.391246795654297
-11.386649131774902
-11.386258125305176
-11.383391380310059
-11.376062393188477
-11.36373519897461
-11.359116554260254
-11.360574722290039
-11.373104095458984
-11.388789176940918
-11.391993522644043
-11.391301155090332
-11.37686824798584
-11.360116958618164
-11.34546947479248
-11.348931312561035
-11.359112739562988
-11.370630264282227
-11.381288528442383
-11.391643524169922
-11.39529037475586
-11.386714935302734
-11.382235527038574
-11.376364707946777
-11.368391990661621
-11.36462116241455
-11.366486549377441
-11.374479293823242
-11.374955177307129
-11.383360862731934
-11.391121864318848
-11.392557144165039
-11.390815734863281
-11.391705513000488
-11.392955780029297
-11.38995361328125
-11.390851020812988
-11.392151832580566
-11.392678260803223
-11.391671180725098
-11.396462440490723
-11.394804000854492
-11.387908935546875
-11.386554718017578
-11.375417709350586
-11.367079734802246
-11.364957809448242
-11.368706703186035
-11.37209415435791
-11.384027481079102
-11.396218299865723
-11.39405345916748
-11.38847827911377
-11.376008987426758
-11.366724014282227
-11.359166145324707
-11.367039680480957
-11.375391006469727
-11.382281303405762
-11.389389991760254
-11.389071464538574
-11.392677307128906
-11.397290229797363
-11.39112377166748
-11.396696090698242
-11.392894744873047
-11.394471168518066
-11.391300201416016
-11.390853881835938
-11.392093658447266
-11.392597198486328
-11.387547492980957
-11.392289161682129
-11.39345932006836
-11.391971588134766
-11.3948335647583
-11.39406967163086
-11.388922691345215
-11.394323348999023
-11.391672134399414
-11.394885063171387
-11.395164489746094
-11.395402908325195
-11.39360237121582
-11.392582893371582
-11.392861366271973
-11.394344329833984
-11.3942289352417
-11.390923500061035
-11.391815185546875
-11.38973331451416
-11.391447067260742
-11.388545036315918
-11.389960289001465
-11.389334678649902
-11.393818855285645
-11.38934326171875
-11.393783569335938
-11.398581504821777
-11.394353866577148
-11.3938570022583
-11.395195960998535
-11.3977689743042
-11.391301155090332
-11.396477699279785
-11.396385192871094
-11.395895004272461
-11.395251274108887
-11.39327621459961
-11.388989448547363
-11.39443302154541
-11.389153480529785
-11.390654563903809
-11.390210151672363
-11.37704849243164
-11.373672485351562
-11.37170124053955
-11.376117706298828
-11.380609512329102
-11.387412071228027
-11.389762878417969
-11.38917350769043
-11.394357681274414
-11.395305633544922
-11.394317626953125
-11.39543628692627
-11.393828392028809
-11.394786834716797
-11.396806716918945
-11.395360946655273
-11.396585464477539
-11.390934944152832
-11.3919095993042
-11.392314910888672
-11.385854721069336
-11.380658149719238
-11.370506286621094
-11.360808372497559
-11.351799011230469
-11.353365898132324
-11.356183052062988
-11.363964080810547
-11.381766319274902
-11.387959480285645
-11.392122268676758
-11.398538589477539
-11.395027160644531
-11.391016006469727
-11.38929557800293
-11.385283470153809
-11.379755973815918
-11.36731243133545
-11.368476867675781
-11.369210243225098
-11.373759269714355
-11.375724792480469
-11.376603126525879
-11.371597290039062
-11.375003814697266
-11.371907234191895
-11.372542381286621
-11.376450538635254
-11.37411880493164
-11.37714958190918
-11.367205619812012
-11.354778289794922
-11.343687057495117
-11.34909725189209
-11.366373062133789
-11.385468482971191
-11.38918399810791
-11.398897171020508
-11.397976875305176
-11.387255668640137
-11.385895729064941
-11.383461952209473
-11.378724098205566
-11.375847816467285
-11.375824928283691
-11.373466491699219
-11.380900382995605
-11.383854866027832
-11.380265235900879
-11.384960174560547
-11.390315055847168
-11.395390510559082
-11.394981384277344
-11.394922256469727
-11.391424179077148
-11.382211685180664
-11.382797241210938
-11.379022598266602
-11.376113891601562
-11.380485534667969
-11.385072708129883
-11.391804695129395
-11.397886276245117
-11.397204399108887
-11.395635604858398
-11.395233154296875
-11.393622398376465
-11.391019821166992
-11.389788627624512
-11.38786792755127
-11.392650604248047
-11.39431381225586
-11.398052215576172
-11.398964881896973
-11.397358894348145
-11.394959449768066
-11.397542953491211
-11.394195556640625
-11.395273208618164
-11.396086692810059
-11.400308609008789
-11.399454116821289
-11.40008544921875
-11.397224426269531
-11.39466667175293
-11.390246391296387
-11.389325141906738
-11.374821662902832
-11.371821403503418
-11.36813735961914
-11.367623329162598
-11.37727165222168
-11.377504348754883
-11.387250900268555
-11.385865211486816
-11.381681442260742
-11.38481616973877
-11.386933326721191
-11.375828742980957
-11.374351501464844
-11.373459815979004
-11.371930122375488
-11.368148803710938
-11.380657196044922
-11.390851020812988
-11.397088050842285
-11.395115852355957
-11.394075393676758
-11.379154205322266
-11.360088348388672
-11.344079971313477
-11.344630241394043
-11.367512702941895
-11.38243579864502
-11.394735336303711
-11.399625778198242
-11.393689155578613
-11.390929222106934
-11.392578125
-11.387286186218262
-11.386299133300781
-11.3931884765625
-11.39242935180664
-11.394083023071289
-11.391666412353516
-11.391318321228027
-11.396437644958496
-11.395302772521973
-11.397358894348145
-11.396230697631836
-11.397168159484863
-11.396604537963867
-11.39155387878418
-11.390790939331055
-11.390503883361816
-11.39468002319336
-11.39902114868164
-11.397476196289062
-11.398656845092773
-11.398491859436035
-11.398813247680664
-11.39790153503418
-11.401806831359863
-11.398773193359375
-11.395263671875
-11.39885425567627
-11.39035701751709
-11.38056755065918
-11.377873420715332
-11.382119178771973
-11.378568649291992
-11.383769035339355
-11.380321502685547
-11.382820129394531
-11.38527774810791
-11.386282920837402
-11.392390251159668
-11.390494346618652
-11.394108772277832
-11.39702033996582
-11.396056175231934
-11.397444725036621
-11.396256446838379
-11.396437644958496
-11.395439147949219
-11.396393775939941
-11.397971153259277
-11.39816665649414
-11.397990226745605
-11.399039268493652
-11.397001266479492
-11.398637771606445
-11.396166801452637
-11.399482727050781
-11.394489288330078
-11.395689964294434
-11.39712142944336
-11.396059036254883
-11.39491081237793
-11.39661693572998
-11.397193908691406
-11.398359298706055
-11.398521423339844
-11.400164604187012
-11.39659309387207
-11.396162986755371
-11.396413803100586
-11.395057678222656
-11.393021583557129
-11.394193649291992
-11.385881423950195
-11.378046989440918
-11.373276710510254
-11.370001792907715
-11.369874954223633
-11.371637344360352
-11.374368667602539
-11.379044532775879
-11.382011413574219
-11.388789176940918
-11.388287544250488
-11.395612716674805
-11.397432327270508
-11.398509979248047
-11.398602485656738
-11.400670051574707
-11.398079872131348
-11.399417877197266
-11.402016639709473
-11.397079467773438
-11.398926734924316
-11.399012565612793
-11.3934326171875
-11.399629592895508
-11.399552345275879
-11.393211364746094
-11.397553443908691
-11.392971992492676
-11.391829490661621
-11.385555267333984
-11.378108024597168
-11.379201889038086
-11.3704833984375
-11.37368106842041
-11.378898620605469
-11.379486083984375
-11.379956245422363
-11.38488483428955
-11.382101058959961
-11.389412879943848
-11.392152786254883
-11.394150733947754
-11.399165153503418
-11.401599884033203
-11.399520874023438
-11.400039672851562
-11.397449493408203
-11.395682334899902
-11.386219024658203
-11.37564468383789
-11.364995002746582
-11.365790367126465
-11.364262580871582
-11.374539375305176
-11.388558387756348
-11.39833927154541
-11.40056037902832
-11.40017032623291
-11.393453598022461
-11.387377738952637
-11.381986618041992
-11.370326042175293
-11.367362022399902
-11.363422393798828
-11.367226600646973
-11.370795249938965
-11.376226425170898
-11.382766723632812
-11.386091232299805
-11.397204399108887
-11.400961875915527
-11.39806842803955
-11.390110969543457
-11.380775451660156
-11.366677284240723
-11.358869552612305
-11.366369247436523
-11.372607231140137
-11.377521514892578
-11.389910697937012
-11.39684009552002
-11.400772094726562
-11.39882755279541
-11.39501667022705
-11.390793800354004
-11.388106346130371
-11.384525299072266
-11.385112762451172
-11.386270523071289
-11.385462760925293
-11.39319896697998
-11.397025108337402
-11.394245147705078
-11.391319274902344
-11.39052677154541
-11.390235900878906
-11.393023490905762
-11.392413139343262
-11.394847869873047
-11.397768020629883
-11.396950721740723
-11.402726173400879
-11.401875495910645
-11.39831256866455
-11.396859169006348
-11.391223907470703
-11.389774322509766
-11.387249946594238
-11.3870267868042
-11.385629653930664
-11.38590145111084
-11.392470359802246
-11.393082618713379
-11.393145561218262
-11.392744064331055
-11.383977890014648
-11.39163589477539
-11.39146900177002
-11.393802642822266
-11.395624160766602
-11.400605201721191
-11.399352073669434
-11.400110244750977
-11.402491569519043
-11.400413513183594
-11.398119926452637
-11.397871017456055
-11.39897632598877
-11.401731491088867
-11.402745246887207
-11.402204513549805
-11.399168968200684
-11.40074634552002
-11.39763069152832
-11.392867088317871
-11.393354415893555
-11.386786460876465
-11.387991905212402
-11.387694358825684
-11.388971328735352
-11.386214256286621
-11.393356323242188
-11.397353172302246
-11.3961820602417
-11.402900695800781
-11.39964771270752
-11.395668029785156
-11.396553993225098
-11.39494514465332
-11.389894485473633
-11.379737854003906
-11.369625091552734
-11.364999771118164
-11.360654830932617
-11.364928245544434
-11.368670463562012
-11.376497268676758
-11.38620662689209
-11.39362621307373
-11.398756980895996
-11.40014362335205
-11.40157413482666
-11.403375625610352
-11.400213241577148
-11.394696235656738
-11.388930320739746
-11.38685131072998
-11.386626243591309
-11.392444610595703
-11.395955085754395
-11.399068832397461
-11.398906707763672
-11.399893760681152
-11.401514053344727
-11.399942398071289
-11.398812294006348
-11.396296501159668
-11.394145011901855
-11.391009330749512
-11.384403228759766
-11.387474060058594
-11.384882926940918
-11.385245323181152
-11.386041641235352
-11.391594886779785
-11.398476600646973
-11.393253326416016
-11.401650428771973
-11.400307655334473
-11.400452613830566
-11.401092529296875
-11.400859832763672
-11.392349243164062
-11.388463020324707
-11.379441261291504
-11.3656644821167
-11.366233825683594
-11.368707656860352
-11.3815336227417
-11.3930025100708
-11.399490356445312
-11.404190063476562
-11.400571823120117
-11.3926362991333
-11.379679679870605
-11.360695838928223
-11.35181713104248
-11.366570472717285
-11.37615966796875
-11.394026756286621
-11.398974418640137
-11.402746200561523
-11.400070190429688
-11.394775390625
-11.387670516967773
-11.379356384277344
-11.379118919372559
-11.384873390197754
-11.391450881958008
-11.39523983001709
-11.399616241455078
-11.401395797729492
-11.399757385253906
-11.392773628234863
-11.388495445251465
-11.380891799926758
-11.374733924865723
-11.384410858154297
-11.388702392578125
-11.398137092590332
-11.401511192321777
-11.402064323425293
-11.399394989013672
-11.395732879638672
-11.3939847946167
-11.393683433532715
-11.390335083007812
-11.393712997436523
-11.394980430603027
-11.396785736083984
-11.397835731506348
-11.399900436401367
-11.400898933410645
-11.401323318481445
-11.400527000427246
-11.400253295898438
-11.400718688964844
-11.400688171386719
-11.403233528137207
-11.39405345916748
-11.38110637664795
-11.37353801727295
-11.369656562805176
-11.376143455505371
-11.3881196975708
-11.39820384979248
-11.397876739501953
-11.377300262451172
-11.32203483581543
-11.299031257629395
-11.351119041442871
-11.389936447143555
-11.400413513183594
-11.395013809204102
-11.377812385559082
-11.349358558654785
-11.355587005615234
-11.374201774597168
-11.395326614379883
-11.398931503295898
-11.381199836730957
-11.36506175994873
-11.36932373046875
-11.380110740661621
-11.395503997802734
-11.402508735656738
-11.402531623840332
-11.398441314697266
-11.392844200134277
-11.395873069763184
-11.398162841796875
-11.398151397705078
-11.398797988891602
-11.394688606262207
-11.398079872131348
-11.397544860839844
-11.400991439819336
-11.397151947021484
-11.400044441223145
-11.400595664978027
-11.40139389038086
-11.403399467468262
-11.400543212890625
-11.407496452331543
-11.404158592224121
-11.402606010437012
-11.400071144104004
-11.404122352600098
-11.407649040222168
-11.404114723205566
-11.404254913330078
-11.405908584594727
-11.402202606201172
-11.399923324584961
-11.40017032623291
-11.398279190063477
-11.39866828918457
-11.39987564086914
-11.3976469039917
-11.40112590789795
-11.400981903076172
-11.402544021606445
-11.40352725982666
-11.404260635375977
-11.405522346496582
-11.404726028442383
-11.399176597595215
-11.39521312713623
-11.390518188476562
-11.390801429748535
-11.389900207519531
-11.391810417175293
-11.39703369140625
-11.39788818359375
-11.4010648727417
-11.400914192199707
-11.399557113647461
-11.399946212768555
-11.399813652038574
-11.397910118103027
-11.398326873779297
-11.400690078735352
-11.399881362915039
-11.393559455871582
-11.39387035369873
-11.393930435180664
-11.391392707824707
-11.394196510314941
-11.393662452697754
-11.39785385131836
-11.397961616516113
-11.39881706237793
-11.394766807556152
-11.396799087524414
-11.397197723388672
-11.400059700012207
-11.403594017028809
-11.400297164916992
-11.396292686462402
-11.397870063781738
-11.397396087646484
-11.397454261779785
-11.399833679199219
-11.399701118469238
-11.39971923828125
-11.400971412658691
-11.400222778320312
-11.398889541625977
-11.399033546447754
-11.405385971069336
-11.40505313873291
-11.401762008666992
-11.405957221984863
-11.398651123046875
-11.392621994018555
-11.38267707824707
-11.375041007995605
-11.372440338134766
-11.373563766479492
-11.37773609161377
-11.387979507446289
-11.392376899719238
-11.397109031677246
-11.403215408325195
-11.403966903686523
-11.406510353088379
-11.40689754486084
-11.403807640075684
-11.401134490966797
-11.392843246459961
-11.390178680419922
-11.38819408416748
-11.392523765563965
-11.395249366760254
-11.398924827575684
-11.402630805969238
-11.40512752532959
-11.399506568908691
-11.397363662719727
-11.390463829040527
-11.38233757019043
-11.376623153686523
-11.381436347961426
-11.384562492370605
-11.386320114135742
-11.393057823181152
-11.395623207092285
-11.40477180480957
-11.403373718261719
-11.402886390686035
-11.394497871398926
-11.372123718261719
-11.364226341247559
-11.36392879486084
-11.384428024291992
-11.399394035339355
-11.401206970214844
-11.379408836364746
-11.353029251098633
-11.337989807128906
-11.3538236618042
-11.384778022766113
-11.401449203491211
-11.39916706085205
-11.379008293151855
-11.351558685302734
-11.345133781433105
-11.370729446411133
-11.398937225341797
-11.406209945678711
-11.405755043029785
-11.39035415649414
-11.378303527832031
-11.363961219787598
-11.361767768859863
-11.377949714660645
-11.401229858398438
-11.407882690429688
-11.398309707641602
-11.384360313415527
-11.375079154968262
-11.378175735473633
-11.389001846313477
-11.396766662597656
-11.405744552612305
-11.404470443725586
-11.400677680969238
-11.392016410827637
-11.387523651123047
-11.389616966247559
-11.396023750305176
-11.401004791259766
-11.40563678741455
-11.403414726257324
-11.403045654296875
-11.40632152557373
-11.40247631072998
-11.405656814575195
-11.403924942016602
-11.40731143951416
-11.407868385314941
-11.403898239135742
-11.405329704284668
-11.403589248657227
-11.40745735168457
-11.403421401977539
-11.404623985290527
-11.403294563293457
-11.4026460647583
-11.407388687133789
-11.408224105834961
-11.404509544372559
-11.407479286193848
-11.408345222473145
-11.405608177185059
-11.4030122756958
-11.4045991897583
-11.409106254577637
-11.402652740478516
-11.407153129577637
-11.406128883361816
-11.408275604248047
-11.40779972076416
-11.40716552734375
-11.4078369140625
-11.40442943572998
-11.403823852539062
-11.40771198272705
-11.406012535095215
-11.407901763916016
-11.402888298034668
-11.407029151916504
-11.404096603393555
-11.405132293701172
-11.403289794921875
-11.405020713806152
-11.402644157409668
-11.404330253601074
-11.40250015258789
-11.398917198181152
-11.401957511901855
-11.40176010131836
-11.39741039276123
-11.399580001831055
-11.404712677001953
-11.39984130859375
-11.40062141418457
-11.407076835632324
-11.403449058532715
-11.39918327331543
-11.40573501586914
-11.402212142944336
-11.406218528747559
-11.40678596496582
-11.406529426574707
-11.405925750732422
-11.404813766479492
-11.407113075256348
-11.405348777770996
-11.404775619506836
-11.407057762145996
-11.405494689941406
-11.401148796081543
-11.400949478149414
-11.396111488342285
-11.388174057006836
-11.383401870727539
-11.376919746398926
-11.374383926391602
-11.379169464111328
-11.383289337158203
-11.389618873596191
-11.394881248474121
-11.399921417236328
-11.39588737487793
-11.4047269821167
-11.404155731201172
-11.402487754821777
-11.404462814331055
-11.406994819641113
-11.404247283935547
-11.39980411529541
-11.401603698730469
-11.39797592163086
-11.397720336914062
-11.393414497375488
-11.392314910888672
-11.396574974060059
-11.3997220993042
-11.399299621582031
-11.399761199951172
-11.399588584899902
-11.397308349609375
-11.402173042297363
-11.403099060058594
-11.403402328491211
-11.404441833496094
-11.40215015411377
-11.399296760559082
-11.404008865356445
-11.40369701385498
-11.400815963745117
-11.399168968200684
-11.395605087280273
-11.390437126159668
-11.39393138885498
-11.38890552520752
-11.389660835266113
-11.392562866210938
-11.392234802246094
-11.393434524536133
-11.393670082092285
-11.392520904541016
-11.394895553588867
-11.394970893859863
-11.389307022094727
-11.387771606445312
-11.388092041015625
-11.385980606079102
-11.388960838317871
-11.386818885803223
-11.376483917236328
-11.378108978271484
-11.380996704101562
-11.39149284362793
-11.395363807678223
-11.398250579833984
-11.399422645568848
-11.402987480163574
-11.404792785644531
-11.404973030090332
-11.40728759765625
-11.408465385437012
-11.398050308227539
-11.385818481445312
-11.37247085571289
-11.377082824707031
-11.384380340576172
-11.399894714355469
-11.403637886047363
-11.404888153076172
-11.397623062133789
-11.383384704589844
-11.369441986083984
-11.368231773376465
-11.381415367126465
-11.394661903381348
-11.405292510986328
-11.406818389892578
-11.404836654663086
-11.404241561889648
-11.396387100219727
-11.390571594238281
-11.386296272277832
-11.389163970947266
-11.3925142288208
-11.402132034301758
-11.405426979064941
-11.408223152160645
-11.409926414489746
-11.408660888671875
-11.407349586486816
-11.40744400024414
-11.406132698059082
-11.40953254699707
-11.405960083007812
-11.4022798538208
-11.400107383728027
-11.399920463562012
-11.398703575134277
-11.404086112976074
-11.407078742980957
-11.408841133117676
-11.406567573547363
-11.407502174377441
-11.405449867248535
-11.408184051513672
-11.40380573272705
-11.404912948608398
-11.40514087677002
-11.406196594238281
-11.407752990722656
-11.40704345703125
-11.406866073608398
-11.406609535217285
-11.409505844116211
-11.406970024108887
-11.409835815429688
-11.40793514251709
-11.409210205078125
-11.412399291992188
-11.40906047821045
-11.407812118530273
-11.410330772399902
-11.407831192016602
-11.406527519226074
-11.40478229522705
-11.401628494262695
-11.404051780700684
-11.404024124145508
-11.402200698852539
-11.397878646850586
-11.391980171203613
-11.392073631286621
-11.389200210571289
-11.388917922973633
-11.390351295471191
-11.38785457611084
-11.392715454101562
-11.395925521850586
-11.398295402526855
-11.401313781738281
-11.404898643493652
-11.405488014221191
-11.404778480529785
-11.404247283935547
-11.403029441833496
-11.402060508728027
-11.39358901977539
-11.392267227172852
-11.395591735839844
-11.396318435668945
-11.402101516723633
-11.40078067779541
-11.397143363952637
-11.3934907913208
-11.384832382202148
-11.381220817565918
-11.38145923614502
-11.397231101989746
-11.404544830322266
-11.40657901763916
-11.406867027282715
-11.40688705444336
-11.40401554107666
-11.3947172164917
-11.384907722473145
-11.361425399780273
-11.353161811828613
-11.358250617980957
-11.377998352050781
-11.397382736206055
-11.404868125915527
-11.393693923950195
-11.375046730041504
-11.36449909210205
-11.377525329589844
-11.388893127441406
-11.398456573486328
-11.404939651489258
-11.405603408813477
-11.3960542678833
-11.381205558776855
-11.368407249450684
-11.367762565612793
-11.380767822265625
-11.397618293762207
-11.403934478759766
-11.401209831237793
-11.388769149780273
-11.377324104309082
-11.373202323913574
-11.371668815612793
-11.385756492614746
-11.396862030029297
-11.403390884399414
-11.407186508178711
-11.403193473815918
-11.390348434448242
-11.377745628356934
-11.369763374328613
-11.380970001220703
-11.400747299194336
-11.408427238464355
-11.408792495727539
-11.408150672912598
-11.408913612365723
-11.405616760253906
-11.410026550292969
-11.410965919494629
-11.409804344177246
-11.412367820739746
-11.410856246948242
-11.409192085266113
-11.406096458435059
-11.409096717834473
-11.410985946655273
-11.41201114654541
-11.410496711730957
-11.408416748046875
-11.406512260437012
-11.40618896484375
-11.407669067382812
-11.404151916503906
-11.408289909362793
-11.407926559448242
-11.408538818359375
-11.409415245056152
-11.408700942993164
-11.412274360656738
-11.410345077514648
-11.412858009338379
-11.412540435791016
-11.409954071044922
-11.410394668579102
-11.406672477722168
-11.406576156616211
-11.405354499816895
-11.403294563293457
-11.4024019241333
-11.403395652770996
-11.406916618347168
-11.40652084350586
-11.403719902038574
-11.407181739807129
-11.407983779907227
-11.406688690185547
-11.408312797546387
-11.408164978027344
-11.408454895019531
-11.40930461883545
-11.41118049621582
-11.40799331665039
-11.40769100189209
-11.403834342956543
-11.398204803466797
-11.393997192382812
-11.390819549560547
-11.39062786102295
-11.390965461730957
-11.391504287719727
-11.390815734863281
-11.388331413269043
-11.392250061035156
-11.394556045532227
-11.403098106384277
-11.40679931640625
-11.408499717712402
-11.40893840789795
-11.408987045288086
-11.403887748718262
-11.40454387664795
-11.403264999389648
-11.404389381408691
-11.409111022949219
-11.409685134887695
-11.41050910949707
-11.41063404083252
-11.409425735473633
-11.410405158996582
-11.4110689163208
-11.40660285949707
-11.407767295837402
-11.40873908996582
-11.40697193145752
-11.404986381530762
-11.404190063476562
-11.398478507995605
-11.395395278930664
-11.401289939880371
-11.40495777130127
-11.403494834899902
-11.403688430786133
-11.4083833694458
-11.408727645874023
-11.403791427612305
-11.402928352355957
-11.403728485107422
-11.404800415039062
-11.401835441589355
-11.40350341796875
-11.402213096618652
-11.403254508972168
-11.40124797821045
-11.394747734069824
-11.392632484436035
-11.38675594329834
-11.383108139038086
-11.38044548034668
-11.3888521194458
-11.399894714355469
-11.405333518981934
-11.408689498901367
-11.408591270446777
-11.408699989318848
-11.40839672088623
-11.411226272583008
-11.410402297973633
-11.407562255859375
-11.406872749328613
-11.407251358032227
-11.403961181640625
-11.409265518188477
-11.408063888549805
-11.40528678894043
-11.402652740478516
-11.397186279296875
-11.38879680633545
-11.384233474731445
-11.379044532775879
-11.380391120910645
-11.385592460632324
-11.396598815917969
-11.400870323181152
-11.407889366149902
-11.410343170166016
-11.409178733825684
-11.410317420959473
-11.406789779663086
-11.39733600616455
-11.388566970825195
-11.387295722961426
-11.383490562438965
-11.387578010559082
-11.387657165527344
-11.396661758422852
-11.401689529418945
-11.404706954956055
-11.400918006896973
-11.40798282623291
-11.412985801696777
-11.412586212158203
-11.412342071533203
-11.409927368164062
-11.411004066467285
-11.4097900390625
-11.406715393066406
-11.409652709960938
-11.401641845703125
-11.392822265625
-11.388082504272461
-11.384349822998047
-11.38673210144043
-11.392492294311523
-11.392090797424316
-11.393550872802734
-11.387476921081543
-11.390996932983398
-11.397623062133789
-11.397664070129395
-11.400557518005371
-11.404753684997559
-11.409882545471191
-11.409276962280273
-11.408419609069824
-11.409257888793945
-11.411060333251953
-11.412042617797852
-11.415641784667969
-11.410107612609863
-11.409380912780762
-11.403899192810059
-11.398587226867676
-11.387078285217285
-11.388727188110352
-11.3931245803833
-11.393449783325195
-11.395508766174316
-11.396313667297363
-11.392989158630371
-11.393143653869629
-11.39266300201416
-11.393899917602539
-11.401082038879395
-11.400894165039062
-11.407613754272461
-11.411755561828613
-11.411239624023438
-11.408466339111328
-11.406350135803223
-11.405878067016602
-11.409612655639648
-11.408246040344238
-11.412972450256348
-11.408489227294922
-11.40708065032959
-11.400423049926758
-11.400965690612793
-11.39205551147461
-11.38925838470459
-11.392119407653809
-11.39561939239502
-11.394354820251465
-11.399529457092285
-11.404354095458984
-11.406525611877441
-11.410512924194336
-11.411216735839844
-11.408160209655762
-11.403556823730469
-11.404993057250977
-11.40257740020752
-11.399728775024414
-11.402504920959473
-11.399656295776367
-11.396958351135254
-11.398717880249023
-11.398439407348633
-11.399791717529297
-11.394766807556152
-11.39283561706543
-11.392230987548828
-11.392801284790039
-11.398951530456543
-11.405920028686523
-11.412443161010742
-11.41020393371582
-11.408247947692871
-11.404552459716797
-11.40221118927002
-11.392509460449219
-11.38433837890625
-11.386162757873535
-11.38850212097168
-11.38597297668457
-11.389970779418945
-11.389617919921875
-11.398052215576172
-11.405218124389648
-11.399744033813477
-11.404779434204102
-11.404913902282715
-11.407683372497559
-11.40493106842041
-11.407004356384277
-11.403944969177246
-11.407878875732422
-11.411603927612305
-11.41007137298584
-11.410870552062988
-11.411035537719727
-11.412193298339844
-11.41357421875
-11.41154956817627
-11.411810874938965
-11.407007217407227
-11.41153621673584
-11.412041664123535
-11.413883209228516
-11.413106918334961
-11.413825035095215
-11.412832260131836
-11.408044815063477
-11.408112525939941
-11.406159400939941
-11.401782035827637
-11.400068283081055
-11.396729469299316
-11.400138854980469
-11.401155471801758
-11.402154922485352
-11.405583381652832
-11.406582832336426
-11.4092378616333
-11.408027648925781
-11.407622337341309
-11.40751838684082
-11.408838272094727
-11.405746459960938
-11.403730392456055
-11.397477149963379
-11.396919250488281
-11.393696784973145
-11.394240379333496
-11.394659996032715
-11.401371002197266
-11.404328346252441
-11.407747268676758
-11.411452293395996
-11.412117004394531
-11.408456802368164
-11.409269332885742
-11.40885066986084
-11.41085433959961
-11.409355163574219
-11.409062385559082
-11.412735939025879
-11.410552978515625
-11.409457206726074
-11.401721954345703
-11.387533187866211
-11.375761985778809
-11.371437072753906
-11.376506805419922
-11.395489692687988
-11.405778884887695
-11.406989097595215
-11.412434577941895
-11.410974502563477
-11.410440444946289
-11.407732963562012
-11.400917053222656
-11.3906831741333
-11.380677223205566
-11.376449584960938
-11.385566711425781
-11.395833969116211
-11.404858589172363
-11.412371635437012
-11.410776138305664
-11.409605979919434
-11.414299011230469
-11.406189918518066
-11.40202808380127
-11.388519287109375
-11.37679386138916
-11.373709678649902
-11.380022048950195
-11.39377498626709
-11.399575233459473
-11.403144836425781
-11.405987739562988
-11.411748886108398
-11.412583351135254
-11.410833358764648
-11.411752700805664
-11.407933235168457
-11.409432411193848
-11.404086112976074
-11.394582748413086
-11.37900447845459
-11.364410400390625
-11.3703031539917
-11.38231372833252
-11.395438194274902
-11.405498504638672
-11.402936935424805
-11.406699180603027
-11.41106128692627
-11.411173820495605
-11.411243438720703
-11.410811424255371
-11.412076950073242
-11.409799575805664
-11.406898498535156
-11.409517288208008
-11.412482261657715
-11.408858299255371
-11.410331726074219
-11.413500785827637
-11.41454029083252
-11.411483764648438
-11.411465644836426
-11.410820960998535
-11.407742500305176
-11.406612396240234
-11.406218528747559
-11.407872200012207
-11.4065523147583
-11.407548904418945
-11.4044828414917
-11.405013084411621
-11.407012939453125
-11.408059120178223
-11.410958290100098
-11.406780242919922
-11.40952205657959
-11.405726432800293
-11.406021118164062
-11.403951644897461
-11.408099174499512
-11.408352851867676
-11.408299446105957
-11.411209106445312
-11.407541275024414
-11.406291961669922
-11.409239768981934
-11.411214828491211
-11.411218643188477
-11.40788745880127
-11.393171310424805
-11.374608039855957
-11.368938446044922
-11.378597259521484
-11.393636703491211
-11.402617454528809
-11.411564826965332
-11.41306209564209
-11.413603782653809
-11.40939998626709
-11.405746459960938
-11.398859024047852
-11.393916130065918
-11.389347076416016
-11.39365005493164
-11.398869514465332
-11.406347274780273
-11.410602569580078
-11.413766860961914
-11.406970977783203
-11.391146659851074
-11.380548477172852
-11.376381874084473
-11.384078025817871
-11.394704818725586
-11.406798362731934
-11.412980079650879
-11.401631355285645
-11.393308639526367
-11.377272605895996
-11.375924110412598
-11.383782386779785
-11.397031784057617
-11.406057357788086
-11.411256790161133
-11.402416229248047
-11.388309478759766
-11.375019073486328
-11.37541675567627
-11.38520622253418
-11.398128509521484
-11.403584480285645
-11.406317710876465
-11.410558700561523
-11.411949157714844
-11.412517547607422
-11.413749694824219
-11.413590431213379
-11.412286758422852
-11.41358757019043
-11.413549423217773
-11.410483360290527
-11.412230491638184
-11.410926818847656
-11.411531448364258
-11.408615112304688
-11.406371116638184
-11.406851768493652
-11.407231330871582
-11.412272453308105
-11.416996002197266
-11.411678314208984
-11.410377502441406
-11.401179313659668
-11.392035484313965
-11.38722038269043
-11.39227294921875
-11.398181915283203
-11.40578556060791
-11.410839080810547
-11.413660049438477
-11.414175987243652
-11.410421371459961
-11.413260459899902
-11.412259101867676
-11.406564712524414
-11.406501770019531
-11.404789924621582
-11.400358200073242
-11.400344848632812
-11.400398254394531
-11.402368545532227
-11.402619361877441
-11.40518856048584
-11.406949996948242
-11.413934707641602
-11.408437728881836
-11.4131498336792
-11.414159774780273
-11.414876937866211
-11.415803909301758
-11.414047241210938
-11.41308307647705
-11.411654472351074
-11.412829399108887
-11.412712097167969
-11.409404754638672
-11.409531593322754
-11.410247802734375
-11.408477783203125
-11.407647132873535
-11.404985427856445
-11.408344268798828
-11.410216331481934
-11.41261100769043
-11.413546562194824
-11.413196563720703
-11.413236618041992
-11.412652015686035
-11.413924217224121
-11.412219047546387
-11.409887313842773
-11.410712242126465
-11.411474227905273
-11.404985427856445
-11.410648345947266
-11.411149024963379
-11.415138244628906
-11.408987045288086
-11.395780563354492
-11.378185272216797
-11.369587898254395
-11.370003700256348
-11.384803771972656
-11.40168285369873
-11.41072940826416
-11.415278434753418
-11.41243839263916
-11.402093887329102
-11.395902633666992
-11.383234977722168
-11.380754470825195
-11.388893127441406
-11.400465965270996
-11.409585952758789
-11.41407585144043
-11.413152694702148
-11.40936279296875
-11.400851249694824
-11.391448974609375
-11.382676124572754
-11.381206512451172
-11.391261100769043
-11.39995288848877
-11.409146308898926
-11.415169715881348
-11.414210319519043
-11.411198616027832
-11.409586906433105
-11.405305862426758
-11.401266098022461
-11.398119926452637
-11.397260665893555
-11.402586936950684
-11.409826278686523
-11.412384986877441
-11.4156494140625
-11.41595458984375
-11.415796279907227
-11.417198181152344
-11.417318344116211
-11.41341781616211
-11.416837692260742
-11.414466857910156
-11.409261703491211
-11.409075736999512
-11.408079147338867
-11.408184051513672
-11.4072265625
-11.408353805541992
-11.407673835754395
-11.406180381774902
-11.40727424621582
-11.404410362243652
-11.4092378616333
-11.408666610717773
-11.413251876831055
-11.414149284362793
-11.416437149047852
-11.410881042480469
-11.404812812805176
-11.399628639221191
-11.393877983093262
-11.393089294433594
-11.399064064025879
-11.403715133666992
-11.410636901855469
-11.412713050842285
-11.416631698608398
-11.411361694335938
-11.409539222717285
-11.399874687194824
-11.39602279663086
-11.393964767456055
-11.396259307861328
-11.399812698364258
-11.404803276062012
-11.407644271850586
-11.41326904296875
-11.414777755737305
-11.414952278137207
-11.410988807678223
-11.412810325622559
-11.409475326538086
-11.407608985900879
-11.402388572692871
-11.398091316223145
-11.394972801208496
-11.394451141357422
-11.393465042114258
-11.403909683227539
-11.41067886352539
-11.410994529724121
-11.410788536071777
-11.41253662109375
-11.409290313720703
-11.409263610839844
-11.408556938171387
-11.412118911743164
-11.412397384643555
-11.415006637573242
-11.41519832611084
-11.410122871398926
-11.412298202514648
-11.413389205932617
-11.413620948791504
-11.414109230041504
-11.410053253173828
-11.409573554992676
-11.409310340881348
-11.406841278076172
-11.409163475036621
-11.407625198364258
-11.411502838134766
-11.411860466003418
-11.410804748535156
-11.415413856506348
-11.413658142089844
-11.41632080078125
-11.414230346679688
-11.414009094238281
-11.412147521972656
-11.417435646057129
-11.416913986206055
-11.415148735046387
-11.415583610534668
-11.415597915649414
-11.414320945739746
-11.413138389587402
-11.411280632019043
-11.41231632232666
-11.408589363098145
-11.406070709228516
-11.405402183532715
-11.402716636657715
-11.394270896911621
-11.395099639892578
-11.39634895324707
-11.397863388061523
-11.399410247802734
-11.40853214263916
-11.414273262023926
-11.414982795715332
-11.415547370910645
-11.41579818725586
-11.418062210083008
-11.4129056930542
-11.412599563598633
-11.412572860717773
-11.405671119689941
-11.401179313659668
-11.396117210388184
-11.389890670776367
-11.377767562866211
-11.379008293151855
-11.38769817352295
-11.390934944152832
-11.393472671508789
-11.392602920532227
-11.39280891418457
-11.392569541931152
-11.394840240478516
-11.396783828735352
-11.402120590209961
-11.408707618713379
-11.41185188293457
-11.413959503173828
-11.406707763671875
-11.399024963378906
-11.4063138961792
-11.409635543823242
-11.415336608886719
-11.414976119995117
-11.41468334197998
-11.401592254638672
-11.384330749511719
-11.369850158691406
-11.369601249694824
-11.384663581848145
-11.404106140136719
-11.414128303527832
-11.415472984313965
-11.412918090820312
-11.406975746154785
-11.402533531188965
-11.397186279296875
-11.402731895446777
-11.406116485595703
-11.415209770202637
-11.415091514587402
-11.411498069763184
-11.403063774108887
-11.395843505859375
-11.390204429626465
-11.387961387634277
-11.395039558410645
-11.40381908416748
-11.409767150878906
-11.414546966552734
-11.416354179382324
-11.413948059082031
-11.412816047668457
-11.407331466674805
-11.403596878051758
-11.397072792053223
-11.391037940979004
-11.386005401611328
-11.391106605529785
-11.400354385375977
-11.412875175476074
-11.41611385345459
-11.415519714355469
-11.41489315032959
-11.41092586517334
-11.406662940979004
-11.404301643371582
-11.40253734588623
-11.402167320251465
-11.404802322387695
-11.410773277282715
-11.413744926452637
-11.41679859161377
-11.416958808898926
-11.414335250854492
-11.410266876220703
-11.40695571899414
-11.405543327331543
-11.410152435302734
-11.41199016571045
-11.413615226745605
-11.416804313659668
-11.416902542114258
-11.416016578674316
-11.416020393371582
-11.418045997619629
-11.41464614868164
-11.417194366455078
-11.415218353271484
-11.417989730834961
-11.4176607131958
-11.4136962890625
-11.412843704223633
-11.412939071655273
-11.408272743225098
-11.41055679321289
-11.41136646270752
-11.4111967086792
-11.414834022521973
-11.415327072143555
-11.416938781738281
-11.418079376220703
-11.418444633483887
-11.417210578918457
-11.416508674621582
-11.414450645446777
-11.412406921386719
-11.414020538330078
-11.412452697753906
-11.410706520080566
-11.405378341674805
-11.395191192626953
-11.38638973236084
-11.381102561950684
-11.385849952697754
-11.393318176269531
-11.405492782592773
-11.408578872680664
-11.41211223602295
-11.416618347167969
-11.419290542602539
-11.416975975036621
-11.414371490478516
-11.417210578918457
-11.417587280273438
-11.41623306274414
-11.417562484741211
-11.415582656860352
-11.417271614074707
-11.417989730834961
-11.417325019836426
-11.414586067199707
-11.415231704711914
-11.416977882385254
-11.41700553894043
-11.418438911437988
-11.417426109313965
-11.413919448852539
-11.417013168334961
-11.411935806274414
-11.409111976623535
-11.40415096282959
-11.404693603515625
-11.402122497558594
-11.401217460632324
-11.401187896728516
-11.398670196533203
-11.401117324829102
-11.401816368103027
-11.401796340942383
-11.404541015625
-11.403119087219238
-11.409491539001465
-11.40947151184082
-11.410754203796387
-11.415011405944824
-11.415156364440918
-11.41305160522461
-11.412900924682617
-11.41497802734375
-11.415055274963379
-11.416285514831543
-11.416674613952637
-11.41837215423584
-11.415700912475586
-11.419379234313965
-11.418397903442383
-11.41749095916748
-11.418590545654297
-11.416418075561523
-11.41599178314209
-11.417872428894043
-11.417282104492188
-11.415130615234375
-11.417736053466797
-11.409720420837402
-11.414495468139648
-11.41269588470459
-11.410797119140625
-11.40845012664795
-11.411458015441895
-11.410384178161621
-11.407929420471191
-11.404118537902832
-11.398283004760742
-11.392587661743164
-11.392436027526855
-11.39687442779541
-11.401148796081543
-11.4080228805542
-11.412009239196777
-11.415849685668945
-11.416367530822754
-11.414868354797363
-11.413897514343262
-11.413896560668945
-11.409886360168457
-11.41381549835205
-11.414466857910156
-11.414595603942871
-11.416353225708008
-11.417182922363281
-11.417537689208984
-11.419063568115234
-11.415966987609863
-11.413263320922852
-11.41245174407959
-11.403670310974121
-11.394055366516113
-11.386018753051758
-11.376266479492188
-11.37664794921875
-11.381208419799805
-11.387630462646484
-11.395905494689941
-11.406314849853516
-11.409064292907715
-11.414240837097168
-11.416393280029297
-11.418928146362305
-11.414405822753906
-11.418570518493652
-11.418830871582031
-11.416921615600586
-11.415404319763184
-11.410157203674316
-11.411890983581543
-11.40902042388916
-11.40538215637207
-11.403800010681152
-11.4072265625
-11.408185005187988
-11.403383255004883
-11.40302848815918
-11.405898094177246
-11.409396171569824
-11.4124174118042
-11.41427230834961
-11.411904335021973
-11.409902572631836
-11.409079551696777
-11.409273147583008
-11.4031343460083
-11.398877143859863
-11.39382553100586
-11.393143653869629
-11.393112182617188
-11.398120880126953
-11.400856018066406
-11.403729438781738
-11.40437126159668
-11.401646614074707
-11.407439231872559
-11.40693473815918
-11.409297943115234
-11.409653663635254
-11.41720962524414
-11.417879104614258
-11.415597915649414
-11.413681983947754
-11.408347129821777
-11.399353981018066
-11.394559860229492
-11.394867897033691
-11.39369010925293
-11.403467178344727
-11.408720970153809
-11.410449981689453
-11.410561561584473
-11.412686347961426
-11.414042472839355
-11.414839744567871
-11.414664268493652
-11.419404983520508
-11.416000366210938
-11.417866706848145
-11.414633750915527
-11.416678428649902
-11.418197631835938
-11.419175148010254
-11.418122291564941
-11.419029235839844
-11.417618751525879
-11.41568660736084
-11.414647102355957
-11.41391658782959
-11.415799140930176
-11.415251731872559
-11.41751480102539
-11.416688919067383
-11.417842864990234
-11.41854190826416
-11.417594909667969
-11.416910171508789
-11.419610023498535
-11.417152404785156
-11.416716575622559
-11.418519973754883
-11.41366958618164
-11.416748046875
-11.41159439086914
-11.407069206237793
-11.403929710388184
-11.396332740783691
-11.391484260559082
-11.389251708984375
-11.395105361938477
-11.39848804473877
-11.404359817504883
-11.403462409973145
-11.405850410461426
-11.407857894897461
-11.409584045410156
-11.409183502197266
-11.411613464355469
-11.413219451904297
-11.413063049316406
-11.416496276855469
-11.4176025390625
-11.415143013000488
-11.417118072509766
-11.418940544128418
-11.418078422546387
-11.414786338806152
-11.410445213317871
-11.407543182373047
-11.399627685546875
-11.392582893371582
-11.38458251953125
-11.392722129821777
-11.400697708129883
-11.405912399291992
-11.413655281066895
-11.41443157196045
-11.41727352142334
-11.41804313659668
-11.418109893798828
-11.4154634475708
-11.4158353805542
-11.410921096801758
-11.405719757080078
-11.404626846313477
-11.4097261428833
-11.415090560913086
-11.420045852661133
-11.4180269241333
-11.418509483337402
-11.417722702026367
-11.420382499694824
-11.414215087890625
-11.417635917663574
-11.414849281311035
-11.410148620605469
-11.405630111694336
-11.400934219360352
-11.395088195800781
-11.392973899841309
-11.394388198852539
-11.397656440734863
-11.402938842773438
-11.410002708435059
-11.414121627807617
-11.411596298217773
-11.417017936706543
-11.41482925415039
-11.417458534240723
-11.415992736816406
-11.414531707763672
-11.406669616699219
-11.410895347595215
-11.409335136413574
-11.415767669677734
-11.419100761413574
-11.413493156433105
-11.417092323303223
-11.416353225708008
-11.409784317016602
-11.412372589111328
-11.412457466125488
-11.411588668823242
-11.412617683410645
-11.409758567810059
-11.4053955078125
-11.400364875793457
-11.394392013549805
-11.393550872802734
-11.397054672241211
-11.402466773986816
-11.407267570495605
-11.408259391784668
-11.408540725708008
-11.408246040344238
-11.40919303894043
-11.407980918884277
-11.410483360290527
-11.412022590637207
-11.41594123840332
-11.419771194458008
-11.418065071105957
-11.417906761169434
-11.420780181884766
-11.418461799621582
-11.415510177612305
-11.414002418518066
-11.41444206237793
-11.415485382080078
-11.41757869720459
-11.416267395019531
-11.41511058807373
-11.412261009216309
-11.412894248962402
-11.409934043884277
-11.409842491149902
-11.408491134643555
-11.412333488464355
-11.414731979370117
-11.417759895324707
-11.41673469543457
-11.417078018188477
-11.411107063293457
-11.406119346618652
-11.402093887329102
-11.398934364318848
-11.399957656860352
-11.400300979614258
-11.408291816711426
-11.40520191192627
-11.407913208007812
-11.40610408782959
-11.408637046813965
-11.412391662597656
-11.41359806060791
-11.41505241394043
-11.41988468170166
-11.419361114501953
-11.41804027557373
-11.413884162902832
-11.414471626281738
-11.40945053100586
-11.404491424560547
-11.399759292602539
-11.396258354187012
-11.396199226379395
-11.393941879272461
-11.393134117126465
-11.394165992736816
-11.400711059570312
-11.397940635681152
-11.397306442260742
-11.404902458190918
-11.408487319946289
-11.416808128356934
-11.415973663330078
-11.416671752929688
-11.415297508239746
-11.41695499420166
-11.413469314575195
-11.407504081726074
-11.410056114196777
-11.411519050598145
-11.408024787902832
-11.415289878845215
-11.41717529296875
-11.420303344726562
-11.418600082397461
-11.419367790222168
-11.418516159057617
-11.418245315551758
-11.419845581054688
-11.418299674987793
-11.417413711547852
-11.4178466796875
-11.417842864990234
-11.42117691040039
-11.41750431060791
-11.41818618774414
-11.41577434539795
-11.415324211120605
-11.411734580993652
-11.408476829528809
-11.405974388122559
-11.401410102844238
-11.398706436157227
-11.392480850219727
-11.390108108520508
-11.385790824890137
-11.394210815429688
-11.397015571594238
-11.400050163269043
-11.40236759185791
-11.411808013916016
-11.416821479797363
-11.418257713317871
-11.420175552368164
-11.417522430419922
-11.409784317016602
-11.398730278015137
-11.3884859085083
-11.384618759155273
-11.390901565551758
-11.403512001037598
-11.411758422851562
-11.416204452514648
-11.419706344604492
-11.418972969055176
-11.4213228225708
-11.42180061340332
-11.422636032104492
-11.419506072998047
-11.416383743286133
-11.417309761047363
-11.418246269226074
-11.417025566101074
-11.417716979980469
-11.41421890258789
-11.416035652160645
-11.413207054138184
-11.409090042114258
-11.401718139648438
-11.400948524475098
-11.402495384216309
-11.397125244140625
-11.399392127990723
-11.398865699768066
-11.398160934448242
-11.403026580810547
-11.410459518432617
-11.416436195373535
-11.419886589050293
-11.419693946838379
-11.41751480102539
-11.407004356384277
-11.398430824279785
-11.392236709594727
-11.395929336547852
-11.401713371276855
-11.412888526916504
-11.41904067993164
-11.421479225158691
-11.419652938842773
-11.417410850524902
-11.413050651550293
-11.409655570983887
-11.407807350158691
-11.409116744995117
-11.411616325378418
-11.413847923278809
-11.416337013244629
-11.42158031463623
-11.418771743774414
-11.420659065246582
-11.422355651855469
-11.418578147888184
-11.419196128845215
-11.415350914001465
-11.413002967834473
-11.413047790527344
-11.409838676452637
-11.408902168273926
-11.409107208251953
-11.413984298706055
-11.416332244873047
-11.419483184814453
-11.417974472045898
-11.422757148742676
-11.422503471374512
-11.419659614562988
-11.420523643493652
-11.421536445617676
-11.422344207763672
-11.422755241394043
-11.422513008117676
-11.422189712524414
-11.419215202331543
-11.418127059936523
-11.416337966918945
-11.412309646606445
-11.407160758972168
-11.400985717773438
-11.397878646850586
-11.399002075195312
-11.39859676361084
-11.408767700195312
-11.414999961853027
-11.41742992401123
-11.418790817260742
-11.417389869689941
-11.414214134216309
-11.415316581726074
-11.411723136901855
-11.405277252197266
-11.404382705688477
-11.401888847351074
-11.397809028625488
-11.390583038330078
-11.382576942443848
-11.375602722167969
-11.37564754486084
-11.3803129196167
-11.385578155517578
-11.394806861877441
-11.407235145568848
-11.415321350097656
-11.419235229492188
-11.420764923095703
-11.416594505310059
-11.411673545837402
-11.410719871520996
-11.406698226928711
-11.403044700622559
-11.403047561645508
-11.405950546264648
-11.41008472442627
-11.412524223327637
-11.413352012634277
-11.416770935058594
-11.41601848602295
-11.416287422180176
-11.417673110961914
-11.41824722290039
-11.416138648986816
-11.400635719299316
-11.391554832458496
-11.391202926635742
-11.397993087768555
-11.40465259552002
-11.413345336914062
-11.420242309570312
-11.416921615600586
-11.408819198608398
-11.39932918548584
-11.40285587310791
-11.410865783691406
-11.414905548095703
-11.418232917785645
-11.419978141784668
-11.421293258666992
-11.419483184814453
-11.421022415161133
-11.419753074645996
-11.42022705078125
-11.418466567993164
-11.418323516845703
-11.416680335998535
-11.416716575622559
-11.416930198669434
-11.419659614562988
-11.414438247680664
-11.414496421813965
-11.41568660736084
-11.415916442871094
-11.417804718017578
-11.418463706970215
-11.420938491821289
-11.416910171508789
-11.420248031616211
-11.419951438903809
-11.421404838562012
-11.42023754119873
-11.421357154846191
-11.41893482208252
-11.410636901855469
-11.405732154846191
-11.397560119628906
-11.394970893859863
-11.400420188903809
-11.4074125289917
-11.408697128295898
-11.416357040405273
-11.419543266296387
-11.421131134033203
-11.422280311584473
-11.421035766601562
-11.423177719116211
-11.420541763305664
-11.421552658081055
-11.421698570251465
-11.42156982421875
-11.420605659484863
-11.42406177520752
-11.42138385772705
-11.420039176940918
-11.420648574829102
-11.420893669128418
-11.420777320861816
-11.421405792236328
-11.420358657836914
-11.41720199584961
-11.414505004882812
-11.415923118591309
-11.413946151733398
-11.41530990600586
-11.413705825805664
-11.411663055419922
-11.407106399536133
-11.395987510681152
-11.391895294189453
-11.388830184936523
-11.395833969116211
-11.39660358428955
-11.404706954956055
-11.409342765808105
-11.417019844055176
-11.42133617401123
-11.422574043273926
-11.421414375305176
-11.420293807983398
-11.423693656921387
-11.422356605529785
-11.423714637756348
-11.42137622833252
-11.423264503479004
-11.422343254089355
-11.421128273010254
-11.41642951965332
-11.41456413269043
-11.411831855773926
-11.401272773742676
-11.39976692199707
-11.397160530090332
-11.398253440856934
-11.401549339294434
-11.410727500915527
-11.417398452758789
-11.421272277832031
-11.421899795532227
-11.42109489440918
-11.419885635375977
-11.417890548706055
-11.415977478027344
-11.414996147155762
-11.415393829345703
-11.414770126342773
-11.409643173217773
-11.409981727600098
-11.413105010986328
-11.411992073059082
-11.415307998657227
-11.418047904968262
-11.417468070983887
-11.417803764343262
-11.414193153381348
-11.414298057556152
-11.416566848754883
-11.41696548461914
-11.419011116027832
-11.418444633483887
-11.417457580566406
-11.419081687927246
-11.420309066772461
-11.421573638916016
-11.420373916625977
-11.421339988708496
-11.423468589782715
-11.423619270324707
-11.421673774719238
-11.421050071716309
-11.423957824707031
-11.420656204223633
-11.424324989318848
-11.422904968261719
-11.422992706298828
-11.420969009399414
-11.42188549041748
-11.422334671020508
-11.422118186950684
-11.421586036682129
-11.422300338745117
-11.421907424926758
-11.42132568359375
-11.419586181640625
-11.419157981872559
-11.416152954101562
-11.413000106811523
-11.408215522766113
-11.401985168457031
-11.392097473144531
-11.385406494140625
-11.38668155670166
-11.397587776184082
-11.409123420715332
-11.413634300231934
-11.418283462524414
-11.415435791015625
-11.408672332763672
-11.398130416870117
-11.390093803405762
-11.390377044677734
-11.384331703186035
-11.393477439880371
-11.40306568145752
-11.410225868225098
-11.411489486694336
-11.419855117797852
-11.4218168258667
-11.423380851745605
-11.42202377319336
-11.42286205291748
-11.42232608795166
-11.421914100646973
-11.422835350036621
-11.42147159576416
-11.421128273010254
-11.409711837768555
-11.397180557250977
-11.385499000549316
-11.37698745727539
-11.380887031555176
-11.387989044189453
-11.398921966552734
-11.412545204162598
-11.41780948638916
-11.422943115234375
-11.42329216003418
-11.421941757202148
-11.421957015991211
-11.417454719543457
-11.41594409942627
-11.414475440979004
-11.415268898010254
-11.40934944152832
-11.410889625549316
-11.411609649658203
-11.410253524780273
-11.40352725982666
-11.400288581848145
-11.401843070983887
-11.409218788146973
-11.417147636413574
-11.421212196350098
-11.4219388961792
-11.421403884887695
-11.417088508605957
-11.413434982299805
-11.412399291992188
-11.40963363647461
-11.41259479522705
-11.412149429321289
-11.415772438049316
-11.417013168334961
-11.4176025390625
-11.415212631225586
-11.41042709350586
-11.4075927734375
-11.406996726989746
-11.405227661132812
-11.408803939819336
-11.414929389953613
-11.418549537658691
-11.418906211853027
-11.421367645263672
-11.418830871582031
-11.42322063446045
-11.422931671142578
-11.421960830688477
-11.422377586364746
-11.422323226928711
-11.419923782348633
-11.424890518188477
-11.42402458190918
-11.422355651855469
-11.422208786010742
-11.42027759552002
-11.421026229858398
-11.42392349243164
-11.421073913574219
-11.421468734741211
-11.421304702758789
-11.417489051818848
-11.409992218017578
-11.40271282196045
-11.398938179016113
-11.396598815917969
-11.401520729064941
-11.403945922851562
-11.409682273864746
-11.417192459106445
-11.417078971862793
-11.417081832885742
-11.410962104797363
-11.401714324951172
-11.401453971862793
-11.404255867004395
-11.40980052947998
-11.41086196899414
-11.415343284606934
-11.417327880859375
-11.417770385742188
-11.421045303344727
-11.422669410705566
-11.423266410827637
-11.425407409667969
-11.421353340148926
-11.422453880310059
-11.419965744018555
-11.418914794921875
-11.417902946472168
-11.417494773864746
-11.4180269241333
-11.416234970092773
-11.41073989868164
-11.400169372558594
-11.388967514038086
-11.387914657592773
-11.393715858459473
-11.406908988952637
-11.414711952209473
-11.42164134979248
-11.42109489440918
-11.409933090209961
-11.385503768920898
-11.369405746459961
-11.371241569519043
-11.388446807861328
-11.405373573303223
-11.416642189025879
-11.423922538757324
-11.423861503601074
-11.412897109985352
-11.399816513061523
-11.381078720092773
-11.376747131347656
-11.392565727233887
-11.412111282348633
-11.424296379089355
-11.407561302185059
-11.37610149383545
-11.358287811279297
-11.368324279785156
-11.40182113647461
-11.422286033630371
-11.419964790344238
-11.391987800598145
-11.365143775939941
-11.367735862731934
-11.39194393157959
-11.418923377990723
-11.423727989196777
-11.41750431060791
-11.411020278930664
-11.410177230834961
-11.41995906829834
-11.420772552490234
-11.406622886657715
-11.390175819396973
-11.389697074890137
-11.400558471679688
-11.41293716430664
-11.420870780944824
-11.424799919128418
-11.413470268249512
-11.392047882080078
-11.379772186279297
-11.388504028320312
-11.405019760131836
-11.418610572814941
-11.423561096191406
-11.417094230651855
-11.406684875488281
-11.396775245666504
-11.397218704223633
-11.408567428588867
-11.41493034362793
-11.422577857971191
-11.421836853027344
-11.418692588806152
-11.413871765136719
-11.410805702209473
-11.416243553161621
-11.420682907104492
-11.42546558380127
-11.420503616333008
-11.415740013122559
-11.415031433105469
-11.416265487670898
-11.42264175415039
-11.423001289367676
-11.420811653137207
-11.415525436401367
-11.414335250854492
-11.416727066040039
-11.42259407043457
-11.425139427185059
-11.423916816711426
-11.419090270996094
-11.416470527648926
-11.414163589477539
-11.414621353149414
-11.419127464294434
-11.421103477478027
-11.422993659973145
-11.425235748291016
-11.419808387756348
-11.422423362731934
-11.420777320861816
-11.423481941223145
-11.421440124511719
-11.41899299621582
-11.421189308166504
-11.421839714050293
-11.424580574035645
-11.425586700439453
-11.424132347106934
-11.421069145202637
-11.422948837280273
-11.419942855834961
-11.422141075134277
-11.42272663116455
-11.425046920776367
-11.423933029174805
-11.425350189208984
-11.423959732055664
-11.425165176391602
-11.423707008361816
-11.425407409667969
-11.425705909729004
-11.424201011657715
-11.422425270080566
-11.425869941711426
-11.425419807434082
-11.42676067352295
-11.425793647766113
-11.42326545715332
-11.423095703125
-11.423907279968262
-11.424050331115723
-11.427617073059082
-11.425431251525879
-11.424697875976562
-11.426158905029297
-11.423776626586914
-11.425421714782715
-11.421945571899414
-11.424639701843262
-11.421629905700684
-11.420273780822754
-11.42148208618164
-11.421366691589355
-11.422780990600586
-11.42158317565918
-11.41745662689209
-11.41766357421875
-11.417363166809082
-11.416206359863281
-11.41573715209961
-11.422117233276367
-11.42093563079834
-11.42360782623291
-11.423449516296387
-11.424635887145996
-11.42465877532959
-11.42451000213623
-11.422801971435547
-11.422863960266113
-11.423856735229492
-11.4242582321167
-11.425527572631836
-11.426472663879395
-11.42424488067627
-11.423994064331055
-11.425545692443848
-11.424771308898926
-11.425854682922363
-11.42396354675293
-11.425151824951172
-11.425610542297363
-11.425336837768555
-11.424544334411621
-11.423849105834961
-11.425623893737793
-11.423229217529297
-11.4239501953125
-11.426260948181152
-11.427263259887695
-11.426026344299316
-11.424415588378906
-11.424484252929688
-11.426475524902344
-11.423225402832031
-11.425514221191406
-11.423198699951172
-11.425008773803711
-11.427447319030762
-11.424464225769043
-11.42578411102295
-11.425487518310547
-11.42411994934082
-11.424703598022461
-11.426047325134277
-11.425034523010254
-11.424306869506836
-11.424042701721191
-11.423944473266602
-11.423501014709473
-11.420182228088379
-11.418632507324219
-11.416330337524414
-11.406895637512207
-11.399048805236816
-11.390804290771484
-11.383734703063965
-11.378409385681152
-11.39532470703125
-11.411291122436523
-11.418374061584473
-11.422700881958008
-11.423151016235352
-11.424546241760254
-11.42348861694336
-11.422452926635742
-11.421131134033203
-11.417400360107422
-11.416177749633789
-11.415020942687988
-11.417847633361816
-11.421661376953125
-11.424971580505371
-11.425243377685547
-11.428065299987793
-11.426050186157227
-11.424103736877441
-11.420574188232422
-11.412435531616211
-11.405030250549316
-11.395106315612793
-11.38261604309082
-11.373382568359375
-11.379093170166016
-11.400586128234863
-11.417595863342285
-11.420286178588867
-11.424649238586426
-11.424263000488281
-11.423640251159668
-11.421408653259277
-11.421802520751953
-11.419143676757812
-11.410833358764648
-11.392828941345215
-11.373675346374512
-11.36987018585205
-11.386968612670898
-11.40978717803955
-11.422805786132812
-11.427770614624023
-11.421737670898438
-11.4092435836792
-11.399473190307617
-11.389350891113281
-11.396183013916016
-11.411202430725098
-11.420936584472656
-11.42342758178711
-11.424176216125488
-11.417838096618652
-11.409010887145996
-11.401297569274902
-11.398545265197754
-11.400551795959473
-11.408854484558105
-11.415223121643066
-11.42240047454834
-11.426507949829102
-11.423425674438477
-11.420538902282715
-11.418464660644531
-11.416972160339355
-11.41636848449707
-11.41804313659668
-11.420171737670898
-11.422801971435547
-11.422571182250977
-11.426681518554688
-11.425994873046875
-11.424757957458496
-11.425865173339844
-11.426116943359375
-11.419879913330078
-11.417867660522461
-11.418142318725586
-11.418701171875
-11.421123504638672
-11.422893524169922
-11.42436695098877
-11.424217224121094
-11.424099922180176
-11.425959587097168
-11.426351547241211
-11.424639701843262
-11.426580429077148
-11.428154945373535
-11.426313400268555
-11.426021575927734
-11.426033973693848
-11.42241382598877
-11.420167922973633
-11.41562557220459
-11.408576965332031
-11.402959823608398
-11.406006813049316
-11.406832695007324
-11.412559509277344
-11.417394638061523
-11.422633171081543
-11.426159858703613
-11.424652099609375
-11.423909187316895
-11.422882080078125
-11.418045997619629
-11.408506393432617
-11.397210121154785
-11.388083457946777
-11.38563346862793
-11.400158882141113
-11.412046432495117
-11.421281814575195
-11.423652648925781
-11.418530464172363
-11.405045509338379
-11.392407417297363
-11.387166023254395
-11.396759986877441
-11.412026405334473
-11.424588203430176
-11.42209529876709
-11.409407615661621
-11.395790100097656
-11.398770332336426
-11.407193183898926
-11.418938636779785
-11.423974990844727
-11.42734146118164
-11.41836166381836
-11.409326553344727
-11.401908874511719
-11.397584915161133
-11.399142265319824
-11.405007362365723
-11.41122817993164
-11.414852142333984
-11.420022964477539
-11.422905921936035
-11.426040649414062
-11.423897743225098
-11.424500465393066
-11.421564102172852
-11.418743133544922
-11.414604187011719
-11.415860176086426
-11.419717788696289
-11.419145584106445
-11.421639442443848
-11.424735069274902
-11.425889015197754
-11.424407958984375
-11.427506446838379
-11.426711082458496
-11.424431800842285
-11.421720504760742
-11.422771453857422
-11.418476104736328
-11.415209770202637
-11.41134262084961
-11.414982795715332
-11.41556167602539
-11.423562049865723
-11.424642562866211
-11.426039695739746
-11.425094604492188
-11.423701286315918
-11.426661491394043
-11.421719551086426
-11.424087524414062
-11.42661190032959
-11.42554759979248
-11.426251411437988
-11.427945137023926
-11.426281929016113
-11.427179336547852
-11.425294876098633
-11.428120613098145
-11.427661895751953
-11.427064895629883
-11.427976608276367
-11.42793083190918
-11.425118446350098
-11.426459312438965
-11.428852081298828
-11.427103042602539
-11.423100471496582
-11.425984382629395
-11.422457695007324
-11.425244331359863
-11.42309284210205
-11.421896934509277
-11.423243522644043
-11.425675392150879
-11.426422119140625
-11.42746639251709
-11.42802906036377
-11.42607307434082
-11.426656723022461
-11.42730712890625
-11.425768852233887
-11.426861763000488
-11.425498008728027
-11.425360679626465
-11.42321491241455
-11.42213249206543
-11.41922378540039
-11.420655250549316
-11.413883209228516
-11.409191131591797
-11.405826568603516
-11.407365798950195
-11.415507316589355
-11.422823905944824
-11.425917625427246
-11.425888061523438
-11.421297073364258
-11.415997505187988
-11.408731460571289
-11.400099754333496
-11.400836944580078
-11.398285865783691
-11.402070045471191
-11.413022994995117
-11.425801277160645
-11.426058769226074
-11.419660568237305
-11.404996871948242
-11.388936042785645
-11.392910957336426
-11.402079582214355
-11.408585548400879
-11.41562271118164
-11.42635726928711
-11.424847602844238
-11.417806625366211
-11.408507347106934
-11.405162811279297
-11.412242889404297
-11.419156074523926
-11.425372123718262
-11.425198554992676
-11.418157577514648
-11.403406143188477
-11.393350601196289
-11.396299362182617
-11.408807754516602
-11.417411804199219
-11.421762466430664
-11.424271583557129
-11.41913890838623
-11.411188125610352
-11.401293754577637
-11.399429321289062
-11.404175758361816
-11.41380500793457
-11.424802780151367
-11.42558479309082
-11.421988487243652
-11.419087409973145
-11.416141510009766
-11.421795845031738
-11.423211097717285
-11.422624588012695
-11.421304702758789
-11.421589851379395
-11.420936584472656
-11.424443244934082
-11.42667007446289
-11.425107955932617
-11.424315452575684
-11.42560863494873
-11.423579216003418
-11.422588348388672
-11.417806625366211
-11.418622016906738
-11.414799690246582
-11.412124633789062
-11.414573669433594
-11.412919998168945
-11.4142427444458
-11.415884017944336
-11.41757869720459
-11.421843528747559
-11.424405097961426
-11.426974296569824
-11.427985191345215
-11.428547859191895
-11.4285249710083
-11.426959037780762
-11.427532196044922
-11.425817489624023
-11.428526878356934
-11.423800468444824
-11.423232078552246
-11.423516273498535
-11.424976348876953
-11.42220401763916
-11.422050476074219
-11.420893669128418
-11.4195556640625
-11.418744087219238
-11.421130180358887
-11.41895580291748
-11.418718338012695
-11.415777206420898
-11.417837142944336
-11.417974472045898
-11.417322158813477
-11.41549301147461
-11.41221809387207
-11.412617683410645
-11.41450023651123
-11.417269706726074
-11.421226501464844
-11.422165870666504
-11.426960945129395
-11.426908493041992
-11.429452896118164
-11.427316665649414
-11.428486824035645
-11.428138732910156
-11.427236557006836
-11.427652359008789
-11.428213119506836
-11.425492286682129
-11.428101539611816
-11.426682472229004
-11.428016662597656
-11.426711082458496
-11.426472663879395
-11.427347183227539
-11.429704666137695
-11.424302101135254
-11.42721176147461
-11.425013542175293
-11.427271842956543
-11.426800727844238
-11.422638893127441
-11.420793533325195
-11.414813041687012
-11.408273696899414
-11.408849716186523
-11.405444145202637
-11.410110473632812
-11.415614128112793
-11.420607566833496
-11.421445846557617
-11.41876220703125
-11.410173416137695
-11.39598274230957
-11.388460159301758
-11.390697479248047
-11.403633117675781
-11.419677734375
-11.42585563659668
-11.423673629760742
-11.415443420410156
-11.403765678405762
-11.394551277160645
-11.393217086791992
-11.40228271484375
-11.415525436401367
-11.416955947875977
-11.415709495544434
-11.41699504852295
-11.424650192260742
-11.421262741088867
-11.395495414733887
-11.362180709838867
-11.359553337097168
-11.39296817779541
-11.422880172729492
-11.419818878173828
-11.392629623413086
-11.36544418334961
-11.363604545593262
-11.39062213897705
-11.417693138122559
-11.424053192138672
-11.415881156921387
-11.403962135314941
-11.399212837219238
-11.403883934020996
-11.41476058959961
-11.422477722167969
-11.424773216247559
-11.417150497436523
-11.404544830322266
-11.406338691711426
-11.419928550720215
-11.426243782043457
-11.410207748413086
-11.39141845703125
-11.389084815979004
-11.404533386230469
-11.420432090759277
-11.42905044555664
-11.418976783752441
-11.402876853942871
-11.40052604675293
-11.407355308532715
-11.419522285461426
-11.427416801452637
-11.427254676818848
-11.426605224609375
-11.42613697052002
-11.426733016967773
-11.427148818969727
-11.42668342590332
-11.423328399658203
-11.41955280303955
-11.418254852294922
-11.421819686889648
-11.427901268005371
-11.426905632019043
-11.425381660461426
-11.42408561706543
-11.421655654907227
-11.420865058898926
-11.422659873962402
-11.426691055297852
-11.428380966186523
-11.423738479614258
-11.420783042907715
-11.412410736083984
-11.407498359680176
-11.406322479248047
-11.411643981933594
-11.420031547546387
-11.426410675048828
-11.429189682006836
-11.426871299743652
-11.423839569091797
-11.42392635345459
-11.423977851867676
-11.420565605163574
-11.42353343963623
-11.424125671386719
-11.425016403198242
-11.428364753723145
-11.427910804748535
-11.429620742797852
-11.428247451782227
-11.427667617797852
-11.429540634155273
-11.427964210510254
-11.429788589477539
-11.429363250732422
-11.429268836975098
-11.430121421813965
-11.430099487304688
-11.428417205810547
-11.428522109985352
-11.428866386413574
-11.42676830291748
-11.428902626037598
-11.428009986877441
-11.427713394165039
-11.428330421447754
-11.4273042678833
-11.42890453338623
-11.429317474365234
-11.428238868713379
-11.428915023803711
-11.428600311279297
-11.429779052734375
-11.429169654846191
-11.430420875549316
-11.430526733398438
-11.429204940795898
-11.42792797088623
-11.429423332214355
-11.429047584533691
-11.430007934570312
-11.428751945495605
-11.429414749145508
-11.427462577819824
-11.429169654846191
-11.42892837524414
-11.42760944366455
-11.430502891540527
-11.42974853515625
-11.429289817810059
-11.430923461914062
-11.4299955368042
-11.429845809936523
-11.426772117614746
-11.429162979125977
-11.428563117980957
-11.426902770996094
-11.428409576416016
-11.42690372467041
-11.425686836242676
-11.428226470947266
-11.425729751586914
-11.428433418273926
-11.428778648376465
-11.424944877624512
-11.42541217803955
-11.423620223999023
-11.421411514282227
-11.413651466369629
-11.412995338439941
-11.40951919555664
-11.403829574584961
-11.40444564819336
-11.4016695022583
-11.406309127807617
-11.407878875732422
-11.412078857421875
-11.416485786437988
-11.418482780456543
-11.41977310180664
-11.42211627960205
-11.42493724822998
-11.427230834960938
-11.429584503173828
-11.429699897766113
-11.428385734558105
-11.429240226745605
-11.430529594421387
-11.428459167480469
-11.427372932434082
-11.427803039550781
-11.422920227050781
-11.416817665100098
-11.40392780303955
-11.398965835571289
-11.395045280456543
-11.401654243469238
-11.40721321105957
-11.409518241882324
-11.410455703735352
-11.406160354614258
-11.402543067932129
-11.398921012878418
-11.40328311920166
-11.400108337402344
-11.40431022644043
-11.41675853729248
-11.427881240844727
-11.423738479614258
-11.413314819335938
-11.405655860900879
-11.40101146697998
-11.401673316955566
-11.404180526733398
-11.417011260986328
-11.427421569824219
-11.426055908203125
-11.412461280822754
-11.393296241760254
-11.385578155517578
-11.394039154052734
-11.412862777709961
-11.42426872253418
-11.42705249786377
-11.423513412475586
-11.421466827392578
-11.42022705078125
-11.4219970703125
-11.421769142150879
-11.423583984375
-11.424824714660645
-11.425843238830566
-11.427521705627441
-11.4279146194458
-11.427168846130371
-11.427627563476562
-11.425183296203613
-11.422454833984375
-11.42061710357666
-11.422195434570312
-11.425679206848145
-11.429797172546387
-11.42855453491211
-11.427593231201172
-11.422754287719727
-11.41706657409668
-11.411527633666992
-11.410759925842285
-11.41968059539795
-11.424638748168945
-11.4287109375
-11.429377555847168
-11.428184509277344
-11.429718017578125
-11.428309440612793
-11.428431510925293
-11.429170608520508
-11.430204391479492
-11.428167343139648
-11.425532341003418
-11.426379203796387
-11.425655364990234
-11.424348831176758
-11.425893783569336
-11.424031257629395
-11.422898292541504
-11.419676780700684
-11.422188758850098
-11.422234535217285
-11.424242973327637
-11.4235258102417
-11.426435470581055
-11.427688598632812
-11.429352760314941
-11.42824935913086
-11.429429054260254
-11.430638313293457
-11.429102897644043
-11.423185348510742
-11.421944618225098
-11.4197998046875
-11.420645713806152
-11.424049377441406
-11.428479194641113
-11.429174423217773
-11.428468704223633
-11.419136047363281
-11.400547981262207
-11.386293411254883
-11.382527351379395
-11.397477149963379
-11.414153099060059
-11.423548698425293
-11.428990364074707
-11.429631233215332
-11.418957710266113
-11.404342651367188
-11.394822120666504
-11.395059585571289
-11.408607482910156
-11.418797492980957
-11.428266525268555
-11.415799140930176
-11.394086837768555
-11.376119613647461
-11.385733604431152
-11.408221244812012
-11.426063537597656
-11.42759895324707
-11.422459602355957
-11.413729667663574
-11.401581764221191
-11.4044828414917
-11.409527778625488
-11.420939445495605
-11.425695419311523
-11.428874015808105
-11.429769515991211
-11.428238868713379
-11.424604415893555
-11.425735473632812
-11.424860954284668
-11.427766799926758
-11.426194190979004
-11.42840576171875
-11.42920970916748
-11.429323196411133
-11.429156303405762
-11.429461479187012
-11.428559303283691
-11.426911354064941
-11.424057960510254
-11.423946380615234
-11.422168731689453
-11.423422813415527
-11.420785903930664
-11.425732612609863
-11.425722122192383
-11.430534362792969
-11.429695129394531
-11.432150840759277
-11.43097972869873
-11.428711891174316
-11.427193641662598
-11.42457389831543
-11.425520896911621
-11.424430847167969
-11.425898551940918
-11.423895835876465
-11.425421714782715
-11.423534393310547
-11.41580581665039
-11.408900260925293
-11.406805992126465
-11.410246849060059
-11.414956092834473
-11.419644355773926
-11.425399780273438
-11.430065155029297
-11.428837776184082
-11.426234245300293
-11.419795989990234
-11.414440155029297
-11.410387992858887
-11.41331958770752
-11.421019554138184
-11.424156188964844
-11.427604675292969
-11.430272102355957
-11.429296493530273
-11.42801284790039
-11.42632007598877
-11.423442840576172
-11.424955368041992
-11.4263334274292
-11.426191329956055
-11.425004005432129
-11.426140785217285
-11.43039608001709
-11.428316116333008
-11.427505493164062
-11.429606437683105
-11.430047035217285
-11.431156158447266
-11.430890083312988
-11.430608749389648
-11.426871299743652
-11.425403594970703
-11.422673225402832
-11.419380187988281
-11.41722297668457
-11.42127799987793
-11.420905113220215
-11.42113208770752
-11.420207977294922
-11.421783447265625
-11.423605918884277
-11.423818588256836
-11.419282913208008
-11.42400074005127
-11.421304702758789
-11.422929763793945
-11.426200866699219
-11.429994583129883
-11.428091049194336
-11.42274284362793
-11.413517951965332
-11.410359382629395
-11.408205032348633
-11.414372444152832
-11.419364929199219
-11.42624282836914
-11.429333686828613
-11.428881645202637
-11.430258750915527
-11.430670738220215
-11.430791854858398
-11.43063735961914
-11.428390502929688
-11.420443534851074
-11.413321495056152
-11.411630630493164
-11.409425735473633
-11.410640716552734
-11.416934967041016
-11.423247337341309
-11.425583839416504
-11.430234909057617
-11.429753303527832
-11.4254150390625
-11.42027759552002
-11.415635108947754
-11.415416717529297
-11.414885520935059
-11.420573234558105
-11.425415992736816
-11.429759979248047
-11.431035995483398
-11.431349754333496
-11.430611610412598
-11.427546501159668
-11.430586814880371
-11.428656578063965
-11.427143096923828
-11.425924301147461
-11.421942710876465
-11.417473793029785
-11.416709899902344
-11.412127494812012
-11.415587425231934
-11.41997241973877
-11.422691345214844
-11.425997734069824
-11.428655624389648
-11.429380416870117
-11.430368423461914
-11.429454803466797
-11.425055503845215
-11.422080039978027
-11.416796684265137
-11.41473388671875
-11.413481712341309
-11.410994529724121
-11.413073539733887
-11.41612720489502
-11.421120643615723
-11.424193382263184
-11.42512321472168
-11.426929473876953
-11.42940902709961
-11.42723274230957
-11.427139282226562
-11.42570686340332
-11.425050735473633
-11.423507690429688
-11.425850868225098
-11.427181243896484
-11.428258895874023
-11.428407669067383
-11.42864990234375
-11.428354263305664
-11.429693222045898
-11.42932415008545
-11.424184799194336
-11.416478157043457
-11.40677261352539
-11.40322494506836
-11.400724411010742
-11.406728744506836
-11.417987823486328
-11.424118041992188
-11.429076194763184
-11.431573867797852
-11.430288314819336
-11.43036937713623
-11.427934646606445
-11.4237699508667
-11.419283866882324
-11.41297435760498
-11.406764030456543
-11.411206245422363
-11.413896560668945
-11.419886589050293
-11.424864768981934
-11.425209999084473
-11.42881965637207
-11.43077564239502
-11.432023048400879
-11.42922592163086
-11.428119659423828
-11.426630973815918
-11.42379379272461
-11.418635368347168
-11.41930103302002
-11.422290802001953
-11.426484107971191
-11.428133964538574
-11.430095672607422
-11.431032180786133
-11.430606842041016
-11.429292678833008
-11.426750183105469
-11.428006172180176
-11.426567077636719
-11.423072814941406
-11.42082405090332
-11.42325496673584
-11.424751281738281
-11.422991752624512
-11.424661636352539
-11.427314758300781
-11.425758361816406
-11.427301406860352
-11.427019119262695
-11.426606178283691
-11.42982006072998
-11.429983139038086
-11.429749488830566
-11.4268798828125
-11.425490379333496
-11.422920227050781
-11.424211502075195
-11.421201705932617
-11.421030044555664
-11.419174194335938
-11.424271583557129
-11.423639297485352
-11.429086685180664
-11.430839538574219
-11.430802345275879
-11.425933837890625
-11.419830322265625
-11.407262802124023
-11.391769409179688
-11.392229080200195
-11.400708198547363
-11.413992881774902
-11.424422264099121
-11.429214477539062
-11.430769920349121
-11.426812171936035
-11.418805122375488
-11.405715942382812
-11.400640487670898
-11.400659561157227
-11.409001350402832
-11.41677188873291
-11.425313949584961
-11.431622505187988
-11.432215690612793
-11.428110122680664
-11.423001289367676
-11.415329933166504
-11.403657913208008
-11.39891242980957
-11.40054702758789
-11.405377388000488
-11.419500350952148
-11.428781509399414
-11.423561096191406
-11.40695858001709
-11.40081787109375
-11.407520294189453
-11.41932487487793
-11.427188873291016
-11.428321838378906
-11.427663803100586
-11.420267105102539
-11.415098190307617
-11.417242050170898
-11.418577194213867
-11.420271873474121
-11.420514106750488
-11.425719261169434
-11.425836563110352
-11.428605079650879
-11.42426586151123
-11.415594100952148
-11.4073486328125
-11.403066635131836
-11.40637493133545
-11.419828414916992
-11.426493644714355
-11.428020477294922
-11.424281120300293
-11.41944408416748
-11.415054321289062
-11.40961742401123
-11.413473129272461
-11.41431999206543
-11.416088104248047
-11.419536590576172
-11.420720100402832
-11.422962188720703
-11.42891788482666
-11.429805755615234
-11.428719520568848
-11.42643928527832
-11.422272682189941
-11.41950798034668
-11.41516399383545
-11.417064666748047
-11.422334671020508
-11.423527717590332
-11.4222993850708
-11.422894477844238
-11.424248695373535
-11.426054954528809
-11.427122116088867
-11.427638053894043
-11.43069839477539
-11.429972648620605
-11.430937767028809
-11.427452087402344
-11.420843124389648
-11.413208961486816
-11.404609680175781
-11.40626049041748
-11.414067268371582
-11.42128849029541
-11.42711353302002
-11.43177604675293
-11.431221008300781
-11.428577423095703
-11.427781105041504
-11.423548698425293
-11.423690795898438
-11.421831130981445
-11.424062728881836
-11.427295684814453
-11.425219535827637
-11.427339553833008
-11.428281784057617
-11.425835609436035
-11.425572395324707
-11.42335033416748
-11.423081398010254
-11.423251152038574
-11.423229217529297
-11.42698860168457
-11.428723335266113
-11.431443214416504
-11.431891441345215
-11.430220603942871
-11.426599502563477
-11.425179481506348
-11.423643112182617
-11.422616004943848
-11.419927597045898
-11.420598030090332
-11.421262741088867
-11.426349639892578
-11.428942680358887
-11.432948112487793
-11.429696083068848
-11.429909706115723
-11.429242134094238
-11.427172660827637
-11.43020248413086
-11.430763244628906
-11.430062294006348
-11.430482864379883
-11.431445121765137
-11.428760528564453
-11.423868179321289
-11.422652244567871
-11.422670364379883
-11.417696952819824
-11.423539161682129
-11.42636489868164
-11.42849349975586
-11.432127952575684
-11.432990074157715
-11.4302339553833
-11.424979209899902
-11.417882919311523
-11.413930892944336
-11.410837173461914
-11.413433074951172
-11.41267204284668
-11.4121732711792
-11.41701602935791
-11.420886039733887
-11.424232482910156
-11.430924415588379
-11.430230140686035
-11.428929328918457
-11.42095947265625
-11.413055419921875
-11.406362533569336
-11.40289306640625
-11.409223556518555
-11.420646667480469
-11.42846393585205
-11.430276870727539
-11.431958198547363
-11.42959976196289
-11.423263549804688
-11.414904594421387
-11.413052558898926
-11.414373397827148
-11.421675682067871
-11.427206993103027
-11.4312744140625
-11.431272506713867
-11.426939964294434
-11.423518180847168
-11.420414924621582
-11.421815872192383
-11.423397064208984
-11.423643112182617
-11.419952392578125
-11.42190170288086
-11.421520233154297
-11.420441627502441
-11.422187805175781
-11.424514770507812
-11.427285194396973
-11.429826736450195
-11.43032455444336
-11.430926322937012
-11.427376747131348
-11.42236328125
-11.41743278503418
-11.419923782348633
-11.428143501281738
-11.432205200195312
-11.427623748779297
-11.430279731750488
-11.432435989379883
-11.430014610290527
-11.431090354919434
-11.431161880493164
-11.432146072387695
-11.42729377746582
-11.423948287963867
-11.414030075073242
-11.40404224395752
-11.398672103881836
-11.409303665161133
-11.422738075256348
-11.430130958557129
-11.431034088134766
-11.425084114074707
-11.418304443359375
-11.415106773376465
-11.413409233093262
-11.418993949890137
-11.424221992492676
-11.423620223999023
-11.419628143310547
-11.417206764221191
-11.413972854614258
-11.415671348571777
-11.42190933227539
-11.42820930480957
-11.430424690246582
-11.43188190460205
-11.430560111999512
-11.428641319274902
-11.421891212463379
-11.416337013244629
-11.415670394897461
-11.420001029968262
-11.427512168884277
-11.431039810180664
-11.429670333862305
-11.43085765838623
-11.429710388183594
-11.42652416229248
-11.417495727539062
-11.416764259338379
-11.414576530456543
-11.415987968444824
-11.425553321838379
-11.431554794311523
-11.428133010864258
-11.421900749206543
-11.41191291809082
-11.404315948486328
-11.404777526855469
-11.414721488952637
-11.425450325012207
-11.429987907409668
-11.433671951293945
-11.43316650390625
-11.427202224731445
-11.419414520263672
-11.41115665435791
-11.40113353729248
-11.398487091064453
-11.400336265563965
-11.413280487060547
-11.42445182800293
-11.429494857788086
-11.430365562438965
-11.431208610534668
-11.433220863342285
-11.432293891906738
-11.431848526000977
-11.433462142944336
-11.431349754333496
-11.4282808303833
-11.419574737548828
-11.413007736206055
-11.410210609436035
-11.412055969238281
-11.418310165405273
-11.427502632141113
-11.431754112243652
-11.431884765625
-11.432872772216797
-11.433259010314941
-11.43360710144043
-11.431429862976074
-11.431922912597656
-11.433229446411133
-11.430868148803711
-11.430337905883789
-11.431716918945312
-11.430159568786621
-11.43080997467041
-11.432064056396484
-11.434577941894531
-11.43364429473877
-11.433797836303711
-11.432842254638672
-11.43187427520752
-11.429879188537598
-11.427665710449219
-11.428671836853027
-11.429680824279785
-11.431965827941895
-11.432212829589844
-11.43183422088623
-11.42960262298584
-11.43187427520752
-11.431523323059082
-11.43383502960205
-11.430986404418945
-11.430755615234375
-11.431551933288574
-11.43130111694336
-11.429542541503906
-11.427811622619629
-11.430292129516602
-11.429394721984863
-11.430818557739258
-11.42998218536377
-11.431910514831543
-11.432319641113281
-11.433903694152832
-11.435606956481934
-11.43203353881836
-11.432219505310059
-11.43206787109375
-11.429034233093262
-11.426278114318848
-11.423023223876953
-11.420392036437988
-11.416153907775879
-11.406394958496094
-11.399547576904297
-11.401239395141602
-11.405438423156738
-11.415451049804688
-11.424187660217285
-11.430377006530762
-11.432866096496582
-11.430853843688965
-11.428352355957031
-11.425790786743164
-11.423108100891113
-11.421797752380371
-11.417095184326172
-11.41361141204834
-11.41262149810791
-11.41616439819336
-11.42173957824707
-11.425515174865723
-11.428336143493652
-11.431665420532227
-11.43369197845459
-11.432308197021484
-11.43199348449707
-11.428491592407227
-11.428573608398438
-11.423425674438477
-11.421558380126953
-11.420585632324219
-11.421113014221191
-11.423941612243652
-11.426689147949219
-11.428244590759277
-11.428190231323242
-11.428387641906738
-11.424050331115723
-11.420503616333008
-11.4191255569458
-11.413336753845215
-11.410234451293945
-11.410818099975586
-11.414032936096191
-11.419248580932617
-11.421914100646973
-11.427111625671387
-11.430817604064941
-11.430829048156738
-11.431685447692871
-11.431488037109375
-11.428529739379883
-11.42090129852295
-11.416850090026855
-11.414143562316895
-11.417078971862793
-11.420854568481445
-11.427400588989258
-11.432968139648438
-11.432516098022461
-11.431889533996582
-11.428558349609375
-11.420767784118652
-11.412008285522461
-11.412178993225098
-11.414861679077148
-11.419928550720215
-11.425755500793457
-11.429728507995605
-11.431489944458008
-11.433255195617676
-11.435323715209961
-11.431117057800293
-11.427733421325684
-11.425981521606445
-11.420661926269531
-11.418598175048828
-11.416524887084961
-11.418612480163574
-11.419234275817871
-11.42049503326416
-11.425738334655762
-11.427992820739746
-11.430719375610352
-11.434309005737305
-11.432549476623535
-11.433598518371582
-11.432138442993164
-11.434160232543945
-11.431234359741211
-11.431713104248047
-11.435750007629395
-11.433887481689453
-11.434968948364258
-11.433918952941895
-11.432196617126465
-11.43095874786377
-11.433818817138672
-11.434453010559082
-11.433515548706055
-11.434898376464844
-11.431281089782715
-11.431305885314941
-11.427257537841797
-11.426712036132812
-11.424860000610352
-11.420477867126465
-11.413841247558594
-11.415276527404785
-11.412662506103516
-11.412128448486328
-11.416285514831543
-11.41646957397461
-11.420852661132812
-11.42264461517334
-11.423019409179688
-11.425079345703125
-11.42227554321289
-11.423689842224121
-11.423972129821777
-11.423432350158691
-11.428112030029297
-11.429664611816406
-11.432951927185059
-11.43372631072998
-11.43284797668457
-11.432984352111816
-11.432065963745117
-11.433703422546387
-11.434124946594238
-11.433988571166992
-11.433691024780273
-11.434271812438965
-11.433671951293945
-11.432245254516602
-11.432160377502441
-11.430744171142578
-11.43177318572998
-11.4315185546875
-11.43126392364502
-11.433443069458008
-11.43130111694336
-11.432622909545898
-11.432062149047852
-11.432909965515137
-11.431215286254883
-11.426742553710938
-11.425875663757324
-11.420934677124023
-11.41934585571289
-11.418571472167969
-11.421199798583984
-11.420722007751465
-11.423660278320312
-11.42508316040039
-11.423415184020996
-11.420761108398438
-11.418560981750488
-11.412035942077637
-11.408360481262207
-11.4025239944458
-11.400832176208496
-11.406844139099121
-11.415695190429688
-11.426910400390625
-11.43397331237793
-11.43315601348877
-11.432357788085938
-11.43134880065918
-11.422541618347168
-11.416255950927734
-11.411890029907227
-11.403695106506348
-11.397385597229004
-11.402299880981445
-11.416848182678223
-11.425639152526855
-11.432218551635742
-11.431577682495117
-11.428285598754883
-11.415642738342285
-11.402554512023926
-11.39341926574707
-11.398528099060059
-11.42010498046875
-11.431544303894043
-11.429097175598145
-11.408079147338867
-11.38389778137207
-11.380051612854004
-11.39596176147461
-11.415448188781738
-11.428360939025879
-11.432422637939453
-11.43104362487793
-11.422680854797363
-11.414563179016113
-11.408536911010742
-11.410114288330078
-11.418095588684082
-11.427860260009766
-11.431206703186035
-11.425795555114746
-11.419849395751953
-11.413902282714844
-11.415182113647461
-11.424795150756836
-11.429018020629883
-11.433999061584473
-11.42911434173584
-11.426676750183105
-11.421162605285645
-11.41755199432373
-11.419222831726074
-11.426783561706543
-11.431856155395508
-11.43230152130127
-11.430624961853027
-11.43249797821045
-11.427261352539062
-11.425935745239258
-11.425277709960938
-11.424551010131836
-11.427549362182617
-11.432341575622559
-11.432058334350586
-11.431848526000977
-11.434985160827637
-11.43039608001709
-11.431464195251465
-11.429640769958496
-11.426332473754883
-11.42376708984375
-11.421686172485352
-11.420744895935059
-11.422755241394043
-11.424324989318848
-11.429398536682129
-11.431157112121582
-11.432862281799316
-11.430662155151367
-11.432352066040039
-11.433061599731445
-11.432958602905273
-11.434191703796387
-11.431744575500488
-11.429940223693848
-11.429719924926758
-11.431608200073242
-11.432236671447754
-11.431998252868652
-11.43488597869873
-11.434576988220215
-11.43541145324707
-11.432939529418945
-11.434452056884766
-11.433019638061523
-11.433088302612305
-11.43345832824707
-11.432600021362305
-11.433477401733398
-11.434115409851074
-11.433956146240234
-11.433905601501465
-11.435705184936523
-11.434649467468262
-11.434741020202637
-11.433420181274414
-11.4324951171875
-11.432215690612793
-11.431041717529297
-11.43182373046875
-11.430997848510742
-11.430987358093262
-11.431571960449219
-11.431257247924805
-11.431483268737793
-11.432185173034668
-11.433782577514648
-11.432515144348145
-11.433594703674316
-11.435135841369629
-11.434289932250977
-11.434867858886719
-11.433520317077637
-11.433103561401367
-11.432954788208008
-11.430851936340332
-11.427727699279785
-11.421486854553223
-11.41867733001709
-11.417799949645996
-11.419051170349121
-11.421806335449219
-11.42762565612793
-11.429635047912598
-11.433101654052734
-11.430603981018066
-11.432254791259766
-11.433103561401367
-11.433796882629395
-11.427481651306152
-11.422521591186523
-11.420969009399414
-11.417440414428711
-11.413423538208008
-11.41629695892334
-11.415177345275879
-11.416966438293457
-11.423007011413574
-11.427743911743164
-11.428054809570312
-11.429397583007812
-11.430320739746094
-11.428818702697754
-11.429611206054688
-11.429533958435059
-11.434226989746094
-11.433686256408691
-11.431656837463379
-11.426005363464355
-11.422954559326172
-11.418219566345215
-11.414011001586914
-11.413997650146484
-11.41479206085205
-11.417928695678711
-11.420952796936035
-11.418478012084961
-11.41878890991211
-11.41809368133545
-11.413887977600098
-11.409411430358887
-11.412355422973633
-11.415844917297363
-11.422567367553711
-11.424732208251953
-11.427775382995605
-11.429317474365234
-11.431075096130371
-11.432720184326172
-11.43388843536377
-11.436408042907715
-11.433188438415527
-11.433463096618652
-11.432940483093262
-11.432140350341797
-11.431859016418457
-11.434032440185547
-11.433438301086426
-11.433877944946289
-11.43494701385498
-11.435269355773926
-11.435525894165039
-11.435832977294922
-11.436410903930664
-11.437195777893066
-11.434109687805176
-11.433622360229492
-11.43482494354248
-11.436996459960938
-11.436408042907715
-11.43405532836914
-11.434004783630371
-11.436182975769043
-11.434890747070312
-11.434051513671875
-11.434028625488281
-11.435028076171875
-11.43531322479248
-11.432317733764648
-11.434946060180664
-11.432398796081543
-11.42877197265625
-11.425185203552246
-11.427265167236328
-11.426447868347168
-11.426836967468262
-11.42689037322998
-11.42718505859375
-11.428702354431152
-11.427749633789062
-11.425911903381348
-11.426153182983398
-11.426749229431152
-11.429280281066895
-11.430624961853027
-11.434910774230957
-11.434492111206055
-11.433703422546387
-11.432976722717285
-11.433911323547363
-11.431870460510254
-11.428406715393066
-11.42202377319336
-11.422063827514648
-11.414076805114746
-11.404060363769531
-11.393514633178711
-11.385028839111328
-11.392590522766113
-11.408498764038086
-11.424813270568848
-11.4324312210083
-11.433087348937988
-11.434890747070312
-11.433418273925781
-11.4290771484375
-11.42573070526123
-11.421001434326172
-11.422185897827148
-11.423707962036133
-11.431221008300781
-11.435307502746582
-11.432632446289062
-11.428539276123047
-11.42136287689209
-11.407657623291016
-11.384257316589355
-11.375051498413086
-11.394004821777344
-11.41656494140625
-11.432157516479492
-11.434324264526367
-11.431571960449219
-11.425792694091797
-11.419528007507324
-11.411745071411133
-11.409894943237305
-11.418545722961426
-11.426437377929688
-11.4324369430542
-11.433663368225098
-11.433136940002441
-11.43246841430664
-11.433586120605469
-11.432217597961426
-11.434426307678223
-11.433279991149902
-11.43126392364502
-11.43016529083252
-11.432762145996094
-11.433527946472168
-11.431804656982422
-11.433238983154297
-11.434866905212402
-11.4337158203125
-11.434829711914062
-11.43326473236084
-11.434659004211426
-11.434490203857422
-11.435168266296387
-11.433754920959473
-11.437061309814453
-11.435662269592285
-11.436599731445312
-11.434096336364746
-11.435815811157227
-11.434809684753418
-11.432692527770996
-11.434343338012695
-11.434805870056152
-11.434676170349121
-11.43387508392334
-11.435419082641602
-11.43234634399414
-11.434015274047852
-11.434992790222168
-11.432842254638672
-11.43191146850586
-11.430618286132812
-11.426275253295898
-11.428245544433594
-11.4277982711792
-11.427112579345703
-11.428910255432129
-11.432832717895508
-11.434403419494629
-11.43001651763916
-11.430673599243164
-11.431382179260254
-11.430455207824707
-11.431266784667969
-11.432124137878418
-11.431597709655762
-11.431147575378418
-11.431635856628418
-11.42878246307373
-11.42924690246582
-11.43040943145752
-11.42912483215332
-11.426739692687988
-11.424822807312012
-11.422714233398438
-11.420182228088379
-11.425186157226562
-11.429545402526855
-11.432183265686035
-11.433466911315918
-11.43554973602295
-11.43465805053711
-11.432229042053223
-11.426048278808594
-11.411919593811035
-11.388416290283203
-11.366621971130371
-11.37529468536377
-11.405522346496582
-11.42756462097168
-11.432592391967773
-11.42318344116211
-11.409320831298828
-11.399558067321777
-11.395232200622559
-11.400680541992188
-11.411707878112793
-11.422097206115723
-11.431449890136719
-11.435274124145508
-11.438724517822266
-11.437414169311523
-11.435425758361816
-11.434316635131836
-11.43404769897461
-11.433531761169434
-11.432730674743652
-11.434344291687012
-11.432433128356934
-11.427148818969727
-11.424741744995117
-11.428370475769043
-11.430465698242188
-11.430315971374512
-11.431325912475586
-11.43030071258545
-11.433198928833008
-11.43297290802002
-11.433793067932129
-11.432806015014648
-11.43492317199707
-11.434999465942383
-11.436116218566895
-11.436102867126465
-11.43332290649414
-11.432130813598633
-11.430907249450684
-11.431923866271973
-11.428452491760254
-11.42589282989502
-11.426972389221191
-11.425752639770508
-11.430248260498047
-11.430657386779785
-11.433147430419922
-11.436564445495605
-11.434303283691406
-11.434237480163574
-11.434713363647461
-11.431098937988281
-11.428766250610352
-11.426594734191895
-11.421894073486328
-11.417101860046387
-11.413166999816895
-11.413033485412598
-11.413561820983887
-11.421384811401367
-11.425153732299805
-11.426764488220215
-11.431042671203613
-11.43195915222168
-11.432027816772461
-11.43340015411377
-11.430047988891602
-11.431682586669922
-11.431440353393555
-11.43166732788086
-11.429301261901855
-11.429953575134277
-11.43205738067627
-11.431181907653809
-11.430560111999512
-11.426618576049805
-11.427444458007812
-11.425487518310547
-11.427780151367188
-11.425471305847168
-11.422204971313477
-11.41860580444336
-11.416437149047852
-11.413130760192871
-11.418615341186523
-11.42236614227295
-11.426469802856445
-11.427762985229492
-11.430329322814941
-11.430069923400879
-11.431317329406738
-11.431670188903809
-11.435003280639648
-11.43567180633545
-11.434560775756836
-11.434086799621582
-11.436488151550293
-11.43547248840332
-11.435503005981445
-11.433777809143066
-11.43604564666748
-11.43261432647705
-11.429154396057129
-11.42176628112793
-11.412412643432617
-11.41084098815918
-11.41457748413086
-11.420350074768066
-11.42283821105957
-11.424687385559082
-11.423835754394531
-11.427489280700684
-11.42935562133789
-11.427387237548828
-11.426911354064941
-11.425076484680176
-11.42661190032959
-11.429372787475586
-11.428308486938477
-11.431938171386719
-11.43340015411377
-11.434879302978516
-11.434701919555664
-11.436626434326172
-11.435235023498535
-11.433774948120117
-11.431995391845703
-11.426069259643555
-11.419328689575195
-11.412126541137695
-11.408050537109375
-11.407622337341309
-11.410468101501465
-11.414963722229004
-11.420422554016113
-11.426570892333984
-11.431130409240723
-11.431224822998047
-11.433310508728027
-11.433664321899414
-11.436896324157715
-11.434185981750488
-11.433562278747559
-11.42923641204834
-11.424924850463867
-11.42137336730957
-11.419967651367188
-11.420025825500488
-11.42250919342041
-11.427495956420898
-11.430191993713379
-11.430584907531738
-11.435699462890625
-11.43172836303711
-11.42899227142334
-11.42595100402832
-11.41609001159668
-11.407567024230957
-11.404995918273926
-11.409333229064941
-11.417150497436523
-11.427422523498535
-11.434589385986328
-11.434505462646484
-11.430354118347168
-11.417827606201172
-11.407584190368652
-11.397934913635254
-11.39183235168457
-11.392729759216309
-11.407953262329102
-11.423833847045898
-11.433732986450195
-11.43510913848877
-11.425531387329102
-11.409838676452637
-11.400991439819336
-11.404422760009766
-11.41553783416748
-11.431031227111816
-11.435702323913574
-11.43532657623291
-11.42985725402832
-11.42428207397461
-11.419052124023438
-11.417208671569824
-11.422677040100098
-11.427454948425293
-11.432148933410645
-11.435791969299316
-11.434374809265137
-11.436290740966797
-11.432300567626953
-11.433876991271973
-11.435380935668945
-11.4342679977417
-11.437246322631836
-11.434285163879395
-11.433747291564941
-11.431629180908203
-11.431681632995605
-11.435587882995605
-11.435473442077637
-11.435279846191406
-11.436158180236816
-11.434288024902344
-11.4316987991333
-11.431279182434082
-11.43481731414795
-11.436304092407227
-11.43483829498291
-11.433562278747559
-11.428570747375488
-11.422812461853027
-11.421467781066895
-11.415960311889648
-11.41888427734375
-11.421814918518066
-11.426010131835938
-11.430510520935059
-11.435007095336914
-11.435609817504883
-11.434661865234375
-11.431478500366211
-11.427498817443848
-11.423924446105957
-11.422250747680664
-11.422362327575684
-11.42361831665039
-11.425554275512695
-11.429597854614258
-11.433265686035156
-11.435657501220703
-11.435445785522461
-11.432599067687988
-11.4336519241333
-11.431305885314941
-11.427942276000977
-11.42923355102539
-11.43053913116455
-11.432313919067383
-11.43664836883545
-11.436220169067383
-11.43742561340332
-11.434146881103516
